2025-09-12 09:43:42,572 - INFO - GCS initialized successfully with bucket: tsf_output
2025-09-12 09:43:42,574 - INFO - Storage configuration:
2025-09-12 09:43:42,575 - INFO -   gcs_enabled: True
2025-09-12 09:43:42,575 - INFO -   bucket_name: tsf_output
2025-09-12 09:43:42,575 - INFO -   project_id: euphoric-oath-467718-p3
2025-09-12 09:43:42,575 - INFO -   local_fallback_dir: /Users/simongoldman/Documents/TransparentSF_from_git/transparentSF/ai/tools/../output
2025-09-12 09:43:42,575 - INFO -   gcs_available: True
2025-09-12 09:43:42,575 - INFO - Starting migration process...
2025-09-12 09:43:42,575 - INFO - DRY RUN MODE - No files will actually be migrated
2025-09-12 09:43:42,575 - INFO - Scanning output directory: /Users/simongoldman/Documents/TransparentSF_from_git/transparentSF/ai/output
2025-09-12 09:43:42,584 - INFO - Found 1698 files to migrate:
2025-09-12 09:43:42,585 - INFO -   dashboard: 524 files
2025-09-12 09:43:42,585 - INFO -   monthly: 372 files
2025-09-12 09:43:42,585 - INFO -   annual: 375 files
2025-09-12 09:43:42,585 - INFO -   weekly: 350 files
2025-09-12 09:43:42,585 - INFO -   reports: 76 files
2025-09-12 09:43:42,585 - INFO -   notes: 1 files
2025-09-12 09:43:42,585 - INFO - Migrating dashboard files...
2025-09-12 09:43:42,585 - INFO - Would migrate: /Users/simongoldman/Documents/TransparentSF_from_git/transparentSF/ai/output/dashboard/9/top_level.json
2025-09-12 09:43:42,585 - INFO - Would migrate: /Users/simongoldman/Documents/TransparentSF_from_git/transparentSF/ai/output/dashboard/9/16.json
2025-09-12 09:43:42,585 - INFO - Would migrate: /Users/simongoldman/Documents/TransparentSF_from_git/transparentSF/ai/output/dashboard/9/17.json
2025-09-12 09:43:42,585 - INFO - Would migrate: /Users/simongoldman/Documents/TransparentSF_from_git/transparentSF/ai/output/dashboard/9/40.json
2025-09-12 09:43:42,585 - INFO - Would migrate: /Users/simongoldman/Documents/TransparentSF_from_git/transparentSF/ai/output/dashboard/9/71.json
2025-09-12 09:43:42,585 - INFO - Would migrate: /Users/simongoldman/Documents/TransparentSF_from_git/transparentSF/ai/output/dashboard/9/30.json
2025-09-12 09:43:42,585 - INFO - Would migrate: /Users/simongoldman/Documents/TransparentSF_from_git/transparentSF/ai/output/dashboard/9/70.json
2025-09-12 09:43:42,586 - INFO - Would migrate: /Users/simongoldman/Documents/TransparentSF_from_git/transparentSF/ai/output/dashboard/9/1.json
2025-09-12 09:43:42,586 - INFO - Would migrate: /Users/simongoldman/Documents/TransparentSF_from_git/transparentSF/ai/output/dashboard/9/2.json
2025-09-12 09:43:42,586 - INFO - Would migrate: /Users/simongoldman/Documents/TransparentSF_from_git/transparentSF/ai/output/dashboard/9/12.json
2025-09-12 09:43:42,586 - INFO - Would migrate: /Users/simongoldman/Documents/TransparentSF_from_git/transparentSF/ai/output/dashboard/9/73.json
2025-09-12 09:43:42,586 - INFO - Would migrate: /Users/simongoldman/Documents/TransparentSF_from_git/transparentSF/ai/output/dashboard/9/24.json
2025-09-12 09:43:42,586 - INFO - Would migrate: /Users/simongoldman/Documents/TransparentSF_from_git/transparentSF/ai/output/dashboard/9/72.json
2025-09-12 09:43:42,586 - INFO - Would migrate: /Users/simongoldman/Documents/TransparentSF_from_git/transparentSF/ai/output/dashboard/9/29.json
2025-09-12 09:43:42,586 - INFO - Would migrate: /Users/simongoldman/Documents/TransparentSF_from_git/transparentSF/ai/output/dashboard/9/3.json
2025-09-12 09:43:42,586 - INFO - Would migrate: /Users/simongoldman/Documents/TransparentSF_from_git/transparentSF/ai/output/dashboard/9/34.json
2025-09-12 09:43:42,586 - INFO - Would migrate: /Users/simongoldman/Documents/TransparentSF_from_git/transparentSF/ai/output/dashboard/9/63.json
2025-09-12 09:43:42,586 - INFO - Would migrate: /Users/simongoldman/Documents/TransparentSF_from_git/transparentSF/ai/output/dashboard/9/8.json
2025-09-12 09:43:42,586 - INFO - Would migrate: /Users/simongoldman/Documents/TransparentSF_from_git/transparentSF/ai/output/dashboard/9/22.json
2025-09-12 09:43:42,586 - INFO - Would migrate: /Users/simongoldman/Documents/TransparentSF_from_git/transparentSF/ai/output/dashboard/9/18.json
2025-09-12 09:43:42,586 - INFO - Would migrate: /Users/simongoldman/Documents/TransparentSF_from_git/transparentSF/ai/output/dashboard/9/38.json
2025-09-12 09:43:42,586 - INFO - Would migrate: /Users/simongoldman/Documents/TransparentSF_from_git/transparentSF/ai/output/dashboard/9/4.json
2025-09-12 09:43:42,586 - INFO - Would migrate: /Users/simongoldman/Documents/TransparentSF_from_git/transparentSF/ai/output/dashboard/9/14.json
2025-09-12 09:43:42,586 - INFO - Would migrate: /Users/simongoldman/Documents/TransparentSF_from_git/transparentSF/ai/output/dashboard/9/15.json
2025-09-12 09:43:42,586 - INFO - Would migrate: /Users/simongoldman/Documents/TransparentSF_from_git/transparentSF/ai/output/dashboard/9/19.json
2025-09-12 09:43:42,586 - INFO - Would migrate: /Users/simongoldman/Documents/TransparentSF_from_git/transparentSF/ai/output/dashboard/9/23.json
2025-09-12 09:43:42,586 - INFO - Would migrate: /Users/simongoldman/Documents/TransparentSF_from_git/transparentSF/ai/output/dashboard/9/9.json
2025-09-12 09:43:42,586 - INFO - Would migrate: /Users/simongoldman/Documents/TransparentSF_from_git/transparentSF/ai/output/dashboard/9/35.json
2025-09-12 09:43:42,586 - INFO - Would migrate: /Users/simongoldman/Documents/TransparentSF_from_git/transparentSF/ai/output/dashboard/0/top_level.json
2025-09-12 09:43:42,586 - INFO - Would migrate: /Users/simongoldman/Documents/TransparentSF_from_git/transparentSF/ai/output/dashboard/0/41.json
2025-09-12 09:43:42,586 - INFO - Would migrate: /Users/simongoldman/Documents/TransparentSF_from_git/transparentSF/ai/output/dashboard/0/16.json
2025-09-12 09:43:42,587 - INFO - Would migrate: /Users/simongoldman/Documents/TransparentSF_from_git/transparentSF/ai/output/dashboard/0/6.json
2025-09-12 09:43:42,587 - INFO - Would migrate: /Users/simongoldman/Documents/TransparentSF_from_git/transparentSF/ai/output/dashboard/0/7.json
2025-09-12 09:43:42,587 - INFO - Would migrate: /Users/simongoldman/Documents/TransparentSF_from_git/transparentSF/ai/output/dashboard/0/17.json
2025-09-12 09:43:42,587 - INFO - Would migrate: /Users/simongoldman/Documents/TransparentSF_from_git/transparentSF/ai/output/dashboard/0/40.json
2025-09-12 09:43:42,587 - INFO - Would migrate: /Users/simongoldman/Documents/TransparentSF_from_git/transparentSF/ai/output/dashboard/0/47.json
2025-09-12 09:43:42,587 - INFO - Would migrate: /Users/simongoldman/Documents/TransparentSF_from_git/transparentSF/ai/output/dashboard/0/10.json
2025-09-12 09:43:42,587 - INFO - Would migrate: /Users/simongoldman/Documents/TransparentSF_from_git/transparentSF/ai/output/dashboard/0/51.json
2025-09-12 09:43:42,587 - INFO - Would migrate: /Users/simongoldman/Documents/TransparentSF_from_git/transparentSF/ai/output/dashboard/0/71.json
2025-09-12 09:43:42,587 - INFO - Would migrate: /Users/simongoldman/Documents/TransparentSF_from_git/transparentSF/ai/output/dashboard/0/30.json
2025-09-12 09:43:42,587 - INFO - Would migrate: /Users/simongoldman/Documents/TransparentSF_from_git/transparentSF/ai/output/dashboard/0/31.json
2025-09-12 09:43:42,587 - INFO - Would migrate: /Users/simongoldman/Documents/TransparentSF_from_git/transparentSF/ai/output/dashboard/0/66.json
2025-09-12 09:43:42,587 - INFO - Would migrate: /Users/simongoldman/Documents/TransparentSF_from_git/transparentSF/ai/output/dashboard/0/70.json
2025-09-12 09:43:42,587 - INFO - Would migrate: /Users/simongoldman/Documents/TransparentSF_from_git/transparentSF/ai/output/dashboard/0/1.json
2025-09-12 09:43:42,587 - INFO - Would migrate: /Users/simongoldman/Documents/TransparentSF_from_git/transparentSF/ai/output/dashboard/0/50.json
2025-09-12 09:43:42,587 - INFO - Would migrate: /Users/simongoldman/Documents/TransparentSF_from_git/transparentSF/ai/output/dashboard/0/46.json
2025-09-12 09:43:42,587 - INFO - Would migrate: /Users/simongoldman/Documents/TransparentSF_from_git/transparentSF/ai/output/dashboard/0/2.json
2025-09-12 09:43:42,587 - INFO - Would migrate: /Users/simongoldman/Documents/TransparentSF_from_git/transparentSF/ai/output/dashboard/0/53.json
2025-09-12 09:43:42,587 - INFO - Would migrate: /Users/simongoldman/Documents/TransparentSF_from_git/transparentSF/ai/output/dashboard/0/12.json
2025-09-12 09:43:42,588 - INFO - Would migrate: /Users/simongoldman/Documents/TransparentSF_from_git/transparentSF/ai/output/dashboard/0/45.json
2025-09-12 09:43:42,588 - INFO - Would migrate: /Users/simongoldman/Documents/TransparentSF_from_git/transparentSF/ai/output/dashboard/0/32.json
2025-09-12 09:43:42,588 - INFO - Would migrate: /Users/simongoldman/Documents/TransparentSF_from_git/transparentSF/ai/output/dashboard/0/65.json
2025-09-12 09:43:42,588 - INFO - Would migrate: /Users/simongoldman/Documents/TransparentSF_from_git/transparentSF/ai/output/dashboard/0/73.json
2025-09-12 09:43:42,588 - INFO - Would migrate: /Users/simongoldman/Documents/TransparentSF_from_git/transparentSF/ai/output/dashboard/0/24.json
2025-09-12 09:43:42,588 - INFO - Would migrate: /Users/simongoldman/Documents/TransparentSF_from_git/transparentSF/ai/output/dashboard/0/49.json
2025-09-12 09:43:42,588 - INFO - Would migrate: /Users/simongoldman/Documents/TransparentSF_from_git/transparentSF/ai/output/dashboard/0/48.json
2025-09-12 09:43:42,588 - INFO - Would migrate: /Users/simongoldman/Documents/TransparentSF_from_git/transparentSF/ai/output/dashboard/0/72.json
2025-09-12 09:43:42,588 - INFO - Would migrate: /Users/simongoldman/Documents/TransparentSF_from_git/transparentSF/ai/output/dashboard/0/33.json
2025-09-12 09:43:42,588 - INFO - Would migrate: /Users/simongoldman/Documents/TransparentSF_from_git/transparentSF/ai/output/dashboard/0/44.json
2025-09-12 09:43:42,588 - INFO - Would migrate: /Users/simongoldman/Documents/TransparentSF_from_git/transparentSF/ai/output/dashboard/0/13.json
2025-09-12 09:43:42,588 - INFO - Would migrate: /Users/simongoldman/Documents/TransparentSF_from_git/transparentSF/ai/output/dashboard/0/52.json
2025-09-12 09:43:42,588 - INFO - Would migrate: /Users/simongoldman/Documents/TransparentSF_from_git/transparentSF/ai/output/dashboard/0/29.json
2025-09-12 09:43:42,588 - INFO - Would migrate: /Users/simongoldman/Documents/TransparentSF_from_git/transparentSF/ai/output/dashboard/0/3.json
2025-09-12 09:43:42,588 - INFO - Would migrate: /Users/simongoldman/Documents/TransparentSF_from_git/transparentSF/ai/output/dashboard/0/34.json
2025-09-12 09:43:42,588 - INFO - Would migrate: /Users/simongoldman/Documents/TransparentSF_from_git/transparentSF/ai/output/dashboard/0/63.json
2025-09-12 09:43:42,589 - INFO - Would migrate: /Users/simongoldman/Documents/TransparentSF_from_git/transparentSF/ai/output/dashboard/0/8.json
2025-09-12 09:43:42,589 - INFO - Would migrate: /Users/simongoldman/Documents/TransparentSF_from_git/transparentSF/ai/output/dashboard/0/22.json
2025-09-12 09:43:42,589 - INFO - Would migrate: /Users/simongoldman/Documents/TransparentSF_from_git/transparentSF/ai/output/dashboard/0/18.json
2025-09-12 09:43:42,589 - INFO - Would migrate: /Users/simongoldman/Documents/TransparentSF_from_git/transparentSF/ai/output/dashboard/0/38.json
2025-09-12 09:43:42,589 - INFO - Would migrate: /Users/simongoldman/Documents/TransparentSF_from_git/transparentSF/ai/output/dashboard/0/4.json
2025-09-12 09:43:42,589 - INFO - Would migrate: /Users/simongoldman/Documents/TransparentSF_from_git/transparentSF/ai/output/dashboard/0/14.json
2025-09-12 09:43:42,589 - INFO - Would migrate: /Users/simongoldman/Documents/TransparentSF_from_git/transparentSF/ai/output/dashboard/0/43.json
2025-09-12 09:43:42,589 - INFO - Would migrate: /Users/simongoldman/Documents/TransparentSF_from_git/transparentSF/ai/output/dashboard/0/15.json
2025-09-12 09:43:42,589 - INFO - Would migrate: /Users/simongoldman/Documents/TransparentSF_from_git/transparentSF/ai/output/dashboard/0/5.json
2025-09-12 09:43:42,589 - INFO - Would migrate: /Users/simongoldman/Documents/TransparentSF_from_git/transparentSF/ai/output/dashboard/0/19.json
2025-09-12 09:43:42,589 - INFO - Would migrate: /Users/simongoldman/Documents/TransparentSF_from_git/transparentSF/ai/output/dashboard/0/58.json
2025-09-12 09:43:42,589 - INFO - Would migrate: /Users/simongoldman/Documents/TransparentSF_from_git/transparentSF/ai/output/dashboard/0/23.json
2025-09-12 09:43:42,589 - INFO - Would migrate: /Users/simongoldman/Documents/TransparentSF_from_git/transparentSF/ai/output/dashboard/0/9.json
2025-09-12 09:43:42,589 - INFO - Would migrate: /Users/simongoldman/Documents/TransparentSF_from_git/transparentSF/ai/output/dashboard/0/35.json
2025-09-12 09:43:42,589 - INFO - Would migrate: /Users/simongoldman/Documents/TransparentSF_from_git/transparentSF/ai/output/dashboard/11/top_level.json
2025-09-12 09:43:42,589 - INFO - Would migrate: /Users/simongoldman/Documents/TransparentSF_from_git/transparentSF/ai/output/dashboard/11/16.json
2025-09-12 09:43:42,589 - INFO - Would migrate: /Users/simongoldman/Documents/TransparentSF_from_git/transparentSF/ai/output/dashboard/11/17.json
2025-09-12 09:43:42,589 - INFO - Would migrate: /Users/simongoldman/Documents/TransparentSF_from_git/transparentSF/ai/output/dashboard/11/40.json
2025-09-12 09:43:42,589 - INFO - Would migrate: /Users/simongoldman/Documents/TransparentSF_from_git/transparentSF/ai/output/dashboard/11/71.json
2025-09-12 09:43:42,589 - INFO - Would migrate: /Users/simongoldman/Documents/TransparentSF_from_git/transparentSF/ai/output/dashboard/11/30.json
2025-09-12 09:43:42,589 - INFO - Would migrate: /Users/simongoldman/Documents/TransparentSF_from_git/transparentSF/ai/output/dashboard/11/70.json
2025-09-12 09:43:42,589 - INFO - Would migrate: /Users/simongoldman/Documents/TransparentSF_from_git/transparentSF/ai/output/dashboard/11/1.json
2025-09-12 09:43:42,589 - INFO - Would migrate: /Users/simongoldman/Documents/TransparentSF_from_git/transparentSF/ai/output/dashboard/11/2.json
2025-09-12 09:43:42,589 - INFO - Would migrate: /Users/simongoldman/Documents/TransparentSF_from_git/transparentSF/ai/output/dashboard/11/12.json
2025-09-12 09:43:42,589 - INFO - Would migrate: /Users/simongoldman/Documents/TransparentSF_from_git/transparentSF/ai/output/dashboard/11/73.json
2025-09-12 09:43:42,589 - INFO - Would migrate: /Users/simongoldman/Documents/TransparentSF_from_git/transparentSF/ai/output/dashboard/11/24.json
2025-09-12 09:43:42,589 - INFO - Would migrate: /Users/simongoldman/Documents/TransparentSF_from_git/transparentSF/ai/output/dashboard/11/72.json
2025-09-12 09:43:42,589 - INFO - Would migrate: /Users/simongoldman/Documents/TransparentSF_from_git/transparentSF/ai/output/dashboard/11/29.json
2025-09-12 09:43:42,589 - INFO - Would migrate: /Users/simongoldman/Documents/TransparentSF_from_git/transparentSF/ai/output/dashboard/11/3.json
2025-09-12 09:43:42,589 - INFO - Would migrate: /Users/simongoldman/Documents/TransparentSF_from_git/transparentSF/ai/output/dashboard/11/63.json
2025-09-12 09:43:42,589 - INFO - Would migrate: /Users/simongoldman/Documents/TransparentSF_from_git/transparentSF/ai/output/dashboard/11/8.json
2025-09-12 09:43:42,589 - INFO - Would migrate: /Users/simongoldman/Documents/TransparentSF_from_git/transparentSF/ai/output/dashboard/11/22.json
2025-09-12 09:43:42,589 - INFO - Would migrate: /Users/simongoldman/Documents/TransparentSF_from_git/transparentSF/ai/output/dashboard/11/18.json
2025-09-12 09:43:42,589 - INFO - Would migrate: /Users/simongoldman/Documents/TransparentSF_from_git/transparentSF/ai/output/dashboard/11/38.json
2025-09-12 09:43:42,589 - INFO - Would migrate: /Users/simongoldman/Documents/TransparentSF_from_git/transparentSF/ai/output/dashboard/11/4.json
2025-09-12 09:43:42,589 - INFO - Would migrate: /Users/simongoldman/Documents/TransparentSF_from_git/transparentSF/ai/output/dashboard/11/14.json
2025-09-12 09:43:42,589 - INFO - Would migrate: /Users/simongoldman/Documents/TransparentSF_from_git/transparentSF/ai/output/dashboard/11/15.json
2025-09-12 09:43:42,589 - INFO - Would migrate: /Users/simongoldman/Documents/TransparentSF_from_git/transparentSF/ai/output/dashboard/11/19.json
2025-09-12 09:43:42,589 - INFO - Would migrate: /Users/simongoldman/Documents/TransparentSF_from_git/transparentSF/ai/output/dashboard/11/23.json
2025-09-12 09:43:42,589 - INFO - Would migrate: /Users/simongoldman/Documents/TransparentSF_from_git/transparentSF/ai/output/dashboard/11/9.json
2025-09-12 09:43:42,590 - INFO - Would migrate: /Users/simongoldman/Documents/TransparentSF_from_git/transparentSF/ai/output/dashboard/11/35.json
2025-09-12 09:43:42,590 - INFO - Would migrate: /Users/simongoldman/Documents/TransparentSF_from_git/transparentSF/ai/output/dashboard/7/top_level.json
2025-09-12 09:43:42,590 - INFO - Would migrate: /Users/simongoldman/Documents/TransparentSF_from_git/transparentSF/ai/output/dashboard/7/16.json
2025-09-12 09:43:42,590 - INFO - Would migrate: /Users/simongoldman/Documents/TransparentSF_from_git/transparentSF/ai/output/dashboard/7/17.json
2025-09-12 09:43:42,590 - INFO - Would migrate: /Users/simongoldman/Documents/TransparentSF_from_git/transparentSF/ai/output/dashboard/7/40.json
2025-09-12 09:43:42,590 - INFO - Would migrate: /Users/simongoldman/Documents/TransparentSF_from_git/transparentSF/ai/output/dashboard/7/71.json
2025-09-12 09:43:42,590 - INFO - Would migrate: /Users/simongoldman/Documents/TransparentSF_from_git/transparentSF/ai/output/dashboard/7/30.json
2025-09-12 09:43:42,590 - INFO - Would migrate: /Users/simongoldman/Documents/TransparentSF_from_git/transparentSF/ai/output/dashboard/7/70.json
2025-09-12 09:43:42,590 - INFO - Would migrate: /Users/simongoldman/Documents/TransparentSF_from_git/transparentSF/ai/output/dashboard/7/1.json
2025-09-12 09:43:42,590 - INFO - Would migrate: /Users/simongoldman/Documents/TransparentSF_from_git/transparentSF/ai/output/dashboard/7/2.json
2025-09-12 09:43:42,590 - INFO - Would migrate: /Users/simongoldman/Documents/TransparentSF_from_git/transparentSF/ai/output/dashboard/7/12.json
2025-09-12 09:43:42,590 - INFO - Would migrate: /Users/simongoldman/Documents/TransparentSF_from_git/transparentSF/ai/output/dashboard/7/73.json
2025-09-12 09:43:42,590 - INFO - Would migrate: /Users/simongoldman/Documents/TransparentSF_from_git/transparentSF/ai/output/dashboard/7/24.json
2025-09-12 09:43:42,590 - INFO - Would migrate: /Users/simongoldman/Documents/TransparentSF_from_git/transparentSF/ai/output/dashboard/7/72.json
2025-09-12 09:43:42,590 - INFO - Would migrate: /Users/simongoldman/Documents/TransparentSF_from_git/transparentSF/ai/output/dashboard/7/29.json
2025-09-12 09:43:42,590 - INFO - Would migrate: /Users/simongoldman/Documents/TransparentSF_from_git/transparentSF/ai/output/dashboard/7/3.json
2025-09-12 09:43:42,590 - INFO - Would migrate: /Users/simongoldman/Documents/TransparentSF_from_git/transparentSF/ai/output/dashboard/7/34.json
2025-09-12 09:43:42,590 - INFO - Would migrate: /Users/simongoldman/Documents/TransparentSF_from_git/transparentSF/ai/output/dashboard/7/63.json
2025-09-12 09:43:42,590 - INFO - Would migrate: /Users/simongoldman/Documents/TransparentSF_from_git/transparentSF/ai/output/dashboard/7/8.json
2025-09-12 09:43:42,591 - INFO - Would migrate: /Users/simongoldman/Documents/TransparentSF_from_git/transparentSF/ai/output/dashboard/7/22.json
2025-09-12 09:43:42,591 - INFO - Would migrate: /Users/simongoldman/Documents/TransparentSF_from_git/transparentSF/ai/output/dashboard/7/18.json
2025-09-12 09:43:42,591 - INFO - Would migrate: /Users/simongoldman/Documents/TransparentSF_from_git/transparentSF/ai/output/dashboard/7/38.json
2025-09-12 09:43:42,591 - INFO - Would migrate: /Users/simongoldman/Documents/TransparentSF_from_git/transparentSF/ai/output/dashboard/7/4.json
2025-09-12 09:43:42,591 - INFO - Would migrate: /Users/simongoldman/Documents/TransparentSF_from_git/transparentSF/ai/output/dashboard/7/14.json
2025-09-12 09:43:42,591 - INFO - Would migrate: /Users/simongoldman/Documents/TransparentSF_from_git/transparentSF/ai/output/dashboard/7/15.json
2025-09-12 09:43:42,591 - INFO - Would migrate: /Users/simongoldman/Documents/TransparentSF_from_git/transparentSF/ai/output/dashboard/7/19.json
2025-09-12 09:43:42,591 - INFO - Would migrate: /Users/simongoldman/Documents/TransparentSF_from_git/transparentSF/ai/output/dashboard/7/23.json
2025-09-12 09:43:42,591 - INFO - Would migrate: /Users/simongoldman/Documents/TransparentSF_from_git/transparentSF/ai/output/dashboard/7/9.json
2025-09-12 09:43:42,591 - INFO - Would migrate: /Users/simongoldman/Documents/TransparentSF_from_git/transparentSF/ai/output/dashboard/7/35.json
2025-09-12 09:43:42,591 - INFO - Would migrate: /Users/simongoldman/Documents/TransparentSF_from_git/transparentSF/ai/output/dashboard/6/top_level.json
2025-09-12 09:43:42,591 - INFO - Would migrate: /Users/simongoldman/Documents/TransparentSF_from_git/transparentSF/ai/output/dashboard/6/16.json
2025-09-12 09:43:42,592 - INFO - Would migrate: /Users/simongoldman/Documents/TransparentSF_from_git/transparentSF/ai/output/dashboard/6/17.json
2025-09-12 09:43:42,592 - INFO - Would migrate: /Users/simongoldman/Documents/TransparentSF_from_git/transparentSF/ai/output/dashboard/6/40.json
2025-09-12 09:43:42,592 - INFO - Would migrate: /Users/simongoldman/Documents/TransparentSF_from_git/transparentSF/ai/output/dashboard/6/71.json
2025-09-12 09:43:42,592 - INFO - Would migrate: /Users/simongoldman/Documents/TransparentSF_from_git/transparentSF/ai/output/dashboard/6/30.json
2025-09-12 09:43:42,592 - INFO - Would migrate: /Users/simongoldman/Documents/TransparentSF_from_git/transparentSF/ai/output/dashboard/6/70.json
2025-09-12 09:43:42,592 - INFO - Would migrate: /Users/simongoldman/Documents/TransparentSF_from_git/transparentSF/ai/output/dashboard/6/1.json
2025-09-12 09:43:42,592 - INFO - Would migrate: /Users/simongoldman/Documents/TransparentSF_from_git/transparentSF/ai/output/dashboard/6/2.json
2025-09-12 09:43:42,592 - INFO - Would migrate: /Users/simongoldman/Documents/TransparentSF_from_git/transparentSF/ai/output/dashboard/6/12.json
2025-09-12 09:43:42,592 - INFO - Would migrate: /Users/simongoldman/Documents/TransparentSF_from_git/transparentSF/ai/output/dashboard/6/73.json
2025-09-12 09:43:42,592 - INFO - Would migrate: /Users/simongoldman/Documents/TransparentSF_from_git/transparentSF/ai/output/dashboard/6/24.json
2025-09-12 09:43:42,592 - INFO - Would migrate: /Users/simongoldman/Documents/TransparentSF_from_git/transparentSF/ai/output/dashboard/6/72.json
2025-09-12 09:43:42,592 - INFO - Would migrate: /Users/simongoldman/Documents/TransparentSF_from_git/transparentSF/ai/output/dashboard/6/29.json
2025-09-12 09:43:42,592 - INFO - Would migrate: /Users/simongoldman/Documents/TransparentSF_from_git/transparentSF/ai/output/dashboard/6/3.json
2025-09-12 09:43:42,593 - INFO - Would migrate: /Users/simongoldman/Documents/TransparentSF_from_git/transparentSF/ai/output/dashboard/6/34.json
2025-09-12 09:43:42,593 - INFO - Would migrate: /Users/simongoldman/Documents/TransparentSF_from_git/transparentSF/ai/output/dashboard/6/63.json
2025-09-12 09:43:42,593 - INFO - Would migrate: /Users/simongoldman/Documents/TransparentSF_from_git/transparentSF/ai/output/dashboard/6/8.json
2025-09-12 09:43:42,593 - INFO - Would migrate: /Users/simongoldman/Documents/TransparentSF_from_git/transparentSF/ai/output/dashboard/6/22.json
2025-09-12 09:43:42,593 - INFO - Would migrate: /Users/simongoldman/Documents/TransparentSF_from_git/transparentSF/ai/output/dashboard/6/18.json
2025-09-12 09:43:42,593 - INFO - Would migrate: /Users/simongoldman/Documents/TransparentSF_from_git/transparentSF/ai/output/dashboard/6/38.json
2025-09-12 09:43:42,593 - INFO - Would migrate: /Users/simongoldman/Documents/TransparentSF_from_git/transparentSF/ai/output/dashboard/6/4.json
2025-09-12 09:43:42,593 - INFO - Would migrate: /Users/simongoldman/Documents/TransparentSF_from_git/transparentSF/ai/output/dashboard/6/14.json
2025-09-12 09:43:42,593 - INFO - Would migrate: /Users/simongoldman/Documents/TransparentSF_from_git/transparentSF/ai/output/dashboard/6/15.json
2025-09-12 09:43:42,593 - INFO - Would migrate: /Users/simongoldman/Documents/TransparentSF_from_git/transparentSF/ai/output/dashboard/6/19.json
2025-09-12 09:43:42,593 - INFO - Would migrate: /Users/simongoldman/Documents/TransparentSF_from_git/transparentSF/ai/output/dashboard/6/23.json
2025-09-12 09:43:42,593 - INFO - Would migrate: /Users/simongoldman/Documents/TransparentSF_from_git/transparentSF/ai/output/dashboard/6/9.json
2025-09-12 09:43:42,593 - INFO - Would migrate: /Users/simongoldman/Documents/TransparentSF_from_git/transparentSF/ai/output/dashboard/6/35.json
2025-09-12 09:43:42,593 - INFO - Would migrate: /Users/simongoldman/Documents/TransparentSF_from_git/transparentSF/ai/output/dashboard/1/top_level.json
2025-09-12 09:43:42,593 - INFO - Would migrate: /Users/simongoldman/Documents/TransparentSF_from_git/transparentSF/ai/output/dashboard/1/16.json
2025-09-12 09:43:42,593 - INFO - Would migrate: /Users/simongoldman/Documents/TransparentSF_from_git/transparentSF/ai/output/dashboard/1/17.json
2025-09-12 09:43:42,593 - INFO - Would migrate: /Users/simongoldman/Documents/TransparentSF_from_git/transparentSF/ai/output/dashboard/1/40.json
2025-09-12 09:43:42,593 - INFO - Would migrate: /Users/simongoldman/Documents/TransparentSF_from_git/transparentSF/ai/output/dashboard/1/71.json
2025-09-12 09:43:42,594 - INFO - Would migrate: /Users/simongoldman/Documents/TransparentSF_from_git/transparentSF/ai/output/dashboard/1/30.json
2025-09-12 09:43:42,594 - INFO - Would migrate: /Users/simongoldman/Documents/TransparentSF_from_git/transparentSF/ai/output/dashboard/1/70.json
2025-09-12 09:43:42,594 - INFO - Would migrate: /Users/simongoldman/Documents/TransparentSF_from_git/transparentSF/ai/output/dashboard/1/1.json
2025-09-12 09:43:42,594 - INFO - Would migrate: /Users/simongoldman/Documents/TransparentSF_from_git/transparentSF/ai/output/dashboard/1/2.json
2025-09-12 09:43:42,594 - INFO - Would migrate: /Users/simongoldman/Documents/TransparentSF_from_git/transparentSF/ai/output/dashboard/1/12.json
2025-09-12 09:43:42,594 - INFO - Would migrate: /Users/simongoldman/Documents/TransparentSF_from_git/transparentSF/ai/output/dashboard/1/73.json
2025-09-12 09:43:42,594 - INFO - Would migrate: /Users/simongoldman/Documents/TransparentSF_from_git/transparentSF/ai/output/dashboard/1/24.json
2025-09-12 09:43:42,594 - INFO - Would migrate: /Users/simongoldman/Documents/TransparentSF_from_git/transparentSF/ai/output/dashboard/1/72.json
2025-09-12 09:43:42,594 - INFO - Would migrate: /Users/simongoldman/Documents/TransparentSF_from_git/transparentSF/ai/output/dashboard/1/29.json
2025-09-12 09:43:42,594 - INFO - Would migrate: /Users/simongoldman/Documents/TransparentSF_from_git/transparentSF/ai/output/dashboard/1/3.json
2025-09-12 09:43:42,594 - INFO - Would migrate: /Users/simongoldman/Documents/TransparentSF_from_git/transparentSF/ai/output/dashboard/1/34.json
2025-09-12 09:43:42,594 - INFO - Would migrate: /Users/simongoldman/Documents/TransparentSF_from_git/transparentSF/ai/output/dashboard/1/63.json
2025-09-12 09:43:42,594 - INFO - Would migrate: /Users/simongoldman/Documents/TransparentSF_from_git/transparentSF/ai/output/dashboard/1/8.json
2025-09-12 09:43:42,594 - INFO - Would migrate: /Users/simongoldman/Documents/TransparentSF_from_git/transparentSF/ai/output/dashboard/1/22.json
2025-09-12 09:43:42,594 - INFO - Would migrate: /Users/simongoldman/Documents/TransparentSF_from_git/transparentSF/ai/output/dashboard/1/18.json
2025-09-12 09:43:42,594 - INFO - Would migrate: /Users/simongoldman/Documents/TransparentSF_from_git/transparentSF/ai/output/dashboard/1/38.json
2025-09-12 09:43:42,594 - INFO - Would migrate: /Users/simongoldman/Documents/TransparentSF_from_git/transparentSF/ai/output/dashboard/1/4.json
2025-09-12 09:43:42,594 - INFO - Would migrate: /Users/simongoldman/Documents/TransparentSF_from_git/transparentSF/ai/output/dashboard/1/14.json
2025-09-12 09:43:42,594 - INFO - Would migrate: /Users/simongoldman/Documents/TransparentSF_from_git/transparentSF/ai/output/dashboard/1/15.json
2025-09-12 09:43:42,594 - INFO - Would migrate: /Users/simongoldman/Documents/TransparentSF_from_git/transparentSF/ai/output/dashboard/1/19.json
2025-09-12 09:43:42,594 - INFO - Would migrate: /Users/simongoldman/Documents/TransparentSF_from_git/transparentSF/ai/output/dashboard/1/23.json
2025-09-12 09:43:42,594 - INFO - Would migrate: /Users/simongoldman/Documents/TransparentSF_from_git/transparentSF/ai/output/dashboard/1/9.json
2025-09-12 09:43:42,594 - INFO - Would migrate: /Users/simongoldman/Documents/TransparentSF_from_git/transparentSF/ai/output/dashboard/1/35.json
2025-09-12 09:43:42,594 - INFO - Would migrate: /Users/simongoldman/Documents/TransparentSF_from_git/transparentSF/ai/output/dashboard/10/top_level.json
2025-09-12 09:43:42,594 - INFO - Would migrate: /Users/simongoldman/Documents/TransparentSF_from_git/transparentSF/ai/output/dashboard/10/16.json
2025-09-12 09:43:42,594 - INFO - Would migrate: /Users/simongoldman/Documents/TransparentSF_from_git/transparentSF/ai/output/dashboard/10/17.json
2025-09-12 09:43:42,594 - INFO - Would migrate: /Users/simongoldman/Documents/TransparentSF_from_git/transparentSF/ai/output/dashboard/10/40.json
2025-09-12 09:43:42,594 - INFO - Would migrate: /Users/simongoldman/Documents/TransparentSF_from_git/transparentSF/ai/output/dashboard/10/71.json
2025-09-12 09:43:42,595 - INFO - Would migrate: /Users/simongoldman/Documents/TransparentSF_from_git/transparentSF/ai/output/dashboard/10/30.json
2025-09-12 09:43:42,595 - INFO - Would migrate: /Users/simongoldman/Documents/TransparentSF_from_git/transparentSF/ai/output/dashboard/10/70.json
2025-09-12 09:43:42,595 - INFO - Would migrate: /Users/simongoldman/Documents/TransparentSF_from_git/transparentSF/ai/output/dashboard/10/1.json
2025-09-12 09:43:42,595 - INFO - Would migrate: /Users/simongoldman/Documents/TransparentSF_from_git/transparentSF/ai/output/dashboard/10/2.json
2025-09-12 09:43:42,595 - INFO - Would migrate: /Users/simongoldman/Documents/TransparentSF_from_git/transparentSF/ai/output/dashboard/10/12.json
2025-09-12 09:43:42,595 - INFO - Would migrate: /Users/simongoldman/Documents/TransparentSF_from_git/transparentSF/ai/output/dashboard/10/73.json
2025-09-12 09:43:42,595 - INFO - Would migrate: /Users/simongoldman/Documents/TransparentSF_from_git/transparentSF/ai/output/dashboard/10/24.json
2025-09-12 09:43:42,595 - INFO - Would migrate: /Users/simongoldman/Documents/TransparentSF_from_git/transparentSF/ai/output/dashboard/10/72.json
2025-09-12 09:43:42,595 - INFO - Would migrate: /Users/simongoldman/Documents/TransparentSF_from_git/transparentSF/ai/output/dashboard/10/29.json
2025-09-12 09:43:42,595 - INFO - Would migrate: /Users/simongoldman/Documents/TransparentSF_from_git/transparentSF/ai/output/dashboard/10/3.json
2025-09-12 09:43:42,595 - INFO - Would migrate: /Users/simongoldman/Documents/TransparentSF_from_git/transparentSF/ai/output/dashboard/10/63.json
2025-09-12 09:43:42,595 - INFO - Would migrate: /Users/simongoldman/Documents/TransparentSF_from_git/transparentSF/ai/output/dashboard/10/8.json
2025-09-12 09:43:42,595 - INFO - Would migrate: /Users/simongoldman/Documents/TransparentSF_from_git/transparentSF/ai/output/dashboard/10/22.json
2025-09-12 09:43:42,595 - INFO - Would migrate: /Users/simongoldman/Documents/TransparentSF_from_git/transparentSF/ai/output/dashboard/10/18.json
2025-09-12 09:43:42,595 - INFO - Would migrate: /Users/simongoldman/Documents/TransparentSF_from_git/transparentSF/ai/output/dashboard/10/38.json
2025-09-12 09:43:42,595 - INFO - Would migrate: /Users/simongoldman/Documents/TransparentSF_from_git/transparentSF/ai/output/dashboard/10/4.json
2025-09-12 09:43:42,595 - INFO - Would migrate: /Users/simongoldman/Documents/TransparentSF_from_git/transparentSF/ai/output/dashboard/10/14.json
2025-09-12 09:43:42,595 - INFO - Would migrate: /Users/simongoldman/Documents/TransparentSF_from_git/transparentSF/ai/output/dashboard/10/15.json
2025-09-12 09:43:42,596 - INFO - Would migrate: /Users/simongoldman/Documents/TransparentSF_from_git/transparentSF/ai/output/dashboard/10/19.json
2025-09-12 09:43:42,596 - INFO - Would migrate: /Users/simongoldman/Documents/TransparentSF_from_git/transparentSF/ai/output/dashboard/10/23.json
2025-09-12 09:43:42,596 - INFO - Would migrate: /Users/simongoldman/Documents/TransparentSF_from_git/transparentSF/ai/output/dashboard/10/9.json
2025-09-12 09:43:42,596 - INFO - Would migrate: /Users/simongoldman/Documents/TransparentSF_from_git/transparentSF/ai/output/dashboard/10/35.json
2025-09-12 09:43:42,596 - INFO - Would migrate: /Users/simongoldman/Documents/TransparentSF_from_git/transparentSF/ai/output/dashboard/8/top_level.json
2025-09-12 09:43:42,596 - INFO - Would migrate: /Users/simongoldman/Documents/TransparentSF_from_git/transparentSF/ai/output/dashboard/8/16.json
2025-09-12 09:43:42,596 - INFO - Would migrate: /Users/simongoldman/Documents/TransparentSF_from_git/transparentSF/ai/output/dashboard/8/17.json
2025-09-12 09:43:42,596 - INFO - Would migrate: /Users/simongoldman/Documents/TransparentSF_from_git/transparentSF/ai/output/dashboard/8/40.json
2025-09-12 09:43:42,596 - INFO - Would migrate: /Users/simongoldman/Documents/TransparentSF_from_git/transparentSF/ai/output/dashboard/8/71.json
2025-09-12 09:43:42,596 - INFO - Would migrate: /Users/simongoldman/Documents/TransparentSF_from_git/transparentSF/ai/output/dashboard/8/30.json
2025-09-12 09:43:42,596 - INFO - Would migrate: /Users/simongoldman/Documents/TransparentSF_from_git/transparentSF/ai/output/dashboard/8/70.json
2025-09-12 09:43:42,596 - INFO - Would migrate: /Users/simongoldman/Documents/TransparentSF_from_git/transparentSF/ai/output/dashboard/8/1.json
2025-09-12 09:43:42,596 - INFO - Would migrate: /Users/simongoldman/Documents/TransparentSF_from_git/transparentSF/ai/output/dashboard/8/2.json
2025-09-12 09:43:42,596 - INFO - Would migrate: /Users/simongoldman/Documents/TransparentSF_from_git/transparentSF/ai/output/dashboard/8/12.json
2025-09-12 09:43:42,596 - INFO - Would migrate: /Users/simongoldman/Documents/TransparentSF_from_git/transparentSF/ai/output/dashboard/8/73.json
2025-09-12 09:43:42,596 - INFO - Would migrate: /Users/simongoldman/Documents/TransparentSF_from_git/transparentSF/ai/output/dashboard/8/24.json
2025-09-12 09:43:42,596 - INFO - Would migrate: /Users/simongoldman/Documents/TransparentSF_from_git/transparentSF/ai/output/dashboard/8/72.json
2025-09-12 09:43:42,596 - INFO - Would migrate: /Users/simongoldman/Documents/TransparentSF_from_git/transparentSF/ai/output/dashboard/8/29.json
2025-09-12 09:43:42,596 - INFO - Would migrate: /Users/simongoldman/Documents/TransparentSF_from_git/transparentSF/ai/output/dashboard/8/3.json
2025-09-12 09:43:42,596 - INFO - Would migrate: /Users/simongoldman/Documents/TransparentSF_from_git/transparentSF/ai/output/dashboard/8/34.json
2025-09-12 09:43:42,596 - INFO - Would migrate: /Users/simongoldman/Documents/TransparentSF_from_git/transparentSF/ai/output/dashboard/8/63.json
2025-09-12 09:43:42,596 - INFO - Would migrate: /Users/simongoldman/Documents/TransparentSF_from_git/transparentSF/ai/output/dashboard/8/8.json
2025-09-12 09:43:42,596 - INFO - Would migrate: /Users/simongoldman/Documents/TransparentSF_from_git/transparentSF/ai/output/dashboard/8/22.json
2025-09-12 09:43:42,596 - INFO - Would migrate: /Users/simongoldman/Documents/TransparentSF_from_git/transparentSF/ai/output/dashboard/8/18.json
2025-09-12 09:43:42,596 - INFO - Would migrate: /Users/simongoldman/Documents/TransparentSF_from_git/transparentSF/ai/output/dashboard/8/38.json
2025-09-12 09:43:42,597 - INFO - Would migrate: /Users/simongoldman/Documents/TransparentSF_from_git/transparentSF/ai/output/dashboard/8/4.json
2025-09-12 09:43:42,597 - INFO - Would migrate: /Users/simongoldman/Documents/TransparentSF_from_git/transparentSF/ai/output/dashboard/8/14.json
2025-09-12 09:43:42,597 - INFO - Would migrate: /Users/simongoldman/Documents/TransparentSF_from_git/transparentSF/ai/output/dashboard/8/15.json
2025-09-12 09:43:42,597 - INFO - Would migrate: /Users/simongoldman/Documents/TransparentSF_from_git/transparentSF/ai/output/dashboard/8/19.json
2025-09-12 09:43:42,597 - INFO - Would migrate: /Users/simongoldman/Documents/TransparentSF_from_git/transparentSF/ai/output/dashboard/8/23.json
2025-09-12 09:43:42,597 - INFO - Would migrate: /Users/simongoldman/Documents/TransparentSF_from_git/transparentSF/ai/output/dashboard/8/9.json
2025-09-12 09:43:42,597 - INFO - Would migrate: /Users/simongoldman/Documents/TransparentSF_from_git/transparentSF/ai/output/dashboard/8/35.json
2025-09-12 09:43:42,597 - INFO - Would migrate: /Users/simongoldman/Documents/TransparentSF_from_git/transparentSF/ai/output/dashboard/history/district_5_20250904.json
2025-09-12 09:43:42,597 - INFO - Would migrate: /Users/simongoldman/Documents/TransparentSF_from_git/transparentSF/ai/output/dashboard/history/district_3_20250822.json
2025-09-12 09:43:42,597 - INFO - Would migrate: /Users/simongoldman/Documents/TransparentSF_from_git/transparentSF/ai/output/dashboard/history/district_10_20250821.json
2025-09-12 09:43:42,597 - INFO - Would migrate: /Users/simongoldman/Documents/TransparentSF_from_git/transparentSF/ai/output/dashboard/history/district_11_20250910.json
2025-09-12 09:43:42,597 - INFO - Would migrate: /Users/simongoldman/Documents/TransparentSF_from_git/transparentSF/ai/output/dashboard/history/district_11_20250906.json
2025-09-12 09:43:42,597 - INFO - Would migrate: /Users/simongoldman/Documents/TransparentSF_from_git/transparentSF/ai/output/dashboard/history/district_0_20250819.json
2025-09-12 09:43:42,597 - INFO - Would migrate: /Users/simongoldman/Documents/TransparentSF_from_git/transparentSF/ai/output/dashboard/history/district_2_20250905.json
2025-09-12 09:43:42,597 - INFO - Would migrate: /Users/simongoldman/Documents/TransparentSF_from_git/transparentSF/ai/output/dashboard/history/district_10_20250909.json
2025-09-12 09:43:42,597 - INFO - Would migrate: /Users/simongoldman/Documents/TransparentSF_from_git/transparentSF/ai/output/dashboard/history/district_1_20250904.json
2025-09-12 09:43:42,597 - INFO - Would migrate: /Users/simongoldman/Documents/TransparentSF_from_git/transparentSF/ai/output/dashboard/history/district_7_20250822.json
2025-09-12 09:43:42,597 - INFO - Would migrate: /Users/simongoldman/Documents/TransparentSF_from_git/transparentSF/ai/output/dashboard/history/district_6_20250905.json
2025-09-12 09:43:42,597 - INFO - Would migrate: /Users/simongoldman/Documents/TransparentSF_from_git/transparentSF/ai/output/dashboard/history/district_4_20250819.json
2025-09-12 09:43:42,597 - INFO - Would migrate: /Users/simongoldman/Documents/TransparentSF_from_git/transparentSF/ai/output/dashboard/history/district_5_20250908.json
2025-09-12 09:43:42,597 - INFO - Would migrate: /Users/simongoldman/Documents/TransparentSF_from_git/transparentSF/ai/output/dashboard/history/district_1_20250820.json
2025-09-12 09:43:42,597 - INFO - Would migrate: /Users/simongoldman/Documents/TransparentSF_from_git/transparentSF/ai/output/dashboard/history/district_7_20250906.json
2025-09-12 09:43:42,597 - INFO - Would migrate: /Users/simongoldman/Documents/TransparentSF_from_git/transparentSF/ai/output/dashboard/history/district_8_20250902.json
2025-09-12 09:43:42,597 - INFO - Would migrate: /Users/simongoldman/Documents/TransparentSF_from_git/transparentSF/ai/output/dashboard/history/district_0_20250911.json
2025-09-12 09:43:42,597 - INFO - Would migrate: /Users/simongoldman/Documents/TransparentSF_from_git/transparentSF/ai/output/dashboard/history/district_7_20250910.json
2025-09-12 09:43:42,597 - INFO - Would migrate: /Users/simongoldman/Documents/TransparentSF_from_git/transparentSF/ai/output/dashboard/history/district_0_20250907.json
2025-09-12 09:43:42,597 - INFO - Would migrate: /Users/simongoldman/Documents/TransparentSF_from_git/transparentSF/ai/output/dashboard/history/district_6_20250821.json
2025-09-12 09:43:42,597 - INFO - Would migrate: /Users/simongoldman/Documents/TransparentSF_from_git/transparentSF/ai/output/dashboard/history/district_2_20250909.json
2025-09-12 09:43:42,597 - INFO - Would migrate: /Users/simongoldman/Documents/TransparentSF_from_git/transparentSF/ai/output/dashboard/history/district_4_20250911.json
2025-09-12 09:43:42,597 - INFO - Would migrate: /Users/simongoldman/Documents/TransparentSF_from_git/transparentSF/ai/output/dashboard/history/district_5_20250820.json
2025-09-12 09:43:42,597 - INFO - Would migrate: /Users/simongoldman/Documents/TransparentSF_from_git/transparentSF/ai/output/dashboard/history/district_3_20250906.json
2025-09-12 09:43:42,597 - INFO - Would migrate: /Users/simongoldman/Documents/TransparentSF_from_git/transparentSF/ai/output/dashboard/history/district_1_20250908.json
2025-09-12 09:43:42,597 - INFO - Would migrate: /Users/simongoldman/Documents/TransparentSF_from_git/transparentSF/ai/output/dashboard/history/district_10_20250905.json
2025-09-12 09:43:42,597 - INFO - Would migrate: /Users/simongoldman/Documents/TransparentSF_from_git/transparentSF/ai/output/dashboard/history/district_11_20250822.json
2025-09-12 09:43:42,597 - INFO - Would migrate: /Users/simongoldman/Documents/TransparentSF_from_git/transparentSF/ai/output/dashboard/history/district_6_20250909.json
2025-09-12 09:43:42,597 - INFO - Would migrate: /Users/simongoldman/Documents/TransparentSF_from_git/transparentSF/ai/output/dashboard/history/district_4_20250907.json
2025-09-12 09:43:42,597 - INFO - Would migrate: /Users/simongoldman/Documents/TransparentSF_from_git/transparentSF/ai/output/dashboard/history/district_2_20250821.json
2025-09-12 09:43:42,598 - INFO - Would migrate: /Users/simongoldman/Documents/TransparentSF_from_git/transparentSF/ai/output/dashboard/history/district_3_20250910.json
2025-09-12 09:43:42,598 - INFO - Would migrate: /Users/simongoldman/Documents/TransparentSF_from_git/transparentSF/ai/output/dashboard/history/district_3_20250911.json
2025-09-12 09:43:42,598 - INFO - Would migrate: /Users/simongoldman/Documents/TransparentSF_from_git/transparentSF/ai/output/dashboard/history/district_4_20250906.json
2025-09-12 09:43:42,598 - INFO - Would migrate: /Users/simongoldman/Documents/TransparentSF_from_git/transparentSF/ai/output/dashboard/history/district_2_20250820.json
2025-09-12 09:43:42,598 - INFO - Would migrate: /Users/simongoldman/Documents/TransparentSF_from_git/transparentSF/ai/output/dashboard/history/district_6_20250908.json
2025-09-12 09:43:42,598 - INFO - Would migrate: /Users/simongoldman/Documents/TransparentSF_from_git/transparentSF/ai/output/dashboard/history/district_10_20250904.json
2025-09-12 09:43:42,598 - INFO - Would migrate: /Users/simongoldman/Documents/TransparentSF_from_git/transparentSF/ai/output/dashboard/history/district_1_20250909.json
2025-09-12 09:43:42,598 - INFO - Would migrate: /Users/simongoldman/Documents/TransparentSF_from_git/transparentSF/ai/output/dashboard/history/district_5_20250821.json
2025-09-12 09:43:42,598 - INFO - Would migrate: /Users/simongoldman/Documents/TransparentSF_from_git/transparentSF/ai/output/dashboard/history/district_3_20250907.json
2025-09-12 09:43:42,598 - INFO - Would migrate: /Users/simongoldman/Documents/TransparentSF_from_git/transparentSF/ai/output/dashboard/history/district_4_20250910.json
2025-09-12 09:43:42,598 - INFO - Would migrate: /Users/simongoldman/Documents/TransparentSF_from_git/transparentSF/ai/output/dashboard/history/district_11_20250819.json
2025-09-12 09:43:42,598 - INFO - Would migrate: /Users/simongoldman/Documents/TransparentSF_from_git/transparentSF/ai/output/dashboard/history/district_2_20250908.json
2025-09-12 09:43:42,598 - INFO - Would migrate: /Users/simongoldman/Documents/TransparentSF_from_git/transparentSF/ai/output/dashboard/history/district_0_20250906.json
2025-09-12 09:43:42,598 - INFO - Would migrate: /Users/simongoldman/Documents/TransparentSF_from_git/transparentSF/ai/output/dashboard/history/district_6_20250820.json
2025-09-12 09:43:42,598 - INFO - Would migrate: /Users/simongoldman/Documents/TransparentSF_from_git/transparentSF/ai/output/dashboard/history/district_7_20250911.json
2025-09-12 09:43:42,598 - INFO - Would migrate: /Users/simongoldman/Documents/TransparentSF_from_git/transparentSF/ai/output/dashboard/history/district_0_20250910.json
2025-09-12 09:43:42,598 - INFO - Would migrate: /Users/simongoldman/Documents/TransparentSF_from_git/transparentSF/ai/output/dashboard/history/district_8_20250903.json
2025-09-12 09:43:42,598 - INFO - Would migrate: /Users/simongoldman/Documents/TransparentSF_from_git/transparentSF/ai/output/dashboard/history/district_1_20250821.json
2025-09-12 09:43:42,598 - INFO - Would migrate: /Users/simongoldman/Documents/TransparentSF_from_git/transparentSF/ai/output/dashboard/history/district_7_20250907.json
2025-09-12 09:43:42,598 - INFO - Would migrate: /Users/simongoldman/Documents/TransparentSF_from_git/transparentSF/ai/output/dashboard/history/district_5_20250909.json
2025-09-12 09:43:42,598 - INFO - Would migrate: /Users/simongoldman/Documents/TransparentSF_from_git/transparentSF/ai/output/dashboard/history/district_0_20250822.json
2025-09-12 09:43:42,598 - INFO - Would migrate: /Users/simongoldman/Documents/TransparentSF_from_git/transparentSF/ai/output/dashboard/history/district_6_20250904.json
2025-09-12 09:43:42,598 - INFO - Would migrate: /Users/simongoldman/Documents/TransparentSF_from_git/transparentSF/ai/output/dashboard/history/district_1_20250905.json
2025-09-12 09:43:42,598 - INFO - Would migrate: /Users/simongoldman/Documents/TransparentSF_from_git/transparentSF/ai/output/dashboard/history/district_3_20250819.json
2025-09-12 09:43:42,598 - INFO - Would migrate: /Users/simongoldman/Documents/TransparentSF_from_git/transparentSF/ai/output/dashboard/history/district_10_20250908.json
2025-09-12 09:43:42,598 - INFO - Would migrate: /Users/simongoldman/Documents/TransparentSF_from_git/transparentSF/ai/output/dashboard/history/district_4_20250822.json
2025-09-12 09:43:42,598 - INFO - Would migrate: /Users/simongoldman/Documents/TransparentSF_from_git/transparentSF/ai/output/dashboard/history/district_2_20250904.json
2025-09-12 09:43:42,598 - INFO - Would migrate: /Users/simongoldman/Documents/TransparentSF_from_git/transparentSF/ai/output/dashboard/history/district_11_20250907.json
2025-09-12 09:43:42,598 - INFO - Would migrate: /Users/simongoldman/Documents/TransparentSF_from_git/transparentSF/ai/output/dashboard/history/district_11_20250911.json
2025-09-12 09:43:42,598 - INFO - Would migrate: /Users/simongoldman/Documents/TransparentSF_from_git/transparentSF/ai/output/dashboard/history/district_10_20250820.json
2025-09-12 09:43:42,598 - INFO - Would migrate: /Users/simongoldman/Documents/TransparentSF_from_git/transparentSF/ai/output/dashboard/history/district_7_20250819.json
2025-09-12 09:43:42,598 - INFO - Would migrate: /Users/simongoldman/Documents/TransparentSF_from_git/transparentSF/ai/output/dashboard/history/district_5_20250905.json
2025-09-12 09:43:42,598 - INFO - Would migrate: /Users/simongoldman/Documents/TransparentSF_from_git/transparentSF/ai/output/dashboard/history/district_8_20250904.json
2025-09-12 09:43:42,598 - INFO - Would migrate: /Users/simongoldman/Documents/TransparentSF_from_git/transparentSF/ai/output/dashboard/history/district_10_20250903.json
2025-09-12 09:43:42,598 - INFO - Would migrate: /Users/simongoldman/Documents/TransparentSF_from_git/transparentSF/ai/output/dashboard/history/district_9_20250819.json
2025-09-12 09:43:42,598 - INFO - Would migrate: /Users/simongoldman/Documents/TransparentSF_from_git/transparentSF/ai/output/dashboard/history/district_5_20250902.json
2025-09-12 09:43:42,598 - INFO - Would migrate: /Users/simongoldman/Documents/TransparentSF_from_git/transparentSF/ai/output/dashboard/history/district_8_20250908.json
2025-09-12 09:43:42,598 - INFO - Would migrate: /Users/simongoldman/Documents/TransparentSF_from_git/transparentSF/ai/output/dashboard/history/district_2_20250903.json
2025-09-12 09:43:42,598 - INFO - Would migrate: /Users/simongoldman/Documents/TransparentSF_from_git/transparentSF/ai/output/dashboard/history/district_8_20250820.json
2025-09-12 09:43:42,598 - INFO - Would migrate: /Users/simongoldman/Documents/TransparentSF_from_git/transparentSF/ai/output/dashboard/history/district_1_20250902.json
2025-09-12 09:43:42,598 - INFO - Would migrate: /Users/simongoldman/Documents/TransparentSF_from_git/transparentSF/ai/output/dashboard/history/district_9_20250911.json
2025-09-12 09:43:42,598 - INFO - Would migrate: /Users/simongoldman/Documents/TransparentSF_from_git/transparentSF/ai/output/dashboard/history/district_6_20250903.json
2025-09-12 09:43:42,598 - INFO - Would migrate: /Users/simongoldman/Documents/TransparentSF_from_git/transparentSF/ai/output/dashboard/history/district_9_20250907.json
2025-09-12 09:43:42,598 - INFO - Would migrate: /Users/simongoldman/Documents/TransparentSF_from_git/transparentSF/ai/output/dashboard/history/district_9_20250906.json
2025-09-12 09:43:42,599 - INFO - Would migrate: /Users/simongoldman/Documents/TransparentSF_from_git/transparentSF/ai/output/dashboard/history/district_6_20250902.json
2025-09-12 09:43:42,599 - INFO - Would migrate: /Users/simongoldman/Documents/TransparentSF_from_git/transparentSF/ai/output/dashboard/history/district_9_20250910.json
2025-09-12 09:43:42,599 - INFO - Would migrate: /Users/simongoldman/Documents/TransparentSF_from_git/transparentSF/ai/output/dashboard/history/district_1_20250903.json
2025-09-12 09:43:42,599 - INFO - Would migrate: /Users/simongoldman/Documents/TransparentSF_from_git/transparentSF/ai/output/dashboard/history/district_8_20250821.json
2025-09-12 09:43:42,599 - INFO - Would migrate: /Users/simongoldman/Documents/TransparentSF_from_git/transparentSF/ai/output/dashboard/history/district_2_20250902.json
2025-09-12 09:43:42,599 - INFO - Would migrate: /Users/simongoldman/Documents/TransparentSF_from_git/transparentSF/ai/output/dashboard/history/district_8_20250909.json
2025-09-12 09:43:42,599 - INFO - Would migrate: /Users/simongoldman/Documents/TransparentSF_from_git/transparentSF/ai/output/dashboard/history/district_5_20250903.json
2025-09-12 09:43:42,599 - INFO - Would migrate: /Users/simongoldman/Documents/TransparentSF_from_git/transparentSF/ai/output/dashboard/history/district_10_20250902.json
2025-09-12 09:43:42,599 - INFO - Would migrate: /Users/simongoldman/Documents/TransparentSF_from_git/transparentSF/ai/output/dashboard/history/district_9_20250822.json
2025-09-12 09:43:42,599 - INFO - Would migrate: /Users/simongoldman/Documents/TransparentSF_from_git/transparentSF/ai/output/dashboard/history/district_8_20250905.json
2025-09-12 09:43:42,599 - INFO - Would migrate: /Users/simongoldman/Documents/TransparentSF_from_git/transparentSF/ai/output/dashboard/history/district_4_20250903.json
2025-09-12 09:43:42,599 - INFO - Would migrate: /Users/simongoldman/Documents/TransparentSF_from_git/transparentSF/ai/output/dashboard/history/district_9_20250909.json
2025-09-12 09:43:42,599 - INFO - Would migrate: /Users/simongoldman/Documents/TransparentSF_from_git/transparentSF/ai/output/dashboard/history/district_3_20250902.json
2025-09-12 09:43:42,599 - INFO - Would migrate: /Users/simongoldman/Documents/TransparentSF_from_git/transparentSF/ai/output/dashboard/history/district_8_20250910.json
2025-09-12 09:43:42,599 - INFO - Would migrate: /Users/simongoldman/Documents/TransparentSF_from_git/transparentSF/ai/output/dashboard/history/district_0_20250903.json
2025-09-12 09:43:42,599 - INFO - Would migrate: /Users/simongoldman/Documents/TransparentSF_from_git/transparentSF/ai/output/dashboard/history/district_9_20250821.json
2025-09-12 09:43:42,599 - INFO - Would migrate: /Users/simongoldman/Documents/TransparentSF_from_git/transparentSF/ai/output/dashboard/history/district_8_20250906.json
2025-09-12 09:43:42,599 - INFO - Would migrate: /Users/simongoldman/Documents/TransparentSF_from_git/transparentSF/ai/output/dashboard/history/district_7_20250902.json
2025-09-12 09:43:42,599 - INFO - Would migrate: /Users/simongoldman/Documents/TransparentSF_from_git/transparentSF/ai/output/dashboard/history/district_9_20250905.json
2025-09-12 09:43:42,599 - INFO - Would migrate: /Users/simongoldman/Documents/TransparentSF_from_git/transparentSF/ai/output/dashboard/history/district_8_20250822.json
2025-09-12 09:43:42,599 - INFO - Would migrate: /Users/simongoldman/Documents/TransparentSF_from_git/transparentSF/ai/output/dashboard/history/district_11_20250902.json
2025-09-12 09:43:42,599 - INFO - Would migrate: /Users/simongoldman/Documents/TransparentSF_from_git/transparentSF/ai/output/dashboard/history/district_8_20250819.json
2025-09-12 09:43:42,599 - INFO - Would migrate: /Users/simongoldman/Documents/TransparentSF_from_git/transparentSF/ai/output/dashboard/history/district_11_20250903.json
2025-09-12 09:43:42,599 - INFO - Would migrate: /Users/simongoldman/Documents/TransparentSF_from_git/transparentSF/ai/output/dashboard/history/district_9_20250904.json
2025-09-12 09:43:42,599 - INFO - Would migrate: /Users/simongoldman/Documents/TransparentSF_from_git/transparentSF/ai/output/dashboard/history/district_7_20250903.json
2025-09-12 09:43:42,600 - INFO - Would migrate: /Users/simongoldman/Documents/TransparentSF_from_git/transparentSF/ai/output/dashboard/history/district_8_20250907.json
2025-09-12 09:43:42,600 - INFO - Would migrate: /Users/simongoldman/Documents/TransparentSF_from_git/transparentSF/ai/output/dashboard/history/district_9_20250820.json
2025-09-12 09:43:42,600 - INFO - Would migrate: /Users/simongoldman/Documents/TransparentSF_from_git/transparentSF/ai/output/dashboard/history/district_0_20250902.json
2025-09-12 09:43:42,600 - INFO - Would migrate: /Users/simongoldman/Documents/TransparentSF_from_git/transparentSF/ai/output/dashboard/history/district_8_20250911.json
2025-09-12 09:43:42,600 - INFO - Would migrate: /Users/simongoldman/Documents/TransparentSF_from_git/transparentSF/ai/output/dashboard/history/district_3_20250903.json
2025-09-12 09:43:42,600 - INFO - Would migrate: /Users/simongoldman/Documents/TransparentSF_from_git/transparentSF/ai/output/dashboard/history/district_9_20250908.json
2025-09-12 09:43:42,600 - INFO - Would migrate: /Users/simongoldman/Documents/TransparentSF_from_git/transparentSF/ai/output/dashboard/history/district_4_20250902.json
2025-09-12 09:43:42,600 - INFO - Would migrate: /Users/simongoldman/Documents/TransparentSF_from_git/transparentSF/ai/output/dashboard/history/district_4_20250909.json
2025-09-12 09:43:42,600 - INFO - Would migrate: /Users/simongoldman/Documents/TransparentSF_from_git/transparentSF/ai/output/dashboard/history/district_1_20250910.json
2025-09-12 09:43:42,600 - INFO - Would migrate: /Users/simongoldman/Documents/TransparentSF_from_git/transparentSF/ai/output/dashboard/history/district_9_20250903.json
2025-09-12 09:43:42,600 - INFO - Would migrate: /Users/simongoldman/Documents/TransparentSF_from_git/transparentSF/ai/output/dashboard/history/district_0_20250821.json
2025-09-12 09:43:42,600 - INFO - Would migrate: /Users/simongoldman/Documents/TransparentSF_from_git/transparentSF/ai/output/dashboard/history/district_6_20250907.json
2025-09-12 09:43:42,600 - INFO - Would migrate: /Users/simongoldman/Documents/TransparentSF_from_git/transparentSF/ai/output/dashboard/history/district_1_20250906.json
2025-09-12 09:43:42,600 - INFO - Would migrate: /Users/simongoldman/Documents/TransparentSF_from_git/transparentSF/ai/output/dashboard/history/district_7_20250820.json
2025-09-12 09:43:42,600 - INFO - Would migrate: /Users/simongoldman/Documents/TransparentSF_from_git/transparentSF/ai/output/dashboard/history/district_6_20250911.json
2025-09-12 09:43:42,600 - INFO - Would migrate: /Users/simongoldman/Documents/TransparentSF_from_git/transparentSF/ai/output/dashboard/history/district_3_20250908.json
2025-09-12 09:43:42,600 - INFO - Would migrate: /Users/simongoldman/Documents/TransparentSF_from_git/transparentSF/ai/output/dashboard/history/district_10_20250819.json
2025-09-12 09:43:42,600 - INFO - Would migrate: /Users/simongoldman/Documents/TransparentSF_from_git/transparentSF/ai/output/dashboard/history/district_4_20250821.json
2025-09-12 09:43:42,601 - INFO - Would migrate: /Users/simongoldman/Documents/TransparentSF_from_git/transparentSF/ai/output/dashboard/history/district_2_20250907.json
2025-09-12 09:43:42,601 - INFO - Would migrate: /Users/simongoldman/Documents/TransparentSF_from_git/transparentSF/ai/output/dashboard/history/district_5_20250910.json
2025-09-12 09:43:42,601 - INFO - Would migrate: /Users/simongoldman/Documents/TransparentSF_from_git/transparentSF/ai/output/dashboard/history/district_11_20250904.json
2025-09-12 09:43:42,601 - INFO - Would migrate: /Users/simongoldman/Documents/TransparentSF_from_git/transparentSF/ai/output/dashboard/history/district_0_20250909.json
2025-09-12 09:43:42,601 - INFO - Would migrate: /Users/simongoldman/Documents/TransparentSF_from_git/transparentSF/ai/output/dashboard/history/district_7_20250908.json
2025-09-12 09:43:42,601 - INFO - Would migrate: /Users/simongoldman/Documents/TransparentSF_from_git/transparentSF/ai/output/dashboard/history/district_2_20250911.json
2025-09-12 09:43:42,601 - INFO - Would migrate: /Users/simongoldman/Documents/TransparentSF_from_git/transparentSF/ai/output/dashboard/history/district_5_20250906.json
2025-09-12 09:43:42,601 - INFO - Would migrate: /Users/simongoldman/Documents/TransparentSF_from_git/transparentSF/ai/output/dashboard/history/district_3_20250820.json
2025-09-12 09:43:42,601 - INFO - Would migrate: /Users/simongoldman/Documents/TransparentSF_from_git/transparentSF/ai/output/dashboard/history/district_6_20250819.json
2025-09-12 09:43:42,601 - INFO - Would migrate: /Users/simongoldman/Documents/TransparentSF_from_git/transparentSF/ai/output/dashboard/history/district_4_20250905.json
2025-09-12 09:43:42,601 - INFO - Would migrate: /Users/simongoldman/Documents/TransparentSF_from_git/transparentSF/ai/output/dashboard/history/district_10_20250911.json
2025-09-12 09:43:42,601 - INFO - Would migrate: /Users/simongoldman/Documents/TransparentSF_from_git/transparentSF/ai/output/dashboard/history/district_11_20250820.json
2025-09-12 09:43:42,601 - INFO - Would migrate: /Users/simongoldman/Documents/TransparentSF_from_git/transparentSF/ai/output/dashboard/history/district_10_20250907.json
2025-09-12 09:43:42,601 - INFO - Would migrate: /Users/simongoldman/Documents/TransparentSF_from_git/transparentSF/ai/output/dashboard/history/district_5_20250822.json
2025-09-12 09:43:42,601 - INFO - Would migrate: /Users/simongoldman/Documents/TransparentSF_from_git/transparentSF/ai/output/dashboard/history/district_3_20250904.json
2025-09-12 09:43:42,601 - INFO - Would migrate: /Users/simongoldman/Documents/TransparentSF_from_git/transparentSF/ai/output/dashboard/history/district_0_20250905.json
2025-09-12 09:43:42,601 - INFO - Would migrate: /Users/simongoldman/Documents/TransparentSF_from_git/transparentSF/ai/output/dashboard/history/district_11_20250908.json
2025-09-12 09:43:42,601 - INFO - Would migrate: /Users/simongoldman/Documents/TransparentSF_from_git/transparentSF/ai/output/dashboard/history/district_2_20250819.json
2025-09-12 09:43:42,601 - INFO - Would migrate: /Users/simongoldman/Documents/TransparentSF_from_git/transparentSF/ai/output/dashboard/history/district_1_20250822.json
2025-09-12 09:43:42,601 - INFO - Would migrate: /Users/simongoldman/Documents/TransparentSF_from_git/transparentSF/ai/output/dashboard/history/district_7_20250904.json
2025-09-12 09:43:42,601 - INFO - Would migrate: /Users/simongoldman/Documents/TransparentSF_from_git/transparentSF/ai/output/dashboard/history/district_7_20250905.json
2025-09-12 09:43:42,601 - INFO - Would migrate: /Users/simongoldman/Documents/TransparentSF_from_git/transparentSF/ai/output/dashboard/history/district_5_20250819.json
2025-09-12 09:43:42,601 - INFO - Would migrate: /Users/simongoldman/Documents/TransparentSF_from_git/transparentSF/ai/output/dashboard/history/district_11_20250909.json
2025-09-12 09:43:42,601 - INFO - Would migrate: /Users/simongoldman/Documents/TransparentSF_from_git/transparentSF/ai/output/dashboard/history/district_0_20250904.json
2025-09-12 09:43:42,601 - INFO - Would migrate: /Users/simongoldman/Documents/TransparentSF_from_git/transparentSF/ai/output/dashboard/history/district_6_20250822.json
2025-09-12 09:43:42,601 - INFO - Would migrate: /Users/simongoldman/Documents/TransparentSF_from_git/transparentSF/ai/output/dashboard/history/district_1_20250819.json
2025-09-12 09:43:42,602 - INFO - Would migrate: /Users/simongoldman/Documents/TransparentSF_from_git/transparentSF/ai/output/dashboard/history/district_3_20250905.json
2025-09-12 09:43:42,602 - INFO - Would migrate: /Users/simongoldman/Documents/TransparentSF_from_git/transparentSF/ai/output/dashboard/history/district_10_20250906.json
2025-09-12 09:43:42,602 - INFO - Would migrate: /Users/simongoldman/Documents/TransparentSF_from_git/transparentSF/ai/output/dashboard/history/district_11_20250821.json
2025-09-12 09:43:42,602 - INFO - Would migrate: /Users/simongoldman/Documents/TransparentSF_from_git/transparentSF/ai/output/dashboard/history/district_10_20250910.json
2025-09-12 09:43:42,602 - INFO - Would migrate: /Users/simongoldman/Documents/TransparentSF_from_git/transparentSF/ai/output/dashboard/history/district_4_20250904.json
2025-09-12 09:43:42,602 - INFO - Would migrate: /Users/simongoldman/Documents/TransparentSF_from_git/transparentSF/ai/output/dashboard/history/district_2_20250822.json
2025-09-12 09:43:42,602 - INFO - Would migrate: /Users/simongoldman/Documents/TransparentSF_from_git/transparentSF/ai/output/dashboard/history/district_5_20250907.json
2025-09-12 09:43:42,602 - INFO - Would migrate: /Users/simongoldman/Documents/TransparentSF_from_git/transparentSF/ai/output/dashboard/history/district_3_20250821.json
2025-09-12 09:43:42,602 - INFO - Would migrate: /Users/simongoldman/Documents/TransparentSF_from_git/transparentSF/ai/output/dashboard/history/district_2_20250910.json
2025-09-12 09:43:42,602 - INFO - Would migrate: /Users/simongoldman/Documents/TransparentSF_from_git/transparentSF/ai/output/dashboard/history/district_10_20250822.json
2025-09-12 09:43:42,602 - INFO - Would migrate: /Users/simongoldman/Documents/TransparentSF_from_git/transparentSF/ai/output/dashboard/history/district_7_20250909.json
2025-09-12 09:43:42,602 - INFO - Would migrate: /Users/simongoldman/Documents/TransparentSF_from_git/transparentSF/ai/output/dashboard/history/district_0_20250908.json
2025-09-12 09:43:42,602 - INFO - Would migrate: /Users/simongoldman/Documents/TransparentSF_from_git/transparentSF/ai/output/dashboard/history/district_11_20250905.json
2025-09-12 09:43:42,602 - INFO - Would migrate: /Users/simongoldman/Documents/TransparentSF_from_git/transparentSF/ai/output/dashboard/history/district_5_20250911.json
2025-09-12 09:43:42,602 - INFO - Would migrate: /Users/simongoldman/Documents/TransparentSF_from_git/transparentSF/ai/output/dashboard/history/district_4_20250820.json
2025-09-12 09:43:42,602 - INFO - Would migrate: /Users/simongoldman/Documents/TransparentSF_from_git/transparentSF/ai/output/dashboard/history/district_2_20250906.json
2025-09-12 09:43:42,602 - INFO - Would migrate: /Users/simongoldman/Documents/TransparentSF_from_git/transparentSF/ai/output/dashboard/history/district_3_20250909.json
2025-09-12 09:43:42,602 - INFO - Would migrate: /Users/simongoldman/Documents/TransparentSF_from_git/transparentSF/ai/output/dashboard/history/district_6_20250910.json
2025-09-12 09:43:42,602 - INFO - Would migrate: /Users/simongoldman/Documents/TransparentSF_from_git/transparentSF/ai/output/dashboard/history/district_1_20250907.json
2025-09-12 09:43:42,602 - INFO - Would migrate: /Users/simongoldman/Documents/TransparentSF_from_git/transparentSF/ai/output/dashboard/history/district_7_20250821.json
2025-09-12 09:43:42,602 - INFO - Would migrate: /Users/simongoldman/Documents/TransparentSF_from_git/transparentSF/ai/output/dashboard/history/district_0_20250820.json
2025-09-12 09:43:42,602 - INFO - Would migrate: /Users/simongoldman/Documents/TransparentSF_from_git/transparentSF/ai/output/dashboard/history/district_6_20250906.json
2025-09-12 09:43:42,602 - INFO - Would migrate: /Users/simongoldman/Documents/TransparentSF_from_git/transparentSF/ai/output/dashboard/history/district_9_20250902.json
2025-09-12 09:43:42,602 - INFO - Would migrate: /Users/simongoldman/Documents/TransparentSF_from_git/transparentSF/ai/output/dashboard/history/district_1_20250911.json
2025-09-12 09:43:42,602 - INFO - Would migrate: /Users/simongoldman/Documents/TransparentSF_from_git/transparentSF/ai/output/dashboard/history/district_4_20250908.json
2025-09-12 09:43:42,602 - INFO - Would migrate: /Users/simongoldman/Documents/TransparentSF_from_git/transparentSF/ai/output/dashboard/4/top_level.json
2025-09-12 09:43:42,602 - INFO - Would migrate: /Users/simongoldman/Documents/TransparentSF_from_git/transparentSF/ai/output/dashboard/4/16.json
2025-09-12 09:43:42,602 - INFO - Would migrate: /Users/simongoldman/Documents/TransparentSF_from_git/transparentSF/ai/output/dashboard/4/17.json
2025-09-12 09:43:42,602 - INFO - Would migrate: /Users/simongoldman/Documents/TransparentSF_from_git/transparentSF/ai/output/dashboard/4/40.json
2025-09-12 09:43:42,602 - INFO - Would migrate: /Users/simongoldman/Documents/TransparentSF_from_git/transparentSF/ai/output/dashboard/4/71.json
2025-09-12 09:43:42,602 - INFO - Would migrate: /Users/simongoldman/Documents/TransparentSF_from_git/transparentSF/ai/output/dashboard/4/30.json
2025-09-12 09:43:42,602 - INFO - Would migrate: /Users/simongoldman/Documents/TransparentSF_from_git/transparentSF/ai/output/dashboard/4/70.json
2025-09-12 09:43:42,602 - INFO - Would migrate: /Users/simongoldman/Documents/TransparentSF_from_git/transparentSF/ai/output/dashboard/4/1.json
2025-09-12 09:43:42,603 - INFO - Would migrate: /Users/simongoldman/Documents/TransparentSF_from_git/transparentSF/ai/output/dashboard/4/2.json
2025-09-12 09:43:42,603 - INFO - Would migrate: /Users/simongoldman/Documents/TransparentSF_from_git/transparentSF/ai/output/dashboard/4/12.json
2025-09-12 09:43:42,603 - INFO - Would migrate: /Users/simongoldman/Documents/TransparentSF_from_git/transparentSF/ai/output/dashboard/4/73.json
2025-09-12 09:43:42,603 - INFO - Would migrate: /Users/simongoldman/Documents/TransparentSF_from_git/transparentSF/ai/output/dashboard/4/24.json
2025-09-12 09:43:42,603 - INFO - Would migrate: /Users/simongoldman/Documents/TransparentSF_from_git/transparentSF/ai/output/dashboard/4/72.json
2025-09-12 09:43:42,603 - INFO - Would migrate: /Users/simongoldman/Documents/TransparentSF_from_git/transparentSF/ai/output/dashboard/4/29.json
2025-09-12 09:43:42,603 - INFO - Would migrate: /Users/simongoldman/Documents/TransparentSF_from_git/transparentSF/ai/output/dashboard/4/3.json
2025-09-12 09:43:42,603 - INFO - Would migrate: /Users/simongoldman/Documents/TransparentSF_from_git/transparentSF/ai/output/dashboard/4/63.json
2025-09-12 09:43:42,603 - INFO - Would migrate: /Users/simongoldman/Documents/TransparentSF_from_git/transparentSF/ai/output/dashboard/4/8.json
2025-09-12 09:43:42,603 - INFO - Would migrate: /Users/simongoldman/Documents/TransparentSF_from_git/transparentSF/ai/output/dashboard/4/22.json
2025-09-12 09:43:42,603 - INFO - Would migrate: /Users/simongoldman/Documents/TransparentSF_from_git/transparentSF/ai/output/dashboard/4/18.json
2025-09-12 09:43:42,603 - INFO - Would migrate: /Users/simongoldman/Documents/TransparentSF_from_git/transparentSF/ai/output/dashboard/4/38.json
2025-09-12 09:43:42,603 - INFO - Would migrate: /Users/simongoldman/Documents/TransparentSF_from_git/transparentSF/ai/output/dashboard/4/4.json
2025-09-12 09:43:42,603 - INFO - Would migrate: /Users/simongoldman/Documents/TransparentSF_from_git/transparentSF/ai/output/dashboard/4/14.json
2025-09-12 09:43:42,603 - INFO - Would migrate: /Users/simongoldman/Documents/TransparentSF_from_git/transparentSF/ai/output/dashboard/4/15.json
2025-09-12 09:43:42,603 - INFO - Would migrate: /Users/simongoldman/Documents/TransparentSF_from_git/transparentSF/ai/output/dashboard/4/19.json
2025-09-12 09:43:42,603 - INFO - Would migrate: /Users/simongoldman/Documents/TransparentSF_from_git/transparentSF/ai/output/dashboard/4/23.json
2025-09-12 09:43:42,603 - INFO - Would migrate: /Users/simongoldman/Documents/TransparentSF_from_git/transparentSF/ai/output/dashboard/4/9.json
2025-09-12 09:43:42,603 - INFO - Would migrate: /Users/simongoldman/Documents/TransparentSF_from_git/transparentSF/ai/output/dashboard/4/35.json
2025-09-12 09:43:42,603 - INFO - Would migrate: /Users/simongoldman/Documents/TransparentSF_from_git/transparentSF/ai/output/dashboard/3/top_level.json
2025-09-12 09:43:42,603 - INFO - Would migrate: /Users/simongoldman/Documents/TransparentSF_from_git/transparentSF/ai/output/dashboard/3/16.json
2025-09-12 09:43:42,603 - INFO - Would migrate: /Users/simongoldman/Documents/TransparentSF_from_git/transparentSF/ai/output/dashboard/3/17.json
2025-09-12 09:43:42,603 - INFO - Would migrate: /Users/simongoldman/Documents/TransparentSF_from_git/transparentSF/ai/output/dashboard/3/40.json
2025-09-12 09:43:42,604 - INFO - Would migrate: /Users/simongoldman/Documents/TransparentSF_from_git/transparentSF/ai/output/dashboard/3/71.json
2025-09-12 09:43:42,604 - INFO - Would migrate: /Users/simongoldman/Documents/TransparentSF_from_git/transparentSF/ai/output/dashboard/3/30.json
2025-09-12 09:43:42,604 - INFO - Would migrate: /Users/simongoldman/Documents/TransparentSF_from_git/transparentSF/ai/output/dashboard/3/70.json
2025-09-12 09:43:42,604 - INFO - Would migrate: /Users/simongoldman/Documents/TransparentSF_from_git/transparentSF/ai/output/dashboard/3/1.json
2025-09-12 09:43:42,604 - INFO - Would migrate: /Users/simongoldman/Documents/TransparentSF_from_git/transparentSF/ai/output/dashboard/3/2.json
2025-09-12 09:43:42,604 - INFO - Would migrate: /Users/simongoldman/Documents/TransparentSF_from_git/transparentSF/ai/output/dashboard/3/12.json
2025-09-12 09:43:42,604 - INFO - Would migrate: /Users/simongoldman/Documents/TransparentSF_from_git/transparentSF/ai/output/dashboard/3/73.json
2025-09-12 09:43:42,604 - INFO - Would migrate: /Users/simongoldman/Documents/TransparentSF_from_git/transparentSF/ai/output/dashboard/3/24.json
2025-09-12 09:43:42,604 - INFO - Would migrate: /Users/simongoldman/Documents/TransparentSF_from_git/transparentSF/ai/output/dashboard/3/72.json
2025-09-12 09:43:42,604 - INFO - Would migrate: /Users/simongoldman/Documents/TransparentSF_from_git/transparentSF/ai/output/dashboard/3/29.json
2025-09-12 09:43:42,604 - INFO - Would migrate: /Users/simongoldman/Documents/TransparentSF_from_git/transparentSF/ai/output/dashboard/3/3.json
2025-09-12 09:43:42,604 - INFO - Would migrate: /Users/simongoldman/Documents/TransparentSF_from_git/transparentSF/ai/output/dashboard/3/34.json
2025-09-12 09:43:42,604 - INFO - Would migrate: /Users/simongoldman/Documents/TransparentSF_from_git/transparentSF/ai/output/dashboard/3/63.json
2025-09-12 09:43:42,604 - INFO - Would migrate: /Users/simongoldman/Documents/TransparentSF_from_git/transparentSF/ai/output/dashboard/3/8.json
2025-09-12 09:43:42,604 - INFO - Would migrate: /Users/simongoldman/Documents/TransparentSF_from_git/transparentSF/ai/output/dashboard/3/22.json
2025-09-12 09:43:42,604 - INFO - Would migrate: /Users/simongoldman/Documents/TransparentSF_from_git/transparentSF/ai/output/dashboard/3/18.json
2025-09-12 09:43:42,604 - INFO - Would migrate: /Users/simongoldman/Documents/TransparentSF_from_git/transparentSF/ai/output/dashboard/3/38.json
2025-09-12 09:43:42,604 - INFO - Would migrate: /Users/simongoldman/Documents/TransparentSF_from_git/transparentSF/ai/output/dashboard/3/4.json
2025-09-12 09:43:42,604 - INFO - Would migrate: /Users/simongoldman/Documents/TransparentSF_from_git/transparentSF/ai/output/dashboard/3/14.json
2025-09-12 09:43:42,604 - INFO - Would migrate: /Users/simongoldman/Documents/TransparentSF_from_git/transparentSF/ai/output/dashboard/3/15.json
2025-09-12 09:43:42,604 - INFO - Would migrate: /Users/simongoldman/Documents/TransparentSF_from_git/transparentSF/ai/output/dashboard/3/19.json
2025-09-12 09:43:42,604 - INFO - Would migrate: /Users/simongoldman/Documents/TransparentSF_from_git/transparentSF/ai/output/dashboard/3/23.json
2025-09-12 09:43:42,604 - INFO - Would migrate: /Users/simongoldman/Documents/TransparentSF_from_git/transparentSF/ai/output/dashboard/3/9.json
2025-09-12 09:43:42,604 - INFO - Would migrate: /Users/simongoldman/Documents/TransparentSF_from_git/transparentSF/ai/output/dashboard/3/35.json
2025-09-12 09:43:42,604 - INFO - Would migrate: /Users/simongoldman/Documents/TransparentSF_from_git/transparentSF/ai/output/dashboard/2/top_level.json
2025-09-12 09:43:42,604 - INFO - Would migrate: /Users/simongoldman/Documents/TransparentSF_from_git/transparentSF/ai/output/dashboard/2/16.json
2025-09-12 09:43:42,604 - INFO - Would migrate: /Users/simongoldman/Documents/TransparentSF_from_git/transparentSF/ai/output/dashboard/2/17.json
2025-09-12 09:43:42,605 - INFO - Would migrate: /Users/simongoldman/Documents/TransparentSF_from_git/transparentSF/ai/output/dashboard/2/40.json
2025-09-12 09:43:42,605 - INFO - Would migrate: /Users/simongoldman/Documents/TransparentSF_from_git/transparentSF/ai/output/dashboard/2/71.json
2025-09-12 09:43:42,605 - INFO - Would migrate: /Users/simongoldman/Documents/TransparentSF_from_git/transparentSF/ai/output/dashboard/2/30.json
2025-09-12 09:43:42,605 - INFO - Would migrate: /Users/simongoldman/Documents/TransparentSF_from_git/transparentSF/ai/output/dashboard/2/70.json
2025-09-12 09:43:42,605 - INFO - Would migrate: /Users/simongoldman/Documents/TransparentSF_from_git/transparentSF/ai/output/dashboard/2/1.json
2025-09-12 09:43:42,605 - INFO - Would migrate: /Users/simongoldman/Documents/TransparentSF_from_git/transparentSF/ai/output/dashboard/2/2.json
2025-09-12 09:43:42,605 - INFO - Would migrate: /Users/simongoldman/Documents/TransparentSF_from_git/transparentSF/ai/output/dashboard/2/12.json
2025-09-12 09:43:42,605 - INFO - Would migrate: /Users/simongoldman/Documents/TransparentSF_from_git/transparentSF/ai/output/dashboard/2/73.json
2025-09-12 09:43:42,605 - INFO - Would migrate: /Users/simongoldman/Documents/TransparentSF_from_git/transparentSF/ai/output/dashboard/2/24.json
2025-09-12 09:43:42,605 - INFO - Would migrate: /Users/simongoldman/Documents/TransparentSF_from_git/transparentSF/ai/output/dashboard/2/72.json
2025-09-12 09:43:42,605 - INFO - Would migrate: /Users/simongoldman/Documents/TransparentSF_from_git/transparentSF/ai/output/dashboard/2/29.json
2025-09-12 09:43:42,605 - INFO - Would migrate: /Users/simongoldman/Documents/TransparentSF_from_git/transparentSF/ai/output/dashboard/2/3.json
2025-09-12 09:43:42,605 - INFO - Would migrate: /Users/simongoldman/Documents/TransparentSF_from_git/transparentSF/ai/output/dashboard/2/34.json
2025-09-12 09:43:42,605 - INFO - Would migrate: /Users/simongoldman/Documents/TransparentSF_from_git/transparentSF/ai/output/dashboard/2/63.json
2025-09-12 09:43:42,605 - INFO - Would migrate: /Users/simongoldman/Documents/TransparentSF_from_git/transparentSF/ai/output/dashboard/2/8.json
2025-09-12 09:43:42,606 - INFO - Would migrate: /Users/simongoldman/Documents/TransparentSF_from_git/transparentSF/ai/output/dashboard/2/22.json
2025-09-12 09:43:42,606 - INFO - Would migrate: /Users/simongoldman/Documents/TransparentSF_from_git/transparentSF/ai/output/dashboard/2/18.json
2025-09-12 09:43:42,606 - INFO - Would migrate: /Users/simongoldman/Documents/TransparentSF_from_git/transparentSF/ai/output/dashboard/2/38.json
2025-09-12 09:43:42,606 - INFO - Would migrate: /Users/simongoldman/Documents/TransparentSF_from_git/transparentSF/ai/output/dashboard/2/4.json
2025-09-12 09:43:42,606 - INFO - Would migrate: /Users/simongoldman/Documents/TransparentSF_from_git/transparentSF/ai/output/dashboard/2/14.json
2025-09-12 09:43:42,606 - INFO - Would migrate: /Users/simongoldman/Documents/TransparentSF_from_git/transparentSF/ai/output/dashboard/2/15.json
2025-09-12 09:43:42,606 - INFO - Would migrate: /Users/simongoldman/Documents/TransparentSF_from_git/transparentSF/ai/output/dashboard/2/19.json
2025-09-12 09:43:42,606 - INFO - Would migrate: /Users/simongoldman/Documents/TransparentSF_from_git/transparentSF/ai/output/dashboard/2/23.json
2025-09-12 09:43:42,606 - INFO - Would migrate: /Users/simongoldman/Documents/TransparentSF_from_git/transparentSF/ai/output/dashboard/2/9.json
2025-09-12 09:43:42,606 - INFO - Would migrate: /Users/simongoldman/Documents/TransparentSF_from_git/transparentSF/ai/output/dashboard/2/35.json
2025-09-12 09:43:42,606 - INFO - Would migrate: /Users/simongoldman/Documents/TransparentSF_from_git/transparentSF/ai/output/dashboard/5/top_level.json
2025-09-12 09:43:42,606 - INFO - Would migrate: /Users/simongoldman/Documents/TransparentSF_from_git/transparentSF/ai/output/dashboard/5/16.json
2025-09-12 09:43:42,606 - INFO - Would migrate: /Users/simongoldman/Documents/TransparentSF_from_git/transparentSF/ai/output/dashboard/5/17.json
2025-09-12 09:43:42,606 - INFO - Would migrate: /Users/simongoldman/Documents/TransparentSF_from_git/transparentSF/ai/output/dashboard/5/40.json
2025-09-12 09:43:42,606 - INFO - Would migrate: /Users/simongoldman/Documents/TransparentSF_from_git/transparentSF/ai/output/dashboard/5/71.json
2025-09-12 09:43:42,606 - INFO - Would migrate: /Users/simongoldman/Documents/TransparentSF_from_git/transparentSF/ai/output/dashboard/5/30.json
2025-09-12 09:43:42,606 - INFO - Would migrate: /Users/simongoldman/Documents/TransparentSF_from_git/transparentSF/ai/output/dashboard/5/70.json
2025-09-12 09:43:42,606 - INFO - Would migrate: /Users/simongoldman/Documents/TransparentSF_from_git/transparentSF/ai/output/dashboard/5/1.json
2025-09-12 09:43:42,606 - INFO - Would migrate: /Users/simongoldman/Documents/TransparentSF_from_git/transparentSF/ai/output/dashboard/5/2.json
2025-09-12 09:43:42,606 - INFO - Would migrate: /Users/simongoldman/Documents/TransparentSF_from_git/transparentSF/ai/output/dashboard/5/12.json
2025-09-12 09:43:42,606 - INFO - Would migrate: /Users/simongoldman/Documents/TransparentSF_from_git/transparentSF/ai/output/dashboard/5/73.json
2025-09-12 09:43:42,606 - INFO - Would migrate: /Users/simongoldman/Documents/TransparentSF_from_git/transparentSF/ai/output/dashboard/5/24.json
2025-09-12 09:43:42,606 - INFO - Would migrate: /Users/simongoldman/Documents/TransparentSF_from_git/transparentSF/ai/output/dashboard/5/72.json
2025-09-12 09:43:42,606 - INFO - Would migrate: /Users/simongoldman/Documents/TransparentSF_from_git/transparentSF/ai/output/dashboard/5/29.json
2025-09-12 09:43:42,606 - INFO - Would migrate: /Users/simongoldman/Documents/TransparentSF_from_git/transparentSF/ai/output/dashboard/5/3.json
2025-09-12 09:43:42,606 - INFO - Would migrate: /Users/simongoldman/Documents/TransparentSF_from_git/transparentSF/ai/output/dashboard/5/34.json
2025-09-12 09:43:42,606 - INFO - Would migrate: /Users/simongoldman/Documents/TransparentSF_from_git/transparentSF/ai/output/dashboard/5/63.json
2025-09-12 09:43:42,606 - INFO - Would migrate: /Users/simongoldman/Documents/TransparentSF_from_git/transparentSF/ai/output/dashboard/5/8.json
2025-09-12 09:43:42,606 - INFO - Would migrate: /Users/simongoldman/Documents/TransparentSF_from_git/transparentSF/ai/output/dashboard/5/22.json
2025-09-12 09:43:42,607 - INFO - Would migrate: /Users/simongoldman/Documents/TransparentSF_from_git/transparentSF/ai/output/dashboard/5/18.json
2025-09-12 09:43:42,607 - INFO - Would migrate: /Users/simongoldman/Documents/TransparentSF_from_git/transparentSF/ai/output/dashboard/5/38.json
2025-09-12 09:43:42,607 - INFO - Would migrate: /Users/simongoldman/Documents/TransparentSF_from_git/transparentSF/ai/output/dashboard/5/4.json
2025-09-12 09:43:42,607 - INFO - Would migrate: /Users/simongoldman/Documents/TransparentSF_from_git/transparentSF/ai/output/dashboard/5/14.json
2025-09-12 09:43:42,607 - INFO - Would migrate: /Users/simongoldman/Documents/TransparentSF_from_git/transparentSF/ai/output/dashboard/5/15.json
2025-09-12 09:43:42,607 - INFO - Would migrate: /Users/simongoldman/Documents/TransparentSF_from_git/transparentSF/ai/output/dashboard/5/19.json
2025-09-12 09:43:42,607 - INFO - Would migrate: /Users/simongoldman/Documents/TransparentSF_from_git/transparentSF/ai/output/dashboard/5/23.json
2025-09-12 09:43:42,607 - INFO - Would migrate: /Users/simongoldman/Documents/TransparentSF_from_git/transparentSF/ai/output/dashboard/5/9.json
2025-09-12 09:43:42,607 - INFO - Would migrate: /Users/simongoldman/Documents/TransparentSF_from_git/transparentSF/ai/output/dashboard/5/35.json
2025-09-12 09:43:42,607 - INFO - Migrating monthly files...
2025-09-12 09:43:42,607 - INFO - Would migrate: /Users/simongoldman/Documents/TransparentSF_from_git/transparentSF/ai/output/monthly/9.00000/19.md
2025-09-12 09:43:42,607 - INFO - Would migrate: /Users/simongoldman/Documents/TransparentSF_from_git/transparentSF/ai/output/monthly/9.00000/30.md
2025-09-12 09:43:42,607 - INFO - Would migrate: /Users/simongoldman/Documents/TransparentSF_from_git/transparentSF/ai/output/monthly/11.00000/19.md
2025-09-12 09:43:42,607 - INFO - Would migrate: /Users/simongoldman/Documents/TransparentSF_from_git/transparentSF/ai/output/monthly/11.00000/30.md
2025-09-12 09:43:42,607 - INFO - Would migrate: /Users/simongoldman/Documents/TransparentSF_from_git/transparentSF/ai/output/monthly/1.0/19.md
2025-09-12 09:43:42,607 - INFO - Would migrate: /Users/simongoldman/Documents/TransparentSF_from_git/transparentSF/ai/output/monthly/1.0/30.md
2025-09-12 09:43:42,607 - INFO - Would migrate: /Users/simongoldman/Documents/TransparentSF_from_git/transparentSF/ai/output/monthly/5.0/19.md
2025-09-12 09:43:42,607 - INFO - Would migrate: /Users/simongoldman/Documents/TransparentSF_from_git/transparentSF/ai/output/monthly/5.0/30.md
2025-09-12 09:43:42,607 - INFO - Would migrate: /Users/simongoldman/Documents/TransparentSF_from_git/transparentSF/ai/output/monthly/10.0/19.md
2025-09-12 09:43:42,607 - INFO - Would migrate: /Users/simongoldman/Documents/TransparentSF_from_git/transparentSF/ai/output/monthly/10.0/30.md
2025-09-12 09:43:42,607 - INFO - Would migrate: /Users/simongoldman/Documents/TransparentSF_from_git/transparentSF/ai/output/monthly/8.00000/19.md
2025-09-12 09:43:42,607 - INFO - Would migrate: /Users/simongoldman/Documents/TransparentSF_from_git/transparentSF/ai/output/monthly/8.00000/30.md
2025-09-12 09:43:42,607 - INFO - Would migrate: /Users/simongoldman/Documents/TransparentSF_from_git/transparentSF/ai/output/monthly/8.0/19.md
2025-09-12 09:43:42,607 - INFO - Would migrate: /Users/simongoldman/Documents/TransparentSF_from_git/transparentSF/ai/output/monthly/8.0/30.md
2025-09-12 09:43:42,607 - INFO - Would migrate: /Users/simongoldman/Documents/TransparentSF_from_git/transparentSF/ai/output/monthly/9/69.md
2025-09-12 09:43:42,607 - INFO - Would migrate: /Users/simongoldman/Documents/TransparentSF_from_git/transparentSF/ai/output/monthly/9/38.md
2025-09-12 09:43:42,607 - INFO - Would migrate: /Users/simongoldman/Documents/TransparentSF_from_git/transparentSF/ai/output/monthly/9/18.md
2025-09-12 09:43:42,607 - INFO - Would migrate: /Users/simongoldman/Documents/TransparentSF_from_git/transparentSF/ai/output/monthly/9/1.md
2025-09-12 09:43:42,607 - INFO - Would migrate: /Users/simongoldman/Documents/TransparentSF_from_git/transparentSF/ai/output/monthly/9/19.md
2025-09-12 09:43:42,607 - INFO - Would migrate: /Users/simongoldman/Documents/TransparentSF_from_git/transparentSF/ai/output/monthly/9/29.md
2025-09-12 09:43:42,607 - INFO - Would migrate: /Users/simongoldman/Documents/TransparentSF_from_git/transparentSF/ai/output/monthly/9/4.md
2025-09-12 09:43:42,607 - INFO - Would migrate: /Users/simongoldman/Documents/TransparentSF_from_git/transparentSF/ai/output/monthly/9/16.md
2025-09-12 09:43:42,607 - INFO - Would migrate: /Users/simongoldman/Documents/TransparentSF_from_git/transparentSF/ai/output/monthly/9/22.md
2025-09-12 09:43:42,607 - INFO - Would migrate: /Users/simongoldman/Documents/TransparentSF_from_git/transparentSF/ai/output/monthly/9/12.md
2025-09-12 09:43:42,607 - INFO - Would migrate: /Users/simongoldman/Documents/TransparentSF_from_git/transparentSF/ai/output/monthly/9/17.md
2025-09-12 09:43:42,607 - INFO - Would migrate: /Users/simongoldman/Documents/TransparentSF_from_git/transparentSF/ai/output/monthly/9/23.md
2025-09-12 09:43:42,607 - INFO - Would migrate: /Users/simongoldman/Documents/TransparentSF_from_git/transparentSF/ai/output/monthly/9/72.md
2025-09-12 09:43:42,607 - INFO - Would migrate: /Users/simongoldman/Documents/TransparentSF_from_git/transparentSF/ai/output/monthly/9/24.md
2025-09-12 09:43:42,607 - INFO - Would migrate: /Users/simongoldman/Documents/TransparentSF_from_git/transparentSF/ai/output/monthly/9/9.md
2025-09-12 09:43:42,607 - INFO - Would migrate: /Users/simongoldman/Documents/TransparentSF_from_git/transparentSF/ai/output/monthly/9/34.md
2025-09-12 09:43:42,607 - INFO - Would migrate: /Users/simongoldman/Documents/TransparentSF_from_git/transparentSF/ai/output/monthly/9/14.md
2025-09-12 09:43:42,607 - INFO - Would migrate: /Users/simongoldman/Documents/TransparentSF_from_git/transparentSF/ai/output/monthly/9/71.md
2025-09-12 09:43:42,607 - INFO - Would migrate: /Users/simongoldman/Documents/TransparentSF_from_git/transparentSF/ai/output/monthly/9/30.md
2025-09-12 09:43:42,607 - INFO - Would migrate: /Users/simongoldman/Documents/TransparentSF_from_git/transparentSF/ai/output/monthly/9/15.md
2025-09-12 09:43:42,608 - INFO - Would migrate: /Users/simongoldman/Documents/TransparentSF_from_git/transparentSF/ai/output/monthly/9/40.md
2025-09-12 09:43:42,608 - INFO - Would migrate: /Users/simongoldman/Documents/TransparentSF_from_git/transparentSF/ai/output/monthly/9/8.md
2025-09-12 09:43:42,608 - INFO - Would migrate: /Users/simongoldman/Documents/TransparentSF_from_git/transparentSF/ai/output/monthly/9/35.md
2025-09-12 09:43:42,608 - INFO - Would migrate: /Users/simongoldman/Documents/TransparentSF_from_git/transparentSF/ai/output/monthly/9/3.md
2025-09-12 09:43:42,608 - INFO - Would migrate: /Users/simongoldman/Documents/TransparentSF_from_git/transparentSF/ai/output/monthly/9/2.md
2025-09-12 09:43:42,608 - INFO - Would migrate: /Users/simongoldman/Documents/TransparentSF_from_git/transparentSF/ai/output/monthly/0/5.md
2025-09-12 09:43:42,608 - INFO - Would migrate: /Users/simongoldman/Documents/TransparentSF_from_git/transparentSF/ai/output/monthly/0/69.md
2025-09-12 09:43:42,608 - INFO - Would migrate: /Users/simongoldman/Documents/TransparentSF_from_git/transparentSF/ai/output/monthly/0/38.md
2025-09-12 09:43:42,608 - INFO - Would migrate: /Users/simongoldman/Documents/TransparentSF_from_git/transparentSF/ai/output/monthly/0/18.md
2025-09-12 09:43:42,608 - INFO - Would migrate: /Users/simongoldman/Documents/TransparentSF_from_git/transparentSF/ai/output/monthly/0/49.md
2025-09-12 09:43:42,608 - INFO - Would migrate: /Users/simongoldman/Documents/TransparentSF_from_git/transparentSF/ai/output/monthly/0/1.md
2025-09-12 09:43:42,608 - INFO - Would migrate: /Users/simongoldman/Documents/TransparentSF_from_git/transparentSF/ai/output/monthly/0/19.md
2025-09-12 09:43:42,608 - INFO - Would migrate: /Users/simongoldman/Documents/TransparentSF_from_git/transparentSF/ai/output/monthly/0/48.md
2025-09-12 09:43:42,608 - INFO - Would migrate: /Users/simongoldman/Documents/TransparentSF_from_git/transparentSF/ai/output/monthly/0/58.md
2025-09-12 09:43:42,608 - INFO - Would migrate: /Users/simongoldman/Documents/TransparentSF_from_git/transparentSF/ai/output/monthly/0/29.md
2025-09-12 09:43:42,608 - INFO - Would migrate: /Users/simongoldman/Documents/TransparentSF_from_git/transparentSF/ai/output/monthly/0/4.md
2025-09-12 09:43:42,608 - INFO - Would migrate: /Users/simongoldman/Documents/TransparentSF_from_git/transparentSF/ai/output/monthly/0/47.md
2025-09-12 09:43:42,608 - INFO - Would migrate: /Users/simongoldman/Documents/TransparentSF_from_git/transparentSF/ai/output/monthly/0/16.md
2025-09-12 09:43:42,608 - INFO - Would migrate: /Users/simongoldman/Documents/TransparentSF_from_git/transparentSF/ai/output/monthly/0/22.md
2025-09-12 09:43:42,608 - INFO - Would migrate: /Users/simongoldman/Documents/TransparentSF_from_git/transparentSF/ai/output/monthly/0/63.md
2025-09-12 09:43:42,608 - INFO - Would migrate: /Users/simongoldman/Documents/TransparentSF_from_git/transparentSF/ai/output/monthly/0/32.md
2025-09-12 09:43:42,608 - INFO - Would migrate: /Users/simongoldman/Documents/TransparentSF_from_git/transparentSF/ai/output/monthly/0/12.md
2025-09-12 09:43:42,608 - INFO - Would migrate: /Users/simongoldman/Documents/TransparentSF_from_git/transparentSF/ai/output/monthly/0/43.md
2025-09-12 09:43:42,608 - INFO - Would migrate: /Users/simongoldman/Documents/TransparentSF_from_git/transparentSF/ai/output/monthly/0/53.md
2025-09-12 09:43:42,608 - INFO - Would migrate: /Users/simongoldman/Documents/TransparentSF_from_git/transparentSF/ai/output/monthly/0/13.md
2025-09-12 09:43:42,608 - INFO - Would migrate: /Users/simongoldman/Documents/TransparentSF_from_git/transparentSF/ai/output/monthly/0/52.md
2025-09-12 09:43:42,609 - INFO - Would migrate: /Users/simongoldman/Documents/TransparentSF_from_git/transparentSF/ai/output/monthly/0/66.md
2025-09-12 09:43:42,609 - INFO - Would migrate: /Users/simongoldman/Documents/TransparentSF_from_git/transparentSF/ai/output/monthly/0/46.md
2025-09-12 09:43:42,609 - INFO - Would migrate: /Users/simongoldman/Documents/TransparentSF_from_git/transparentSF/ai/output/monthly/0/17.md
2025-09-12 09:43:42,609 - INFO - Would migrate: /Users/simongoldman/Documents/TransparentSF_from_git/transparentSF/ai/output/monthly/0/23.md
2025-09-12 09:43:42,609 - INFO - Would migrate: /Users/simongoldman/Documents/TransparentSF_from_git/transparentSF/ai/output/monthly/0/72.md
2025-09-12 09:43:42,609 - INFO - Would migrate: /Users/simongoldman/Documents/TransparentSF_from_git/transparentSF/ai/output/monthly/0/33.md
2025-09-12 09:43:42,609 - INFO - Would migrate: /Users/simongoldman/Documents/TransparentSF_from_git/transparentSF/ai/output/monthly/0/24.md
2025-09-12 09:43:42,609 - INFO - Would migrate: /Users/simongoldman/Documents/TransparentSF_from_git/transparentSF/ai/output/monthly/0/41.md
2025-09-12 09:43:42,609 - INFO - Would migrate: /Users/simongoldman/Documents/TransparentSF_from_git/transparentSF/ai/output/monthly/0/10.md
2025-09-12 09:43:42,609 - INFO - Would migrate: /Users/simongoldman/Documents/TransparentSF_from_git/transparentSF/ai/output/monthly/0/51.md
2025-09-12 09:43:42,609 - INFO - Would migrate: /Users/simongoldman/Documents/TransparentSF_from_git/transparentSF/ai/output/monthly/0/9.md
2025-09-12 09:43:42,609 - INFO - Would migrate: /Users/simongoldman/Documents/TransparentSF_from_git/transparentSF/ai/output/monthly/0/34.md
2025-09-12 09:43:42,609 - INFO - Would migrate: /Users/simongoldman/Documents/TransparentSF_from_git/transparentSF/ai/output/monthly/0/14.md
2025-09-12 09:43:42,609 - INFO - Would migrate: /Users/simongoldman/Documents/TransparentSF_from_git/transparentSF/ai/output/monthly/0/45.md
2025-09-12 09:43:42,609 - INFO - Would migrate: /Users/simongoldman/Documents/TransparentSF_from_git/transparentSF/ai/output/monthly/0/71.md
2025-09-12 09:43:42,609 - INFO - Would migrate: /Users/simongoldman/Documents/TransparentSF_from_git/transparentSF/ai/output/monthly/0/30.md
2025-09-12 09:43:42,609 - INFO - Would migrate: /Users/simongoldman/Documents/TransparentSF_from_git/transparentSF/ai/output/monthly/0/15.md
2025-09-12 09:43:42,609 - INFO - Would migrate: /Users/simongoldman/Documents/TransparentSF_from_git/transparentSF/ai/output/monthly/0/44.md
2025-09-12 09:43:42,609 - INFO - Would migrate: /Users/simongoldman/Documents/TransparentSF_from_git/transparentSF/ai/output/monthly/0/31.md
2025-09-12 09:43:42,609 - INFO - Would migrate: /Users/simongoldman/Documents/TransparentSF_from_git/transparentSF/ai/output/monthly/0/40.md
2025-09-12 09:43:42,609 - INFO - Would migrate: /Users/simongoldman/Documents/TransparentSF_from_git/transparentSF/ai/output/monthly/0/50.md
2025-09-12 09:43:42,609 - INFO - Would migrate: /Users/simongoldman/Documents/TransparentSF_from_git/transparentSF/ai/output/monthly/0/8.md
2025-09-12 09:43:42,609 - INFO - Would migrate: /Users/simongoldman/Documents/TransparentSF_from_git/transparentSF/ai/output/monthly/0/35.md
2025-09-12 09:43:42,609 - INFO - Would migrate: /Users/simongoldman/Documents/TransparentSF_from_git/transparentSF/ai/output/monthly/0/3.md
2025-09-12 09:43:42,609 - INFO - Would migrate: /Users/simongoldman/Documents/TransparentSF_from_git/transparentSF/ai/output/monthly/0/7.md
2025-09-12 09:43:42,610 - INFO - Would migrate: /Users/simongoldman/Documents/TransparentSF_from_git/transparentSF/ai/output/monthly/0/6.md
2025-09-12 09:43:42,610 - INFO - Would migrate: /Users/simongoldman/Documents/TransparentSF_from_git/transparentSF/ai/output/monthly/0/2.md
2025-09-12 09:43:42,610 - INFO - Would migrate: /Users/simongoldman/Documents/TransparentSF_from_git/transparentSF/ai/output/monthly/2.0/19.md
2025-09-12 09:43:42,610 - INFO - Would migrate: /Users/simongoldman/Documents/TransparentSF_from_git/transparentSF/ai/output/monthly/2.0/30.md
2025-09-12 09:43:42,610 - INFO - Would migrate: /Users/simongoldman/Documents/TransparentSF_from_git/transparentSF/ai/output/monthly/11/69.md
2025-09-12 09:43:42,610 - INFO - Would migrate: /Users/simongoldman/Documents/TransparentSF_from_git/transparentSF/ai/output/monthly/11/38.md
2025-09-12 09:43:42,610 - INFO - Would migrate: /Users/simongoldman/Documents/TransparentSF_from_git/transparentSF/ai/output/monthly/11/18.md
2025-09-12 09:43:42,610 - INFO - Would migrate: /Users/simongoldman/Documents/TransparentSF_from_git/transparentSF/ai/output/monthly/11/1.md
2025-09-12 09:43:42,610 - INFO - Would migrate: /Users/simongoldman/Documents/TransparentSF_from_git/transparentSF/ai/output/monthly/11/19.md
2025-09-12 09:43:42,610 - INFO - Would migrate: /Users/simongoldman/Documents/TransparentSF_from_git/transparentSF/ai/output/monthly/11/29.md
2025-09-12 09:43:42,610 - INFO - Would migrate: /Users/simongoldman/Documents/TransparentSF_from_git/transparentSF/ai/output/monthly/11/4.md
2025-09-12 09:43:42,610 - INFO - Would migrate: /Users/simongoldman/Documents/TransparentSF_from_git/transparentSF/ai/output/monthly/11/16.md
2025-09-12 09:43:42,610 - INFO - Would migrate: /Users/simongoldman/Documents/TransparentSF_from_git/transparentSF/ai/output/monthly/11/22.md
2025-09-12 09:43:42,610 - INFO - Would migrate: /Users/simongoldman/Documents/TransparentSF_from_git/transparentSF/ai/output/monthly/11/12.md
2025-09-12 09:43:42,610 - INFO - Would migrate: /Users/simongoldman/Documents/TransparentSF_from_git/transparentSF/ai/output/monthly/11/17.md
2025-09-12 09:43:42,610 - INFO - Would migrate: /Users/simongoldman/Documents/TransparentSF_from_git/transparentSF/ai/output/monthly/11/23.md
2025-09-12 09:43:42,610 - INFO - Would migrate: /Users/simongoldman/Documents/TransparentSF_from_git/transparentSF/ai/output/monthly/11/72.md
2025-09-12 09:43:42,610 - INFO - Would migrate: /Users/simongoldman/Documents/TransparentSF_from_git/transparentSF/ai/output/monthly/11/24.md
2025-09-12 09:43:42,610 - INFO - Would migrate: /Users/simongoldman/Documents/TransparentSF_from_git/transparentSF/ai/output/monthly/11/9.md
2025-09-12 09:43:42,610 - INFO - Would migrate: /Users/simongoldman/Documents/TransparentSF_from_git/transparentSF/ai/output/monthly/11/14.md
2025-09-12 09:43:42,610 - INFO - Would migrate: /Users/simongoldman/Documents/TransparentSF_from_git/transparentSF/ai/output/monthly/11/71.md
2025-09-12 09:43:42,610 - INFO - Would migrate: /Users/simongoldman/Documents/TransparentSF_from_git/transparentSF/ai/output/monthly/11/30.md
2025-09-12 09:43:42,610 - INFO - Would migrate: /Users/simongoldman/Documents/TransparentSF_from_git/transparentSF/ai/output/monthly/11/15.md
2025-09-12 09:43:42,610 - INFO - Would migrate: /Users/simongoldman/Documents/TransparentSF_from_git/transparentSF/ai/output/monthly/11/40.md
2025-09-12 09:43:42,610 - INFO - Would migrate: /Users/simongoldman/Documents/TransparentSF_from_git/transparentSF/ai/output/monthly/11/8.md
2025-09-12 09:43:42,610 - INFO - Would migrate: /Users/simongoldman/Documents/TransparentSF_from_git/transparentSF/ai/output/monthly/11/35.md
2025-09-12 09:43:42,610 - INFO - Would migrate: /Users/simongoldman/Documents/TransparentSF_from_git/transparentSF/ai/output/monthly/11/3.md
2025-09-12 09:43:42,610 - INFO - Would migrate: /Users/simongoldman/Documents/TransparentSF_from_git/transparentSF/ai/output/monthly/11/2.md
2025-09-12 09:43:42,610 - INFO - Would migrate: /Users/simongoldman/Documents/TransparentSF_from_git/transparentSF/ai/output/monthly/7/69.md
2025-09-12 09:43:42,610 - INFO - Would migrate: /Users/simongoldman/Documents/TransparentSF_from_git/transparentSF/ai/output/monthly/7/38.md
2025-09-12 09:43:42,610 - INFO - Would migrate: /Users/simongoldman/Documents/TransparentSF_from_git/transparentSF/ai/output/monthly/7/18.md
2025-09-12 09:43:42,610 - INFO - Would migrate: /Users/simongoldman/Documents/TransparentSF_from_git/transparentSF/ai/output/monthly/7/1.md
2025-09-12 09:43:42,610 - INFO - Would migrate: /Users/simongoldman/Documents/TransparentSF_from_git/transparentSF/ai/output/monthly/7/19.md
2025-09-12 09:43:42,610 - INFO - Would migrate: /Users/simongoldman/Documents/TransparentSF_from_git/transparentSF/ai/output/monthly/7/29.md
2025-09-12 09:43:42,611 - INFO - Would migrate: /Users/simongoldman/Documents/TransparentSF_from_git/transparentSF/ai/output/monthly/7/4.md
2025-09-12 09:43:42,611 - INFO - Would migrate: /Users/simongoldman/Documents/TransparentSF_from_git/transparentSF/ai/output/monthly/7/16.md
2025-09-12 09:43:42,611 - INFO - Would migrate: /Users/simongoldman/Documents/TransparentSF_from_git/transparentSF/ai/output/monthly/7/22.md
2025-09-12 09:43:42,611 - INFO - Would migrate: /Users/simongoldman/Documents/TransparentSF_from_git/transparentSF/ai/output/monthly/7/12.md
2025-09-12 09:43:42,611 - INFO - Would migrate: /Users/simongoldman/Documents/TransparentSF_from_git/transparentSF/ai/output/monthly/7/17.md
2025-09-12 09:43:42,611 - INFO - Would migrate: /Users/simongoldman/Documents/TransparentSF_from_git/transparentSF/ai/output/monthly/7/23.md
2025-09-12 09:43:42,611 - INFO - Would migrate: /Users/simongoldman/Documents/TransparentSF_from_git/transparentSF/ai/output/monthly/7/72.md
2025-09-12 09:43:42,611 - INFO - Would migrate: /Users/simongoldman/Documents/TransparentSF_from_git/transparentSF/ai/output/monthly/7/24.md
2025-09-12 09:43:42,611 - INFO - Would migrate: /Users/simongoldman/Documents/TransparentSF_from_git/transparentSF/ai/output/monthly/7/9.md
2025-09-12 09:43:42,611 - INFO - Would migrate: /Users/simongoldman/Documents/TransparentSF_from_git/transparentSF/ai/output/monthly/7/34.md
2025-09-12 09:43:42,611 - INFO - Would migrate: /Users/simongoldman/Documents/TransparentSF_from_git/transparentSF/ai/output/monthly/7/14.md
2025-09-12 09:43:42,611 - INFO - Would migrate: /Users/simongoldman/Documents/TransparentSF_from_git/transparentSF/ai/output/monthly/7/71.md
2025-09-12 09:43:42,611 - INFO - Would migrate: /Users/simongoldman/Documents/TransparentSF_from_git/transparentSF/ai/output/monthly/7/30.md
2025-09-12 09:43:42,611 - INFO - Would migrate: /Users/simongoldman/Documents/TransparentSF_from_git/transparentSF/ai/output/monthly/7/15.md
2025-09-12 09:43:42,611 - INFO - Would migrate: /Users/simongoldman/Documents/TransparentSF_from_git/transparentSF/ai/output/monthly/7/40.md
2025-09-12 09:43:42,611 - INFO - Would migrate: /Users/simongoldman/Documents/TransparentSF_from_git/transparentSF/ai/output/monthly/7/8.md
2025-09-12 09:43:42,611 - INFO - Would migrate: /Users/simongoldman/Documents/TransparentSF_from_git/transparentSF/ai/output/monthly/7/35.md
2025-09-12 09:43:42,611 - INFO - Would migrate: /Users/simongoldman/Documents/TransparentSF_from_git/transparentSF/ai/output/monthly/7/3.md
2025-09-12 09:43:42,611 - INFO - Would migrate: /Users/simongoldman/Documents/TransparentSF_from_git/transparentSF/ai/output/monthly/7/2.md
2025-09-12 09:43:42,611 - INFO - Would migrate: /Users/simongoldman/Documents/TransparentSF_from_git/transparentSF/ai/output/monthly/6/69.md
2025-09-12 09:43:42,611 - INFO - Would migrate: /Users/simongoldman/Documents/TransparentSF_from_git/transparentSF/ai/output/monthly/6/38.md
2025-09-12 09:43:42,611 - INFO - Would migrate: /Users/simongoldman/Documents/TransparentSF_from_git/transparentSF/ai/output/monthly/6/18.md
2025-09-12 09:43:42,611 - INFO - Would migrate: /Users/simongoldman/Documents/TransparentSF_from_git/transparentSF/ai/output/monthly/6/1.md
2025-09-12 09:43:42,611 - INFO - Would migrate: /Users/simongoldman/Documents/TransparentSF_from_git/transparentSF/ai/output/monthly/6/19.md
2025-09-12 09:43:42,611 - INFO - Would migrate: /Users/simongoldman/Documents/TransparentSF_from_git/transparentSF/ai/output/monthly/6/29.md
2025-09-12 09:43:42,611 - INFO - Would migrate: /Users/simongoldman/Documents/TransparentSF_from_git/transparentSF/ai/output/monthly/6/4.md
2025-09-12 09:43:42,611 - INFO - Would migrate: /Users/simongoldman/Documents/TransparentSF_from_git/transparentSF/ai/output/monthly/6/16.md
2025-09-12 09:43:42,611 - INFO - Would migrate: /Users/simongoldman/Documents/TransparentSF_from_git/transparentSF/ai/output/monthly/6/22.md
2025-09-12 09:43:42,611 - INFO - Would migrate: /Users/simongoldman/Documents/TransparentSF_from_git/transparentSF/ai/output/monthly/6/12.md
2025-09-12 09:43:42,611 - INFO - Would migrate: /Users/simongoldman/Documents/TransparentSF_from_git/transparentSF/ai/output/monthly/6/43.md
2025-09-12 09:43:42,611 - INFO - Would migrate: /Users/simongoldman/Documents/TransparentSF_from_git/transparentSF/ai/output/monthly/6/17.md
2025-09-12 09:43:42,611 - INFO - Would migrate: /Users/simongoldman/Documents/TransparentSF_from_git/transparentSF/ai/output/monthly/6/23.md
2025-09-12 09:43:42,611 - INFO - Would migrate: /Users/simongoldman/Documents/TransparentSF_from_git/transparentSF/ai/output/monthly/6/72.md
2025-09-12 09:43:42,611 - INFO - Would migrate: /Users/simongoldman/Documents/TransparentSF_from_git/transparentSF/ai/output/monthly/6/24.md
2025-09-12 09:43:42,611 - INFO - Would migrate: /Users/simongoldman/Documents/TransparentSF_from_git/transparentSF/ai/output/monthly/6/41.md
2025-09-12 09:43:42,611 - INFO - Would migrate: /Users/simongoldman/Documents/TransparentSF_from_git/transparentSF/ai/output/monthly/6/9.md
2025-09-12 09:43:42,611 - INFO - Would migrate: /Users/simongoldman/Documents/TransparentSF_from_git/transparentSF/ai/output/monthly/6/34.md
2025-09-12 09:43:42,611 - INFO - Would migrate: /Users/simongoldman/Documents/TransparentSF_from_git/transparentSF/ai/output/monthly/6/14.md
2025-09-12 09:43:42,611 - INFO - Would migrate: /Users/simongoldman/Documents/TransparentSF_from_git/transparentSF/ai/output/monthly/6/71.md
2025-09-12 09:43:42,611 - INFO - Would migrate: /Users/simongoldman/Documents/TransparentSF_from_git/transparentSF/ai/output/monthly/6/30.md
2025-09-12 09:43:42,611 - INFO - Would migrate: /Users/simongoldman/Documents/TransparentSF_from_git/transparentSF/ai/output/monthly/6/15.md
2025-09-12 09:43:42,611 - INFO - Would migrate: /Users/simongoldman/Documents/TransparentSF_from_git/transparentSF/ai/output/monthly/6/40.md
2025-09-12 09:43:42,611 - INFO - Would migrate: /Users/simongoldman/Documents/TransparentSF_from_git/transparentSF/ai/output/monthly/6/8.md
2025-09-12 09:43:42,611 - INFO - Would migrate: /Users/simongoldman/Documents/TransparentSF_from_git/transparentSF/ai/output/monthly/6/35.md
2025-09-12 09:43:42,611 - INFO - Would migrate: /Users/simongoldman/Documents/TransparentSF_from_git/transparentSF/ai/output/monthly/6/3.md
2025-09-12 09:43:42,611 - INFO - Would migrate: /Users/simongoldman/Documents/TransparentSF_from_git/transparentSF/ai/output/monthly/6/2.md
2025-09-12 09:43:42,611 - INFO - Would migrate: /Users/simongoldman/Documents/TransparentSF_from_git/transparentSF/ai/output/monthly/1/69.md
2025-09-12 09:43:42,611 - INFO - Would migrate: /Users/simongoldman/Documents/TransparentSF_from_git/transparentSF/ai/output/monthly/1/38.md
2025-09-12 09:43:42,611 - INFO - Would migrate: /Users/simongoldman/Documents/TransparentSF_from_git/transparentSF/ai/output/monthly/1/18.md
2025-09-12 09:43:42,611 - INFO - Would migrate: /Users/simongoldman/Documents/TransparentSF_from_git/transparentSF/ai/output/monthly/1/1.md
2025-09-12 09:43:42,611 - INFO - Would migrate: /Users/simongoldman/Documents/TransparentSF_from_git/transparentSF/ai/output/monthly/1/19.md
2025-09-12 09:43:42,611 - INFO - Would migrate: /Users/simongoldman/Documents/TransparentSF_from_git/transparentSF/ai/output/monthly/1/29.md
2025-09-12 09:43:42,611 - INFO - Would migrate: /Users/simongoldman/Documents/TransparentSF_from_git/transparentSF/ai/output/monthly/1/4.md
2025-09-12 09:43:42,611 - INFO - Would migrate: /Users/simongoldman/Documents/TransparentSF_from_git/transparentSF/ai/output/monthly/1/16.md
2025-09-12 09:43:42,611 - INFO - Would migrate: /Users/simongoldman/Documents/TransparentSF_from_git/transparentSF/ai/output/monthly/1/22.md
2025-09-12 09:43:42,612 - INFO - Would migrate: /Users/simongoldman/Documents/TransparentSF_from_git/transparentSF/ai/output/monthly/1/12.md
2025-09-12 09:43:42,612 - INFO - Would migrate: /Users/simongoldman/Documents/TransparentSF_from_git/transparentSF/ai/output/monthly/1/17.md
2025-09-12 09:43:42,612 - INFO - Would migrate: /Users/simongoldman/Documents/TransparentSF_from_git/transparentSF/ai/output/monthly/1/23.md
2025-09-12 09:43:42,612 - INFO - Would migrate: /Users/simongoldman/Documents/TransparentSF_from_git/transparentSF/ai/output/monthly/1/72.md
2025-09-12 09:43:42,612 - INFO - Would migrate: /Users/simongoldman/Documents/TransparentSF_from_git/transparentSF/ai/output/monthly/1/24.md
2025-09-12 09:43:42,612 - INFO - Would migrate: /Users/simongoldman/Documents/TransparentSF_from_git/transparentSF/ai/output/monthly/1/9.md
2025-09-12 09:43:42,612 - INFO - Would migrate: /Users/simongoldman/Documents/TransparentSF_from_git/transparentSF/ai/output/monthly/1/34.md
2025-09-12 09:43:42,612 - INFO - Would migrate: /Users/simongoldman/Documents/TransparentSF_from_git/transparentSF/ai/output/monthly/1/14.md
2025-09-12 09:43:42,612 - INFO - Would migrate: /Users/simongoldman/Documents/TransparentSF_from_git/transparentSF/ai/output/monthly/1/71.md
2025-09-12 09:43:42,612 - INFO - Would migrate: /Users/simongoldman/Documents/TransparentSF_from_git/transparentSF/ai/output/monthly/1/30.md
2025-09-12 09:43:42,612 - INFO - Would migrate: /Users/simongoldman/Documents/TransparentSF_from_git/transparentSF/ai/output/monthly/1/15.md
2025-09-12 09:43:42,612 - INFO - Would migrate: /Users/simongoldman/Documents/TransparentSF_from_git/transparentSF/ai/output/monthly/1/40.md
2025-09-12 09:43:42,612 - INFO - Would migrate: /Users/simongoldman/Documents/TransparentSF_from_git/transparentSF/ai/output/monthly/1/8.md
2025-09-12 09:43:42,612 - INFO - Would migrate: /Users/simongoldman/Documents/TransparentSF_from_git/transparentSF/ai/output/monthly/1/35.md
2025-09-12 09:43:42,612 - INFO - Would migrate: /Users/simongoldman/Documents/TransparentSF_from_git/transparentSF/ai/output/monthly/1/3.md
2025-09-12 09:43:42,612 - INFO - Would migrate: /Users/simongoldman/Documents/TransparentSF_from_git/transparentSF/ai/output/monthly/1/2.md
2025-09-12 09:43:42,612 - INFO - Would migrate: /Users/simongoldman/Documents/TransparentSF_from_git/transparentSF/ai/output/monthly/10.00000/19.md
2025-09-12 09:43:42,612 - INFO - Would migrate: /Users/simongoldman/Documents/TransparentSF_from_git/transparentSF/ai/output/monthly/10.00000/30.md
2025-09-12 09:43:42,612 - INFO - Would migrate: /Users/simongoldman/Documents/TransparentSF_from_git/transparentSF/ai/output/monthly/10/69.md
2025-09-12 09:43:42,612 - INFO - Would migrate: /Users/simongoldman/Documents/TransparentSF_from_git/transparentSF/ai/output/monthly/10/38.md
2025-09-12 09:43:42,612 - INFO - Would migrate: /Users/simongoldman/Documents/TransparentSF_from_git/transparentSF/ai/output/monthly/10/18.md
2025-09-12 09:43:42,612 - INFO - Would migrate: /Users/simongoldman/Documents/TransparentSF_from_git/transparentSF/ai/output/monthly/10/1.md
2025-09-12 09:43:42,612 - INFO - Would migrate: /Users/simongoldman/Documents/TransparentSF_from_git/transparentSF/ai/output/monthly/10/19.md
2025-09-12 09:43:42,612 - INFO - Would migrate: /Users/simongoldman/Documents/TransparentSF_from_git/transparentSF/ai/output/monthly/10/29.md
2025-09-12 09:43:42,612 - INFO - Would migrate: /Users/simongoldman/Documents/TransparentSF_from_git/transparentSF/ai/output/monthly/10/4.md
2025-09-12 09:43:42,612 - INFO - Would migrate: /Users/simongoldman/Documents/TransparentSF_from_git/transparentSF/ai/output/monthly/10/16.md
2025-09-12 09:43:42,612 - INFO - Would migrate: /Users/simongoldman/Documents/TransparentSF_from_git/transparentSF/ai/output/monthly/10/22.md
2025-09-12 09:43:42,612 - INFO - Would migrate: /Users/simongoldman/Documents/TransparentSF_from_git/transparentSF/ai/output/monthly/10/12.md
2025-09-12 09:43:42,612 - INFO - Would migrate: /Users/simongoldman/Documents/TransparentSF_from_git/transparentSF/ai/output/monthly/10/17.md
2025-09-12 09:43:42,612 - INFO - Would migrate: /Users/simongoldman/Documents/TransparentSF_from_git/transparentSF/ai/output/monthly/10/23.md
2025-09-12 09:43:42,612 - INFO - Would migrate: /Users/simongoldman/Documents/TransparentSF_from_git/transparentSF/ai/output/monthly/10/72.md
2025-09-12 09:43:42,612 - INFO - Would migrate: /Users/simongoldman/Documents/TransparentSF_from_git/transparentSF/ai/output/monthly/10/24.md
2025-09-12 09:43:42,612 - INFO - Would migrate: /Users/simongoldman/Documents/TransparentSF_from_git/transparentSF/ai/output/monthly/10/9.md
2025-09-12 09:43:42,612 - INFO - Would migrate: /Users/simongoldman/Documents/TransparentSF_from_git/transparentSF/ai/output/monthly/10/14.md
2025-09-12 09:43:42,612 - INFO - Would migrate: /Users/simongoldman/Documents/TransparentSF_from_git/transparentSF/ai/output/monthly/10/71.md
2025-09-12 09:43:42,612 - INFO - Would migrate: /Users/simongoldman/Documents/TransparentSF_from_git/transparentSF/ai/output/monthly/10/30.md
2025-09-12 09:43:42,612 - INFO - Would migrate: /Users/simongoldman/Documents/TransparentSF_from_git/transparentSF/ai/output/monthly/10/15.md
2025-09-12 09:43:42,612 - INFO - Would migrate: /Users/simongoldman/Documents/TransparentSF_from_git/transparentSF/ai/output/monthly/10/40.md
2025-09-12 09:43:42,612 - INFO - Would migrate: /Users/simongoldman/Documents/TransparentSF_from_git/transparentSF/ai/output/monthly/10/8.md
2025-09-12 09:43:42,612 - INFO - Would migrate: /Users/simongoldman/Documents/TransparentSF_from_git/transparentSF/ai/output/monthly/10/35.md
2025-09-12 09:43:42,757 - INFO - Would migrate: /Users/simongoldman/Documents/TransparentSF_from_git/transparentSF/ai/output/monthly/10/3.md
2025-09-12 09:43:42,757 - INFO - Would migrate: /Users/simongoldman/Documents/TransparentSF_from_git/transparentSF/ai/output/monthly/10/2.md
2025-09-12 09:43:42,757 - INFO - Would migrate: /Users/simongoldman/Documents/TransparentSF_from_git/transparentSF/ai/output/monthly/8/69.md
2025-09-12 09:43:42,757 - INFO - Would migrate: /Users/simongoldman/Documents/TransparentSF_from_git/transparentSF/ai/output/monthly/8/38.md
2025-09-12 09:43:42,757 - INFO - Would migrate: /Users/simongoldman/Documents/TransparentSF_from_git/transparentSF/ai/output/monthly/8/18.md
2025-09-12 09:43:42,757 - INFO - Would migrate: /Users/simongoldman/Documents/TransparentSF_from_git/transparentSF/ai/output/monthly/8/1.md
2025-09-12 09:43:42,757 - INFO - Would migrate: /Users/simongoldman/Documents/TransparentSF_from_git/transparentSF/ai/output/monthly/8/19.md
2025-09-12 09:43:42,757 - INFO - Would migrate: /Users/simongoldman/Documents/TransparentSF_from_git/transparentSF/ai/output/monthly/8/29.md
2025-09-12 09:43:42,757 - INFO - Would migrate: /Users/simongoldman/Documents/TransparentSF_from_git/transparentSF/ai/output/monthly/8/4.md
2025-09-12 09:43:42,757 - INFO - Would migrate: /Users/simongoldman/Documents/TransparentSF_from_git/transparentSF/ai/output/monthly/8/16.md
2025-09-12 09:43:42,757 - INFO - Would migrate: /Users/simongoldman/Documents/TransparentSF_from_git/transparentSF/ai/output/monthly/8/22.md
2025-09-12 09:43:42,757 - INFO - Would migrate: /Users/simongoldman/Documents/TransparentSF_from_git/transparentSF/ai/output/monthly/8/12.md
2025-09-12 09:43:42,757 - INFO - Would migrate: /Users/simongoldman/Documents/TransparentSF_from_git/transparentSF/ai/output/monthly/8/43.md
2025-09-12 09:43:42,757 - INFO - Would migrate: /Users/simongoldman/Documents/TransparentSF_from_git/transparentSF/ai/output/monthly/8/17.md
2025-09-12 09:43:42,757 - INFO - Would migrate: /Users/simongoldman/Documents/TransparentSF_from_git/transparentSF/ai/output/monthly/8/23.md
2025-09-12 09:43:42,757 - INFO - Would migrate: /Users/simongoldman/Documents/TransparentSF_from_git/transparentSF/ai/output/monthly/8/72.md
2025-09-12 09:43:42,757 - INFO - Would migrate: /Users/simongoldman/Documents/TransparentSF_from_git/transparentSF/ai/output/monthly/8/24.md
2025-09-12 09:43:42,757 - INFO - Would migrate: /Users/simongoldman/Documents/TransparentSF_from_git/transparentSF/ai/output/monthly/8/41.md
2025-09-12 09:43:42,757 - INFO - Would migrate: /Users/simongoldman/Documents/TransparentSF_from_git/transparentSF/ai/output/monthly/8/9.md
2025-09-12 09:43:42,757 - INFO - Would migrate: /Users/simongoldman/Documents/TransparentSF_from_git/transparentSF/ai/output/monthly/8/34.md
2025-09-12 09:43:42,757 - INFO - Would migrate: /Users/simongoldman/Documents/TransparentSF_from_git/transparentSF/ai/output/monthly/8/14.md
2025-09-12 09:43:42,757 - INFO - Would migrate: /Users/simongoldman/Documents/TransparentSF_from_git/transparentSF/ai/output/monthly/8/71.md
2025-09-12 09:43:42,757 - INFO - Would migrate: /Users/simongoldman/Documents/TransparentSF_from_git/transparentSF/ai/output/monthly/8/30.md
2025-09-12 09:43:42,757 - INFO - Would migrate: /Users/simongoldman/Documents/TransparentSF_from_git/transparentSF/ai/output/monthly/8/15.md
2025-09-12 09:43:42,757 - INFO - Would migrate: /Users/simongoldman/Documents/TransparentSF_from_git/transparentSF/ai/output/monthly/8/40.md
2025-09-12 09:43:42,757 - INFO - Would migrate: /Users/simongoldman/Documents/TransparentSF_from_git/transparentSF/ai/output/monthly/8/8.md
2025-09-12 09:43:42,757 - INFO - Would migrate: /Users/simongoldman/Documents/TransparentSF_from_git/transparentSF/ai/output/monthly/8/35.md
2025-09-12 09:43:42,757 - INFO - Would migrate: /Users/simongoldman/Documents/TransparentSF_from_git/transparentSF/ai/output/monthly/8/3.md
2025-09-12 09:43:42,757 - INFO - Would migrate: /Users/simongoldman/Documents/TransparentSF_from_git/transparentSF/ai/output/monthly/8/2.md
2025-09-12 09:43:42,757 - INFO - Would migrate: /Users/simongoldman/Documents/TransparentSF_from_git/transparentSF/ai/output/monthly/6.0/19.md
2025-09-12 09:43:42,757 - INFO - Would migrate: /Users/simongoldman/Documents/TransparentSF_from_git/transparentSF/ai/output/monthly/6.0/30.md
2025-09-12 09:43:42,757 - INFO - Would migrate: /Users/simongoldman/Documents/TransparentSF_from_git/transparentSF/ai/output/monthly/2.00000/19.md
2025-09-12 09:43:42,757 - INFO - Would migrate: /Users/simongoldman/Documents/TransparentSF_from_git/transparentSF/ai/output/monthly/2.00000/30.md
2025-09-12 09:43:42,757 - INFO - Would migrate: /Users/simongoldman/Documents/TransparentSF_from_git/transparentSF/ai/output/monthly/0.00000/19.md
2025-09-12 09:43:42,757 - INFO - Would migrate: /Users/simongoldman/Documents/TransparentSF_from_git/transparentSF/ai/output/monthly/0.00000/30.md
2025-09-12 09:43:42,757 - INFO - Would migrate: /Users/simongoldman/Documents/TransparentSF_from_git/transparentSF/ai/output/monthly/3.0/19.md
2025-09-12 09:43:42,757 - INFO - Would migrate: /Users/simongoldman/Documents/TransparentSF_from_git/transparentSF/ai/output/monthly/3.0/30.md
2025-09-12 09:43:42,757 - INFO - Would migrate: /Users/simongoldman/Documents/TransparentSF_from_git/transparentSF/ai/output/monthly/9.0/19.md
2025-09-12 09:43:42,757 - INFO - Would migrate: /Users/simongoldman/Documents/TransparentSF_from_git/transparentSF/ai/output/monthly/9.0/30.md
2025-09-12 09:43:42,757 - INFO - Would migrate: /Users/simongoldman/Documents/TransparentSF_from_git/transparentSF/ai/output/monthly/4.00000/19.md
2025-09-12 09:43:42,757 - INFO - Would migrate: /Users/simongoldman/Documents/TransparentSF_from_git/transparentSF/ai/output/monthly/4.00000/30.md
2025-09-12 09:43:42,757 - INFO - Would migrate: /Users/simongoldman/Documents/TransparentSF_from_git/transparentSF/ai/output/monthly/6.00000/19.md
2025-09-12 09:43:42,757 - INFO - Would migrate: /Users/simongoldman/Documents/TransparentSF_from_git/transparentSF/ai/output/monthly/6.00000/30.md
2025-09-12 09:43:42,757 - INFO - Would migrate: /Users/simongoldman/Documents/TransparentSF_from_git/transparentSF/ai/output/monthly/7.0/19.md
2025-09-12 09:43:42,757 - INFO - Would migrate: /Users/simongoldman/Documents/TransparentSF_from_git/transparentSF/ai/output/monthly/7.0/30.md
2025-09-12 09:43:42,757 - INFO - Would migrate: /Users/simongoldman/Documents/TransparentSF_from_git/transparentSF/ai/output/monthly/1.00000/19.md
2025-09-12 09:43:42,757 - INFO - Would migrate: /Users/simongoldman/Documents/TransparentSF_from_git/transparentSF/ai/output/monthly/1.00000/30.md
2025-09-12 09:43:42,757 - INFO - Would migrate: /Users/simongoldman/Documents/TransparentSF_from_git/transparentSF/ai/output/monthly/3.00000/19.md
2025-09-12 09:43:42,757 - INFO - Would migrate: /Users/simongoldman/Documents/TransparentSF_from_git/transparentSF/ai/output/monthly/3.00000/30.md
2025-09-12 09:43:42,757 - INFO - Would migrate: /Users/simongoldman/Documents/TransparentSF_from_git/transparentSF/ai/output/monthly/7.00000/19.md
2025-09-12 09:43:42,757 - INFO - Would migrate: /Users/simongoldman/Documents/TransparentSF_from_git/transparentSF/ai/output/monthly/7.00000/30.md
2025-09-12 09:43:42,758 - INFO - Would migrate: /Users/simongoldman/Documents/TransparentSF_from_git/transparentSF/ai/output/monthly/0.0/19.md
2025-09-12 09:43:42,758 - INFO - Would migrate: /Users/simongoldman/Documents/TransparentSF_from_git/transparentSF/ai/output/monthly/0.0/30.md
2025-09-12 09:43:42,758 - INFO - Would migrate: /Users/simongoldman/Documents/TransparentSF_from_git/transparentSF/ai/output/monthly/4/69.md
2025-09-12 09:43:42,758 - INFO - Would migrate: /Users/simongoldman/Documents/TransparentSF_from_git/transparentSF/ai/output/monthly/4/38.md
2025-09-12 09:43:42,758 - INFO - Would migrate: /Users/simongoldman/Documents/TransparentSF_from_git/transparentSF/ai/output/monthly/4/18.md
2025-09-12 09:43:42,758 - INFO - Would migrate: /Users/simongoldman/Documents/TransparentSF_from_git/transparentSF/ai/output/monthly/4/1.md
2025-09-12 09:43:42,758 - INFO - Would migrate: /Users/simongoldman/Documents/TransparentSF_from_git/transparentSF/ai/output/monthly/4/19.md
2025-09-12 09:43:42,758 - INFO - Would migrate: /Users/simongoldman/Documents/TransparentSF_from_git/transparentSF/ai/output/monthly/4/29.md
2025-09-12 09:43:42,758 - INFO - Would migrate: /Users/simongoldman/Documents/TransparentSF_from_git/transparentSF/ai/output/monthly/4/4.md
2025-09-12 09:43:42,758 - INFO - Would migrate: /Users/simongoldman/Documents/TransparentSF_from_git/transparentSF/ai/output/monthly/4/16.md
2025-09-12 09:43:42,758 - INFO - Would migrate: /Users/simongoldman/Documents/TransparentSF_from_git/transparentSF/ai/output/monthly/4/22.md
2025-09-12 09:43:42,758 - INFO - Would migrate: /Users/simongoldman/Documents/TransparentSF_from_git/transparentSF/ai/output/monthly/4/12.md
2025-09-12 09:43:42,758 - INFO - Would migrate: /Users/simongoldman/Documents/TransparentSF_from_git/transparentSF/ai/output/monthly/4/17.md
2025-09-12 09:43:42,758 - INFO - Would migrate: /Users/simongoldman/Documents/TransparentSF_from_git/transparentSF/ai/output/monthly/4/23.md
2025-09-12 09:43:42,758 - INFO - Would migrate: /Users/simongoldman/Documents/TransparentSF_from_git/transparentSF/ai/output/monthly/4/72.md
2025-09-12 09:43:42,758 - INFO - Would migrate: /Users/simongoldman/Documents/TransparentSF_from_git/transparentSF/ai/output/monthly/4/24.md
2025-09-12 09:43:42,758 - INFO - Would migrate: /Users/simongoldman/Documents/TransparentSF_from_git/transparentSF/ai/output/monthly/4/9.md
2025-09-12 09:43:42,758 - INFO - Would migrate: /Users/simongoldman/Documents/TransparentSF_from_git/transparentSF/ai/output/monthly/4/14.md
2025-09-12 09:43:42,758 - INFO - Would migrate: /Users/simongoldman/Documents/TransparentSF_from_git/transparentSF/ai/output/monthly/4/71.md
2025-09-12 09:43:42,758 - INFO - Would migrate: /Users/simongoldman/Documents/TransparentSF_from_git/transparentSF/ai/output/monthly/4/30.md
2025-09-12 09:43:42,758 - INFO - Would migrate: /Users/simongoldman/Documents/TransparentSF_from_git/transparentSF/ai/output/monthly/4/15.md
2025-09-12 09:43:42,758 - INFO - Would migrate: /Users/simongoldman/Documents/TransparentSF_from_git/transparentSF/ai/output/monthly/4/40.md
2025-09-12 09:43:42,758 - INFO - Would migrate: /Users/simongoldman/Documents/TransparentSF_from_git/transparentSF/ai/output/monthly/4/8.md
2025-09-12 09:43:42,758 - INFO - Would migrate: /Users/simongoldman/Documents/TransparentSF_from_git/transparentSF/ai/output/monthly/4/35.md
2025-09-12 09:43:42,758 - INFO - Would migrate: /Users/simongoldman/Documents/TransparentSF_from_git/transparentSF/ai/output/monthly/4/3.md
2025-09-12 09:43:42,758 - INFO - Would migrate: /Users/simongoldman/Documents/TransparentSF_from_git/transparentSF/ai/output/monthly/4/2.md
2025-09-12 09:43:42,758 - INFO - Would migrate: /Users/simongoldman/Documents/TransparentSF_from_git/transparentSF/ai/output/monthly/3/69.md
2025-09-12 09:43:42,758 - INFO - Would migrate: /Users/simongoldman/Documents/TransparentSF_from_git/transparentSF/ai/output/monthly/3/38.md
2025-09-12 09:43:42,758 - INFO - Would migrate: /Users/simongoldman/Documents/TransparentSF_from_git/transparentSF/ai/output/monthly/3/18.md
2025-09-12 09:43:42,758 - INFO - Would migrate: /Users/simongoldman/Documents/TransparentSF_from_git/transparentSF/ai/output/monthly/3/1.md
2025-09-12 09:43:42,758 - INFO - Would migrate: /Users/simongoldman/Documents/TransparentSF_from_git/transparentSF/ai/output/monthly/3/19.md
2025-09-12 09:43:42,758 - INFO - Would migrate: /Users/simongoldman/Documents/TransparentSF_from_git/transparentSF/ai/output/monthly/3/29.md
2025-09-12 09:43:42,758 - INFO - Would migrate: /Users/simongoldman/Documents/TransparentSF_from_git/transparentSF/ai/output/monthly/3/4.md
2025-09-12 09:43:42,758 - INFO - Would migrate: /Users/simongoldman/Documents/TransparentSF_from_git/transparentSF/ai/output/monthly/3/16.md
2025-09-12 09:43:42,758 - INFO - Would migrate: /Users/simongoldman/Documents/TransparentSF_from_git/transparentSF/ai/output/monthly/3/22.md
2025-09-12 09:43:42,758 - INFO - Would migrate: /Users/simongoldman/Documents/TransparentSF_from_git/transparentSF/ai/output/monthly/3/12.md
2025-09-12 09:43:42,758 - INFO - Would migrate: /Users/simongoldman/Documents/TransparentSF_from_git/transparentSF/ai/output/monthly/3/46.md
2025-09-12 09:43:42,758 - INFO - Would migrate: /Users/simongoldman/Documents/TransparentSF_from_git/transparentSF/ai/output/monthly/3/17.md
2025-09-12 09:43:42,758 - INFO - Would migrate: /Users/simongoldman/Documents/TransparentSF_from_git/transparentSF/ai/output/monthly/3/23.md
2025-09-12 09:43:42,758 - INFO - Would migrate: /Users/simongoldman/Documents/TransparentSF_from_git/transparentSF/ai/output/monthly/3/72.md
2025-09-12 09:43:42,758 - INFO - Would migrate: /Users/simongoldman/Documents/TransparentSF_from_git/transparentSF/ai/output/monthly/3/24.md
2025-09-12 09:43:42,758 - INFO - Would migrate: /Users/simongoldman/Documents/TransparentSF_from_git/transparentSF/ai/output/monthly/3/9.md
2025-09-12 09:43:42,758 - INFO - Would migrate: /Users/simongoldman/Documents/TransparentSF_from_git/transparentSF/ai/output/monthly/3/34.md
2025-09-12 09:43:42,758 - INFO - Would migrate: /Users/simongoldman/Documents/TransparentSF_from_git/transparentSF/ai/output/monthly/3/14.md
2025-09-12 09:43:42,758 - INFO - Would migrate: /Users/simongoldman/Documents/TransparentSF_from_git/transparentSF/ai/output/monthly/3/71.md
2025-09-12 09:43:42,758 - INFO - Would migrate: /Users/simongoldman/Documents/TransparentSF_from_git/transparentSF/ai/output/monthly/3/30.md
2025-09-12 09:43:42,758 - INFO - Would migrate: /Users/simongoldman/Documents/TransparentSF_from_git/transparentSF/ai/output/monthly/3/15.md
2025-09-12 09:43:42,758 - INFO - Would migrate: /Users/simongoldman/Documents/TransparentSF_from_git/transparentSF/ai/output/monthly/3/40.md
2025-09-12 09:43:42,758 - INFO - Would migrate: /Users/simongoldman/Documents/TransparentSF_from_git/transparentSF/ai/output/monthly/3/8.md
2025-09-12 09:43:42,758 - INFO - Would migrate: /Users/simongoldman/Documents/TransparentSF_from_git/transparentSF/ai/output/monthly/3/35.md
2025-09-12 09:43:42,758 - INFO - Would migrate: /Users/simongoldman/Documents/TransparentSF_from_git/transparentSF/ai/output/monthly/3/3.md
2025-09-12 09:43:42,758 - INFO - Would migrate: /Users/simongoldman/Documents/TransparentSF_from_git/transparentSF/ai/output/monthly/3/2.md
2025-09-12 09:43:42,758 - INFO - Would migrate: /Users/simongoldman/Documents/TransparentSF_from_git/transparentSF/ai/output/monthly/11.0/19.md
2025-09-12 09:43:42,758 - INFO - Would migrate: /Users/simongoldman/Documents/TransparentSF_from_git/transparentSF/ai/output/monthly/11.0/30.md
2025-09-12 09:43:42,758 - INFO - Would migrate: /Users/simongoldman/Documents/TransparentSF_from_git/transparentSF/ai/output/monthly/4.0/19.md
2025-09-12 09:43:42,758 - INFO - Would migrate: /Users/simongoldman/Documents/TransparentSF_from_git/transparentSF/ai/output/monthly/4.0/30.md
2025-09-12 09:43:42,758 - INFO - Would migrate: /Users/simongoldman/Documents/TransparentSF_from_git/transparentSF/ai/output/monthly/2/69.md
2025-09-12 09:43:42,758 - INFO - Would migrate: /Users/simongoldman/Documents/TransparentSF_from_git/transparentSF/ai/output/monthly/2/38.md
2025-09-12 09:43:42,758 - INFO - Would migrate: /Users/simongoldman/Documents/TransparentSF_from_git/transparentSF/ai/output/monthly/2/18.md
2025-09-12 09:43:42,758 - INFO - Would migrate: /Users/simongoldman/Documents/TransparentSF_from_git/transparentSF/ai/output/monthly/2/1.md
2025-09-12 09:43:42,758 - INFO - Would migrate: /Users/simongoldman/Documents/TransparentSF_from_git/transparentSF/ai/output/monthly/2/19.md
2025-09-12 09:43:42,758 - INFO - Would migrate: /Users/simongoldman/Documents/TransparentSF_from_git/transparentSF/ai/output/monthly/2/4.md
2025-09-12 09:43:42,758 - INFO - Would migrate: /Users/simongoldman/Documents/TransparentSF_from_git/transparentSF/ai/output/monthly/2/16.md
2025-09-12 09:43:42,758 - INFO - Would migrate: /Users/simongoldman/Documents/TransparentSF_from_git/transparentSF/ai/output/monthly/2/22.md
2025-09-12 09:43:42,758 - INFO - Would migrate: /Users/simongoldman/Documents/TransparentSF_from_git/transparentSF/ai/output/monthly/2/12.md
2025-09-12 09:43:42,758 - INFO - Would migrate: /Users/simongoldman/Documents/TransparentSF_from_git/transparentSF/ai/output/monthly/2/17.md
2025-09-12 09:43:42,758 - INFO - Would migrate: /Users/simongoldman/Documents/TransparentSF_from_git/transparentSF/ai/output/monthly/2/23.md
2025-09-12 09:43:42,758 - INFO - Would migrate: /Users/simongoldman/Documents/TransparentSF_from_git/transparentSF/ai/output/monthly/2/72.md
2025-09-12 09:43:42,758 - INFO - Would migrate: /Users/simongoldman/Documents/TransparentSF_from_git/transparentSF/ai/output/monthly/2/24.md
2025-09-12 09:43:42,758 - INFO - Would migrate: /Users/simongoldman/Documents/TransparentSF_from_git/transparentSF/ai/output/monthly/2/9.md
2025-09-12 09:43:42,758 - INFO - Would migrate: /Users/simongoldman/Documents/TransparentSF_from_git/transparentSF/ai/output/monthly/2/34.md
2025-09-12 09:43:42,759 - INFO - Would migrate: /Users/simongoldman/Documents/TransparentSF_from_git/transparentSF/ai/output/monthly/2/14.md
2025-09-12 09:43:42,759 - INFO - Would migrate: /Users/simongoldman/Documents/TransparentSF_from_git/transparentSF/ai/output/monthly/2/71.md
2025-09-12 09:43:42,759 - INFO - Would migrate: /Users/simongoldman/Documents/TransparentSF_from_git/transparentSF/ai/output/monthly/2/30.md
2025-09-12 09:43:42,759 - INFO - Would migrate: /Users/simongoldman/Documents/TransparentSF_from_git/transparentSF/ai/output/monthly/2/15.md
2025-09-12 09:43:42,759 - INFO - Would migrate: /Users/simongoldman/Documents/TransparentSF_from_git/transparentSF/ai/output/monthly/2/40.md
2025-09-12 09:43:42,759 - INFO - Would migrate: /Users/simongoldman/Documents/TransparentSF_from_git/transparentSF/ai/output/monthly/2/8.md
2025-09-12 09:43:42,759 - INFO - Would migrate: /Users/simongoldman/Documents/TransparentSF_from_git/transparentSF/ai/output/monthly/2/35.md
2025-09-12 09:43:42,759 - INFO - Would migrate: /Users/simongoldman/Documents/TransparentSF_from_git/transparentSF/ai/output/monthly/2/3.md
2025-09-12 09:43:42,759 - INFO - Would migrate: /Users/simongoldman/Documents/TransparentSF_from_git/transparentSF/ai/output/monthly/2/2.md
2025-09-12 09:43:42,759 - INFO - Would migrate: /Users/simongoldman/Documents/TransparentSF_from_git/transparentSF/ai/output/monthly/5/69.md
2025-09-12 09:43:42,759 - INFO - Would migrate: /Users/simongoldman/Documents/TransparentSF_from_git/transparentSF/ai/output/monthly/5/38.md
2025-09-12 09:43:42,759 - INFO - Would migrate: /Users/simongoldman/Documents/TransparentSF_from_git/transparentSF/ai/output/monthly/5/18.md
2025-09-12 09:43:42,759 - INFO - Would migrate: /Users/simongoldman/Documents/TransparentSF_from_git/transparentSF/ai/output/monthly/5/1.md
2025-09-12 09:43:42,759 - INFO - Would migrate: /Users/simongoldman/Documents/TransparentSF_from_git/transparentSF/ai/output/monthly/5/19.md
2025-09-12 09:43:42,759 - INFO - Would migrate: /Users/simongoldman/Documents/TransparentSF_from_git/transparentSF/ai/output/monthly/5/29.md
2025-09-12 09:43:42,759 - INFO - Would migrate: /Users/simongoldman/Documents/TransparentSF_from_git/transparentSF/ai/output/monthly/5/4.md
2025-09-12 09:43:42,759 - INFO - Would migrate: /Users/simongoldman/Documents/TransparentSF_from_git/transparentSF/ai/output/monthly/5/16.md
2025-09-12 09:43:42,759 - INFO - Would migrate: /Users/simongoldman/Documents/TransparentSF_from_git/transparentSF/ai/output/monthly/5/22.md
2025-09-12 09:43:42,759 - INFO - Would migrate: /Users/simongoldman/Documents/TransparentSF_from_git/transparentSF/ai/output/monthly/5/12.md
2025-09-12 09:43:42,759 - INFO - Would migrate: /Users/simongoldman/Documents/TransparentSF_from_git/transparentSF/ai/output/monthly/5/17.md
2025-09-12 09:43:42,759 - INFO - Would migrate: /Users/simongoldman/Documents/TransparentSF_from_git/transparentSF/ai/output/monthly/5/23.md
2025-09-12 09:43:42,759 - INFO - Would migrate: /Users/simongoldman/Documents/TransparentSF_from_git/transparentSF/ai/output/monthly/5/72.md
2025-09-12 09:43:42,759 - INFO - Would migrate: /Users/simongoldman/Documents/TransparentSF_from_git/transparentSF/ai/output/monthly/5/24.md
2025-09-12 09:43:42,759 - INFO - Would migrate: /Users/simongoldman/Documents/TransparentSF_from_git/transparentSF/ai/output/monthly/5/9.md
2025-09-12 09:43:42,759 - INFO - Would migrate: /Users/simongoldman/Documents/TransparentSF_from_git/transparentSF/ai/output/monthly/5/34.md
2025-09-12 09:43:42,759 - INFO - Would migrate: /Users/simongoldman/Documents/TransparentSF_from_git/transparentSF/ai/output/monthly/5/14.md
2025-09-12 09:43:42,759 - INFO - Would migrate: /Users/simongoldman/Documents/TransparentSF_from_git/transparentSF/ai/output/monthly/5/71.md
2025-09-12 09:43:42,759 - INFO - Would migrate: /Users/simongoldman/Documents/TransparentSF_from_git/transparentSF/ai/output/monthly/5/30.md
2025-09-12 09:43:42,759 - INFO - Would migrate: /Users/simongoldman/Documents/TransparentSF_from_git/transparentSF/ai/output/monthly/5/15.md
2025-09-12 09:43:42,759 - INFO - Would migrate: /Users/simongoldman/Documents/TransparentSF_from_git/transparentSF/ai/output/monthly/5/40.md
2025-09-12 09:43:42,759 - INFO - Would migrate: /Users/simongoldman/Documents/TransparentSF_from_git/transparentSF/ai/output/monthly/5/8.md
2025-09-12 09:43:42,759 - INFO - Would migrate: /Users/simongoldman/Documents/TransparentSF_from_git/transparentSF/ai/output/monthly/5/35.md
2025-09-12 09:43:42,759 - INFO - Would migrate: /Users/simongoldman/Documents/TransparentSF_from_git/transparentSF/ai/output/monthly/5/3.md
2025-09-12 09:43:42,759 - INFO - Would migrate: /Users/simongoldman/Documents/TransparentSF_from_git/transparentSF/ai/output/monthly/5/2.md
2025-09-12 09:43:42,759 - INFO - Would migrate: /Users/simongoldman/Documents/TransparentSF_from_git/transparentSF/ai/output/monthly/5.00000/19.md
2025-09-12 09:43:42,759 - INFO - Would migrate: /Users/simongoldman/Documents/TransparentSF_from_git/transparentSF/ai/output/monthly/5.00000/30.md
2025-09-12 09:43:42,759 - INFO - Migrating annual files...
2025-09-12 09:43:42,759 - INFO - Would migrate: /Users/simongoldman/Documents/TransparentSF_from_git/transparentSF/ai/output/annual/9.00000/19.md
2025-09-12 09:43:42,759 - INFO - Would migrate: /Users/simongoldman/Documents/TransparentSF_from_git/transparentSF/ai/output/annual/9.00000/30.md
2025-09-12 09:43:42,759 - INFO - Would migrate: /Users/simongoldman/Documents/TransparentSF_from_git/transparentSF/ai/output/annual/11.00000/19.md
2025-09-12 09:43:42,759 - INFO - Would migrate: /Users/simongoldman/Documents/TransparentSF_from_git/transparentSF/ai/output/annual/11.00000/30.md
2025-09-12 09:43:42,759 - INFO - Would migrate: /Users/simongoldman/Documents/TransparentSF_from_git/transparentSF/ai/output/annual/1.0/19.md
2025-09-12 09:43:42,759 - INFO - Would migrate: /Users/simongoldman/Documents/TransparentSF_from_git/transparentSF/ai/output/annual/1.0/30.md
2025-09-12 09:43:42,759 - INFO - Would migrate: /Users/simongoldman/Documents/TransparentSF_from_git/transparentSF/ai/output/annual/5.0/19.md
2025-09-12 09:43:42,759 - INFO - Would migrate: /Users/simongoldman/Documents/TransparentSF_from_git/transparentSF/ai/output/annual/5.0/30.md
2025-09-12 09:43:42,759 - INFO - Would migrate: /Users/simongoldman/Documents/TransparentSF_from_git/transparentSF/ai/output/annual/10.0/19.md
2025-09-12 09:43:42,759 - INFO - Would migrate: /Users/simongoldman/Documents/TransparentSF_from_git/transparentSF/ai/output/annual/10.0/30.md
2025-09-12 09:43:42,759 - INFO - Would migrate: /Users/simongoldman/Documents/TransparentSF_from_git/transparentSF/ai/output/annual/8.00000/19.md
2025-09-12 09:43:42,759 - INFO - Would migrate: /Users/simongoldman/Documents/TransparentSF_from_git/transparentSF/ai/output/annual/8.00000/30.md
2025-09-12 09:43:42,759 - INFO - Would migrate: /Users/simongoldman/Documents/TransparentSF_from_git/transparentSF/ai/output/annual/8.0/19.md
2025-09-12 09:43:42,759 - INFO - Would migrate: /Users/simongoldman/Documents/TransparentSF_from_git/transparentSF/ai/output/annual/8.0/30.md
2025-09-12 09:43:42,759 - INFO - Would migrate: /Users/simongoldman/Documents/TransparentSF_from_git/transparentSF/ai/output/annual/9/69.md
2025-09-12 09:43:42,759 - INFO - Would migrate: /Users/simongoldman/Documents/TransparentSF_from_git/transparentSF/ai/output/annual/9/38.md
2025-09-12 09:43:42,759 - INFO - Would migrate: /Users/simongoldman/Documents/TransparentSF_from_git/transparentSF/ai/output/annual/9/18.md
2025-09-12 09:43:42,759 - INFO - Would migrate: /Users/simongoldman/Documents/TransparentSF_from_git/transparentSF/ai/output/annual/9/1.md
2025-09-12 09:43:42,759 - INFO - Would migrate: /Users/simongoldman/Documents/TransparentSF_from_git/transparentSF/ai/output/annual/9/19.md
2025-09-12 09:43:42,759 - INFO - Would migrate: /Users/simongoldman/Documents/TransparentSF_from_git/transparentSF/ai/output/annual/9/29.md
2025-09-12 09:43:42,759 - INFO - Would migrate: /Users/simongoldman/Documents/TransparentSF_from_git/transparentSF/ai/output/annual/9/4.md
2025-09-12 09:43:42,759 - INFO - Would migrate: /Users/simongoldman/Documents/TransparentSF_from_git/transparentSF/ai/output/annual/9/16.md
2025-09-12 09:43:42,759 - INFO - Would migrate: /Users/simongoldman/Documents/TransparentSF_from_git/transparentSF/ai/output/annual/9/22.md
2025-09-12 09:43:42,759 - INFO - Would migrate: /Users/simongoldman/Documents/TransparentSF_from_git/transparentSF/ai/output/annual/9/63.md
2025-09-12 09:43:42,759 - INFO - Would migrate: /Users/simongoldman/Documents/TransparentSF_from_git/transparentSF/ai/output/annual/9/12.md
2025-09-12 09:43:42,759 - INFO - Would migrate: /Users/simongoldman/Documents/TransparentSF_from_git/transparentSF/ai/output/annual/9/17.md
2025-09-12 09:43:42,759 - INFO - Would migrate: /Users/simongoldman/Documents/TransparentSF_from_git/transparentSF/ai/output/annual/9/23.md
2025-09-12 09:43:42,759 - INFO - Would migrate: /Users/simongoldman/Documents/TransparentSF_from_git/transparentSF/ai/output/annual/9/24.md
2025-09-12 09:43:42,759 - INFO - Would migrate: /Users/simongoldman/Documents/TransparentSF_from_git/transparentSF/ai/output/annual/9/9.md
2025-09-12 09:43:42,759 - INFO - Would migrate: /Users/simongoldman/Documents/TransparentSF_from_git/transparentSF/ai/output/annual/9/65.md
2025-09-12 09:43:42,759 - INFO - Would migrate: /Users/simongoldman/Documents/TransparentSF_from_git/transparentSF/ai/output/annual/9/34.md
2025-09-12 09:43:42,759 - INFO - Would migrate: /Users/simongoldman/Documents/TransparentSF_from_git/transparentSF/ai/output/annual/9/14.md
2025-09-12 09:43:42,759 - INFO - Would migrate: /Users/simongoldman/Documents/TransparentSF_from_git/transparentSF/ai/output/annual/9/30.md
2025-09-12 09:43:42,759 - INFO - Would migrate: /Users/simongoldman/Documents/TransparentSF_from_git/transparentSF/ai/output/annual/9/15.md
2025-09-12 09:43:42,759 - INFO - Would migrate: /Users/simongoldman/Documents/TransparentSF_from_git/transparentSF/ai/output/annual/9/40.md
2025-09-12 09:43:42,759 - INFO - Would migrate: /Users/simongoldman/Documents/TransparentSF_from_git/transparentSF/ai/output/annual/9/8.md
2025-09-12 09:43:42,759 - INFO - Would migrate: /Users/simongoldman/Documents/TransparentSF_from_git/transparentSF/ai/output/annual/9/35.md
2025-09-12 09:43:42,759 - INFO - Would migrate: /Users/simongoldman/Documents/TransparentSF_from_git/transparentSF/ai/output/annual/9/3.md
2025-09-12 09:43:42,759 - INFO - Would migrate: /Users/simongoldman/Documents/TransparentSF_from_git/transparentSF/ai/output/annual/9/2.md
2025-09-12 09:43:42,759 - INFO - Would migrate: /Users/simongoldman/Documents/TransparentSF_from_git/transparentSF/ai/output/annual/0/5.md
2025-09-12 09:43:42,759 - INFO - Would migrate: /Users/simongoldman/Documents/TransparentSF_from_git/transparentSF/ai/output/annual/0/69.md
2025-09-12 09:43:42,759 - INFO - Would migrate: /Users/simongoldman/Documents/TransparentSF_from_git/transparentSF/ai/output/annual/0/38.md
2025-09-12 09:43:42,759 - INFO - Would migrate: /Users/simongoldman/Documents/TransparentSF_from_git/transparentSF/ai/output/annual/0/18.md
2025-09-12 09:43:42,759 - INFO - Would migrate: /Users/simongoldman/Documents/TransparentSF_from_git/transparentSF/ai/output/annual/0/49.md
2025-09-12 09:43:42,759 - INFO - Would migrate: /Users/simongoldman/Documents/TransparentSF_from_git/transparentSF/ai/output/annual/0/1.md
2025-09-12 09:43:42,759 - INFO - Would migrate: /Users/simongoldman/Documents/TransparentSF_from_git/transparentSF/ai/output/annual/0/19.md
2025-09-12 09:43:42,759 - INFO - Would migrate: /Users/simongoldman/Documents/TransparentSF_from_git/transparentSF/ai/output/annual/0/48.md
2025-09-12 09:43:42,759 - INFO - Would migrate: /Users/simongoldman/Documents/TransparentSF_from_git/transparentSF/ai/output/annual/0/58.md
2025-09-12 09:43:42,759 - INFO - Would migrate: /Users/simongoldman/Documents/TransparentSF_from_git/transparentSF/ai/output/annual/0/29.md
2025-09-12 09:43:42,759 - INFO - Would migrate: /Users/simongoldman/Documents/TransparentSF_from_git/transparentSF/ai/output/annual/0/4.md
2025-09-12 09:43:42,759 - INFO - Would migrate: /Users/simongoldman/Documents/TransparentSF_from_git/transparentSF/ai/output/annual/0/47.md
2025-09-12 09:43:42,759 - INFO - Would migrate: /Users/simongoldman/Documents/TransparentSF_from_git/transparentSF/ai/output/annual/0/16.md
2025-09-12 09:43:42,759 - INFO - Would migrate: /Users/simongoldman/Documents/TransparentSF_from_git/transparentSF/ai/output/annual/0/22.md
2025-09-12 09:43:42,759 - INFO - Would migrate: /Users/simongoldman/Documents/TransparentSF_from_git/transparentSF/ai/output/annual/0/63.md
2025-09-12 09:43:42,759 - INFO - Would migrate: /Users/simongoldman/Documents/TransparentSF_from_git/transparentSF/ai/output/annual/0/32.md
2025-09-12 09:43:42,759 - INFO - Would migrate: /Users/simongoldman/Documents/TransparentSF_from_git/transparentSF/ai/output/annual/0/12.md
2025-09-12 09:43:42,759 - INFO - Would migrate: /Users/simongoldman/Documents/TransparentSF_from_git/transparentSF/ai/output/annual/0/43.md
2025-09-12 09:43:42,759 - INFO - Would migrate: /Users/simongoldman/Documents/TransparentSF_from_git/transparentSF/ai/output/annual/0/53.md
2025-09-12 09:43:42,759 - INFO - Would migrate: /Users/simongoldman/Documents/TransparentSF_from_git/transparentSF/ai/output/annual/0/13.md
2025-09-12 09:43:42,759 - INFO - Would migrate: /Users/simongoldman/Documents/TransparentSF_from_git/transparentSF/ai/output/annual/0/52.md
2025-09-12 09:43:42,759 - INFO - Would migrate: /Users/simongoldman/Documents/TransparentSF_from_git/transparentSF/ai/output/annual/0/66.md
2025-09-12 09:43:42,760 - INFO - Would migrate: /Users/simongoldman/Documents/TransparentSF_from_git/transparentSF/ai/output/annual/0/46.md
2025-09-12 09:43:42,760 - INFO - Would migrate: /Users/simongoldman/Documents/TransparentSF_from_git/transparentSF/ai/output/annual/0/17.md
2025-09-12 09:43:42,760 - INFO - Would migrate: /Users/simongoldman/Documents/TransparentSF_from_git/transparentSF/ai/output/annual/0/23.md
2025-09-12 09:43:42,760 - INFO - Would migrate: /Users/simongoldman/Documents/TransparentSF_from_git/transparentSF/ai/output/annual/0/62.md
2025-09-12 09:43:42,760 - INFO - Would migrate: /Users/simongoldman/Documents/TransparentSF_from_git/transparentSF/ai/output/annual/0/33.md
2025-09-12 09:43:42,760 - INFO - Would migrate: /Users/simongoldman/Documents/TransparentSF_from_git/transparentSF/ai/output/annual/0/24.md
2025-09-12 09:43:42,760 - INFO - Would migrate: /Users/simongoldman/Documents/TransparentSF_from_git/transparentSF/ai/output/annual/0/41.md
2025-09-12 09:43:42,760 - INFO - Would migrate: /Users/simongoldman/Documents/TransparentSF_from_git/transparentSF/ai/output/annual/0/10.md
2025-09-12 09:43:42,760 - INFO - Would migrate: /Users/simongoldman/Documents/TransparentSF_from_git/transparentSF/ai/output/annual/0/51.md
2025-09-12 09:43:42,760 - INFO - Would migrate: /Users/simongoldman/Documents/TransparentSF_from_git/transparentSF/ai/output/annual/0/9.md
2025-09-12 09:43:42,760 - INFO - Would migrate: /Users/simongoldman/Documents/TransparentSF_from_git/transparentSF/ai/output/annual/0/65.md
2025-09-12 09:43:42,760 - INFO - Would migrate: /Users/simongoldman/Documents/TransparentSF_from_git/transparentSF/ai/output/annual/0/34.md
2025-09-12 09:43:42,760 - INFO - Would migrate: /Users/simongoldman/Documents/TransparentSF_from_git/transparentSF/ai/output/annual/0/14.md
2025-09-12 09:43:42,760 - INFO - Would migrate: /Users/simongoldman/Documents/TransparentSF_from_git/transparentSF/ai/output/annual/0/45.md
2025-09-12 09:43:42,760 - INFO - Would migrate: /Users/simongoldman/Documents/TransparentSF_from_git/transparentSF/ai/output/annual/0/30.md
2025-09-12 09:43:42,760 - INFO - Would migrate: /Users/simongoldman/Documents/TransparentSF_from_git/transparentSF/ai/output/annual/0/61.md
2025-09-12 09:43:42,760 - INFO - Would migrate: /Users/simongoldman/Documents/TransparentSF_from_git/transparentSF/ai/output/annual/0/15.md
2025-09-12 09:43:42,760 - INFO - Would migrate: /Users/simongoldman/Documents/TransparentSF_from_git/transparentSF/ai/output/annual/0/44.md
2025-09-12 09:43:42,760 - INFO - Would migrate: /Users/simongoldman/Documents/TransparentSF_from_git/transparentSF/ai/output/annual/0/31.md
2025-09-12 09:43:42,760 - INFO - Would migrate: /Users/simongoldman/Documents/TransparentSF_from_git/transparentSF/ai/output/annual/0/60.md
2025-09-12 09:43:42,760 - INFO - Would migrate: /Users/simongoldman/Documents/TransparentSF_from_git/transparentSF/ai/output/annual/0/40.md
2025-09-12 09:43:42,760 - INFO - Would migrate: /Users/simongoldman/Documents/TransparentSF_from_git/transparentSF/ai/output/annual/0/50.md
2025-09-12 09:43:42,760 - INFO - Would migrate: /Users/simongoldman/Documents/TransparentSF_from_git/transparentSF/ai/output/annual/0/8.md
2025-09-12 09:43:42,760 - INFO - Would migrate: /Users/simongoldman/Documents/TransparentSF_from_git/transparentSF/ai/output/annual/0/35.md
2025-09-12 09:43:42,760 - INFO - Would migrate: /Users/simongoldman/Documents/TransparentSF_from_git/transparentSF/ai/output/annual/0/3.md
2025-09-12 09:43:42,760 - INFO - Would migrate: /Users/simongoldman/Documents/TransparentSF_from_git/transparentSF/ai/output/annual/0/7.md
2025-09-12 09:43:42,760 - INFO - Would migrate: /Users/simongoldman/Documents/TransparentSF_from_git/transparentSF/ai/output/annual/0/6.md
2025-09-12 09:43:42,760 - INFO - Would migrate: /Users/simongoldman/Documents/TransparentSF_from_git/transparentSF/ai/output/annual/0/2.md
2025-09-12 09:43:42,760 - INFO - Would migrate: /Users/simongoldman/Documents/TransparentSF_from_git/transparentSF/ai/output/annual/2.0/19.md
2025-09-12 09:43:42,760 - INFO - Would migrate: /Users/simongoldman/Documents/TransparentSF_from_git/transparentSF/ai/output/annual/2.0/30.md
2025-09-12 09:43:42,760 - INFO - Would migrate: /Users/simongoldman/Documents/TransparentSF_from_git/transparentSF/ai/output/annual/11/69.md
2025-09-12 09:43:42,760 - INFO - Would migrate: /Users/simongoldman/Documents/TransparentSF_from_git/transparentSF/ai/output/annual/11/38.md
2025-09-12 09:43:42,760 - INFO - Would migrate: /Users/simongoldman/Documents/TransparentSF_from_git/transparentSF/ai/output/annual/11/18.md
2025-09-12 09:43:42,760 - INFO - Would migrate: /Users/simongoldman/Documents/TransparentSF_from_git/transparentSF/ai/output/annual/11/1.md
2025-09-12 09:43:42,760 - INFO - Would migrate: /Users/simongoldman/Documents/TransparentSF_from_git/transparentSF/ai/output/annual/11/19.md
2025-09-12 09:43:42,760 - INFO - Would migrate: /Users/simongoldman/Documents/TransparentSF_from_git/transparentSF/ai/output/annual/11/29.md
2025-09-12 09:43:42,760 - INFO - Would migrate: /Users/simongoldman/Documents/TransparentSF_from_git/transparentSF/ai/output/annual/11/4.md
2025-09-12 09:43:42,760 - INFO - Would migrate: /Users/simongoldman/Documents/TransparentSF_from_git/transparentSF/ai/output/annual/11/16.md
2025-09-12 09:43:42,760 - INFO - Would migrate: /Users/simongoldman/Documents/TransparentSF_from_git/transparentSF/ai/output/annual/11/22.md
2025-09-12 09:43:42,760 - INFO - Would migrate: /Users/simongoldman/Documents/TransparentSF_from_git/transparentSF/ai/output/annual/11/63.md
2025-09-12 09:43:42,760 - INFO - Would migrate: /Users/simongoldman/Documents/TransparentSF_from_git/transparentSF/ai/output/annual/11/12.md
2025-09-12 09:43:42,760 - INFO - Would migrate: /Users/simongoldman/Documents/TransparentSF_from_git/transparentSF/ai/output/annual/11/17.md
2025-09-12 09:43:42,760 - INFO - Would migrate: /Users/simongoldman/Documents/TransparentSF_from_git/transparentSF/ai/output/annual/11/23.md
2025-09-12 09:43:42,760 - INFO - Would migrate: /Users/simongoldman/Documents/TransparentSF_from_git/transparentSF/ai/output/annual/11/24.md
2025-09-12 09:43:42,760 - INFO - Would migrate: /Users/simongoldman/Documents/TransparentSF_from_git/transparentSF/ai/output/annual/11/9.md
2025-09-12 09:43:42,760 - INFO - Would migrate: /Users/simongoldman/Documents/TransparentSF_from_git/transparentSF/ai/output/annual/11/65.md
2025-09-12 09:43:42,760 - INFO - Would migrate: /Users/simongoldman/Documents/TransparentSF_from_git/transparentSF/ai/output/annual/11/14.md
2025-09-12 09:43:42,760 - INFO - Would migrate: /Users/simongoldman/Documents/TransparentSF_from_git/transparentSF/ai/output/annual/11/30.md
2025-09-12 09:43:42,760 - INFO - Would migrate: /Users/simongoldman/Documents/TransparentSF_from_git/transparentSF/ai/output/annual/11/15.md
2025-09-12 09:43:42,760 - INFO - Would migrate: /Users/simongoldman/Documents/TransparentSF_from_git/transparentSF/ai/output/annual/11/40.md
2025-09-12 09:43:42,760 - INFO - Would migrate: /Users/simongoldman/Documents/TransparentSF_from_git/transparentSF/ai/output/annual/11/8.md
2025-09-12 09:43:42,760 - INFO - Would migrate: /Users/simongoldman/Documents/TransparentSF_from_git/transparentSF/ai/output/annual/11/35.md
2025-09-12 09:43:42,760 - INFO - Would migrate: /Users/simongoldman/Documents/TransparentSF_from_git/transparentSF/ai/output/annual/11/3.md
2025-09-12 09:43:42,760 - INFO - Would migrate: /Users/simongoldman/Documents/TransparentSF_from_git/transparentSF/ai/output/annual/11/2.md
2025-09-12 09:43:42,760 - INFO - Would migrate: /Users/simongoldman/Documents/TransparentSF_from_git/transparentSF/ai/output/annual/7/69.md
2025-09-12 09:43:42,760 - INFO - Would migrate: /Users/simongoldman/Documents/TransparentSF_from_git/transparentSF/ai/output/annual/7/38.md
2025-09-12 09:43:42,760 - INFO - Would migrate: /Users/simongoldman/Documents/TransparentSF_from_git/transparentSF/ai/output/annual/7/18.md
2025-09-12 09:43:42,760 - INFO - Would migrate: /Users/simongoldman/Documents/TransparentSF_from_git/transparentSF/ai/output/annual/7/1.md
2025-09-12 09:43:42,760 - INFO - Would migrate: /Users/simongoldman/Documents/TransparentSF_from_git/transparentSF/ai/output/annual/7/19.md
2025-09-12 09:43:42,760 - INFO - Would migrate: /Users/simongoldman/Documents/TransparentSF_from_git/transparentSF/ai/output/annual/7/29.md
2025-09-12 09:43:42,760 - INFO - Would migrate: /Users/simongoldman/Documents/TransparentSF_from_git/transparentSF/ai/output/annual/7/4.md
2025-09-12 09:43:42,760 - INFO - Would migrate: /Users/simongoldman/Documents/TransparentSF_from_git/transparentSF/ai/output/annual/7/16.md
2025-09-12 09:43:42,760 - INFO - Would migrate: /Users/simongoldman/Documents/TransparentSF_from_git/transparentSF/ai/output/annual/7/22.md
2025-09-12 09:43:42,760 - INFO - Would migrate: /Users/simongoldman/Documents/TransparentSF_from_git/transparentSF/ai/output/annual/7/63.md
2025-09-12 09:43:42,760 - INFO - Would migrate: /Users/simongoldman/Documents/TransparentSF_from_git/transparentSF/ai/output/annual/7/12.md
2025-09-12 09:43:42,760 - INFO - Would migrate: /Users/simongoldman/Documents/TransparentSF_from_git/transparentSF/ai/output/annual/7/17.md
2025-09-12 09:43:42,760 - INFO - Would migrate: /Users/simongoldman/Documents/TransparentSF_from_git/transparentSF/ai/output/annual/7/23.md
2025-09-12 09:43:42,760 - INFO - Would migrate: /Users/simongoldman/Documents/TransparentSF_from_git/transparentSF/ai/output/annual/7/24.md
2025-09-12 09:43:42,760 - INFO - Would migrate: /Users/simongoldman/Documents/TransparentSF_from_git/transparentSF/ai/output/annual/7/9.md
2025-09-12 09:43:42,760 - INFO - Would migrate: /Users/simongoldman/Documents/TransparentSF_from_git/transparentSF/ai/output/annual/7/65.md
2025-09-12 09:43:42,760 - INFO - Would migrate: /Users/simongoldman/Documents/TransparentSF_from_git/transparentSF/ai/output/annual/7/34.md
2025-09-12 09:43:42,760 - INFO - Would migrate: /Users/simongoldman/Documents/TransparentSF_from_git/transparentSF/ai/output/annual/7/14.md
2025-09-12 09:43:42,760 - INFO - Would migrate: /Users/simongoldman/Documents/TransparentSF_from_git/transparentSF/ai/output/annual/7/30.md
2025-09-12 09:43:42,760 - INFO - Would migrate: /Users/simongoldman/Documents/TransparentSF_from_git/transparentSF/ai/output/annual/7/15.md
2025-09-12 09:43:42,760 - INFO - Would migrate: /Users/simongoldman/Documents/TransparentSF_from_git/transparentSF/ai/output/annual/7/40.md
2025-09-12 09:43:42,760 - INFO - Would migrate: /Users/simongoldman/Documents/TransparentSF_from_git/transparentSF/ai/output/annual/7/8.md
2025-09-12 09:43:42,760 - INFO - Would migrate: /Users/simongoldman/Documents/TransparentSF_from_git/transparentSF/ai/output/annual/7/35.md
2025-09-12 09:43:42,760 - INFO - Would migrate: /Users/simongoldman/Documents/TransparentSF_from_git/transparentSF/ai/output/annual/7/3.md
2025-09-12 09:43:42,760 - INFO - Would migrate: /Users/simongoldman/Documents/TransparentSF_from_git/transparentSF/ai/output/annual/7/2.md
2025-09-12 09:43:42,760 - INFO - Would migrate: /Users/simongoldman/Documents/TransparentSF_from_git/transparentSF/ai/output/annual/6/69.md
2025-09-12 09:43:42,760 - INFO - Would migrate: /Users/simongoldman/Documents/TransparentSF_from_git/transparentSF/ai/output/annual/6/38.md
2025-09-12 09:43:42,760 - INFO - Would migrate: /Users/simongoldman/Documents/TransparentSF_from_git/transparentSF/ai/output/annual/6/18.md
2025-09-12 09:43:42,760 - INFO - Would migrate: /Users/simongoldman/Documents/TransparentSF_from_git/transparentSF/ai/output/annual/6/1.md
2025-09-12 09:43:42,760 - INFO - Would migrate: /Users/simongoldman/Documents/TransparentSF_from_git/transparentSF/ai/output/annual/6/19.md
2025-09-12 09:43:42,760 - INFO - Would migrate: /Users/simongoldman/Documents/TransparentSF_from_git/transparentSF/ai/output/annual/6/29.md
2025-09-12 09:43:42,760 - INFO - Would migrate: /Users/simongoldman/Documents/TransparentSF_from_git/transparentSF/ai/output/annual/6/4.md
2025-09-12 09:43:42,760 - INFO - Would migrate: /Users/simongoldman/Documents/TransparentSF_from_git/transparentSF/ai/output/annual/6/16.md
2025-09-12 09:43:42,760 - INFO - Would migrate: /Users/simongoldman/Documents/TransparentSF_from_git/transparentSF/ai/output/annual/6/22.md
2025-09-12 09:43:42,760 - INFO - Would migrate: /Users/simongoldman/Documents/TransparentSF_from_git/transparentSF/ai/output/annual/6/63.md
2025-09-12 09:43:42,760 - INFO - Would migrate: /Users/simongoldman/Documents/TransparentSF_from_git/transparentSF/ai/output/annual/6/12.md
2025-09-12 09:43:42,761 - INFO - Would migrate: /Users/simongoldman/Documents/TransparentSF_from_git/transparentSF/ai/output/annual/6/43.md
2025-09-12 09:43:42,761 - INFO - Would migrate: /Users/simongoldman/Documents/TransparentSF_from_git/transparentSF/ai/output/annual/6/17.md
2025-09-12 09:43:42,761 - INFO - Would migrate: /Users/simongoldman/Documents/TransparentSF_from_git/transparentSF/ai/output/annual/6/23.md
2025-09-12 09:43:42,761 - INFO - Would migrate: /Users/simongoldman/Documents/TransparentSF_from_git/transparentSF/ai/output/annual/6/24.md
2025-09-12 09:43:42,761 - INFO - Would migrate: /Users/simongoldman/Documents/TransparentSF_from_git/transparentSF/ai/output/annual/6/41.md
2025-09-12 09:43:42,761 - INFO - Would migrate: /Users/simongoldman/Documents/TransparentSF_from_git/transparentSF/ai/output/annual/6/9.md
2025-09-12 09:43:42,761 - INFO - Would migrate: /Users/simongoldman/Documents/TransparentSF_from_git/transparentSF/ai/output/annual/6/65.md
2025-09-12 09:43:42,761 - INFO - Would migrate: /Users/simongoldman/Documents/TransparentSF_from_git/transparentSF/ai/output/annual/6/34.md
2025-09-12 09:43:42,761 - INFO - Would migrate: /Users/simongoldman/Documents/TransparentSF_from_git/transparentSF/ai/output/annual/6/14.md
2025-09-12 09:43:42,761 - INFO - Would migrate: /Users/simongoldman/Documents/TransparentSF_from_git/transparentSF/ai/output/annual/6/30.md
2025-09-12 09:43:42,761 - INFO - Would migrate: /Users/simongoldman/Documents/TransparentSF_from_git/transparentSF/ai/output/annual/6/15.md
2025-09-12 09:43:42,761 - INFO - Would migrate: /Users/simongoldman/Documents/TransparentSF_from_git/transparentSF/ai/output/annual/6/40.md
2025-09-12 09:43:42,761 - INFO - Would migrate: /Users/simongoldman/Documents/TransparentSF_from_git/transparentSF/ai/output/annual/6/8.md
2025-09-12 09:43:42,761 - INFO - Would migrate: /Users/simongoldman/Documents/TransparentSF_from_git/transparentSF/ai/output/annual/6/35.md
2025-09-12 09:43:42,761 - INFO - Would migrate: /Users/simongoldman/Documents/TransparentSF_from_git/transparentSF/ai/output/annual/6/3.md
2025-09-12 09:43:42,761 - INFO - Would migrate: /Users/simongoldman/Documents/TransparentSF_from_git/transparentSF/ai/output/annual/6/2.md
2025-09-12 09:43:42,761 - INFO - Would migrate: /Users/simongoldman/Documents/TransparentSF_from_git/transparentSF/ai/output/annual/1/69.md
2025-09-12 09:43:42,761 - INFO - Would migrate: /Users/simongoldman/Documents/TransparentSF_from_git/transparentSF/ai/output/annual/1/38.md
2025-09-12 09:43:42,761 - INFO - Would migrate: /Users/simongoldman/Documents/TransparentSF_from_git/transparentSF/ai/output/annual/1/18.md
2025-09-12 09:43:42,761 - INFO - Would migrate: /Users/simongoldman/Documents/TransparentSF_from_git/transparentSF/ai/output/annual/1/1.md
2025-09-12 09:43:42,761 - INFO - Would migrate: /Users/simongoldman/Documents/TransparentSF_from_git/transparentSF/ai/output/annual/1/19.md
2025-09-12 09:43:42,761 - INFO - Would migrate: /Users/simongoldman/Documents/TransparentSF_from_git/transparentSF/ai/output/annual/1/29.md
2025-09-12 09:43:42,761 - INFO - Would migrate: /Users/simongoldman/Documents/TransparentSF_from_git/transparentSF/ai/output/annual/1/4.md
2025-09-12 09:43:42,761 - INFO - Would migrate: /Users/simongoldman/Documents/TransparentSF_from_git/transparentSF/ai/output/annual/1/16.md
2025-09-12 09:43:42,761 - INFO - Would migrate: /Users/simongoldman/Documents/TransparentSF_from_git/transparentSF/ai/output/annual/1/22.md
2025-09-12 09:43:42,761 - INFO - Would migrate: /Users/simongoldman/Documents/TransparentSF_from_git/transparentSF/ai/output/annual/1/63.md
2025-09-12 09:43:42,761 - INFO - Would migrate: /Users/simongoldman/Documents/TransparentSF_from_git/transparentSF/ai/output/annual/1/12.md
2025-09-12 09:43:42,761 - INFO - Would migrate: /Users/simongoldman/Documents/TransparentSF_from_git/transparentSF/ai/output/annual/1/17.md
2025-09-12 09:43:42,761 - INFO - Would migrate: /Users/simongoldman/Documents/TransparentSF_from_git/transparentSF/ai/output/annual/1/23.md
2025-09-12 09:43:42,761 - INFO - Would migrate: /Users/simongoldman/Documents/TransparentSF_from_git/transparentSF/ai/output/annual/1/24.md
2025-09-12 09:43:42,761 - INFO - Would migrate: /Users/simongoldman/Documents/TransparentSF_from_git/transparentSF/ai/output/annual/1/9.md
2025-09-12 09:43:42,761 - INFO - Would migrate: /Users/simongoldman/Documents/TransparentSF_from_git/transparentSF/ai/output/annual/1/65.md
2025-09-12 09:43:42,761 - INFO - Would migrate: /Users/simongoldman/Documents/TransparentSF_from_git/transparentSF/ai/output/annual/1/34.md
2025-09-12 09:43:42,761 - INFO - Would migrate: /Users/simongoldman/Documents/TransparentSF_from_git/transparentSF/ai/output/annual/1/14.md
2025-09-12 09:43:42,761 - INFO - Would migrate: /Users/simongoldman/Documents/TransparentSF_from_git/transparentSF/ai/output/annual/1/30.md
2025-09-12 09:43:42,761 - INFO - Would migrate: /Users/simongoldman/Documents/TransparentSF_from_git/transparentSF/ai/output/annual/1/15.md
2025-09-12 09:43:42,761 - INFO - Would migrate: /Users/simongoldman/Documents/TransparentSF_from_git/transparentSF/ai/output/annual/1/40.md
2025-09-12 09:43:42,761 - INFO - Would migrate: /Users/simongoldman/Documents/TransparentSF_from_git/transparentSF/ai/output/annual/1/8.md
2025-09-12 09:43:42,761 - INFO - Would migrate: /Users/simongoldman/Documents/TransparentSF_from_git/transparentSF/ai/output/annual/1/35.md
2025-09-12 09:43:42,761 - INFO - Would migrate: /Users/simongoldman/Documents/TransparentSF_from_git/transparentSF/ai/output/annual/1/3.md
2025-09-12 09:43:42,761 - INFO - Would migrate: /Users/simongoldman/Documents/TransparentSF_from_git/transparentSF/ai/output/annual/1/2.md
2025-09-12 09:43:42,761 - INFO - Would migrate: /Users/simongoldman/Documents/TransparentSF_from_git/transparentSF/ai/output/annual/10.00000/19.md
2025-09-12 09:43:42,761 - INFO - Would migrate: /Users/simongoldman/Documents/TransparentSF_from_git/transparentSF/ai/output/annual/10.00000/30.md
2025-09-12 09:43:42,761 - INFO - Would migrate: /Users/simongoldman/Documents/TransparentSF_from_git/transparentSF/ai/output/annual/10/69.md
2025-09-12 09:43:42,761 - INFO - Would migrate: /Users/simongoldman/Documents/TransparentSF_from_git/transparentSF/ai/output/annual/10/38.md
2025-09-12 09:43:42,761 - INFO - Would migrate: /Users/simongoldman/Documents/TransparentSF_from_git/transparentSF/ai/output/annual/10/18.md
2025-09-12 09:43:42,761 - INFO - Would migrate: /Users/simongoldman/Documents/TransparentSF_from_git/transparentSF/ai/output/annual/10/1.md
2025-09-12 09:43:42,761 - INFO - Would migrate: /Users/simongoldman/Documents/TransparentSF_from_git/transparentSF/ai/output/annual/10/19.md
2025-09-12 09:43:42,761 - INFO - Would migrate: /Users/simongoldman/Documents/TransparentSF_from_git/transparentSF/ai/output/annual/10/29.md
2025-09-12 09:43:42,761 - INFO - Would migrate: /Users/simongoldman/Documents/TransparentSF_from_git/transparentSF/ai/output/annual/10/4.md
2025-09-12 09:43:42,761 - INFO - Would migrate: /Users/simongoldman/Documents/TransparentSF_from_git/transparentSF/ai/output/annual/10/16.md
2025-09-12 09:43:42,761 - INFO - Would migrate: /Users/simongoldman/Documents/TransparentSF_from_git/transparentSF/ai/output/annual/10/22.md
2025-09-12 09:43:42,761 - INFO - Would migrate: /Users/simongoldman/Documents/TransparentSF_from_git/transparentSF/ai/output/annual/10/63.md
2025-09-12 09:43:42,761 - INFO - Would migrate: /Users/simongoldman/Documents/TransparentSF_from_git/transparentSF/ai/output/annual/10/12.md
2025-09-12 09:43:42,761 - INFO - Would migrate: /Users/simongoldman/Documents/TransparentSF_from_git/transparentSF/ai/output/annual/10/17.md
2025-09-12 09:43:42,761 - INFO - Would migrate: /Users/simongoldman/Documents/TransparentSF_from_git/transparentSF/ai/output/annual/10/23.md
2025-09-12 09:43:42,761 - INFO - Would migrate: /Users/simongoldman/Documents/TransparentSF_from_git/transparentSF/ai/output/annual/10/24.md
2025-09-12 09:43:42,761 - INFO - Would migrate: /Users/simongoldman/Documents/TransparentSF_from_git/transparentSF/ai/output/annual/10/9.md
2025-09-12 09:43:42,761 - INFO - Would migrate: /Users/simongoldman/Documents/TransparentSF_from_git/transparentSF/ai/output/annual/10/65.md
2025-09-12 09:43:42,761 - INFO - Would migrate: /Users/simongoldman/Documents/TransparentSF_from_git/transparentSF/ai/output/annual/10/14.md
2025-09-12 09:43:42,761 - INFO - Would migrate: /Users/simongoldman/Documents/TransparentSF_from_git/transparentSF/ai/output/annual/10/30.md
2025-09-12 09:43:42,761 - INFO - Would migrate: /Users/simongoldman/Documents/TransparentSF_from_git/transparentSF/ai/output/annual/10/15.md
2025-09-12 09:43:42,761 - INFO - Would migrate: /Users/simongoldman/Documents/TransparentSF_from_git/transparentSF/ai/output/annual/10/40.md
2025-09-12 09:43:42,761 - INFO - Would migrate: /Users/simongoldman/Documents/TransparentSF_from_git/transparentSF/ai/output/annual/10/8.md
2025-09-12 09:43:42,761 - INFO - Would migrate: /Users/simongoldman/Documents/TransparentSF_from_git/transparentSF/ai/output/annual/10/35.md
2025-09-12 09:43:42,761 - INFO - Would migrate: /Users/simongoldman/Documents/TransparentSF_from_git/transparentSF/ai/output/annual/10/3.md
2025-09-12 09:43:42,761 - INFO - Would migrate: /Users/simongoldman/Documents/TransparentSF_from_git/transparentSF/ai/output/annual/10/2.md
2025-09-12 09:43:42,761 - INFO - Would migrate: /Users/simongoldman/Documents/TransparentSF_from_git/transparentSF/ai/output/annual/8/69.md
2025-09-12 09:43:42,761 - INFO - Would migrate: /Users/simongoldman/Documents/TransparentSF_from_git/transparentSF/ai/output/annual/8/38.md
2025-09-12 09:43:42,761 - INFO - Would migrate: /Users/simongoldman/Documents/TransparentSF_from_git/transparentSF/ai/output/annual/8/18.md
2025-09-12 09:43:42,761 - INFO - Would migrate: /Users/simongoldman/Documents/TransparentSF_from_git/transparentSF/ai/output/annual/8/1.md
2025-09-12 09:43:42,761 - INFO - Would migrate: /Users/simongoldman/Documents/TransparentSF_from_git/transparentSF/ai/output/annual/8/19.md
2025-09-12 09:43:42,761 - INFO - Would migrate: /Users/simongoldman/Documents/TransparentSF_from_git/transparentSF/ai/output/annual/8/29.md
2025-09-12 09:43:42,761 - INFO - Would migrate: /Users/simongoldman/Documents/TransparentSF_from_git/transparentSF/ai/output/annual/8/4.md
2025-09-12 09:43:42,761 - INFO - Would migrate: /Users/simongoldman/Documents/TransparentSF_from_git/transparentSF/ai/output/annual/8/16.md
2025-09-12 09:43:42,761 - INFO - Would migrate: /Users/simongoldman/Documents/TransparentSF_from_git/transparentSF/ai/output/annual/8/22.md
2025-09-12 09:43:42,761 - INFO - Would migrate: /Users/simongoldman/Documents/TransparentSF_from_git/transparentSF/ai/output/annual/8/63.md
2025-09-12 09:43:42,761 - INFO - Would migrate: /Users/simongoldman/Documents/TransparentSF_from_git/transparentSF/ai/output/annual/8/12.md
2025-09-12 09:43:42,761 - INFO - Would migrate: /Users/simongoldman/Documents/TransparentSF_from_git/transparentSF/ai/output/annual/8/43.md
2025-09-12 09:43:42,761 - INFO - Would migrate: /Users/simongoldman/Documents/TransparentSF_from_git/transparentSF/ai/output/annual/8/17.md
2025-09-12 09:43:42,761 - INFO - Would migrate: /Users/simongoldman/Documents/TransparentSF_from_git/transparentSF/ai/output/annual/8/23.md
2025-09-12 09:43:42,761 - INFO - Would migrate: /Users/simongoldman/Documents/TransparentSF_from_git/transparentSF/ai/output/annual/8/24.md
2025-09-12 09:43:42,761 - INFO - Would migrate: /Users/simongoldman/Documents/TransparentSF_from_git/transparentSF/ai/output/annual/8/41.md
2025-09-12 09:43:42,762 - INFO - Would migrate: /Users/simongoldman/Documents/TransparentSF_from_git/transparentSF/ai/output/annual/8/9.md
2025-09-12 09:43:42,762 - INFO - Would migrate: /Users/simongoldman/Documents/TransparentSF_from_git/transparentSF/ai/output/annual/8/65.md
2025-09-12 09:43:42,762 - INFO - Would migrate: /Users/simongoldman/Documents/TransparentSF_from_git/transparentSF/ai/output/annual/8/34.md
2025-09-12 09:43:42,762 - INFO - Would migrate: /Users/simongoldman/Documents/TransparentSF_from_git/transparentSF/ai/output/annual/8/14.md
2025-09-12 09:43:42,762 - INFO - Would migrate: /Users/simongoldman/Documents/TransparentSF_from_git/transparentSF/ai/output/annual/8/30.md
2025-09-12 09:43:42,762 - INFO - Would migrate: /Users/simongoldman/Documents/TransparentSF_from_git/transparentSF/ai/output/annual/8/15.md
2025-09-12 09:43:42,762 - INFO - Would migrate: /Users/simongoldman/Documents/TransparentSF_from_git/transparentSF/ai/output/annual/8/40.md
2025-09-12 09:43:42,762 - INFO - Would migrate: /Users/simongoldman/Documents/TransparentSF_from_git/transparentSF/ai/output/annual/8/8.md
2025-09-12 09:43:42,762 - INFO - Would migrate: /Users/simongoldman/Documents/TransparentSF_from_git/transparentSF/ai/output/annual/8/35.md
2025-09-12 09:43:42,762 - INFO - Would migrate: /Users/simongoldman/Documents/TransparentSF_from_git/transparentSF/ai/output/annual/8/3.md
2025-09-12 09:43:42,762 - INFO - Would migrate: /Users/simongoldman/Documents/TransparentSF_from_git/transparentSF/ai/output/annual/8/2.md
2025-09-12 09:43:42,762 - INFO - Would migrate: /Users/simongoldman/Documents/TransparentSF_from_git/transparentSF/ai/output/annual/6.0/19.md
2025-09-12 09:43:42,762 - INFO - Would migrate: /Users/simongoldman/Documents/TransparentSF_from_git/transparentSF/ai/output/annual/6.0/30.md
2025-09-12 09:43:42,762 - INFO - Would migrate: /Users/simongoldman/Documents/TransparentSF_from_git/transparentSF/ai/output/annual/2.00000/19.md
2025-09-12 09:43:42,762 - INFO - Would migrate: /Users/simongoldman/Documents/TransparentSF_from_git/transparentSF/ai/output/annual/2.00000/30.md
2025-09-12 09:43:42,762 - INFO - Would migrate: /Users/simongoldman/Documents/TransparentSF_from_git/transparentSF/ai/output/annual/0.00000/19.md
2025-09-12 09:43:42,762 - INFO - Would migrate: /Users/simongoldman/Documents/TransparentSF_from_git/transparentSF/ai/output/annual/0.00000/30.md
2025-09-12 09:43:42,762 - INFO - Would migrate: /Users/simongoldman/Documents/TransparentSF_from_git/transparentSF/ai/output/annual/3.0/19.md
2025-09-12 09:43:42,762 - INFO - Would migrate: /Users/simongoldman/Documents/TransparentSF_from_git/transparentSF/ai/output/annual/3.0/30.md
2025-09-12 09:43:42,762 - INFO - Would migrate: /Users/simongoldman/Documents/TransparentSF_from_git/transparentSF/ai/output/annual/9.0/19.md
2025-09-12 09:43:42,762 - INFO - Would migrate: /Users/simongoldman/Documents/TransparentSF_from_git/transparentSF/ai/output/annual/9.0/30.md
2025-09-12 09:43:42,762 - INFO - Would migrate: /Users/simongoldman/Documents/TransparentSF_from_git/transparentSF/ai/output/annual/4.00000/19.md
2025-09-12 09:43:42,762 - INFO - Would migrate: /Users/simongoldman/Documents/TransparentSF_from_git/transparentSF/ai/output/annual/4.00000/30.md
2025-09-12 09:43:42,762 - INFO - Would migrate: /Users/simongoldman/Documents/TransparentSF_from_git/transparentSF/ai/output/annual/6.00000/19.md
2025-09-12 09:43:42,762 - INFO - Would migrate: /Users/simongoldman/Documents/TransparentSF_from_git/transparentSF/ai/output/annual/6.00000/30.md
2025-09-12 09:43:42,762 - INFO - Would migrate: /Users/simongoldman/Documents/TransparentSF_from_git/transparentSF/ai/output/annual/7.0/19.md
2025-09-12 09:43:42,762 - INFO - Would migrate: /Users/simongoldman/Documents/TransparentSF_from_git/transparentSF/ai/output/annual/7.0/30.md
2025-09-12 09:43:42,762 - INFO - Would migrate: /Users/simongoldman/Documents/TransparentSF_from_git/transparentSF/ai/output/annual/1.00000/19.md
2025-09-12 09:43:42,762 - INFO - Would migrate: /Users/simongoldman/Documents/TransparentSF_from_git/transparentSF/ai/output/annual/1.00000/30.md
2025-09-12 09:43:42,762 - INFO - Would migrate: /Users/simongoldman/Documents/TransparentSF_from_git/transparentSF/ai/output/annual/3.00000/19.md
2025-09-12 09:43:42,762 - INFO - Would migrate: /Users/simongoldman/Documents/TransparentSF_from_git/transparentSF/ai/output/annual/3.00000/30.md
2025-09-12 09:43:42,762 - INFO - Would migrate: /Users/simongoldman/Documents/TransparentSF_from_git/transparentSF/ai/output/annual/7.00000/19.md
2025-09-12 09:43:42,762 - INFO - Would migrate: /Users/simongoldman/Documents/TransparentSF_from_git/transparentSF/ai/output/annual/7.00000/30.md
2025-09-12 09:43:42,762 - INFO - Would migrate: /Users/simongoldman/Documents/TransparentSF_from_git/transparentSF/ai/output/annual/0.0/19.md
2025-09-12 09:43:42,762 - INFO - Would migrate: /Users/simongoldman/Documents/TransparentSF_from_git/transparentSF/ai/output/annual/0.0/30.md
2025-09-12 09:43:42,762 - INFO - Would migrate: /Users/simongoldman/Documents/TransparentSF_from_git/transparentSF/ai/output/annual/4/69.md
2025-09-12 09:43:42,762 - INFO - Would migrate: /Users/simongoldman/Documents/TransparentSF_from_git/transparentSF/ai/output/annual/4/38.md
2025-09-12 09:43:42,763 - INFO - Would migrate: /Users/simongoldman/Documents/TransparentSF_from_git/transparentSF/ai/output/annual/4/18.md
2025-09-12 09:43:42,763 - INFO - Would migrate: /Users/simongoldman/Documents/TransparentSF_from_git/transparentSF/ai/output/annual/4/1.md
2025-09-12 09:43:42,763 - INFO - Would migrate: /Users/simongoldman/Documents/TransparentSF_from_git/transparentSF/ai/output/annual/4/19.md
2025-09-12 09:43:42,763 - INFO - Would migrate: /Users/simongoldman/Documents/TransparentSF_from_git/transparentSF/ai/output/annual/4/29.md
2025-09-12 09:43:42,763 - INFO - Would migrate: /Users/simongoldman/Documents/TransparentSF_from_git/transparentSF/ai/output/annual/4/4.md
2025-09-12 09:43:42,763 - INFO - Would migrate: /Users/simongoldman/Documents/TransparentSF_from_git/transparentSF/ai/output/annual/4/16.md
2025-09-12 09:43:42,763 - INFO - Would migrate: /Users/simongoldman/Documents/TransparentSF_from_git/transparentSF/ai/output/annual/4/22.md
2025-09-12 09:43:42,763 - INFO - Would migrate: /Users/simongoldman/Documents/TransparentSF_from_git/transparentSF/ai/output/annual/4/63.md
2025-09-12 09:43:42,763 - INFO - Would migrate: /Users/simongoldman/Documents/TransparentSF_from_git/transparentSF/ai/output/annual/4/12.md
2025-09-12 09:43:42,763 - INFO - Would migrate: /Users/simongoldman/Documents/TransparentSF_from_git/transparentSF/ai/output/annual/4/17.md
2025-09-12 09:43:42,763 - INFO - Would migrate: /Users/simongoldman/Documents/TransparentSF_from_git/transparentSF/ai/output/annual/4/23.md
2025-09-12 09:43:42,763 - INFO - Would migrate: /Users/simongoldman/Documents/TransparentSF_from_git/transparentSF/ai/output/annual/4/24.md
2025-09-12 09:43:42,763 - INFO - Would migrate: /Users/simongoldman/Documents/TransparentSF_from_git/transparentSF/ai/output/annual/4/9.md
2025-09-12 09:43:42,763 - INFO - Would migrate: /Users/simongoldman/Documents/TransparentSF_from_git/transparentSF/ai/output/annual/4/65.md
2025-09-12 09:43:42,763 - INFO - Would migrate: /Users/simongoldman/Documents/TransparentSF_from_git/transparentSF/ai/output/annual/4/14.md
2025-09-12 09:43:42,763 - INFO - Would migrate: /Users/simongoldman/Documents/TransparentSF_from_git/transparentSF/ai/output/annual/4/30.md
2025-09-12 09:43:42,763 - INFO - Would migrate: /Users/simongoldman/Documents/TransparentSF_from_git/transparentSF/ai/output/annual/4/15.md
2025-09-12 09:43:42,763 - INFO - Would migrate: /Users/simongoldman/Documents/TransparentSF_from_git/transparentSF/ai/output/annual/4/40.md
2025-09-12 09:43:42,763 - INFO - Would migrate: /Users/simongoldman/Documents/TransparentSF_from_git/transparentSF/ai/output/annual/4/8.md
2025-09-12 09:43:42,763 - INFO - Would migrate: /Users/simongoldman/Documents/TransparentSF_from_git/transparentSF/ai/output/annual/4/35.md
2025-09-12 09:43:42,763 - INFO - Would migrate: /Users/simongoldman/Documents/TransparentSF_from_git/transparentSF/ai/output/annual/4/3.md
2025-09-12 09:43:42,763 - INFO - Would migrate: /Users/simongoldman/Documents/TransparentSF_from_git/transparentSF/ai/output/annual/4/2.md
2025-09-12 09:43:42,763 - INFO - Would migrate: /Users/simongoldman/Documents/TransparentSF_from_git/transparentSF/ai/output/annual/3/69.md
2025-09-12 09:43:42,763 - INFO - Would migrate: /Users/simongoldman/Documents/TransparentSF_from_git/transparentSF/ai/output/annual/3/38.md
2025-09-12 09:43:42,763 - INFO - Would migrate: /Users/simongoldman/Documents/TransparentSF_from_git/transparentSF/ai/output/annual/3/18.md
2025-09-12 09:43:42,763 - INFO - Would migrate: /Users/simongoldman/Documents/TransparentSF_from_git/transparentSF/ai/output/annual/3/1.md
2025-09-12 09:43:42,763 - INFO - Would migrate: /Users/simongoldman/Documents/TransparentSF_from_git/transparentSF/ai/output/annual/3/19.md
2025-09-12 09:43:42,763 - INFO - Would migrate: /Users/simongoldman/Documents/TransparentSF_from_git/transparentSF/ai/output/annual/3/29.md
2025-09-12 09:43:42,763 - INFO - Would migrate: /Users/simongoldman/Documents/TransparentSF_from_git/transparentSF/ai/output/annual/3/4.md
2025-09-12 09:43:42,763 - INFO - Would migrate: /Users/simongoldman/Documents/TransparentSF_from_git/transparentSF/ai/output/annual/3/16.md
2025-09-12 09:43:42,763 - INFO - Would migrate: /Users/simongoldman/Documents/TransparentSF_from_git/transparentSF/ai/output/annual/3/22.md
2025-09-12 09:43:42,763 - INFO - Would migrate: /Users/simongoldman/Documents/TransparentSF_from_git/transparentSF/ai/output/annual/3/63.md
2025-09-12 09:43:42,763 - INFO - Would migrate: /Users/simongoldman/Documents/TransparentSF_from_git/transparentSF/ai/output/annual/3/12.md
2025-09-12 09:43:42,763 - INFO - Would migrate: /Users/simongoldman/Documents/TransparentSF_from_git/transparentSF/ai/output/annual/3/46.md
2025-09-12 09:43:42,763 - INFO - Would migrate: /Users/simongoldman/Documents/TransparentSF_from_git/transparentSF/ai/output/annual/3/17.md
2025-09-12 09:43:42,763 - INFO - Would migrate: /Users/simongoldman/Documents/TransparentSF_from_git/transparentSF/ai/output/annual/3/23.md
2025-09-12 09:43:42,763 - INFO - Would migrate: /Users/simongoldman/Documents/TransparentSF_from_git/transparentSF/ai/output/annual/3/24.md
2025-09-12 09:43:42,763 - INFO - Would migrate: /Users/simongoldman/Documents/TransparentSF_from_git/transparentSF/ai/output/annual/3/9.md
2025-09-12 09:43:42,763 - INFO - Would migrate: /Users/simongoldman/Documents/TransparentSF_from_git/transparentSF/ai/output/annual/3/65.md
2025-09-12 09:43:42,763 - INFO - Would migrate: /Users/simongoldman/Documents/TransparentSF_from_git/transparentSF/ai/output/annual/3/34.md
2025-09-12 09:43:42,763 - INFO - Would migrate: /Users/simongoldman/Documents/TransparentSF_from_git/transparentSF/ai/output/annual/3/14.md
2025-09-12 09:43:42,763 - INFO - Would migrate: /Users/simongoldman/Documents/TransparentSF_from_git/transparentSF/ai/output/annual/3/30.md
2025-09-12 09:43:42,763 - INFO - Would migrate: /Users/simongoldman/Documents/TransparentSF_from_git/transparentSF/ai/output/annual/3/15.md
2025-09-12 09:43:42,763 - INFO - Would migrate: /Users/simongoldman/Documents/TransparentSF_from_git/transparentSF/ai/output/annual/3/40.md
2025-09-12 09:43:42,763 - INFO - Would migrate: /Users/simongoldman/Documents/TransparentSF_from_git/transparentSF/ai/output/annual/3/8.md
2025-09-12 09:43:42,763 - INFO - Would migrate: /Users/simongoldman/Documents/TransparentSF_from_git/transparentSF/ai/output/annual/3/35.md
2025-09-12 09:43:42,763 - INFO - Would migrate: /Users/simongoldman/Documents/TransparentSF_from_git/transparentSF/ai/output/annual/3/3.md
2025-09-12 09:43:42,763 - INFO - Would migrate: /Users/simongoldman/Documents/TransparentSF_from_git/transparentSF/ai/output/annual/3/2.md
2025-09-12 09:43:42,763 - INFO - Would migrate: /Users/simongoldman/Documents/TransparentSF_from_git/transparentSF/ai/output/annual/11.0/19.md
2025-09-12 09:43:42,763 - INFO - Would migrate: /Users/simongoldman/Documents/TransparentSF_from_git/transparentSF/ai/output/annual/11.0/30.md
2025-09-12 09:43:42,763 - INFO - Would migrate: /Users/simongoldman/Documents/TransparentSF_from_git/transparentSF/ai/output/annual/4.0/19.md
2025-09-12 09:43:42,763 - INFO - Would migrate: /Users/simongoldman/Documents/TransparentSF_from_git/transparentSF/ai/output/annual/4.0/30.md
2025-09-12 09:43:42,763 - INFO - Would migrate: /Users/simongoldman/Documents/TransparentSF_from_git/transparentSF/ai/output/annual/2/69.md
2025-09-12 09:43:42,763 - INFO - Would migrate: /Users/simongoldman/Documents/TransparentSF_from_git/transparentSF/ai/output/annual/2/38.md
2025-09-12 09:43:42,764 - INFO - Would migrate: /Users/simongoldman/Documents/TransparentSF_from_git/transparentSF/ai/output/annual/2/18.md
2025-09-12 09:43:42,764 - INFO - Would migrate: /Users/simongoldman/Documents/TransparentSF_from_git/transparentSF/ai/output/annual/2/1.md
2025-09-12 09:43:42,764 - INFO - Would migrate: /Users/simongoldman/Documents/TransparentSF_from_git/transparentSF/ai/output/annual/2/19.md
2025-09-12 09:43:42,764 - INFO - Would migrate: /Users/simongoldman/Documents/TransparentSF_from_git/transparentSF/ai/output/annual/2/29.md
2025-09-12 09:43:42,764 - INFO - Would migrate: /Users/simongoldman/Documents/TransparentSF_from_git/transparentSF/ai/output/annual/2/4.md
2025-09-12 09:43:42,764 - INFO - Would migrate: /Users/simongoldman/Documents/TransparentSF_from_git/transparentSF/ai/output/annual/2/16.md
2025-09-12 09:43:42,764 - INFO - Would migrate: /Users/simongoldman/Documents/TransparentSF_from_git/transparentSF/ai/output/annual/2/22.md
2025-09-12 09:43:42,764 - INFO - Would migrate: /Users/simongoldman/Documents/TransparentSF_from_git/transparentSF/ai/output/annual/2/63.md
2025-09-12 09:43:42,764 - INFO - Would migrate: /Users/simongoldman/Documents/TransparentSF_from_git/transparentSF/ai/output/annual/2/12.md
2025-09-12 09:43:42,764 - INFO - Would migrate: /Users/simongoldman/Documents/TransparentSF_from_git/transparentSF/ai/output/annual/2/17.md
2025-09-12 09:43:42,764 - INFO - Would migrate: /Users/simongoldman/Documents/TransparentSF_from_git/transparentSF/ai/output/annual/2/23.md
2025-09-12 09:43:42,764 - INFO - Would migrate: /Users/simongoldman/Documents/TransparentSF_from_git/transparentSF/ai/output/annual/2/24.md
2025-09-12 09:43:42,764 - INFO - Would migrate: /Users/simongoldman/Documents/TransparentSF_from_git/transparentSF/ai/output/annual/2/9.md
2025-09-12 09:43:42,764 - INFO - Would migrate: /Users/simongoldman/Documents/TransparentSF_from_git/transparentSF/ai/output/annual/2/65.md
2025-09-12 09:43:42,764 - INFO - Would migrate: /Users/simongoldman/Documents/TransparentSF_from_git/transparentSF/ai/output/annual/2/34.md
2025-09-12 09:43:42,764 - INFO - Would migrate: /Users/simongoldman/Documents/TransparentSF_from_git/transparentSF/ai/output/annual/2/14.md
2025-09-12 09:43:42,764 - INFO - Would migrate: /Users/simongoldman/Documents/TransparentSF_from_git/transparentSF/ai/output/annual/2/30.md
2025-09-12 09:43:42,764 - INFO - Would migrate: /Users/simongoldman/Documents/TransparentSF_from_git/transparentSF/ai/output/annual/2/15.md
2025-09-12 09:43:42,764 - INFO - Would migrate: /Users/simongoldman/Documents/TransparentSF_from_git/transparentSF/ai/output/annual/2/40.md
2025-09-12 09:43:42,764 - INFO - Would migrate: /Users/simongoldman/Documents/TransparentSF_from_git/transparentSF/ai/output/annual/2/8.md
2025-09-12 09:43:42,764 - INFO - Would migrate: /Users/simongoldman/Documents/TransparentSF_from_git/transparentSF/ai/output/annual/2/35.md
2025-09-12 09:43:42,764 - INFO - Would migrate: /Users/simongoldman/Documents/TransparentSF_from_git/transparentSF/ai/output/annual/2/3.md
2025-09-12 09:43:42,764 - INFO - Would migrate: /Users/simongoldman/Documents/TransparentSF_from_git/transparentSF/ai/output/annual/2/2.md
2025-09-12 09:43:42,764 - INFO - Would migrate: /Users/simongoldman/Documents/TransparentSF_from_git/transparentSF/ai/output/annual/5/69.md
2025-09-12 09:43:42,764 - INFO - Would migrate: /Users/simongoldman/Documents/TransparentSF_from_git/transparentSF/ai/output/annual/5/38.md
2025-09-12 09:43:42,764 - INFO - Would migrate: /Users/simongoldman/Documents/TransparentSF_from_git/transparentSF/ai/output/annual/5/18.md
2025-09-12 09:43:42,764 - INFO - Would migrate: /Users/simongoldman/Documents/TransparentSF_from_git/transparentSF/ai/output/annual/5/1.md
2025-09-12 09:43:42,764 - INFO - Would migrate: /Users/simongoldman/Documents/TransparentSF_from_git/transparentSF/ai/output/annual/5/19.md
2025-09-12 09:43:42,764 - INFO - Would migrate: /Users/simongoldman/Documents/TransparentSF_from_git/transparentSF/ai/output/annual/5/29.md
2025-09-12 09:43:42,764 - INFO - Would migrate: /Users/simongoldman/Documents/TransparentSF_from_git/transparentSF/ai/output/annual/5/4.md
2025-09-12 09:43:42,764 - INFO - Would migrate: /Users/simongoldman/Documents/TransparentSF_from_git/transparentSF/ai/output/annual/5/16.md
2025-09-12 09:43:42,764 - INFO - Would migrate: /Users/simongoldman/Documents/TransparentSF_from_git/transparentSF/ai/output/annual/5/22.md
2025-09-12 09:43:42,764 - INFO - Would migrate: /Users/simongoldman/Documents/TransparentSF_from_git/transparentSF/ai/output/annual/5/63.md
2025-09-12 09:43:42,764 - INFO - Would migrate: /Users/simongoldman/Documents/TransparentSF_from_git/transparentSF/ai/output/annual/5/12.md
2025-09-12 09:43:42,764 - INFO - Would migrate: /Users/simongoldman/Documents/TransparentSF_from_git/transparentSF/ai/output/annual/5/17.md
2025-09-12 09:43:42,764 - INFO - Would migrate: /Users/simongoldman/Documents/TransparentSF_from_git/transparentSF/ai/output/annual/5/23.md
2025-09-12 09:43:42,764 - INFO - Would migrate: /Users/simongoldman/Documents/TransparentSF_from_git/transparentSF/ai/output/annual/5/24.md
2025-09-12 09:43:42,764 - INFO - Would migrate: /Users/simongoldman/Documents/TransparentSF_from_git/transparentSF/ai/output/annual/5/9.md
2025-09-12 09:43:42,764 - INFO - Would migrate: /Users/simongoldman/Documents/TransparentSF_from_git/transparentSF/ai/output/annual/5/65.md
2025-09-12 09:43:42,764 - INFO - Would migrate: /Users/simongoldman/Documents/TransparentSF_from_git/transparentSF/ai/output/annual/5/34.md
2025-09-12 09:43:42,764 - INFO - Would migrate: /Users/simongoldman/Documents/TransparentSF_from_git/transparentSF/ai/output/annual/5/14.md
2025-09-12 09:43:42,764 - INFO - Would migrate: /Users/simongoldman/Documents/TransparentSF_from_git/transparentSF/ai/output/annual/5/30.md
2025-09-12 09:43:42,764 - INFO - Would migrate: /Users/simongoldman/Documents/TransparentSF_from_git/transparentSF/ai/output/annual/5/15.md
2025-09-12 09:43:42,764 - INFO - Would migrate: /Users/simongoldman/Documents/TransparentSF_from_git/transparentSF/ai/output/annual/5/40.md
2025-09-12 09:43:42,764 - INFO - Would migrate: /Users/simongoldman/Documents/TransparentSF_from_git/transparentSF/ai/output/annual/5/8.md
2025-09-12 09:43:42,764 - INFO - Would migrate: /Users/simongoldman/Documents/TransparentSF_from_git/transparentSF/ai/output/annual/5/35.md
2025-09-12 09:43:42,764 - INFO - Would migrate: /Users/simongoldman/Documents/TransparentSF_from_git/transparentSF/ai/output/annual/5/3.md
2025-09-12 09:43:42,764 - INFO - Would migrate: /Users/simongoldman/Documents/TransparentSF_from_git/transparentSF/ai/output/annual/5/2.md
2025-09-12 09:43:42,764 - INFO - Would migrate: /Users/simongoldman/Documents/TransparentSF_from_git/transparentSF/ai/output/annual/5.00000/19.md
2025-09-12 09:43:42,764 - INFO - Would migrate: /Users/simongoldman/Documents/TransparentSF_from_git/transparentSF/ai/output/annual/5.00000/30.md
2025-09-12 09:43:42,764 - INFO - Migrating weekly files...
2025-09-12 09:43:42,764 - INFO - Would migrate: /Users/simongoldman/Documents/TransparentSF_from_git/transparentSF/ai/output/weekly/9/16.json
2025-09-12 09:43:42,764 - INFO - Would migrate: /Users/simongoldman/Documents/TransparentSF_from_git/transparentSF/ai/output/weekly/9/1.md
2025-09-12 09:43:42,764 - INFO - Would migrate: /Users/simongoldman/Documents/TransparentSF_from_git/transparentSF/ai/output/weekly/9/19.md
2025-09-12 09:43:42,764 - INFO - Would migrate: /Users/simongoldman/Documents/TransparentSF_from_git/transparentSF/ai/output/weekly/9/29.md
2025-09-12 09:43:42,764 - INFO - Would migrate: /Users/simongoldman/Documents/TransparentSF_from_git/transparentSF/ai/output/weekly/9/4.md
2025-09-12 09:43:42,764 - INFO - Would migrate: /Users/simongoldman/Documents/TransparentSF_from_git/transparentSF/ai/output/weekly/9/16.md
2025-09-12 09:43:42,764 - INFO - Would migrate: /Users/simongoldman/Documents/TransparentSF_from_git/transparentSF/ai/output/weekly/9/22.md
2025-09-12 09:43:42,764 - INFO - Would migrate: /Users/simongoldman/Documents/TransparentSF_from_git/transparentSF/ai/output/weekly/9/30.json
2025-09-12 09:43:42,764 - INFO - Would migrate: /Users/simongoldman/Documents/TransparentSF_from_git/transparentSF/ai/output/weekly/9/1.json
2025-09-12 09:43:42,764 - INFO - Would migrate: /Users/simongoldman/Documents/TransparentSF_from_git/transparentSF/ai/output/weekly/9/23.md
2025-09-12 09:43:42,764 - INFO - Would migrate: /Users/simongoldman/Documents/TransparentSF_from_git/transparentSF/ai/output/weekly/9/2.json
2025-09-12 09:43:42,764 - INFO - Would migrate: /Users/simongoldman/Documents/TransparentSF_from_git/transparentSF/ai/output/weekly/9/24.md
2025-09-12 09:43:42,764 - INFO - Would migrate: /Users/simongoldman/Documents/TransparentSF_from_git/transparentSF/ai/output/weekly/9/9.md
2025-09-12 09:43:42,764 - INFO - Would migrate: /Users/simongoldman/Documents/TransparentSF_from_git/transparentSF/ai/output/weekly/9/34.md
2025-09-12 09:43:42,764 - INFO - Would migrate: /Users/simongoldman/Documents/TransparentSF_from_git/transparentSF/ai/output/weekly/9/24.json
2025-09-12 09:43:42,764 - INFO - Would migrate: /Users/simongoldman/Documents/TransparentSF_from_git/transparentSF/ai/output/weekly/9/30.md
2025-09-12 09:43:42,764 - INFO - Would migrate: /Users/simongoldman/Documents/TransparentSF_from_git/transparentSF/ai/output/weekly/9/15.md
2025-09-12 09:43:42,764 - INFO - Would migrate: /Users/simongoldman/Documents/TransparentSF_from_git/transparentSF/ai/output/weekly/9/29.json
2025-09-12 09:43:42,764 - INFO - Would migrate: /Users/simongoldman/Documents/TransparentSF_from_git/transparentSF/ai/output/weekly/9/8.md
2025-09-12 09:43:42,764 - INFO - Would migrate: /Users/simongoldman/Documents/TransparentSF_from_git/transparentSF/ai/output/weekly/9/3.json
2025-09-12 09:43:42,764 - INFO - Would migrate: /Users/simongoldman/Documents/TransparentSF_from_git/transparentSF/ai/output/weekly/9/34.json
2025-09-12 09:43:42,764 - INFO - Would migrate: /Users/simongoldman/Documents/TransparentSF_from_git/transparentSF/ai/output/weekly/9/8.json
2025-09-12 09:43:42,764 - INFO - Would migrate: /Users/simongoldman/Documents/TransparentSF_from_git/transparentSF/ai/output/weekly/9/22.json
2025-09-12 09:43:42,764 - INFO - Would migrate: /Users/simongoldman/Documents/TransparentSF_from_git/transparentSF/ai/output/weekly/9/3.md
2025-09-12 09:43:42,764 - INFO - Would migrate: /Users/simongoldman/Documents/TransparentSF_from_git/transparentSF/ai/output/weekly/9/4.json
2025-09-12 09:43:42,764 - INFO - Would migrate: /Users/simongoldman/Documents/TransparentSF_from_git/transparentSF/ai/output/weekly/9/15.json
2025-09-12 09:43:42,764 - INFO - Would migrate: /Users/simongoldman/Documents/TransparentSF_from_git/transparentSF/ai/output/weekly/9/19.json
2025-09-12 09:43:42,764 - INFO - Would migrate: /Users/simongoldman/Documents/TransparentSF_from_git/transparentSF/ai/output/weekly/9/23.json
2025-09-12 09:43:42,764 - INFO - Would migrate: /Users/simongoldman/Documents/TransparentSF_from_git/transparentSF/ai/output/weekly/9/9.json
2025-09-12 09:43:42,765 - INFO - Would migrate: /Users/simongoldman/Documents/TransparentSF_from_git/transparentSF/ai/output/weekly/9/2.md
2025-09-12 09:43:42,765 - INFO - Would migrate: /Users/simongoldman/Documents/TransparentSF_from_git/transparentSF/ai/output/weekly/0/5.md
2025-09-12 09:43:42,765 - INFO - Would migrate: /Users/simongoldman/Documents/TransparentSF_from_git/transparentSF/ai/output/weekly/0/38.md
2025-09-12 09:43:42,765 - INFO - Would migrate: /Users/simongoldman/Documents/TransparentSF_from_git/transparentSF/ai/output/weekly/0/1.md
2025-09-12 09:43:42,765 - INFO - Would migrate: /Users/simongoldman/Documents/TransparentSF_from_git/transparentSF/ai/output/weekly/0/19.md
2025-09-12 09:43:42,765 - INFO - Would migrate: /Users/simongoldman/Documents/TransparentSF_from_git/transparentSF/ai/output/weekly/0/29.md
2025-09-12 09:43:42,765 - INFO - Would migrate: /Users/simongoldman/Documents/TransparentSF_from_git/transparentSF/ai/output/weekly/0/4.md
2025-09-12 09:43:42,765 - INFO - Would migrate: /Users/simongoldman/Documents/TransparentSF_from_git/transparentSF/ai/output/weekly/0/16.md
2025-09-12 09:43:42,765 - INFO - Would migrate: /Users/simongoldman/Documents/TransparentSF_from_git/transparentSF/ai/output/weekly/0/22.md
2025-09-12 09:43:42,765 - INFO - Would migrate: /Users/simongoldman/Documents/TransparentSF_from_git/transparentSF/ai/output/weekly/0/63.md
2025-09-12 09:43:42,765 - INFO - Would migrate: /Users/simongoldman/Documents/TransparentSF_from_git/transparentSF/ai/output/weekly/0/32.md
2025-09-12 09:43:42,765 - INFO - Would migrate: /Users/simongoldman/Documents/TransparentSF_from_git/transparentSF/ai/output/weekly/0/43.md
2025-09-12 09:43:42,765 - INFO - Would migrate: /Users/simongoldman/Documents/TransparentSF_from_git/transparentSF/ai/output/weekly/0/13.md
2025-09-12 09:43:42,765 - INFO - Would migrate: /Users/simongoldman/Documents/TransparentSF_from_git/transparentSF/ai/output/weekly/0/23.md
2025-09-12 09:43:42,765 - INFO - Would migrate: /Users/simongoldman/Documents/TransparentSF_from_git/transparentSF/ai/output/weekly/0/33.md
2025-09-12 09:43:42,765 - INFO - Would migrate: /Users/simongoldman/Documents/TransparentSF_from_git/transparentSF/ai/output/weekly/0/24.md
2025-09-12 09:43:42,765 - INFO - Would migrate: /Users/simongoldman/Documents/TransparentSF_from_git/transparentSF/ai/output/weekly/0/41.md
2025-09-12 09:43:42,765 - INFO - Would migrate: /Users/simongoldman/Documents/TransparentSF_from_git/transparentSF/ai/output/weekly/0/10.md
2025-09-12 09:43:42,765 - INFO - Would migrate: /Users/simongoldman/Documents/TransparentSF_from_git/transparentSF/ai/output/weekly/0/9.md
2025-09-12 09:43:42,765 - INFO - Would migrate: /Users/simongoldman/Documents/TransparentSF_from_git/transparentSF/ai/output/weekly/0/34.md
2025-09-12 09:43:42,765 - INFO - Would migrate: /Users/simongoldman/Documents/TransparentSF_from_git/transparentSF/ai/output/weekly/0/30.md
2025-09-12 09:43:42,765 - INFO - Would migrate: /Users/simongoldman/Documents/TransparentSF_from_git/transparentSF/ai/output/weekly/0/15.md
2025-09-12 09:43:42,765 - INFO - Would migrate: /Users/simongoldman/Documents/TransparentSF_from_git/transparentSF/ai/output/weekly/0/40.md
2025-09-12 09:43:42,765 - INFO - Would migrate: /Users/simongoldman/Documents/TransparentSF_from_git/transparentSF/ai/output/weekly/0/8.md
2025-09-12 09:43:42,765 - INFO - Would migrate: /Users/simongoldman/Documents/TransparentSF_from_git/transparentSF/ai/output/weekly/0/35.md
2025-09-12 09:43:42,765 - INFO - Would migrate: /Users/simongoldman/Documents/TransparentSF_from_git/transparentSF/ai/output/weekly/0/3.md
2025-09-12 09:43:42,765 - INFO - Would migrate: /Users/simongoldman/Documents/TransparentSF_from_git/transparentSF/ai/output/weekly/0/7.md
2025-09-12 09:43:42,765 - INFO - Would migrate: /Users/simongoldman/Documents/TransparentSF_from_git/transparentSF/ai/output/weekly/0/6.md
2025-09-12 09:43:42,765 - INFO - Would migrate: /Users/simongoldman/Documents/TransparentSF_from_git/transparentSF/ai/output/weekly/0/2.md
2025-09-12 09:43:42,765 - INFO - Would migrate: /Users/simongoldman/Documents/TransparentSF_from_git/transparentSF/ai/output/weekly/11/16.json
2025-09-12 09:43:42,765 - INFO - Would migrate: /Users/simongoldman/Documents/TransparentSF_from_git/transparentSF/ai/output/weekly/11/1.md
2025-09-12 09:43:42,765 - INFO - Would migrate: /Users/simongoldman/Documents/TransparentSF_from_git/transparentSF/ai/output/weekly/11/19.md
2025-09-12 09:43:42,765 - INFO - Would migrate: /Users/simongoldman/Documents/TransparentSF_from_git/transparentSF/ai/output/weekly/11/29.md
2025-09-12 09:43:42,765 - INFO - Would migrate: /Users/simongoldman/Documents/TransparentSF_from_git/transparentSF/ai/output/weekly/11/4.md
2025-09-12 09:43:42,765 - INFO - Would migrate: /Users/simongoldman/Documents/TransparentSF_from_git/transparentSF/ai/output/weekly/11/16.md
2025-09-12 09:43:42,765 - INFO - Would migrate: /Users/simongoldman/Documents/TransparentSF_from_git/transparentSF/ai/output/weekly/11/22.md
2025-09-12 09:43:42,765 - INFO - Would migrate: /Users/simongoldman/Documents/TransparentSF_from_git/transparentSF/ai/output/weekly/11/30.json
2025-09-12 09:43:42,765 - INFO - Would migrate: /Users/simongoldman/Documents/TransparentSF_from_git/transparentSF/ai/output/weekly/11/1.json
2025-09-12 09:43:42,765 - INFO - Would migrate: /Users/simongoldman/Documents/TransparentSF_from_git/transparentSF/ai/output/weekly/11/23.md
2025-09-12 09:43:42,765 - INFO - Would migrate: /Users/simongoldman/Documents/TransparentSF_from_git/transparentSF/ai/output/weekly/11/2.json
2025-09-12 09:43:42,765 - INFO - Would migrate: /Users/simongoldman/Documents/TransparentSF_from_git/transparentSF/ai/output/weekly/11/24.md
2025-09-12 09:43:42,765 - INFO - Would migrate: /Users/simongoldman/Documents/TransparentSF_from_git/transparentSF/ai/output/weekly/11/9.md
2025-09-12 09:43:42,765 - INFO - Would migrate: /Users/simongoldman/Documents/TransparentSF_from_git/transparentSF/ai/output/weekly/11/24.json
2025-09-12 09:43:42,765 - INFO - Would migrate: /Users/simongoldman/Documents/TransparentSF_from_git/transparentSF/ai/output/weekly/11/30.md
2025-09-12 09:43:42,765 - INFO - Would migrate: /Users/simongoldman/Documents/TransparentSF_from_git/transparentSF/ai/output/weekly/11/15.md
2025-09-12 09:43:42,765 - INFO - Would migrate: /Users/simongoldman/Documents/TransparentSF_from_git/transparentSF/ai/output/weekly/11/29.json
2025-09-12 09:43:42,765 - INFO - Would migrate: /Users/simongoldman/Documents/TransparentSF_from_git/transparentSF/ai/output/weekly/11/8.md
2025-09-12 09:43:42,765 - INFO - Would migrate: /Users/simongoldman/Documents/TransparentSF_from_git/transparentSF/ai/output/weekly/11/3.json
2025-09-12 09:43:42,765 - INFO - Would migrate: /Users/simongoldman/Documents/TransparentSF_from_git/transparentSF/ai/output/weekly/11/8.json
2025-09-12 09:43:42,765 - INFO - Would migrate: /Users/simongoldman/Documents/TransparentSF_from_git/transparentSF/ai/output/weekly/11/22.json
2025-09-12 09:43:42,765 - INFO - Would migrate: /Users/simongoldman/Documents/TransparentSF_from_git/transparentSF/ai/output/weekly/11/3.md
2025-09-12 09:43:42,765 - INFO - Would migrate: /Users/simongoldman/Documents/TransparentSF_from_git/transparentSF/ai/output/weekly/11/4.json
2025-09-12 09:43:42,765 - INFO - Would migrate: /Users/simongoldman/Documents/TransparentSF_from_git/transparentSF/ai/output/weekly/11/15.json
2025-09-12 09:43:42,765 - INFO - Would migrate: /Users/simongoldman/Documents/TransparentSF_from_git/transparentSF/ai/output/weekly/11/19.json
2025-09-12 09:43:42,765 - INFO - Would migrate: /Users/simongoldman/Documents/TransparentSF_from_git/transparentSF/ai/output/weekly/11/23.json
2025-09-12 09:43:42,765 - INFO - Would migrate: /Users/simongoldman/Documents/TransparentSF_from_git/transparentSF/ai/output/weekly/11/9.json
2025-09-12 09:43:42,765 - INFO - Would migrate: /Users/simongoldman/Documents/TransparentSF_from_git/transparentSF/ai/output/weekly/11/2.md
2025-09-12 09:43:42,765 - INFO - Would migrate: /Users/simongoldman/Documents/TransparentSF_from_git/transparentSF/ai/output/weekly/7/16.json
2025-09-12 09:43:42,765 - INFO - Would migrate: /Users/simongoldman/Documents/TransparentSF_from_git/transparentSF/ai/output/weekly/7/1.md
2025-09-12 09:43:42,765 - INFO - Would migrate: /Users/simongoldman/Documents/TransparentSF_from_git/transparentSF/ai/output/weekly/7/19.md
2025-09-12 09:43:42,765 - INFO - Would migrate: /Users/simongoldman/Documents/TransparentSF_from_git/transparentSF/ai/output/weekly/7/4.md
2025-09-12 09:43:42,765 - INFO - Would migrate: /Users/simongoldman/Documents/TransparentSF_from_git/transparentSF/ai/output/weekly/7/16.md
2025-09-12 09:43:42,765 - INFO - Would migrate: /Users/simongoldman/Documents/TransparentSF_from_git/transparentSF/ai/output/weekly/7/22.md
2025-09-12 09:43:42,765 - INFO - Would migrate: /Users/simongoldman/Documents/TransparentSF_from_git/transparentSF/ai/output/weekly/7/30.json
2025-09-12 09:43:42,765 - INFO - Would migrate: /Users/simongoldman/Documents/TransparentSF_from_git/transparentSF/ai/output/weekly/7/1.json
2025-09-12 09:43:42,765 - INFO - Would migrate: /Users/simongoldman/Documents/TransparentSF_from_git/transparentSF/ai/output/weekly/7/23.md
2025-09-12 09:43:42,765 - INFO - Would migrate: /Users/simongoldman/Documents/TransparentSF_from_git/transparentSF/ai/output/weekly/7/2.json
2025-09-12 09:43:42,765 - INFO - Would migrate: /Users/simongoldman/Documents/TransparentSF_from_git/transparentSF/ai/output/weekly/7/24.md
2025-09-12 09:43:42,765 - INFO - Would migrate: /Users/simongoldman/Documents/TransparentSF_from_git/transparentSF/ai/output/weekly/7/9.md
2025-09-12 09:43:42,765 - INFO - Would migrate: /Users/simongoldman/Documents/TransparentSF_from_git/transparentSF/ai/output/weekly/7/34.md
2025-09-12 09:43:42,765 - INFO - Would migrate: /Users/simongoldman/Documents/TransparentSF_from_git/transparentSF/ai/output/weekly/7/24.json
2025-09-12 09:43:42,765 - INFO - Would migrate: /Users/simongoldman/Documents/TransparentSF_from_git/transparentSF/ai/output/weekly/7/30.md
2025-09-12 09:43:42,765 - INFO - Would migrate: /Users/simongoldman/Documents/TransparentSF_from_git/transparentSF/ai/output/weekly/7/15.md
2025-09-12 09:43:42,765 - INFO - Would migrate: /Users/simongoldman/Documents/TransparentSF_from_git/transparentSF/ai/output/weekly/7/8.md
2025-09-12 09:43:42,765 - INFO - Would migrate: /Users/simongoldman/Documents/TransparentSF_from_git/transparentSF/ai/output/weekly/7/3.json
2025-09-12 09:43:42,765 - INFO - Would migrate: /Users/simongoldman/Documents/TransparentSF_from_git/transparentSF/ai/output/weekly/7/34.json
2025-09-12 09:43:42,765 - INFO - Would migrate: /Users/simongoldman/Documents/TransparentSF_from_git/transparentSF/ai/output/weekly/7/8.json
2025-09-12 09:43:42,765 - INFO - Would migrate: /Users/simongoldman/Documents/TransparentSF_from_git/transparentSF/ai/output/weekly/7/22.json
2025-09-12 09:43:42,765 - INFO - Would migrate: /Users/simongoldman/Documents/TransparentSF_from_git/transparentSF/ai/output/weekly/7/3.md
2025-09-12 09:43:42,765 - INFO - Would migrate: /Users/simongoldman/Documents/TransparentSF_from_git/transparentSF/ai/output/weekly/7/4.json
2025-09-12 09:43:42,765 - INFO - Would migrate: /Users/simongoldman/Documents/TransparentSF_from_git/transparentSF/ai/output/weekly/7/15.json
2025-09-12 09:43:42,765 - INFO - Would migrate: /Users/simongoldman/Documents/TransparentSF_from_git/transparentSF/ai/output/weekly/7/19.json
2025-09-12 09:43:42,765 - INFO - Would migrate: /Users/simongoldman/Documents/TransparentSF_from_git/transparentSF/ai/output/weekly/7/23.json
2025-09-12 09:43:42,765 - INFO - Would migrate: /Users/simongoldman/Documents/TransparentSF_from_git/transparentSF/ai/output/weekly/7/9.json
2025-09-12 09:43:42,765 - INFO - Would migrate: /Users/simongoldman/Documents/TransparentSF_from_git/transparentSF/ai/output/weekly/7/2.md
2025-09-12 09:43:42,765 - INFO - Would migrate: /Users/simongoldman/Documents/TransparentSF_from_git/transparentSF/ai/output/weekly/6/41.json
2025-09-12 09:43:42,765 - INFO - Would migrate: /Users/simongoldman/Documents/TransparentSF_from_git/transparentSF/ai/output/weekly/6/16.json
2025-09-12 09:43:42,765 - INFO - Would migrate: /Users/simongoldman/Documents/TransparentSF_from_git/transparentSF/ai/output/weekly/6/1.md
2025-09-12 09:43:42,765 - INFO - Would migrate: /Users/simongoldman/Documents/TransparentSF_from_git/transparentSF/ai/output/weekly/6/19.md
2025-09-12 09:43:42,765 - INFO - Would migrate: /Users/simongoldman/Documents/TransparentSF_from_git/transparentSF/ai/output/weekly/6/29.md
2025-09-12 09:43:42,765 - INFO - Would migrate: /Users/simongoldman/Documents/TransparentSF_from_git/transparentSF/ai/output/weekly/6/4.md
2025-09-12 09:43:42,765 - INFO - Would migrate: /Users/simongoldman/Documents/TransparentSF_from_git/transparentSF/ai/output/weekly/6/16.md
2025-09-12 09:43:42,765 - INFO - Would migrate: /Users/simongoldman/Documents/TransparentSF_from_git/transparentSF/ai/output/weekly/6/22.md
2025-09-12 09:43:42,765 - INFO - Would migrate: /Users/simongoldman/Documents/TransparentSF_from_git/transparentSF/ai/output/weekly/6/43.md
2025-09-12 09:43:42,765 - INFO - Would migrate: /Users/simongoldman/Documents/TransparentSF_from_git/transparentSF/ai/output/weekly/6/30.json
2025-09-12 09:43:42,765 - INFO - Would migrate: /Users/simongoldman/Documents/TransparentSF_from_git/transparentSF/ai/output/weekly/6/1.json
2025-09-12 09:43:42,765 - INFO - Would migrate: /Users/simongoldman/Documents/TransparentSF_from_git/transparentSF/ai/output/weekly/6/23.md
2025-09-12 09:43:42,765 - INFO - Would migrate: /Users/simongoldman/Documents/TransparentSF_from_git/transparentSF/ai/output/weekly/6/2.json
2025-09-12 09:43:42,765 - INFO - Would migrate: /Users/simongoldman/Documents/TransparentSF_from_git/transparentSF/ai/output/weekly/6/24.md
2025-09-12 09:43:42,765 - INFO - Would migrate: /Users/simongoldman/Documents/TransparentSF_from_git/transparentSF/ai/output/weekly/6/41.md
2025-09-12 09:43:42,766 - INFO - Would migrate: /Users/simongoldman/Documents/TransparentSF_from_git/transparentSF/ai/output/weekly/6/9.md
2025-09-12 09:43:42,766 - INFO - Would migrate: /Users/simongoldman/Documents/TransparentSF_from_git/transparentSF/ai/output/weekly/6/34.md
2025-09-12 09:43:42,766 - INFO - Would migrate: /Users/simongoldman/Documents/TransparentSF_from_git/transparentSF/ai/output/weekly/6/24.json
2025-09-12 09:43:42,766 - INFO - Would migrate: /Users/simongoldman/Documents/TransparentSF_from_git/transparentSF/ai/output/weekly/6/30.md
2025-09-12 09:43:42,766 - INFO - Would migrate: /Users/simongoldman/Documents/TransparentSF_from_git/transparentSF/ai/output/weekly/6/15.md
2025-09-12 09:43:42,766 - INFO - Would migrate: /Users/simongoldman/Documents/TransparentSF_from_git/transparentSF/ai/output/weekly/6/29.json
2025-09-12 09:43:42,766 - INFO - Would migrate: /Users/simongoldman/Documents/TransparentSF_from_git/transparentSF/ai/output/weekly/6/8.md
2025-09-12 09:43:42,766 - INFO - Would migrate: /Users/simongoldman/Documents/TransparentSF_from_git/transparentSF/ai/output/weekly/6/3.json
2025-09-12 09:43:42,766 - INFO - Would migrate: /Users/simongoldman/Documents/TransparentSF_from_git/transparentSF/ai/output/weekly/6/34.json
2025-09-12 09:43:42,766 - INFO - Would migrate: /Users/simongoldman/Documents/TransparentSF_from_git/transparentSF/ai/output/weekly/6/8.json
2025-09-12 09:43:42,766 - INFO - Would migrate: /Users/simongoldman/Documents/TransparentSF_from_git/transparentSF/ai/output/weekly/6/22.json
2025-09-12 09:43:42,766 - INFO - Would migrate: /Users/simongoldman/Documents/TransparentSF_from_git/transparentSF/ai/output/weekly/6/3.md
2025-09-12 09:43:42,766 - INFO - Would migrate: /Users/simongoldman/Documents/TransparentSF_from_git/transparentSF/ai/output/weekly/6/4.json
2025-09-12 09:43:42,766 - INFO - Would migrate: /Users/simongoldman/Documents/TransparentSF_from_git/transparentSF/ai/output/weekly/6/43.json
2025-09-12 09:43:42,766 - INFO - Would migrate: /Users/simongoldman/Documents/TransparentSF_from_git/transparentSF/ai/output/weekly/6/15.json
2025-09-12 09:43:42,766 - INFO - Would migrate: /Users/simongoldman/Documents/TransparentSF_from_git/transparentSF/ai/output/weekly/6/19.json
2025-09-12 09:43:42,766 - INFO - Would migrate: /Users/simongoldman/Documents/TransparentSF_from_git/transparentSF/ai/output/weekly/6/23.json
2025-09-12 09:43:42,766 - INFO - Would migrate: /Users/simongoldman/Documents/TransparentSF_from_git/transparentSF/ai/output/weekly/6/9.json
2025-09-12 09:43:42,766 - INFO - Would migrate: /Users/simongoldman/Documents/TransparentSF_from_git/transparentSF/ai/output/weekly/6/2.md
2025-09-12 09:43:42,766 - INFO - Would migrate: /Users/simongoldman/Documents/TransparentSF_from_git/transparentSF/ai/output/weekly/1/16.json
2025-09-12 09:43:42,766 - INFO - Would migrate: /Users/simongoldman/Documents/TransparentSF_from_git/transparentSF/ai/output/weekly/1/1.md
2025-09-12 09:43:42,766 - INFO - Would migrate: /Users/simongoldman/Documents/TransparentSF_from_git/transparentSF/ai/output/weekly/1/19.md
2025-09-12 09:43:42,766 - INFO - Would migrate: /Users/simongoldman/Documents/TransparentSF_from_git/transparentSF/ai/output/weekly/1/29.md
2025-09-12 09:43:42,766 - INFO - Would migrate: /Users/simongoldman/Documents/TransparentSF_from_git/transparentSF/ai/output/weekly/1/4.md
2025-09-12 09:43:42,766 - INFO - Would migrate: /Users/simongoldman/Documents/TransparentSF_from_git/transparentSF/ai/output/weekly/1/16.md
2025-09-12 09:43:42,766 - INFO - Would migrate: /Users/simongoldman/Documents/TransparentSF_from_git/transparentSF/ai/output/weekly/1/22.md
2025-09-12 09:43:42,766 - INFO - Would migrate: /Users/simongoldman/Documents/TransparentSF_from_git/transparentSF/ai/output/weekly/1/30.json
2025-09-12 09:43:42,766 - INFO - Would migrate: /Users/simongoldman/Documents/TransparentSF_from_git/transparentSF/ai/output/weekly/1/1.json
2025-09-12 09:43:42,766 - INFO - Would migrate: /Users/simongoldman/Documents/TransparentSF_from_git/transparentSF/ai/output/weekly/1/23.md
2025-09-12 09:43:42,766 - INFO - Would migrate: /Users/simongoldman/Documents/TransparentSF_from_git/transparentSF/ai/output/weekly/1/2.json
2025-09-12 09:43:42,766 - INFO - Would migrate: /Users/simongoldman/Documents/TransparentSF_from_git/transparentSF/ai/output/weekly/1/24.md
2025-09-12 09:43:42,766 - INFO - Would migrate: /Users/simongoldman/Documents/TransparentSF_from_git/transparentSF/ai/output/weekly/1/9.md
2025-09-12 09:43:42,766 - INFO - Would migrate: /Users/simongoldman/Documents/TransparentSF_from_git/transparentSF/ai/output/weekly/1/34.md
2025-09-12 09:43:42,766 - INFO - Would migrate: /Users/simongoldman/Documents/TransparentSF_from_git/transparentSF/ai/output/weekly/1/24.json
2025-09-12 09:43:42,766 - INFO - Would migrate: /Users/simongoldman/Documents/TransparentSF_from_git/transparentSF/ai/output/weekly/1/30.md
2025-09-12 09:43:42,766 - INFO - Would migrate: /Users/simongoldman/Documents/TransparentSF_from_git/transparentSF/ai/output/weekly/1/15.md
2025-09-12 09:43:42,766 - INFO - Would migrate: /Users/simongoldman/Documents/TransparentSF_from_git/transparentSF/ai/output/weekly/1/29.json
2025-09-12 09:43:42,766 - INFO - Would migrate: /Users/simongoldman/Documents/TransparentSF_from_git/transparentSF/ai/output/weekly/1/8.md
2025-09-12 09:43:42,766 - INFO - Would migrate: /Users/simongoldman/Documents/TransparentSF_from_git/transparentSF/ai/output/weekly/1/3.json
2025-09-12 09:43:42,766 - INFO - Would migrate: /Users/simongoldman/Documents/TransparentSF_from_git/transparentSF/ai/output/weekly/1/34.json
2025-09-12 09:43:42,766 - INFO - Would migrate: /Users/simongoldman/Documents/TransparentSF_from_git/transparentSF/ai/output/weekly/1/8.json
2025-09-12 09:43:42,766 - INFO - Would migrate: /Users/simongoldman/Documents/TransparentSF_from_git/transparentSF/ai/output/weekly/1/22.json
2025-09-12 09:43:42,816 - INFO - Would migrate: /Users/simongoldman/Documents/TransparentSF_from_git/transparentSF/ai/output/weekly/1/3.md
2025-09-12 09:43:42,816 - INFO - Would migrate: /Users/simongoldman/Documents/TransparentSF_from_git/transparentSF/ai/output/weekly/1/4.json
2025-09-12 09:43:42,816 - INFO - Would migrate: /Users/simongoldman/Documents/TransparentSF_from_git/transparentSF/ai/output/weekly/1/15.json
2025-09-12 09:43:42,816 - INFO - Would migrate: /Users/simongoldman/Documents/TransparentSF_from_git/transparentSF/ai/output/weekly/1/19.json
2025-09-12 09:43:42,816 - INFO - Would migrate: /Users/simongoldman/Documents/TransparentSF_from_git/transparentSF/ai/output/weekly/1/23.json
2025-09-12 09:43:42,816 - INFO - Would migrate: /Users/simongoldman/Documents/TransparentSF_from_git/transparentSF/ai/output/weekly/1/9.json
2025-09-12 09:43:42,816 - INFO - Would migrate: /Users/simongoldman/Documents/TransparentSF_from_git/transparentSF/ai/output/weekly/1/2.md
2025-09-12 09:43:42,816 - INFO - Would migrate: /Users/simongoldman/Documents/TransparentSF_from_git/transparentSF/ai/output/weekly/10/16.json
2025-09-12 09:43:42,816 - INFO - Would migrate: /Users/simongoldman/Documents/TransparentSF_from_git/transparentSF/ai/output/weekly/10/1.md
2025-09-12 09:43:42,816 - INFO - Would migrate: /Users/simongoldman/Documents/TransparentSF_from_git/transparentSF/ai/output/weekly/10/19.md
2025-09-12 09:43:42,816 - INFO - Would migrate: /Users/simongoldman/Documents/TransparentSF_from_git/transparentSF/ai/output/weekly/10/29.md
2025-09-12 09:43:42,816 - INFO - Would migrate: /Users/simongoldman/Documents/TransparentSF_from_git/transparentSF/ai/output/weekly/10/4.md
2025-09-12 09:43:42,816 - INFO - Would migrate: /Users/simongoldman/Documents/TransparentSF_from_git/transparentSF/ai/output/weekly/10/16.md
2025-09-12 09:43:42,816 - INFO - Would migrate: /Users/simongoldman/Documents/TransparentSF_from_git/transparentSF/ai/output/weekly/10/22.md
2025-09-12 09:43:42,816 - INFO - Would migrate: /Users/simongoldman/Documents/TransparentSF_from_git/transparentSF/ai/output/weekly/10/30.json
2025-09-12 09:43:42,816 - INFO - Would migrate: /Users/simongoldman/Documents/TransparentSF_from_git/transparentSF/ai/output/weekly/10/1.json
2025-09-12 09:43:42,816 - INFO - Would migrate: /Users/simongoldman/Documents/TransparentSF_from_git/transparentSF/ai/output/weekly/10/23.md
2025-09-12 09:43:42,816 - INFO - Would migrate: /Users/simongoldman/Documents/TransparentSF_from_git/transparentSF/ai/output/weekly/10/2.json
2025-09-12 09:43:42,816 - INFO - Would migrate: /Users/simongoldman/Documents/TransparentSF_from_git/transparentSF/ai/output/weekly/10/24.md
2025-09-12 09:43:42,816 - INFO - Would migrate: /Users/simongoldman/Documents/TransparentSF_from_git/transparentSF/ai/output/weekly/10/9.md
2025-09-12 09:43:42,816 - INFO - Would migrate: /Users/simongoldman/Documents/TransparentSF_from_git/transparentSF/ai/output/weekly/10/24.json
2025-09-12 09:43:42,816 - INFO - Would migrate: /Users/simongoldman/Documents/TransparentSF_from_git/transparentSF/ai/output/weekly/10/30.md
2025-09-12 09:43:42,816 - INFO - Would migrate: /Users/simongoldman/Documents/TransparentSF_from_git/transparentSF/ai/output/weekly/10/15.md
2025-09-12 09:43:42,816 - INFO - Would migrate: /Users/simongoldman/Documents/TransparentSF_from_git/transparentSF/ai/output/weekly/10/29.json
2025-09-12 09:43:42,816 - INFO - Would migrate: /Users/simongoldman/Documents/TransparentSF_from_git/transparentSF/ai/output/weekly/10/8.md
2025-09-12 09:43:42,816 - INFO - Would migrate: /Users/simongoldman/Documents/TransparentSF_from_git/transparentSF/ai/output/weekly/10/3.json
2025-09-12 09:43:42,816 - INFO - Would migrate: /Users/simongoldman/Documents/TransparentSF_from_git/transparentSF/ai/output/weekly/10/8.json
2025-09-12 09:43:42,816 - INFO - Would migrate: /Users/simongoldman/Documents/TransparentSF_from_git/transparentSF/ai/output/weekly/10/22.json
2025-09-12 09:43:42,816 - INFO - Would migrate: /Users/simongoldman/Documents/TransparentSF_from_git/transparentSF/ai/output/weekly/10/3.md
2025-09-12 09:43:42,816 - INFO - Would migrate: /Users/simongoldman/Documents/TransparentSF_from_git/transparentSF/ai/output/weekly/10/4.json
2025-09-12 09:43:42,816 - INFO - Would migrate: /Users/simongoldman/Documents/TransparentSF_from_git/transparentSF/ai/output/weekly/10/15.json
2025-09-12 09:43:42,816 - INFO - Would migrate: /Users/simongoldman/Documents/TransparentSF_from_git/transparentSF/ai/output/weekly/10/19.json
2025-09-12 09:43:42,817 - INFO - Would migrate: /Users/simongoldman/Documents/TransparentSF_from_git/transparentSF/ai/output/weekly/10/23.json
2025-09-12 09:43:42,817 - INFO - Would migrate: /Users/simongoldman/Documents/TransparentSF_from_git/transparentSF/ai/output/weekly/10/9.json
2025-09-12 09:43:42,817 - INFO - Would migrate: /Users/simongoldman/Documents/TransparentSF_from_git/transparentSF/ai/output/weekly/10/2.md
2025-09-12 09:43:42,817 - INFO - Would migrate: /Users/simongoldman/Documents/TransparentSF_from_git/transparentSF/ai/output/weekly/8/41.json
2025-09-12 09:43:42,817 - INFO - Would migrate: /Users/simongoldman/Documents/TransparentSF_from_git/transparentSF/ai/output/weekly/8/16.json
2025-09-12 09:43:42,817 - INFO - Would migrate: /Users/simongoldman/Documents/TransparentSF_from_git/transparentSF/ai/output/weekly/8/1.md
2025-09-12 09:43:42,817 - INFO - Would migrate: /Users/simongoldman/Documents/TransparentSF_from_git/transparentSF/ai/output/weekly/8/19.md
2025-09-12 09:43:42,817 - INFO - Would migrate: /Users/simongoldman/Documents/TransparentSF_from_git/transparentSF/ai/output/weekly/8/4.md
2025-09-12 09:43:42,817 - INFO - Would migrate: /Users/simongoldman/Documents/TransparentSF_from_git/transparentSF/ai/output/weekly/8/16.md
2025-09-12 09:43:42,817 - INFO - Would migrate: /Users/simongoldman/Documents/TransparentSF_from_git/transparentSF/ai/output/weekly/8/22.md
2025-09-12 09:43:42,817 - INFO - Would migrate: /Users/simongoldman/Documents/TransparentSF_from_git/transparentSF/ai/output/weekly/8/43.md
2025-09-12 09:43:42,817 - INFO - Would migrate: /Users/simongoldman/Documents/TransparentSF_from_git/transparentSF/ai/output/weekly/8/30.json
2025-09-12 09:43:42,817 - INFO - Would migrate: /Users/simongoldman/Documents/TransparentSF_from_git/transparentSF/ai/output/weekly/8/1.json
2025-09-12 09:43:42,817 - INFO - Would migrate: /Users/simongoldman/Documents/TransparentSF_from_git/transparentSF/ai/output/weekly/8/23.md
2025-09-12 09:43:42,817 - INFO - Would migrate: /Users/simongoldman/Documents/TransparentSF_from_git/transparentSF/ai/output/weekly/8/2.json
2025-09-12 09:43:42,817 - INFO - Would migrate: /Users/simongoldman/Documents/TransparentSF_from_git/transparentSF/ai/output/weekly/8/24.md
2025-09-12 09:43:42,817 - INFO - Would migrate: /Users/simongoldman/Documents/TransparentSF_from_git/transparentSF/ai/output/weekly/8/41.md
2025-09-12 09:43:42,817 - INFO - Would migrate: /Users/simongoldman/Documents/TransparentSF_from_git/transparentSF/ai/output/weekly/8/9.md
2025-09-12 09:43:42,817 - INFO - Would migrate: /Users/simongoldman/Documents/TransparentSF_from_git/transparentSF/ai/output/weekly/8/34.md
2025-09-12 09:43:42,817 - INFO - Would migrate: /Users/simongoldman/Documents/TransparentSF_from_git/transparentSF/ai/output/weekly/8/24.json
2025-09-12 09:43:42,817 - INFO - Would migrate: /Users/simongoldman/Documents/TransparentSF_from_git/transparentSF/ai/output/weekly/8/30.md
2025-09-12 09:43:42,817 - INFO - Would migrate: /Users/simongoldman/Documents/TransparentSF_from_git/transparentSF/ai/output/weekly/8/15.md
2025-09-12 09:43:42,817 - INFO - Would migrate: /Users/simongoldman/Documents/TransparentSF_from_git/transparentSF/ai/output/weekly/8/8.md
2025-09-12 09:43:42,817 - INFO - Would migrate: /Users/simongoldman/Documents/TransparentSF_from_git/transparentSF/ai/output/weekly/8/3.json
2025-09-12 09:43:42,817 - INFO - Would migrate: /Users/simongoldman/Documents/TransparentSF_from_git/transparentSF/ai/output/weekly/8/34.json
2025-09-12 09:43:42,817 - INFO - Would migrate: /Users/simongoldman/Documents/TransparentSF_from_git/transparentSF/ai/output/weekly/8/8.json
2025-09-12 09:43:42,817 - INFO - Would migrate: /Users/simongoldman/Documents/TransparentSF_from_git/transparentSF/ai/output/weekly/8/22.json
2025-09-12 09:43:42,817 - INFO - Would migrate: /Users/simongoldman/Documents/TransparentSF_from_git/transparentSF/ai/output/weekly/8/3.md
2025-09-12 09:43:42,817 - INFO - Would migrate: /Users/simongoldman/Documents/TransparentSF_from_git/transparentSF/ai/output/weekly/8/4.json
2025-09-12 09:43:42,817 - INFO - Would migrate: /Users/simongoldman/Documents/TransparentSF_from_git/transparentSF/ai/output/weekly/8/43.json
2025-09-12 09:43:42,817 - INFO - Would migrate: /Users/simongoldman/Documents/TransparentSF_from_git/transparentSF/ai/output/weekly/8/15.json
2025-09-12 09:43:42,817 - INFO - Would migrate: /Users/simongoldman/Documents/TransparentSF_from_git/transparentSF/ai/output/weekly/8/19.json
2025-09-12 09:43:42,817 - INFO - Would migrate: /Users/simongoldman/Documents/TransparentSF_from_git/transparentSF/ai/output/weekly/8/23.json
2025-09-12 09:43:42,817 - INFO - Would migrate: /Users/simongoldman/Documents/TransparentSF_from_git/transparentSF/ai/output/weekly/8/9.json
2025-09-12 09:43:42,817 - INFO - Would migrate: /Users/simongoldman/Documents/TransparentSF_from_git/transparentSF/ai/output/weekly/8/2.md
2025-09-12 09:43:42,817 - INFO - Would migrate: /Users/simongoldman/Documents/TransparentSF_from_git/transparentSF/ai/output/weekly/4/16.json
2025-09-12 09:43:42,817 - INFO - Would migrate: /Users/simongoldman/Documents/TransparentSF_from_git/transparentSF/ai/output/weekly/4/1.md
2025-09-12 09:43:42,817 - INFO - Would migrate: /Users/simongoldman/Documents/TransparentSF_from_git/transparentSF/ai/output/weekly/4/19.md
2025-09-12 09:43:42,817 - INFO - Would migrate: /Users/simongoldman/Documents/TransparentSF_from_git/transparentSF/ai/output/weekly/4/4.md
2025-09-12 09:43:42,817 - INFO - Would migrate: /Users/simongoldman/Documents/TransparentSF_from_git/transparentSF/ai/output/weekly/4/16.md
2025-09-12 09:43:42,817 - INFO - Would migrate: /Users/simongoldman/Documents/TransparentSF_from_git/transparentSF/ai/output/weekly/4/22.md
2025-09-12 09:43:42,817 - INFO - Would migrate: /Users/simongoldman/Documents/TransparentSF_from_git/transparentSF/ai/output/weekly/4/30.json
2025-09-12 09:43:42,817 - INFO - Would migrate: /Users/simongoldman/Documents/TransparentSF_from_git/transparentSF/ai/output/weekly/4/1.json
2025-09-12 09:43:42,817 - INFO - Would migrate: /Users/simongoldman/Documents/TransparentSF_from_git/transparentSF/ai/output/weekly/4/23.md
2025-09-12 09:43:42,817 - INFO - Would migrate: /Users/simongoldman/Documents/TransparentSF_from_git/transparentSF/ai/output/weekly/4/2.json
2025-09-12 09:43:42,817 - INFO - Would migrate: /Users/simongoldman/Documents/TransparentSF_from_git/transparentSF/ai/output/weekly/4/24.md
2025-09-12 09:43:42,817 - INFO - Would migrate: /Users/simongoldman/Documents/TransparentSF_from_git/transparentSF/ai/output/weekly/4/9.md
2025-09-12 09:43:42,817 - INFO - Would migrate: /Users/simongoldman/Documents/TransparentSF_from_git/transparentSF/ai/output/weekly/4/24.json
2025-09-12 09:43:42,817 - INFO - Would migrate: /Users/simongoldman/Documents/TransparentSF_from_git/transparentSF/ai/output/weekly/4/30.md
2025-09-12 09:43:42,817 - INFO - Would migrate: /Users/simongoldman/Documents/TransparentSF_from_git/transparentSF/ai/output/weekly/4/15.md
2025-09-12 09:43:42,817 - INFO - Would migrate: /Users/simongoldman/Documents/TransparentSF_from_git/transparentSF/ai/output/weekly/4/8.md
2025-09-12 09:43:42,817 - INFO - Would migrate: /Users/simongoldman/Documents/TransparentSF_from_git/transparentSF/ai/output/weekly/4/3.json
2025-09-12 09:43:42,817 - INFO - Would migrate: /Users/simongoldman/Documents/TransparentSF_from_git/transparentSF/ai/output/weekly/4/8.json
2025-09-12 09:43:42,817 - INFO - Would migrate: /Users/simongoldman/Documents/TransparentSF_from_git/transparentSF/ai/output/weekly/4/22.json
2025-09-12 09:43:42,817 - INFO - Would migrate: /Users/simongoldman/Documents/TransparentSF_from_git/transparentSF/ai/output/weekly/4/3.md
2025-09-12 09:43:42,817 - INFO - Would migrate: /Users/simongoldman/Documents/TransparentSF_from_git/transparentSF/ai/output/weekly/4/4.json
2025-09-12 09:43:42,817 - INFO - Would migrate: /Users/simongoldman/Documents/TransparentSF_from_git/transparentSF/ai/output/weekly/4/15.json
2025-09-12 09:43:42,817 - INFO - Would migrate: /Users/simongoldman/Documents/TransparentSF_from_git/transparentSF/ai/output/weekly/4/19.json
2025-09-12 09:43:42,817 - INFO - Would migrate: /Users/simongoldman/Documents/TransparentSF_from_git/transparentSF/ai/output/weekly/4/23.json
2025-09-12 09:43:42,817 - INFO - Would migrate: /Users/simongoldman/Documents/TransparentSF_from_git/transparentSF/ai/output/weekly/4/9.json
2025-09-12 09:43:42,817 - INFO - Would migrate: /Users/simongoldman/Documents/TransparentSF_from_git/transparentSF/ai/output/weekly/4/2.md
2025-09-12 09:43:42,817 - INFO - Would migrate: /Users/simongoldman/Documents/TransparentSF_from_git/transparentSF/ai/output/weekly/3/16.json
2025-09-12 09:43:42,817 - INFO - Would migrate: /Users/simongoldman/Documents/TransparentSF_from_git/transparentSF/ai/output/weekly/3/1.md
2025-09-12 09:43:42,817 - INFO - Would migrate: /Users/simongoldman/Documents/TransparentSF_from_git/transparentSF/ai/output/weekly/3/19.md
2025-09-12 09:43:42,817 - INFO - Would migrate: /Users/simongoldman/Documents/TransparentSF_from_git/transparentSF/ai/output/weekly/3/29.md
2025-09-12 09:43:42,817 - INFO - Would migrate: /Users/simongoldman/Documents/TransparentSF_from_git/transparentSF/ai/output/weekly/3/4.md
2025-09-12 09:43:42,817 - INFO - Would migrate: /Users/simongoldman/Documents/TransparentSF_from_git/transparentSF/ai/output/weekly/3/16.md
2025-09-12 09:43:42,817 - INFO - Would migrate: /Users/simongoldman/Documents/TransparentSF_from_git/transparentSF/ai/output/weekly/3/22.md
2025-09-12 09:43:42,817 - INFO - Would migrate: /Users/simongoldman/Documents/TransparentSF_from_git/transparentSF/ai/output/weekly/3/30.json
2025-09-12 09:43:42,817 - INFO - Would migrate: /Users/simongoldman/Documents/TransparentSF_from_git/transparentSF/ai/output/weekly/3/1.json
2025-09-12 09:43:42,817 - INFO - Would migrate: /Users/simongoldman/Documents/TransparentSF_from_git/transparentSF/ai/output/weekly/3/23.md
2025-09-12 09:43:42,817 - INFO - Would migrate: /Users/simongoldman/Documents/TransparentSF_from_git/transparentSF/ai/output/weekly/3/2.json
2025-09-12 09:43:42,817 - INFO - Would migrate: /Users/simongoldman/Documents/TransparentSF_from_git/transparentSF/ai/output/weekly/3/24.md
2025-09-12 09:43:42,817 - INFO - Would migrate: /Users/simongoldman/Documents/TransparentSF_from_git/transparentSF/ai/output/weekly/3/9.md
2025-09-12 09:43:42,817 - INFO - Would migrate: /Users/simongoldman/Documents/TransparentSF_from_git/transparentSF/ai/output/weekly/3/34.md
2025-09-12 09:43:42,817 - INFO - Would migrate: /Users/simongoldman/Documents/TransparentSF_from_git/transparentSF/ai/output/weekly/3/24.json
2025-09-12 09:43:42,817 - INFO - Would migrate: /Users/simongoldman/Documents/TransparentSF_from_git/transparentSF/ai/output/weekly/3/30.md
2025-09-12 09:43:42,817 - INFO - Would migrate: /Users/simongoldman/Documents/TransparentSF_from_git/transparentSF/ai/output/weekly/3/15.md
2025-09-12 09:43:42,817 - INFO - Would migrate: /Users/simongoldman/Documents/TransparentSF_from_git/transparentSF/ai/output/weekly/3/29.json
2025-09-12 09:43:42,817 - INFO - Would migrate: /Users/simongoldman/Documents/TransparentSF_from_git/transparentSF/ai/output/weekly/3/8.md
2025-09-12 09:43:42,817 - INFO - Would migrate: /Users/simongoldman/Documents/TransparentSF_from_git/transparentSF/ai/output/weekly/3/3.json
2025-09-12 09:43:42,817 - INFO - Would migrate: /Users/simongoldman/Documents/TransparentSF_from_git/transparentSF/ai/output/weekly/3/34.json
2025-09-12 09:43:42,817 - INFO - Would migrate: /Users/simongoldman/Documents/TransparentSF_from_git/transparentSF/ai/output/weekly/3/8.json
2025-09-12 09:43:42,817 - INFO - Would migrate: /Users/simongoldman/Documents/TransparentSF_from_git/transparentSF/ai/output/weekly/3/22.json
2025-09-12 09:43:42,818 - INFO - Would migrate: /Users/simongoldman/Documents/TransparentSF_from_git/transparentSF/ai/output/weekly/3/3.md
2025-09-12 09:43:42,818 - INFO - Would migrate: /Users/simongoldman/Documents/TransparentSF_from_git/transparentSF/ai/output/weekly/3/4.json
2025-09-12 09:43:42,818 - INFO - Would migrate: /Users/simongoldman/Documents/TransparentSF_from_git/transparentSF/ai/output/weekly/3/15.json
2025-09-12 09:43:42,818 - INFO - Would migrate: /Users/simongoldman/Documents/TransparentSF_from_git/transparentSF/ai/output/weekly/3/19.json
2025-09-12 09:43:42,818 - INFO - Would migrate: /Users/simongoldman/Documents/TransparentSF_from_git/transparentSF/ai/output/weekly/3/23.json
2025-09-12 09:43:42,818 - INFO - Would migrate: /Users/simongoldman/Documents/TransparentSF_from_git/transparentSF/ai/output/weekly/3/9.json
2025-09-12 09:43:42,818 - INFO - Would migrate: /Users/simongoldman/Documents/TransparentSF_from_git/transparentSF/ai/output/weekly/3/2.md
2025-09-12 09:43:42,818 - INFO - Would migrate: /Users/simongoldman/Documents/TransparentSF_from_git/transparentSF/ai/output/weekly/2/16.json
2025-09-12 09:43:42,818 - INFO - Would migrate: /Users/simongoldman/Documents/TransparentSF_from_git/transparentSF/ai/output/weekly/2/1.md
2025-09-12 09:43:42,818 - INFO - Would migrate: /Users/simongoldman/Documents/TransparentSF_from_git/transparentSF/ai/output/weekly/2/19.md
2025-09-12 09:43:42,818 - INFO - Would migrate: /Users/simongoldman/Documents/TransparentSF_from_git/transparentSF/ai/output/weekly/2/4.md
2025-09-12 09:43:42,818 - INFO - Would migrate: /Users/simongoldman/Documents/TransparentSF_from_git/transparentSF/ai/output/weekly/2/16.md
2025-09-12 09:43:42,818 - INFO - Would migrate: /Users/simongoldman/Documents/TransparentSF_from_git/transparentSF/ai/output/weekly/2/22.md
2025-09-12 09:43:42,818 - INFO - Would migrate: /Users/simongoldman/Documents/TransparentSF_from_git/transparentSF/ai/output/weekly/2/30.json
2025-09-12 09:43:42,818 - INFO - Would migrate: /Users/simongoldman/Documents/TransparentSF_from_git/transparentSF/ai/output/weekly/2/1.json
2025-09-12 09:43:42,818 - INFO - Would migrate: /Users/simongoldman/Documents/TransparentSF_from_git/transparentSF/ai/output/weekly/2/23.md
2025-09-12 09:43:42,818 - INFO - Would migrate: /Users/simongoldman/Documents/TransparentSF_from_git/transparentSF/ai/output/weekly/2/2.json
2025-09-12 09:43:42,818 - INFO - Would migrate: /Users/simongoldman/Documents/TransparentSF_from_git/transparentSF/ai/output/weekly/2/24.md
2025-09-12 09:43:42,818 - INFO - Would migrate: /Users/simongoldman/Documents/TransparentSF_from_git/transparentSF/ai/output/weekly/2/9.md
2025-09-12 09:43:42,818 - INFO - Would migrate: /Users/simongoldman/Documents/TransparentSF_from_git/transparentSF/ai/output/weekly/2/34.md
2025-09-12 09:43:42,818 - INFO - Would migrate: /Users/simongoldman/Documents/TransparentSF_from_git/transparentSF/ai/output/weekly/2/24.json
2025-09-12 09:43:42,818 - INFO - Would migrate: /Users/simongoldman/Documents/TransparentSF_from_git/transparentSF/ai/output/weekly/2/30.md
2025-09-12 09:43:42,818 - INFO - Would migrate: /Users/simongoldman/Documents/TransparentSF_from_git/transparentSF/ai/output/weekly/2/15.md
2025-09-12 09:43:42,818 - INFO - Would migrate: /Users/simongoldman/Documents/TransparentSF_from_git/transparentSF/ai/output/weekly/2/8.md
2025-09-12 09:43:42,818 - INFO - Would migrate: /Users/simongoldman/Documents/TransparentSF_from_git/transparentSF/ai/output/weekly/2/3.json
2025-09-12 09:43:42,818 - INFO - Would migrate: /Users/simongoldman/Documents/TransparentSF_from_git/transparentSF/ai/output/weekly/2/34.json
2025-09-12 09:43:42,818 - INFO - Would migrate: /Users/simongoldman/Documents/TransparentSF_from_git/transparentSF/ai/output/weekly/2/8.json
2025-09-12 09:43:42,818 - INFO - Would migrate: /Users/simongoldman/Documents/TransparentSF_from_git/transparentSF/ai/output/weekly/2/22.json
2025-09-12 09:43:42,818 - INFO - Would migrate: /Users/simongoldman/Documents/TransparentSF_from_git/transparentSF/ai/output/weekly/2/3.md
2025-09-12 09:43:42,818 - INFO - Would migrate: /Users/simongoldman/Documents/TransparentSF_from_git/transparentSF/ai/output/weekly/2/4.json
2025-09-12 09:43:42,818 - INFO - Would migrate: /Users/simongoldman/Documents/TransparentSF_from_git/transparentSF/ai/output/weekly/2/15.json
2025-09-12 09:43:42,818 - INFO - Would migrate: /Users/simongoldman/Documents/TransparentSF_from_git/transparentSF/ai/output/weekly/2/19.json
2025-09-12 09:43:42,818 - INFO - Would migrate: /Users/simongoldman/Documents/TransparentSF_from_git/transparentSF/ai/output/weekly/2/23.json
2025-09-12 09:43:42,818 - INFO - Would migrate: /Users/simongoldman/Documents/TransparentSF_from_git/transparentSF/ai/output/weekly/2/9.json
2025-09-12 09:43:42,818 - INFO - Would migrate: /Users/simongoldman/Documents/TransparentSF_from_git/transparentSF/ai/output/weekly/2/2.md
2025-09-12 09:43:42,818 - INFO - Would migrate: /Users/simongoldman/Documents/TransparentSF_from_git/transparentSF/ai/output/weekly/5/16.json
2025-09-12 09:43:42,818 - INFO - Would migrate: /Users/simongoldman/Documents/TransparentSF_from_git/transparentSF/ai/output/weekly/5/1.md
2025-09-12 09:43:42,818 - INFO - Would migrate: /Users/simongoldman/Documents/TransparentSF_from_git/transparentSF/ai/output/weekly/5/19.md
2025-09-12 09:43:42,818 - INFO - Would migrate: /Users/simongoldman/Documents/TransparentSF_from_git/transparentSF/ai/output/weekly/5/4.md
2025-09-12 09:43:42,818 - INFO - Would migrate: /Users/simongoldman/Documents/TransparentSF_from_git/transparentSF/ai/output/weekly/5/16.md
2025-09-12 09:43:42,818 - INFO - Would migrate: /Users/simongoldman/Documents/TransparentSF_from_git/transparentSF/ai/output/weekly/5/22.md
2025-09-12 09:43:42,818 - INFO - Would migrate: /Users/simongoldman/Documents/TransparentSF_from_git/transparentSF/ai/output/weekly/5/30.json
2025-09-12 09:43:42,818 - INFO - Would migrate: /Users/simongoldman/Documents/TransparentSF_from_git/transparentSF/ai/output/weekly/5/1.json
2025-09-12 09:43:42,818 - INFO - Would migrate: /Users/simongoldman/Documents/TransparentSF_from_git/transparentSF/ai/output/weekly/5/23.md
2025-09-12 09:43:42,818 - INFO - Would migrate: /Users/simongoldman/Documents/TransparentSF_from_git/transparentSF/ai/output/weekly/5/2.json
2025-09-12 09:43:42,818 - INFO - Would migrate: /Users/simongoldman/Documents/TransparentSF_from_git/transparentSF/ai/output/weekly/5/24.md
2025-09-12 09:43:42,818 - INFO - Would migrate: /Users/simongoldman/Documents/TransparentSF_from_git/transparentSF/ai/output/weekly/5/9.md
2025-09-12 09:43:42,818 - INFO - Would migrate: /Users/simongoldman/Documents/TransparentSF_from_git/transparentSF/ai/output/weekly/5/34.md
2025-09-12 09:43:42,818 - INFO - Would migrate: /Users/simongoldman/Documents/TransparentSF_from_git/transparentSF/ai/output/weekly/5/24.json
2025-09-12 09:43:42,818 - INFO - Would migrate: /Users/simongoldman/Documents/TransparentSF_from_git/transparentSF/ai/output/weekly/5/30.md
2025-09-12 09:43:42,818 - INFO - Would migrate: /Users/simongoldman/Documents/TransparentSF_from_git/transparentSF/ai/output/weekly/5/15.md
2025-09-12 09:43:42,818 - INFO - Would migrate: /Users/simongoldman/Documents/TransparentSF_from_git/transparentSF/ai/output/weekly/5/8.md
2025-09-12 09:43:42,818 - INFO - Would migrate: /Users/simongoldman/Documents/TransparentSF_from_git/transparentSF/ai/output/weekly/5/3.json
2025-09-12 09:43:42,818 - INFO - Would migrate: /Users/simongoldman/Documents/TransparentSF_from_git/transparentSF/ai/output/weekly/5/34.json
2025-09-12 09:43:42,818 - INFO - Would migrate: /Users/simongoldman/Documents/TransparentSF_from_git/transparentSF/ai/output/weekly/5/8.json
2025-09-12 09:43:42,818 - INFO - Would migrate: /Users/simongoldman/Documents/TransparentSF_from_git/transparentSF/ai/output/weekly/5/22.json
2025-09-12 09:43:42,818 - INFO - Would migrate: /Users/simongoldman/Documents/TransparentSF_from_git/transparentSF/ai/output/weekly/5/3.md
2025-09-12 09:43:42,818 - INFO - Would migrate: /Users/simongoldman/Documents/TransparentSF_from_git/transparentSF/ai/output/weekly/5/4.json
2025-09-12 09:43:42,818 - INFO - Would migrate: /Users/simongoldman/Documents/TransparentSF_from_git/transparentSF/ai/output/weekly/5/15.json
2025-09-12 09:43:42,818 - INFO - Would migrate: /Users/simongoldman/Documents/TransparentSF_from_git/transparentSF/ai/output/weekly/5/19.json
2025-09-12 09:43:42,818 - INFO - Would migrate: /Users/simongoldman/Documents/TransparentSF_from_git/transparentSF/ai/output/weekly/5/23.json
2025-09-12 09:43:42,818 - INFO - Would migrate: /Users/simongoldman/Documents/TransparentSF_from_git/transparentSF/ai/output/weekly/5/9.json
2025-09-12 09:43:42,818 - INFO - Would migrate: /Users/simongoldman/Documents/TransparentSF_from_git/transparentSF/ai/output/weekly/5/2.md
2025-09-12 09:43:42,818 - INFO - Migrating reports files...
2025-09-12 09:43:42,818 - INFO - Would migrate: /Users/simongoldman/Documents/TransparentSF_from_git/transparentSF/ai/output/reports/New_Expansion_Test_20250908_000000_raw_response.txt
2025-09-12 09:43:42,818 - INFO - Would migrate: /Users/simongoldman/Documents/TransparentSF_from_git/transparentSF/ai/output/reports/monthly_report_3_2025_09_final.html
2025-09-12 09:43:42,818 - INFO - Would migrate: /Users/simongoldman/Documents/TransparentSF_from_git/transparentSF/ai/output/reports/New_Clean_Gpt_40_20250909_000000.html
2025-09-12 09:43:42,818 - INFO - Would migrate: /Users/simongoldman/Documents/TransparentSF_from_git/transparentSF/ai/output/reports/monthly_report_11_2025_09_for_proofreading.html
2025-09-12 09:43:42,818 - INFO - Would migrate: /Users/simongoldman/Documents/TransparentSF_from_git/transparentSF/ai/output/reports/monthly_report_5_2025_09_raw_response.txt
2025-09-12 09:43:42,818 - INFO - Would migrate: /Users/simongoldman/Documents/TransparentSF_from_git/transparentSF/ai/output/reports/monthly_report_4_2025_09_revised.html
2025-09-12 09:43:42,818 - INFO - Would migrate: /Users/simongoldman/Documents/TransparentSF_from_git/transparentSF/ai/output/reports/monthly_report_3_2025_09_email.html
2025-09-12 09:43:42,818 - INFO - Would migrate: /Users/simongoldman/Documents/TransparentSF_from_git/transparentSF/ai/output/reports/monthly_report_11_2025_09_test_final.html
2025-09-12 09:43:42,819 - INFO - Would migrate: /Users/simongoldman/Documents/TransparentSF_from_git/transparentSF/ai/output/reports/New_Expansion_Test_20250908_000000_revised.html
2025-09-12 09:43:42,819 - INFO - Would migrate: /Users/simongoldman/Documents/TransparentSF_from_git/transparentSF/ai/output/reports/monthly_report_1_2025_09_for_proofreading_revised_email.html
2025-09-12 09:43:42,819 - INFO - Would migrate: /Users/simongoldman/Documents/TransparentSF_from_git/transparentSF/ai/output/reports/New_Clean_Gpt_40_20250909_000000_email.html
2025-09-12 09:43:42,819 - INFO - Would migrate: /Users/simongoldman/Documents/TransparentSF_from_git/transparentSF/ai/output/reports/monthly_report_3_2025_09_with_placeholders.html
2025-09-12 09:43:42,819 - INFO - Would migrate: /Users/simongoldman/Documents/TransparentSF_from_git/transparentSF/ai/output/reports/New_Expansion_Test_20250908_000000.html
2025-09-12 09:43:42,819 - INFO - Would migrate: /Users/simongoldman/Documents/TransparentSF_from_git/transparentSF/ai/output/reports/monthly_report_1_2025_09.html
2025-09-12 09:43:42,819 - INFO - Would migrate: /Users/simongoldman/Documents/TransparentSF_from_git/transparentSF/ai/output/reports/New_Clean_Gpt_40_20250909_000000_final.html
2025-09-12 09:43:42,819 - INFO - Would migrate: /Users/simongoldman/Documents/TransparentSF_from_git/transparentSF/ai/output/reports/monthly_report_1_2025_09_for_proofreading_revised_final.html
2025-09-12 09:43:42,819 - INFO - Would migrate: /Users/simongoldman/Documents/TransparentSF_from_git/transparentSF/ai/output/reports/New_Clean_Gpt_40_20250909_000000_revised.html
2025-09-12 09:43:42,819 - INFO - Would migrate: /Users/simongoldman/Documents/TransparentSF_from_git/transparentSF/ai/output/reports/monthly_report_1_2025_09_for_proofreading.html
2025-09-12 09:43:42,819 - INFO - Would migrate: /Users/simongoldman/Documents/TransparentSF_from_git/transparentSF/ai/output/reports/Traffic_Clean_-_Grok_4_August_20250908_000000_final.html
2025-09-12 09:43:42,819 - INFO - Would migrate: /Users/simongoldman/Documents/TransparentSF_from_git/transparentSF/ai/output/reports/monthly_report_2_2025_09_for_proofreading_revised_email.html
2025-09-12 09:43:42,819 - INFO - Would migrate: /Users/simongoldman/Documents/TransparentSF_from_git/transparentSF/ai/output/reports/Traffic_Clean_-_Grok_4_August_20250908_000000_email.html
2025-09-12 09:43:42,819 - INFO - Would migrate: /Users/simongoldman/Documents/TransparentSF_from_git/transparentSF/ai/output/reports/Traffic_Clean_-_Grok_4_August_20250908_000000_revised.html
2025-09-12 09:43:42,819 - INFO - Would migrate: /Users/simongoldman/Documents/TransparentSF_from_git/transparentSF/ai/output/reports/monthly_report_10_2025_09_for_proofreading.html
2025-09-12 09:43:42,819 - INFO - Would migrate: /Users/simongoldman/Documents/TransparentSF_from_git/transparentSF/ai/output/reports/Traffic_Clean_-_Grok_4_August_20250908_000000.html
2025-09-12 09:43:42,819 - INFO - Would migrate: /Users/simongoldman/Documents/TransparentSF_from_git/transparentSF/ai/output/reports/monthly_report_2_2025_09_for_proofreading_revised_final.html
2025-09-12 09:43:42,819 - INFO - Would migrate: /Users/simongoldman/Documents/TransparentSF_from_git/transparentSF/ai/output/reports/monthly_report_2_2025_09_with_placeholders.html
2025-09-12 09:43:42,819 - INFO - Would migrate: /Users/simongoldman/Documents/TransparentSF_from_git/transparentSF/ai/output/reports/monthly_report_11_2025_09_for_proofreading_revised_email.html
2025-09-12 09:43:42,819 - INFO - Would migrate: /Users/simongoldman/Documents/TransparentSF_from_git/transparentSF/ai/output/reports/itation_20250906_000000_revised.html
2025-09-12 09:43:42,819 - INFO - Would migrate: /Users/simongoldman/Documents/TransparentSF_from_git/transparentSF/ai/output/reports/monthly_report_11_2025_09_final.html
2025-09-12 09:43:42,819 - INFO - Would migrate: /Users/simongoldman/Documents/TransparentSF_from_git/transparentSF/ai/output/reports/monthly_report_1_2025_09_for_proofreading_raw_response.txt
2025-09-12 09:43:42,819 - INFO - Would migrate: /Users/simongoldman/Documents/TransparentSF_from_git/transparentSF/ai/output/reports/monthly_report_4_2025_09_with_placeholders.html
2025-09-12 09:43:42,819 - INFO - Would migrate: /Users/simongoldman/Documents/TransparentSF_from_git/transparentSF/ai/output/reports/monthly_report_1_2025_09_for_proofreading_revised.html
2025-09-12 09:43:42,819 - INFO - Would migrate: /Users/simongoldman/Documents/TransparentSF_from_git/transparentSF/ai/output/reports/monthly_report_3_2025_09_for_proofreading_revised.html
2025-09-12 09:43:42,819 - INFO - Would migrate: /Users/simongoldman/Documents/TransparentSF_from_git/transparentSF/ai/output/reports/monthly_report_4_2025_09_raw_response.txt
2025-09-12 09:43:42,819 - INFO - Would migrate: /Users/simongoldman/Documents/TransparentSF_from_git/transparentSF/ai/output/reports/monthly_report_11_2025_09_email.html
2025-09-12 09:43:42,819 - INFO - Would migrate: /Users/simongoldman/Documents/TransparentSF_from_git/transparentSF/ai/output/reports/monthly_report_11_2025_09_for_proofreading_revised_final.html
2025-09-12 09:43:42,819 - INFO - Would migrate: /Users/simongoldman/Documents/TransparentSF_from_git/transparentSF/ai/output/reports/monthly_report_2_2025_09_for_proofreading_revised.html
2025-09-12 09:43:42,819 - INFO - Would migrate: /Users/simongoldman/Documents/TransparentSF_from_git/transparentSF/ai/output/reports/monthly_report_10_2025_09_final.html
2025-09-12 09:43:42,819 - INFO - Would migrate: /Users/simongoldman/Documents/TransparentSF_from_git/transparentSF/ai/output/reports/monthly_report_10_2025_09_for_proofreading_raw_response.txt
2025-09-12 09:43:42,819 - INFO - Would migrate: /Users/simongoldman/Documents/TransparentSF_from_git/transparentSF/ai/output/reports/itation_20250906_000000_raw_response.txt
2025-09-12 09:43:42,819 - INFO - Would migrate: /Users/simongoldman/Documents/TransparentSF_from_git/transparentSF/ai/output/reports/itation_20250906_000000.html
2025-09-12 09:43:42,819 - INFO - Would migrate: /Users/simongoldman/Documents/TransparentSF_from_git/transparentSF/ai/output/reports/monthly_report_11_2025_09_for_proofreading_raw_response.txt
2025-09-12 09:43:42,819 - INFO - Would migrate: /Users/simongoldman/Documents/TransparentSF_from_git/transparentSF/ai/output/reports/monthly_report_4_2025_09_final.html
2025-09-12 09:43:42,819 - INFO - Would migrate: /Users/simongoldman/Documents/TransparentSF_from_git/transparentSF/ai/output/reports/monthly_report_10_2025_09_email.html
2025-09-12 09:43:42,819 - INFO - Would migrate: /Users/simongoldman/Documents/TransparentSF_from_git/transparentSF/ai/output/reports/monthly_report_2_2025_09_for_proofreading.html
2025-09-12 09:43:42,819 - INFO - Would migrate: /Users/simongoldman/Documents/TransparentSF_from_git/transparentSF/ai/output/reports/itation_20250906_000000_email.html
2025-09-12 09:43:42,819 - INFO - Would migrate: /Users/simongoldman/Documents/TransparentSF_from_git/transparentSF/ai/output/reports/monthly_report_10_2025_09_with_placeholders.html
2025-09-12 09:43:42,819 - INFO - Would migrate: /Users/simongoldman/Documents/TransparentSF_from_git/transparentSF/ai/output/reports/monthly_report_11_2025_09_test_final2.html
2025-09-12 09:43:42,819 - INFO - Would migrate: /Users/simongoldman/Documents/TransparentSF_from_git/transparentSF/ai/output/reports/monthly_report_1_2025_09_with_placeholders.html
2025-09-12 09:43:42,819 - INFO - Would migrate: /Users/simongoldman/Documents/TransparentSF_from_git/transparentSF/ai/output/reports/monthly_report_10_2025_09_for_proofreading_revised.html
2025-09-12 09:43:42,819 - INFO - Would migrate: /Users/simongoldman/Documents/TransparentSF_from_git/transparentSF/ai/output/reports/itation_20250906_000000_final.html
2025-09-12 09:43:42,819 - INFO - Would migrate: /Users/simongoldman/Documents/TransparentSF_from_git/transparentSF/ai/output/reports/monthly_report_11_2025_09_for_proofreading_revised.html
2025-09-12 09:43:42,819 - INFO - Would migrate: /Users/simongoldman/Documents/TransparentSF_from_git/transparentSF/ai/output/reports/New_Clean_Gpt_40_20250909_000000_revised_email.html
2025-09-12 09:43:42,819 - INFO - Would migrate: /Users/simongoldman/Documents/TransparentSF_from_git/transparentSF/ai/output/reports/New_Expansion_Test_20250908_000000_final.html
2025-09-12 09:43:42,819 - INFO - Would migrate: /Users/simongoldman/Documents/TransparentSF_from_git/transparentSF/ai/output/reports/monthly_report_10_2025_09.html
2025-09-12 09:43:42,819 - INFO - Would migrate: /Users/simongoldman/Documents/TransparentSF_from_git/transparentSF/ai/output/reports/monthly_report_10_2025_09_for_proofreading_revised_final.html
2025-09-12 09:43:42,819 - INFO - Would migrate: /Users/simongoldman/Documents/TransparentSF_from_git/transparentSF/ai/output/reports/monthly_report_1_2025_09_email.html
2025-09-12 09:43:42,819 - INFO - Would migrate: /Users/simongoldman/Documents/TransparentSF_from_git/transparentSF/ai/output/reports/New_Expansion_Test_20250908_000000_email.html
2025-09-12 09:43:42,819 - INFO - Would migrate: /Users/simongoldman/Documents/TransparentSF_from_git/transparentSF/ai/output/reports/monthly_report_4_2025_09_for_proofreading.html
2025-09-12 09:43:42,819 - INFO - Would migrate: /Users/simongoldman/Documents/TransparentSF_from_git/transparentSF/ai/output/reports/monthly_report_4_2025_09.html
2025-09-12 09:43:42,819 - INFO - Would migrate: /Users/simongoldman/Documents/TransparentSF_from_git/transparentSF/ai/output/reports/monthly_report_10_2025_09_for_proofreading_revised_email.html
2025-09-12 09:43:42,819 - INFO - Would migrate: /Users/simongoldman/Documents/TransparentSF_from_git/transparentSF/ai/output/reports/monthly_report_1_2025_09_final.html
2025-09-12 09:43:42,819 - INFO - Would migrate: /Users/simongoldman/Documents/TransparentSF_from_git/transparentSF/ai/output/reports/monthly_report_3_2025_09.html
2025-09-12 09:43:42,819 - INFO - Would migrate: /Users/simongoldman/Documents/TransparentSF_from_git/transparentSF/ai/output/reports/monthly_report_11_2025_09.html
2025-09-12 09:43:42,819 - INFO - Would migrate: /Users/simongoldman/Documents/TransparentSF_from_git/transparentSF/ai/output/reports/monthly_report_2_2025_09_final.html
2025-09-12 09:43:42,819 - INFO - Would migrate: /Users/simongoldman/Documents/TransparentSF_from_git/transparentSF/ai/output/reports/monthly_report_3_2025_09_for_proofreading_revised_final.html
2025-09-12 09:43:42,819 - INFO - Would migrate: /Users/simongoldman/Documents/TransparentSF_from_git/transparentSF/ai/output/reports/monthly_report_3_2025_09_for_proofreading_raw_response.txt
2025-09-12 09:43:42,819 - INFO - Would migrate: /Users/simongoldman/Documents/TransparentSF_from_git/transparentSF/ai/output/reports/New_Clean_Gpt_40_20250909_000000_raw_response.txt
2025-09-12 09:43:42,819 - INFO - Would migrate: /Users/simongoldman/Documents/TransparentSF_from_git/transparentSF/ai/output/reports/monthly_report_2_2025_09.html
2025-09-12 09:43:42,819 - INFO - Would migrate: /Users/simongoldman/Documents/TransparentSF_from_git/transparentSF/ai/output/reports/monthly_report_5_2025_09.html
2025-09-12 09:43:42,819 - INFO - Would migrate: /Users/simongoldman/Documents/TransparentSF_from_git/transparentSF/ai/output/reports/monthly_report_2_2025_09_for_proofreading_raw_response.txt
2025-09-12 09:43:42,819 - INFO - Would migrate: /Users/simongoldman/Documents/TransparentSF_from_git/transparentSF/ai/output/reports/monthly_report_2_2025_09_email.html
2025-09-12 09:43:42,819 - INFO - Would migrate: /Users/simongoldman/Documents/TransparentSF_from_git/transparentSF/ai/output/reports/monthly_report_11_2025_09_with_placeholders.html
2025-09-12 09:43:42,819 - INFO - Would migrate: /Users/simongoldman/Documents/TransparentSF_from_git/transparentSF/ai/output/reports/monthly_report_3_2025_09_for_proofreading.html
2025-09-12 09:43:42,819 - INFO - Would migrate: /Users/simongoldman/Documents/TransparentSF_from_git/transparentSF/ai/output/reports/Traffic_Clean_-_Grok_4_August_20250908_000000_raw_response.txt
2025-09-12 09:43:42,819 - INFO - Would migrate: /Users/simongoldman/Documents/TransparentSF_from_git/transparentSF/ai/output/reports/monthly_report_3_2025_09_for_proofreading_revised_email.html
2025-09-12 09:43:42,819 - INFO - Migrating notes files...
2025-09-12 09:43:42,819 - INFO - Would migrate: /Users/simongoldman/Documents/TransparentSF_from_git/transparentSF/ai/output/notes/combined_notes.txt
2025-09-12 09:43:42,819 - INFO - ==================================================
2025-09-12 09:43:42,819 - INFO - MIGRATION STATISTICS
2025-09-12 09:43:42,819 - INFO - ==================================================
2025-09-12 09:43:42,819 - INFO - Total files processed: 1698
2025-09-12 09:43:42,819 - INFO - Successful uploads: 0
2025-09-12 09:43:42,819 - INFO - Failed uploads: 0
2025-09-12 09:43:42,819 - INFO - Skipped files: 1698
2025-09-12 09:43:42,819 - INFO - 
2025-09-12 09:43:42,819 - INFO - By file type:
2025-09-12 09:43:42,819 - INFO -   dashboard: 0/524 successful
2025-09-12 09:43:42,819 - INFO -   monthly: 0/372 successful
2025-09-12 09:43:42,819 - INFO -   annual: 0/375 successful
2025-09-12 09:43:42,819 - INFO -   weekly: 0/350 successful
2025-09-12 09:43:42,819 - INFO -   reports: 0/76 successful
2025-09-12 09:43:42,819 - INFO -   notes: 0/1 successful
2025-09-12 09:43:42,819 - INFO - ==================================================
2025-09-12 09:43:42,820 - INFO - Migration completed successfully!
2025-09-12 09:43:49,705 - INFO - GCS initialized successfully with bucket: tsf_output
2025-09-12 09:43:49,705 - INFO - Storage configuration:
2025-09-12 09:43:49,705 - INFO -   gcs_enabled: True
2025-09-12 09:43:49,705 - INFO -   bucket_name: tsf_output
2025-09-12 09:43:49,706 - INFO -   project_id: euphoric-oath-467718-p3
2025-09-12 09:43:49,706 - INFO -   local_fallback_dir: /Users/simongoldman/Documents/TransparentSF_from_git/transparentSF/ai/tools/../output
2025-09-12 09:43:49,706 - INFO -   gcs_available: True
2025-09-12 09:43:49,706 - INFO - Starting migration process...
2025-09-12 09:43:49,706 - INFO - Scanning output directory: /Users/simongoldman/Documents/TransparentSF_from_git/transparentSF/ai/output
2025-09-12 09:43:49,714 - INFO - Found 1698 files to migrate:
2025-09-12 09:43:49,714 - INFO -   dashboard: 524 files
2025-09-12 09:43:49,714 - INFO -   monthly: 372 files
2025-09-12 09:43:49,714 - INFO -   annual: 375 files
2025-09-12 09:43:49,714 - INFO -   weekly: 350 files
2025-09-12 09:43:49,714 - INFO -   reports: 76 files
2025-09-12 09:43:49,714 - INFO -   notes: 1 files
2025-09-12 09:43:49,714 - INFO - Migrating dashboard files...
2025-09-12 09:43:50,110 - INFO - Successfully stored file in GCS: transparentsf/dashboard/9/top_level.json
2025-09-12 09:43:50,111 - INFO - Successfully migrated: /Users/simongoldman/Documents/TransparentSF_from_git/transparentSF/ai/output/dashboard/9/top_level.json
2025-09-12 09:43:50,439 - INFO - Successfully stored file in GCS: transparentsf/dashboard/9/16.json
2025-09-12 09:43:50,439 - INFO - Successfully migrated: /Users/simongoldman/Documents/TransparentSF_from_git/transparentSF/ai/output/dashboard/9/16.json
2025-09-12 09:43:50,761 - INFO - Successfully stored file in GCS: transparentsf/dashboard/9/17.json
2025-09-12 09:43:50,761 - INFO - Successfully migrated: /Users/simongoldman/Documents/TransparentSF_from_git/transparentSF/ai/output/dashboard/9/17.json
2025-09-12 09:43:51,084 - INFO - Successfully stored file in GCS: transparentsf/dashboard/9/40.json
2025-09-12 09:43:51,084 - INFO - Successfully migrated: /Users/simongoldman/Documents/TransparentSF_from_git/transparentSF/ai/output/dashboard/9/40.json
2025-09-12 09:43:51,396 - INFO - Successfully stored file in GCS: transparentsf/dashboard/9/71.json
2025-09-12 09:43:51,396 - INFO - Successfully migrated: /Users/simongoldman/Documents/TransparentSF_from_git/transparentSF/ai/output/dashboard/9/71.json
2025-09-12 09:43:51,768 - INFO - Successfully stored file in GCS: transparentsf/dashboard/9/30.json
2025-09-12 09:43:51,768 - INFO - Successfully migrated: /Users/simongoldman/Documents/TransparentSF_from_git/transparentSF/ai/output/dashboard/9/30.json
2025-09-12 09:43:52,087 - INFO - Successfully stored file in GCS: transparentsf/dashboard/9/70.json
2025-09-12 09:43:52,088 - INFO - Successfully migrated: /Users/simongoldman/Documents/TransparentSF_from_git/transparentSF/ai/output/dashboard/9/70.json
2025-09-12 09:43:52,405 - INFO - Successfully stored file in GCS: transparentsf/dashboard/9/1.json
2025-09-12 09:43:52,405 - INFO - Successfully migrated: /Users/simongoldman/Documents/TransparentSF_from_git/transparentSF/ai/output/dashboard/9/1.json
2025-09-12 09:43:52,729 - INFO - Successfully stored file in GCS: transparentsf/dashboard/9/2.json
2025-09-12 09:43:52,729 - INFO - Successfully migrated: /Users/simongoldman/Documents/TransparentSF_from_git/transparentSF/ai/output/dashboard/9/2.json
2025-09-12 09:43:53,057 - INFO - Successfully stored file in GCS: transparentsf/dashboard/9/12.json
2025-09-12 09:43:53,057 - INFO - Successfully migrated: /Users/simongoldman/Documents/TransparentSF_from_git/transparentSF/ai/output/dashboard/9/12.json
2025-09-12 09:43:53,346 - INFO - Successfully stored file in GCS: transparentsf/dashboard/9/73.json
2025-09-12 09:43:53,346 - INFO - Successfully migrated: /Users/simongoldman/Documents/TransparentSF_from_git/transparentSF/ai/output/dashboard/9/73.json
2025-09-12 09:43:53,645 - INFO - Successfully stored file in GCS: transparentsf/dashboard/9/24.json
2025-09-12 09:43:53,645 - INFO - Successfully migrated: /Users/simongoldman/Documents/TransparentSF_from_git/transparentSF/ai/output/dashboard/9/24.json
2025-09-12 09:43:53,925 - INFO - Successfully stored file in GCS: transparentsf/dashboard/9/72.json
2025-09-12 09:43:53,926 - INFO - Successfully migrated: /Users/simongoldman/Documents/TransparentSF_from_git/transparentSF/ai/output/dashboard/9/72.json
2025-09-12 09:43:54,235 - INFO - Successfully stored file in GCS: transparentsf/dashboard/9/29.json
2025-09-12 09:43:54,236 - INFO - Successfully migrated: /Users/simongoldman/Documents/TransparentSF_from_git/transparentSF/ai/output/dashboard/9/29.json
2025-09-12 09:43:54,643 - INFO - Successfully stored file in GCS: transparentsf/dashboard/9/3.json
2025-09-12 09:43:54,644 - INFO - Successfully migrated: /Users/simongoldman/Documents/TransparentSF_from_git/transparentSF/ai/output/dashboard/9/3.json
2025-09-12 09:43:54,960 - INFO - Successfully stored file in GCS: transparentsf/dashboard/9/34.json
2025-09-12 09:43:54,960 - INFO - Successfully migrated: /Users/simongoldman/Documents/TransparentSF_from_git/transparentSF/ai/output/dashboard/9/34.json
2025-09-12 09:43:55,278 - INFO - Successfully stored file in GCS: transparentsf/dashboard/9/63.json
2025-09-12 09:43:55,278 - INFO - Successfully migrated: /Users/simongoldman/Documents/TransparentSF_from_git/transparentSF/ai/output/dashboard/9/63.json
2025-09-12 09:43:55,580 - INFO - Successfully stored file in GCS: transparentsf/dashboard/9/8.json
2025-09-12 09:43:55,581 - INFO - Successfully migrated: /Users/simongoldman/Documents/TransparentSF_from_git/transparentSF/ai/output/dashboard/9/8.json
2025-09-12 09:43:55,899 - INFO - Successfully stored file in GCS: transparentsf/dashboard/9/22.json
2025-09-12 09:43:55,900 - INFO - Successfully migrated: /Users/simongoldman/Documents/TransparentSF_from_git/transparentSF/ai/output/dashboard/9/22.json
2025-09-12 09:43:56,203 - INFO - Successfully stored file in GCS: transparentsf/dashboard/9/18.json
2025-09-12 09:43:56,203 - INFO - Successfully migrated: /Users/simongoldman/Documents/TransparentSF_from_git/transparentSF/ai/output/dashboard/9/18.json
2025-09-12 09:43:56,500 - INFO - Successfully stored file in GCS: transparentsf/dashboard/9/38.json
2025-09-12 09:43:56,500 - INFO - Successfully migrated: /Users/simongoldman/Documents/TransparentSF_from_git/transparentSF/ai/output/dashboard/9/38.json
2025-09-12 09:43:56,823 - INFO - Successfully stored file in GCS: transparentsf/dashboard/9/4.json
2025-09-12 09:43:56,823 - INFO - Successfully migrated: /Users/simongoldman/Documents/TransparentSF_from_git/transparentSF/ai/output/dashboard/9/4.json
2025-09-12 09:43:57,120 - INFO - Successfully stored file in GCS: transparentsf/dashboard/9/14.json
2025-09-12 09:43:57,120 - INFO - Successfully migrated: /Users/simongoldman/Documents/TransparentSF_from_git/transparentSF/ai/output/dashboard/9/14.json
2025-09-12 09:43:57,431 - INFO - Successfully stored file in GCS: transparentsf/dashboard/9/15.json
2025-09-12 09:43:57,431 - INFO - Successfully migrated: /Users/simongoldman/Documents/TransparentSF_from_git/transparentSF/ai/output/dashboard/9/15.json
2025-09-12 09:43:57,776 - INFO - Successfully stored file in GCS: transparentsf/dashboard/9/19.json
2025-09-12 09:43:57,776 - INFO - Successfully migrated: /Users/simongoldman/Documents/TransparentSF_from_git/transparentSF/ai/output/dashboard/9/19.json
2025-09-12 09:43:58,117 - INFO - Successfully stored file in GCS: transparentsf/dashboard/9/23.json
2025-09-12 09:43:58,117 - INFO - Successfully migrated: /Users/simongoldman/Documents/TransparentSF_from_git/transparentSF/ai/output/dashboard/9/23.json
2025-09-12 09:43:58,450 - INFO - Successfully stored file in GCS: transparentsf/dashboard/9/9.json
2025-09-12 09:43:58,450 - INFO - Successfully migrated: /Users/simongoldman/Documents/TransparentSF_from_git/transparentSF/ai/output/dashboard/9/9.json
2025-09-12 09:43:58,835 - INFO - Successfully stored file in GCS: transparentsf/dashboard/9/35.json
2025-09-12 09:43:58,835 - INFO - Successfully migrated: /Users/simongoldman/Documents/TransparentSF_from_git/transparentSF/ai/output/dashboard/9/35.json
2025-09-12 09:43:59,350 - INFO - Successfully stored file in GCS: transparentsf/dashboard/0/top_level.json
2025-09-12 09:43:59,350 - INFO - Successfully migrated: /Users/simongoldman/Documents/TransparentSF_from_git/transparentSF/ai/output/dashboard/0/top_level.json
2025-09-12 09:43:59,674 - INFO - Successfully stored file in GCS: transparentsf/dashboard/0/41.json
2025-09-12 09:43:59,674 - INFO - Successfully migrated: /Users/simongoldman/Documents/TransparentSF_from_git/transparentSF/ai/output/dashboard/0/41.json
2025-09-12 09:43:59,993 - INFO - Successfully stored file in GCS: transparentsf/dashboard/0/16.json
2025-09-12 09:43:59,993 - INFO - Successfully migrated: /Users/simongoldman/Documents/TransparentSF_from_git/transparentSF/ai/output/dashboard/0/16.json
2025-09-12 09:44:00,398 - INFO - Successfully stored file in GCS: transparentsf/dashboard/0/6.json
2025-09-12 09:44:00,398 - INFO - Successfully migrated: /Users/simongoldman/Documents/TransparentSF_from_git/transparentSF/ai/output/dashboard/0/6.json
2025-09-12 09:44:00,706 - INFO - Successfully stored file in GCS: transparentsf/dashboard/0/7.json
2025-09-12 09:44:00,706 - INFO - Successfully migrated: /Users/simongoldman/Documents/TransparentSF_from_git/transparentSF/ai/output/dashboard/0/7.json
2025-09-12 09:44:01,027 - INFO - Successfully stored file in GCS: transparentsf/dashboard/0/17.json
2025-09-12 09:44:01,027 - INFO - Successfully migrated: /Users/simongoldman/Documents/TransparentSF_from_git/transparentSF/ai/output/dashboard/0/17.json
2025-09-12 09:44:01,312 - INFO - Successfully stored file in GCS: transparentsf/dashboard/0/40.json
2025-09-12 09:44:01,312 - INFO - Successfully migrated: /Users/simongoldman/Documents/TransparentSF_from_git/transparentSF/ai/output/dashboard/0/40.json
2025-09-12 09:44:01,620 - INFO - Successfully stored file in GCS: transparentsf/dashboard/0/47.json
2025-09-12 09:44:01,620 - INFO - Successfully migrated: /Users/simongoldman/Documents/TransparentSF_from_git/transparentSF/ai/output/dashboard/0/47.json
2025-09-12 09:44:02,035 - INFO - Successfully stored file in GCS: transparentsf/dashboard/0/10.json
2025-09-12 09:44:02,035 - INFO - Successfully migrated: /Users/simongoldman/Documents/TransparentSF_from_git/transparentSF/ai/output/dashboard/0/10.json
2025-09-12 09:44:02,332 - INFO - Successfully stored file in GCS: transparentsf/dashboard/0/51.json
2025-09-12 09:44:02,332 - INFO - Successfully migrated: /Users/simongoldman/Documents/TransparentSF_from_git/transparentSF/ai/output/dashboard/0/51.json
2025-09-12 09:44:02,644 - INFO - Successfully stored file in GCS: transparentsf/dashboard/0/71.json
2025-09-12 09:44:02,644 - INFO - Successfully migrated: /Users/simongoldman/Documents/TransparentSF_from_git/transparentSF/ai/output/dashboard/0/71.json
2025-09-12 09:44:03,085 - INFO - Successfully stored file in GCS: transparentsf/dashboard/0/30.json
2025-09-12 09:44:03,085 - INFO - Successfully migrated: /Users/simongoldman/Documents/TransparentSF_from_git/transparentSF/ai/output/dashboard/0/30.json
2025-09-12 09:44:03,544 - INFO - Successfully stored file in GCS: transparentsf/dashboard/0/31.json
2025-09-12 09:44:03,544 - INFO - Successfully migrated: /Users/simongoldman/Documents/TransparentSF_from_git/transparentSF/ai/output/dashboard/0/31.json
2025-09-12 09:44:04,070 - INFO - Successfully stored file in GCS: transparentsf/dashboard/0/66.json
2025-09-12 09:44:04,070 - INFO - Successfully migrated: /Users/simongoldman/Documents/TransparentSF_from_git/transparentSF/ai/output/dashboard/0/66.json
2025-09-12 09:44:04,360 - INFO - Successfully stored file in GCS: transparentsf/dashboard/0/70.json
2025-09-12 09:44:04,360 - INFO - Successfully migrated: /Users/simongoldman/Documents/TransparentSF_from_git/transparentSF/ai/output/dashboard/0/70.json
2025-09-12 09:44:04,667 - INFO - Successfully stored file in GCS: transparentsf/dashboard/0/1.json
2025-09-12 09:44:04,668 - INFO - Successfully migrated: /Users/simongoldman/Documents/TransparentSF_from_git/transparentSF/ai/output/dashboard/0/1.json
2025-09-12 09:44:05,118 - INFO - Successfully stored file in GCS: transparentsf/dashboard/0/50.json
2025-09-12 09:44:05,118 - INFO - Successfully migrated: /Users/simongoldman/Documents/TransparentSF_from_git/transparentSF/ai/output/dashboard/0/50.json
2025-09-12 09:44:05,418 - INFO - Successfully stored file in GCS: transparentsf/dashboard/0/46.json
2025-09-12 09:44:05,418 - INFO - Successfully migrated: /Users/simongoldman/Documents/TransparentSF_from_git/transparentSF/ai/output/dashboard/0/46.json
2025-09-12 09:44:05,711 - INFO - Successfully stored file in GCS: transparentsf/dashboard/0/2.json
2025-09-12 09:44:05,711 - INFO - Successfully migrated: /Users/simongoldman/Documents/TransparentSF_from_git/transparentSF/ai/output/dashboard/0/2.json
2025-09-12 09:44:06,015 - INFO - Successfully stored file in GCS: transparentsf/dashboard/0/53.json
2025-09-12 09:44:06,015 - INFO - Successfully migrated: /Users/simongoldman/Documents/TransparentSF_from_git/transparentSF/ai/output/dashboard/0/53.json
2025-09-12 09:44:06,318 - INFO - Successfully stored file in GCS: transparentsf/dashboard/0/12.json
2025-09-12 09:44:06,318 - INFO - Successfully migrated: /Users/simongoldman/Documents/TransparentSF_from_git/transparentSF/ai/output/dashboard/0/12.json
2025-09-12 09:44:06,689 - INFO - Successfully stored file in GCS: transparentsf/dashboard/0/45.json
2025-09-12 09:44:06,690 - INFO - Successfully migrated: /Users/simongoldman/Documents/TransparentSF_from_git/transparentSF/ai/output/dashboard/0/45.json
2025-09-12 09:44:06,994 - INFO - Successfully stored file in GCS: transparentsf/dashboard/0/32.json
2025-09-12 09:44:06,994 - INFO - Successfully migrated: /Users/simongoldman/Documents/TransparentSF_from_git/transparentSF/ai/output/dashboard/0/32.json
2025-09-12 09:44:07,328 - INFO - Successfully stored file in GCS: transparentsf/dashboard/0/65.json
2025-09-12 09:44:07,328 - INFO - Successfully migrated: /Users/simongoldman/Documents/TransparentSF_from_git/transparentSF/ai/output/dashboard/0/65.json
2025-09-12 09:44:07,642 - INFO - Successfully stored file in GCS: transparentsf/dashboard/0/73.json
2025-09-12 09:44:07,642 - INFO - Successfully migrated: /Users/simongoldman/Documents/TransparentSF_from_git/transparentSF/ai/output/dashboard/0/73.json
2025-09-12 09:44:08,011 - INFO - Successfully stored file in GCS: transparentsf/dashboard/0/24.json
2025-09-12 09:44:08,011 - INFO - Successfully migrated: /Users/simongoldman/Documents/TransparentSF_from_git/transparentSF/ai/output/dashboard/0/24.json
2025-09-12 09:44:08,325 - INFO - Successfully stored file in GCS: transparentsf/dashboard/0/49.json
2025-09-12 09:44:08,325 - INFO - Successfully migrated: /Users/simongoldman/Documents/TransparentSF_from_git/transparentSF/ai/output/dashboard/0/49.json
2025-09-12 09:44:08,637 - INFO - Successfully stored file in GCS: transparentsf/dashboard/0/48.json
2025-09-12 09:44:08,637 - INFO - Successfully migrated: /Users/simongoldman/Documents/TransparentSF_from_git/transparentSF/ai/output/dashboard/0/48.json
2025-09-12 09:44:08,957 - INFO - Successfully stored file in GCS: transparentsf/dashboard/0/72.json
2025-09-12 09:44:08,957 - INFO - Successfully migrated: /Users/simongoldman/Documents/TransparentSF_from_git/transparentSF/ai/output/dashboard/0/72.json
2025-09-12 09:44:09,311 - INFO - Successfully stored file in GCS: transparentsf/dashboard/0/33.json
2025-09-12 09:44:09,312 - INFO - Successfully migrated: /Users/simongoldman/Documents/TransparentSF_from_git/transparentSF/ai/output/dashboard/0/33.json
2025-09-12 09:44:09,618 - INFO - Successfully stored file in GCS: transparentsf/dashboard/0/44.json
2025-09-12 09:44:09,619 - INFO - Successfully migrated: /Users/simongoldman/Documents/TransparentSF_from_git/transparentSF/ai/output/dashboard/0/44.json
2025-09-12 09:44:09,937 - INFO - Successfully stored file in GCS: transparentsf/dashboard/0/13.json
2025-09-12 09:44:09,937 - INFO - Successfully migrated: /Users/simongoldman/Documents/TransparentSF_from_git/transparentSF/ai/output/dashboard/0/13.json
2025-09-12 09:44:10,259 - INFO - Successfully stored file in GCS: transparentsf/dashboard/0/52.json
2025-09-12 09:44:10,259 - INFO - Successfully migrated: /Users/simongoldman/Documents/TransparentSF_from_git/transparentSF/ai/output/dashboard/0/52.json
2025-09-12 09:44:10,584 - INFO - Successfully stored file in GCS: transparentsf/dashboard/0/29.json
2025-09-12 09:44:10,584 - INFO - Successfully migrated: /Users/simongoldman/Documents/TransparentSF_from_git/transparentSF/ai/output/dashboard/0/29.json
2025-09-12 09:44:10,909 - INFO - Successfully stored file in GCS: transparentsf/dashboard/0/3.json
2025-09-12 09:44:10,909 - INFO - Successfully migrated: /Users/simongoldman/Documents/TransparentSF_from_git/transparentSF/ai/output/dashboard/0/3.json
2025-09-12 09:44:11,206 - INFO - Successfully stored file in GCS: transparentsf/dashboard/0/34.json
2025-09-12 09:44:11,207 - INFO - Successfully migrated: /Users/simongoldman/Documents/TransparentSF_from_git/transparentSF/ai/output/dashboard/0/34.json
2025-09-12 09:44:11,523 - INFO - Successfully stored file in GCS: transparentsf/dashboard/0/63.json
2025-09-12 09:44:11,523 - INFO - Successfully migrated: /Users/simongoldman/Documents/TransparentSF_from_git/transparentSF/ai/output/dashboard/0/63.json
2025-09-12 09:44:11,818 - INFO - Successfully stored file in GCS: transparentsf/dashboard/0/8.json
2025-09-12 09:44:11,819 - INFO - Successfully migrated: /Users/simongoldman/Documents/TransparentSF_from_git/transparentSF/ai/output/dashboard/0/8.json
2025-09-12 09:44:12,148 - INFO - Successfully stored file in GCS: transparentsf/dashboard/0/22.json
2025-09-12 09:44:12,149 - INFO - Successfully migrated: /Users/simongoldman/Documents/TransparentSF_from_git/transparentSF/ai/output/dashboard/0/22.json
2025-09-12 09:44:12,459 - INFO - Successfully stored file in GCS: transparentsf/dashboard/0/18.json
2025-09-12 09:44:12,459 - INFO - Successfully migrated: /Users/simongoldman/Documents/TransparentSF_from_git/transparentSF/ai/output/dashboard/0/18.json
2025-09-12 09:44:12,770 - INFO - Successfully stored file in GCS: transparentsf/dashboard/0/38.json
2025-09-12 09:44:12,770 - INFO - Successfully migrated: /Users/simongoldman/Documents/TransparentSF_from_git/transparentSF/ai/output/dashboard/0/38.json
2025-09-12 09:44:13,097 - INFO - Successfully stored file in GCS: transparentsf/dashboard/0/4.json
2025-09-12 09:44:13,097 - INFO - Successfully migrated: /Users/simongoldman/Documents/TransparentSF_from_git/transparentSF/ai/output/dashboard/0/4.json
2025-09-12 09:44:13,396 - INFO - Successfully stored file in GCS: transparentsf/dashboard/0/14.json
2025-09-12 09:44:13,396 - INFO - Successfully migrated: /Users/simongoldman/Documents/TransparentSF_from_git/transparentSF/ai/output/dashboard/0/14.json
2025-09-12 09:44:13,708 - INFO - Successfully stored file in GCS: transparentsf/dashboard/0/43.json
2025-09-12 09:44:13,708 - INFO - Successfully migrated: /Users/simongoldman/Documents/TransparentSF_from_git/transparentSF/ai/output/dashboard/0/43.json
2025-09-12 09:44:14,031 - INFO - Successfully stored file in GCS: transparentsf/dashboard/0/15.json
2025-09-12 09:44:14,031 - INFO - Successfully migrated: /Users/simongoldman/Documents/TransparentSF_from_git/transparentSF/ai/output/dashboard/0/15.json
2025-09-12 09:44:14,334 - INFO - Successfully stored file in GCS: transparentsf/dashboard/0/5.json
2025-09-12 09:44:14,334 - INFO - Successfully migrated: /Users/simongoldman/Documents/TransparentSF_from_git/transparentSF/ai/output/dashboard/0/5.json
2025-09-12 09:44:14,658 - INFO - Successfully stored file in GCS: transparentsf/dashboard/0/19.json
2025-09-12 09:44:14,658 - INFO - Successfully migrated: /Users/simongoldman/Documents/TransparentSF_from_git/transparentSF/ai/output/dashboard/0/19.json
2025-09-12 09:44:14,953 - INFO - Successfully stored file in GCS: transparentsf/dashboard/0/58.json
2025-09-12 09:44:14,953 - INFO - Successfully migrated: /Users/simongoldman/Documents/TransparentSF_from_git/transparentSF/ai/output/dashboard/0/58.json
2025-09-12 09:44:15,285 - INFO - Successfully stored file in GCS: transparentsf/dashboard/0/23.json
2025-09-12 09:44:15,285 - INFO - Successfully migrated: /Users/simongoldman/Documents/TransparentSF_from_git/transparentSF/ai/output/dashboard/0/23.json
2025-09-12 09:44:15,608 - INFO - Successfully stored file in GCS: transparentsf/dashboard/0/9.json
2025-09-12 09:44:15,608 - INFO - Successfully migrated: /Users/simongoldman/Documents/TransparentSF_from_git/transparentSF/ai/output/dashboard/0/9.json
2025-09-12 09:44:15,928 - INFO - Successfully stored file in GCS: transparentsf/dashboard/0/35.json
2025-09-12 09:44:15,928 - INFO - Successfully migrated: /Users/simongoldman/Documents/TransparentSF_from_git/transparentSF/ai/output/dashboard/0/35.json
2025-09-12 09:44:16,253 - INFO - Successfully stored file in GCS: transparentsf/dashboard/11/top_level.json
2025-09-12 09:44:16,253 - INFO - Successfully migrated: /Users/simongoldman/Documents/TransparentSF_from_git/transparentSF/ai/output/dashboard/11/top_level.json
2025-09-12 09:44:16,557 - INFO - Successfully stored file in GCS: transparentsf/dashboard/11/16.json
2025-09-12 09:44:16,557 - INFO - Successfully migrated: /Users/simongoldman/Documents/TransparentSF_from_git/transparentSF/ai/output/dashboard/11/16.json
2025-09-12 09:44:16,937 - INFO - Successfully stored file in GCS: transparentsf/dashboard/11/17.json
2025-09-12 09:44:16,938 - INFO - Successfully migrated: /Users/simongoldman/Documents/TransparentSF_from_git/transparentSF/ai/output/dashboard/11/17.json
2025-09-12 09:44:17,255 - INFO - Successfully stored file in GCS: transparentsf/dashboard/11/40.json
2025-09-12 09:44:17,256 - INFO - Successfully migrated: /Users/simongoldman/Documents/TransparentSF_from_git/transparentSF/ai/output/dashboard/11/40.json
2025-09-12 09:44:17,553 - INFO - Successfully stored file in GCS: transparentsf/dashboard/11/71.json
2025-09-12 09:44:17,553 - INFO - Successfully migrated: /Users/simongoldman/Documents/TransparentSF_from_git/transparentSF/ai/output/dashboard/11/71.json
2025-09-12 09:44:17,861 - INFO - Successfully stored file in GCS: transparentsf/dashboard/11/30.json
2025-09-12 09:44:17,861 - INFO - Successfully migrated: /Users/simongoldman/Documents/TransparentSF_from_git/transparentSF/ai/output/dashboard/11/30.json
2025-09-12 09:44:18,224 - INFO - Successfully stored file in GCS: transparentsf/dashboard/11/70.json
2025-09-12 09:44:18,224 - INFO - Successfully migrated: /Users/simongoldman/Documents/TransparentSF_from_git/transparentSF/ai/output/dashboard/11/70.json
2025-09-12 09:44:18,748 - INFO - Successfully stored file in GCS: transparentsf/dashboard/11/1.json
2025-09-12 09:44:18,748 - INFO - Successfully migrated: /Users/simongoldman/Documents/TransparentSF_from_git/transparentSF/ai/output/dashboard/11/1.json
2025-09-12 09:44:19,275 - INFO - Successfully stored file in GCS: transparentsf/dashboard/11/2.json
2025-09-12 09:44:19,276 - INFO - Successfully migrated: /Users/simongoldman/Documents/TransparentSF_from_git/transparentSF/ai/output/dashboard/11/2.json
2025-09-12 09:44:19,606 - INFO - Successfully stored file in GCS: transparentsf/dashboard/11/12.json
2025-09-12 09:44:19,606 - INFO - Successfully migrated: /Users/simongoldman/Documents/TransparentSF_from_git/transparentSF/ai/output/dashboard/11/12.json
2025-09-12 09:44:19,941 - INFO - Successfully stored file in GCS: transparentsf/dashboard/11/73.json
2025-09-12 09:44:19,941 - INFO - Successfully migrated: /Users/simongoldman/Documents/TransparentSF_from_git/transparentSF/ai/output/dashboard/11/73.json
2025-09-12 09:44:20,322 - INFO - Successfully stored file in GCS: transparentsf/dashboard/11/24.json
2025-09-12 09:44:20,322 - INFO - Successfully migrated: /Users/simongoldman/Documents/TransparentSF_from_git/transparentSF/ai/output/dashboard/11/24.json
2025-09-12 09:44:20,621 - INFO - Successfully stored file in GCS: transparentsf/dashboard/11/72.json
2025-09-12 09:44:20,621 - INFO - Successfully migrated: /Users/simongoldman/Documents/TransparentSF_from_git/transparentSF/ai/output/dashboard/11/72.json
2025-09-12 09:44:20,952 - INFO - Successfully stored file in GCS: transparentsf/dashboard/11/29.json
2025-09-12 09:44:20,952 - INFO - Successfully migrated: /Users/simongoldman/Documents/TransparentSF_from_git/transparentSF/ai/output/dashboard/11/29.json
2025-09-12 09:44:21,277 - INFO - Successfully stored file in GCS: transparentsf/dashboard/11/3.json
2025-09-12 09:44:21,277 - INFO - Successfully migrated: /Users/simongoldman/Documents/TransparentSF_from_git/transparentSF/ai/output/dashboard/11/3.json
2025-09-12 09:44:21,674 - INFO - Successfully stored file in GCS: transparentsf/dashboard/11/63.json
2025-09-12 09:44:21,674 - INFO - Successfully migrated: /Users/simongoldman/Documents/TransparentSF_from_git/transparentSF/ai/output/dashboard/11/63.json
2025-09-12 09:44:21,971 - INFO - Successfully stored file in GCS: transparentsf/dashboard/11/8.json
2025-09-12 09:44:21,971 - INFO - Successfully migrated: /Users/simongoldman/Documents/TransparentSF_from_git/transparentSF/ai/output/dashboard/11/8.json
2025-09-12 09:44:22,255 - INFO - Successfully stored file in GCS: transparentsf/dashboard/11/22.json
2025-09-12 09:44:22,256 - INFO - Successfully migrated: /Users/simongoldman/Documents/TransparentSF_from_git/transparentSF/ai/output/dashboard/11/22.json
2025-09-12 09:44:22,566 - INFO - Successfully stored file in GCS: transparentsf/dashboard/11/18.json
2025-09-12 09:44:22,566 - INFO - Successfully migrated: /Users/simongoldman/Documents/TransparentSF_from_git/transparentSF/ai/output/dashboard/11/18.json
2025-09-12 09:44:22,942 - INFO - Successfully stored file in GCS: transparentsf/dashboard/11/38.json
2025-09-12 09:44:22,943 - INFO - Successfully migrated: /Users/simongoldman/Documents/TransparentSF_from_git/transparentSF/ai/output/dashboard/11/38.json
2025-09-12 09:44:23,260 - INFO - Successfully stored file in GCS: transparentsf/dashboard/11/4.json
2025-09-12 09:44:23,260 - INFO - Successfully migrated: /Users/simongoldman/Documents/TransparentSF_from_git/transparentSF/ai/output/dashboard/11/4.json
2025-09-12 09:44:23,584 - INFO - Successfully stored file in GCS: transparentsf/dashboard/11/14.json
2025-09-12 09:44:23,584 - INFO - Successfully migrated: /Users/simongoldman/Documents/TransparentSF_from_git/transparentSF/ai/output/dashboard/11/14.json
2025-09-12 09:44:23,990 - INFO - Successfully stored file in GCS: transparentsf/dashboard/11/15.json
2025-09-12 09:44:23,990 - INFO - Successfully migrated: /Users/simongoldman/Documents/TransparentSF_from_git/transparentSF/ai/output/dashboard/11/15.json
2025-09-12 09:44:24,286 - INFO - Successfully stored file in GCS: transparentsf/dashboard/11/19.json
2025-09-12 09:44:24,286 - INFO - Successfully migrated: /Users/simongoldman/Documents/TransparentSF_from_git/transparentSF/ai/output/dashboard/11/19.json
2025-09-12 09:44:24,606 - INFO - Successfully stored file in GCS: transparentsf/dashboard/11/23.json
2025-09-12 09:44:24,606 - INFO - Successfully migrated: /Users/simongoldman/Documents/TransparentSF_from_git/transparentSF/ai/output/dashboard/11/23.json
2025-09-12 09:44:25,104 - INFO - Successfully stored file in GCS: transparentsf/dashboard/11/9.json
2025-09-12 09:44:25,104 - INFO - Successfully migrated: /Users/simongoldman/Documents/TransparentSF_from_git/transparentSF/ai/output/dashboard/11/9.json
2025-09-12 09:44:25,453 - INFO - Successfully stored file in GCS: transparentsf/dashboard/11/35.json
2025-09-12 09:44:25,453 - INFO - Successfully migrated: /Users/simongoldman/Documents/TransparentSF_from_git/transparentSF/ai/output/dashboard/11/35.json
2025-09-12 09:44:25,899 - INFO - Successfully stored file in GCS: transparentsf/dashboard/7/top_level.json
2025-09-12 09:44:25,899 - INFO - Successfully migrated: /Users/simongoldman/Documents/TransparentSF_from_git/transparentSF/ai/output/dashboard/7/top_level.json
2025-09-12 09:44:26,217 - INFO - Successfully stored file in GCS: transparentsf/dashboard/7/16.json
2025-09-12 09:44:26,217 - INFO - Successfully migrated: /Users/simongoldman/Documents/TransparentSF_from_git/transparentSF/ai/output/dashboard/7/16.json
2025-09-12 09:44:26,612 - INFO - Successfully stored file in GCS: transparentsf/dashboard/7/17.json
2025-09-12 09:44:26,612 - INFO - Successfully migrated: /Users/simongoldman/Documents/TransparentSF_from_git/transparentSF/ai/output/dashboard/7/17.json
2025-09-12 09:44:26,923 - INFO - Successfully stored file in GCS: transparentsf/dashboard/7/40.json
2025-09-12 09:44:26,923 - INFO - Successfully migrated: /Users/simongoldman/Documents/TransparentSF_from_git/transparentSF/ai/output/dashboard/7/40.json
2025-09-12 09:44:27,247 - INFO - Successfully stored file in GCS: transparentsf/dashboard/7/71.json
2025-09-12 09:44:27,247 - INFO - Successfully migrated: /Users/simongoldman/Documents/TransparentSF_from_git/transparentSF/ai/output/dashboard/7/71.json
2025-09-12 09:44:27,552 - INFO - Successfully stored file in GCS: transparentsf/dashboard/7/30.json
2025-09-12 09:44:27,552 - INFO - Successfully migrated: /Users/simongoldman/Documents/TransparentSF_from_git/transparentSF/ai/output/dashboard/7/30.json
2025-09-12 09:44:27,876 - INFO - Successfully stored file in GCS: transparentsf/dashboard/7/70.json
2025-09-12 09:44:27,876 - INFO - Successfully migrated: /Users/simongoldman/Documents/TransparentSF_from_git/transparentSF/ai/output/dashboard/7/70.json
2025-09-12 09:44:28,186 - INFO - Successfully stored file in GCS: transparentsf/dashboard/7/1.json
2025-09-12 09:44:28,187 - INFO - Successfully migrated: /Users/simongoldman/Documents/TransparentSF_from_git/transparentSF/ai/output/dashboard/7/1.json
2025-09-12 09:44:28,495 - INFO - Successfully stored file in GCS: transparentsf/dashboard/7/2.json
2025-09-12 09:44:28,495 - INFO - Successfully migrated: /Users/simongoldman/Documents/TransparentSF_from_git/transparentSF/ai/output/dashboard/7/2.json
2025-09-12 09:44:28,814 - INFO - Successfully stored file in GCS: transparentsf/dashboard/7/12.json
2025-09-12 09:44:28,814 - INFO - Successfully migrated: /Users/simongoldman/Documents/TransparentSF_from_git/transparentSF/ai/output/dashboard/7/12.json
2025-09-12 09:44:29,120 - INFO - Successfully stored file in GCS: transparentsf/dashboard/7/73.json
2025-09-12 09:44:29,120 - INFO - Successfully migrated: /Users/simongoldman/Documents/TransparentSF_from_git/transparentSF/ai/output/dashboard/7/73.json
2025-09-12 09:44:29,439 - INFO - Successfully stored file in GCS: transparentsf/dashboard/7/24.json
2025-09-12 09:44:29,439 - INFO - Successfully migrated: /Users/simongoldman/Documents/TransparentSF_from_git/transparentSF/ai/output/dashboard/7/24.json
2025-09-12 09:44:29,760 - INFO - Successfully stored file in GCS: transparentsf/dashboard/7/72.json
2025-09-12 09:44:29,761 - INFO - Successfully migrated: /Users/simongoldman/Documents/TransparentSF_from_git/transparentSF/ai/output/dashboard/7/72.json
2025-09-12 09:44:30,070 - INFO - Successfully stored file in GCS: transparentsf/dashboard/7/29.json
2025-09-12 09:44:30,070 - INFO - Successfully migrated: /Users/simongoldman/Documents/TransparentSF_from_git/transparentSF/ai/output/dashboard/7/29.json
2025-09-12 09:44:30,393 - INFO - Successfully stored file in GCS: transparentsf/dashboard/7/3.json
2025-09-12 09:44:30,393 - INFO - Successfully migrated: /Users/simongoldman/Documents/TransparentSF_from_git/transparentSF/ai/output/dashboard/7/3.json
2025-09-12 09:44:30,691 - INFO - Successfully stored file in GCS: transparentsf/dashboard/7/34.json
2025-09-12 09:44:30,692 - INFO - Successfully migrated: /Users/simongoldman/Documents/TransparentSF_from_git/transparentSF/ai/output/dashboard/7/34.json
2025-09-12 09:44:31,006 - INFO - Successfully stored file in GCS: transparentsf/dashboard/7/63.json
2025-09-12 09:44:31,006 - INFO - Successfully migrated: /Users/simongoldman/Documents/TransparentSF_from_git/transparentSF/ai/output/dashboard/7/63.json
2025-09-12 09:44:31,331 - INFO - Successfully stored file in GCS: transparentsf/dashboard/7/8.json
2025-09-12 09:44:31,332 - INFO - Successfully migrated: /Users/simongoldman/Documents/TransparentSF_from_git/transparentSF/ai/output/dashboard/7/8.json
2025-09-12 09:44:31,650 - INFO - Successfully stored file in GCS: transparentsf/dashboard/7/22.json
2025-09-12 09:44:31,650 - INFO - Successfully migrated: /Users/simongoldman/Documents/TransparentSF_from_git/transparentSF/ai/output/dashboard/7/22.json
2025-09-12 09:44:31,956 - INFO - Successfully stored file in GCS: transparentsf/dashboard/7/18.json
2025-09-12 09:44:31,956 - INFO - Successfully migrated: /Users/simongoldman/Documents/TransparentSF_from_git/transparentSF/ai/output/dashboard/7/18.json
2025-09-12 09:44:32,260 - INFO - Successfully stored file in GCS: transparentsf/dashboard/7/38.json
2025-09-12 09:44:32,260 - INFO - Successfully migrated: /Users/simongoldman/Documents/TransparentSF_from_git/transparentSF/ai/output/dashboard/7/38.json
2025-09-12 09:44:32,584 - INFO - Successfully stored file in GCS: transparentsf/dashboard/7/4.json
2025-09-12 09:44:32,585 - INFO - Successfully migrated: /Users/simongoldman/Documents/TransparentSF_from_git/transparentSF/ai/output/dashboard/7/4.json
2025-09-12 09:44:32,905 - INFO - Successfully stored file in GCS: transparentsf/dashboard/7/14.json
2025-09-12 09:44:32,905 - INFO - Successfully migrated: /Users/simongoldman/Documents/TransparentSF_from_git/transparentSF/ai/output/dashboard/7/14.json
2025-09-12 09:44:33,205 - INFO - Successfully stored file in GCS: transparentsf/dashboard/7/15.json
2025-09-12 09:44:33,205 - INFO - Successfully migrated: /Users/simongoldman/Documents/TransparentSF_from_git/transparentSF/ai/output/dashboard/7/15.json
2025-09-12 09:44:33,535 - INFO - Successfully stored file in GCS: transparentsf/dashboard/7/19.json
2025-09-12 09:44:33,535 - INFO - Successfully migrated: /Users/simongoldman/Documents/TransparentSF_from_git/transparentSF/ai/output/dashboard/7/19.json
2025-09-12 09:44:33,835 - INFO - Successfully stored file in GCS: transparentsf/dashboard/7/23.json
2025-09-12 09:44:33,836 - INFO - Successfully migrated: /Users/simongoldman/Documents/TransparentSF_from_git/transparentSF/ai/output/dashboard/7/23.json
2025-09-12 09:44:34,139 - INFO - Successfully stored file in GCS: transparentsf/dashboard/7/9.json
2025-09-12 09:44:34,140 - INFO - Successfully migrated: /Users/simongoldman/Documents/TransparentSF_from_git/transparentSF/ai/output/dashboard/7/9.json
2025-09-12 09:44:34,478 - INFO - Successfully stored file in GCS: transparentsf/dashboard/7/35.json
2025-09-12 09:44:34,478 - INFO - Successfully migrated: /Users/simongoldman/Documents/TransparentSF_from_git/transparentSF/ai/output/dashboard/7/35.json
2025-09-12 09:44:34,863 - INFO - Successfully stored file in GCS: transparentsf/dashboard/6/top_level.json
2025-09-12 09:44:34,863 - INFO - Successfully migrated: /Users/simongoldman/Documents/TransparentSF_from_git/transparentSF/ai/output/dashboard/6/top_level.json
2025-09-12 09:44:35,174 - INFO - Successfully stored file in GCS: transparentsf/dashboard/6/16.json
2025-09-12 09:44:35,175 - INFO - Successfully migrated: /Users/simongoldman/Documents/TransparentSF_from_git/transparentSF/ai/output/dashboard/6/16.json
2025-09-12 09:44:35,525 - INFO - Successfully stored file in GCS: transparentsf/dashboard/6/17.json
2025-09-12 09:44:35,525 - INFO - Successfully migrated: /Users/simongoldman/Documents/TransparentSF_from_git/transparentSF/ai/output/dashboard/6/17.json
2025-09-12 09:44:35,837 - INFO - Successfully stored file in GCS: transparentsf/dashboard/6/40.json
2025-09-12 09:44:35,837 - INFO - Successfully migrated: /Users/simongoldman/Documents/TransparentSF_from_git/transparentSF/ai/output/dashboard/6/40.json
2025-09-12 09:44:36,150 - INFO - Successfully stored file in GCS: transparentsf/dashboard/6/71.json
2025-09-12 09:44:36,151 - INFO - Successfully migrated: /Users/simongoldman/Documents/TransparentSF_from_git/transparentSF/ai/output/dashboard/6/71.json
2025-09-12 09:44:36,464 - INFO - Successfully stored file in GCS: transparentsf/dashboard/6/30.json
2025-09-12 09:44:36,464 - INFO - Successfully migrated: /Users/simongoldman/Documents/TransparentSF_from_git/transparentSF/ai/output/dashboard/6/30.json
2025-09-12 09:44:36,794 - INFO - Successfully stored file in GCS: transparentsf/dashboard/6/70.json
2025-09-12 09:44:36,794 - INFO - Successfully migrated: /Users/simongoldman/Documents/TransparentSF_from_git/transparentSF/ai/output/dashboard/6/70.json
2025-09-12 09:44:37,102 - INFO - Successfully stored file in GCS: transparentsf/dashboard/6/1.json
2025-09-12 09:44:37,102 - INFO - Successfully migrated: /Users/simongoldman/Documents/TransparentSF_from_git/transparentSF/ai/output/dashboard/6/1.json
2025-09-12 09:44:37,416 - INFO - Successfully stored file in GCS: transparentsf/dashboard/6/2.json
2025-09-12 09:44:37,417 - INFO - Successfully migrated: /Users/simongoldman/Documents/TransparentSF_from_git/transparentSF/ai/output/dashboard/6/2.json
2025-09-12 09:44:37,743 - INFO - Successfully stored file in GCS: transparentsf/dashboard/6/12.json
2025-09-12 09:44:37,743 - INFO - Successfully migrated: /Users/simongoldman/Documents/TransparentSF_from_git/transparentSF/ai/output/dashboard/6/12.json
2025-09-12 09:44:38,150 - INFO - Successfully stored file in GCS: transparentsf/dashboard/6/73.json
2025-09-12 09:44:38,150 - INFO - Successfully migrated: /Users/simongoldman/Documents/TransparentSF_from_git/transparentSF/ai/output/dashboard/6/73.json
2025-09-12 09:44:38,468 - INFO - Successfully stored file in GCS: transparentsf/dashboard/6/24.json
2025-09-12 09:44:38,468 - INFO - Successfully migrated: /Users/simongoldman/Documents/TransparentSF_from_git/transparentSF/ai/output/dashboard/6/24.json
2025-09-12 09:44:38,742 - INFO - Successfully stored file in GCS: transparentsf/dashboard/6/72.json
2025-09-12 09:44:38,742 - INFO - Successfully migrated: /Users/simongoldman/Documents/TransparentSF_from_git/transparentSF/ai/output/dashboard/6/72.json
2025-09-12 09:44:39,037 - INFO - Successfully stored file in GCS: transparentsf/dashboard/6/29.json
2025-09-12 09:44:39,037 - INFO - Successfully migrated: /Users/simongoldman/Documents/TransparentSF_from_git/transparentSF/ai/output/dashboard/6/29.json
2025-09-12 09:44:39,341 - INFO - Successfully stored file in GCS: transparentsf/dashboard/6/3.json
2025-09-12 09:44:39,342 - INFO - Successfully migrated: /Users/simongoldman/Documents/TransparentSF_from_git/transparentSF/ai/output/dashboard/6/3.json
2025-09-12 09:44:39,718 - INFO - Successfully stored file in GCS: transparentsf/dashboard/6/34.json
2025-09-12 09:44:39,719 - INFO - Successfully migrated: /Users/simongoldman/Documents/TransparentSF_from_git/transparentSF/ai/output/dashboard/6/34.json
2025-09-12 09:44:40,037 - INFO - Successfully stored file in GCS: transparentsf/dashboard/6/63.json
2025-09-12 09:44:40,037 - INFO - Successfully migrated: /Users/simongoldman/Documents/TransparentSF_from_git/transparentSF/ai/output/dashboard/6/63.json
2025-09-12 09:44:40,439 - INFO - Successfully stored file in GCS: transparentsf/dashboard/6/8.json
2025-09-12 09:44:40,439 - INFO - Successfully migrated: /Users/simongoldman/Documents/TransparentSF_from_git/transparentSF/ai/output/dashboard/6/8.json
2025-09-12 09:44:40,776 - INFO - Successfully stored file in GCS: transparentsf/dashboard/6/22.json
2025-09-12 09:44:40,776 - INFO - Successfully migrated: /Users/simongoldman/Documents/TransparentSF_from_git/transparentSF/ai/output/dashboard/6/22.json
2025-09-12 09:44:41,075 - INFO - Successfully stored file in GCS: transparentsf/dashboard/6/18.json
2025-09-12 09:44:41,076 - INFO - Successfully migrated: /Users/simongoldman/Documents/TransparentSF_from_git/transparentSF/ai/output/dashboard/6/18.json
2025-09-12 09:44:41,406 - INFO - Successfully stored file in GCS: transparentsf/dashboard/6/38.json
2025-09-12 09:44:41,406 - INFO - Successfully migrated: /Users/simongoldman/Documents/TransparentSF_from_git/transparentSF/ai/output/dashboard/6/38.json
2025-09-12 09:44:41,713 - INFO - Successfully stored file in GCS: transparentsf/dashboard/6/4.json
2025-09-12 09:44:41,713 - INFO - Successfully migrated: /Users/simongoldman/Documents/TransparentSF_from_git/transparentSF/ai/output/dashboard/6/4.json
2025-09-12 09:44:42,025 - INFO - Successfully stored file in GCS: transparentsf/dashboard/6/14.json
2025-09-12 09:44:42,025 - INFO - Successfully migrated: /Users/simongoldman/Documents/TransparentSF_from_git/transparentSF/ai/output/dashboard/6/14.json
2025-09-12 09:44:42,341 - INFO - Successfully stored file in GCS: transparentsf/dashboard/6/15.json
2025-09-12 09:44:42,341 - INFO - Successfully migrated: /Users/simongoldman/Documents/TransparentSF_from_git/transparentSF/ai/output/dashboard/6/15.json
2025-09-12 09:44:42,637 - INFO - Successfully stored file in GCS: transparentsf/dashboard/6/19.json
2025-09-12 09:44:42,637 - INFO - Successfully migrated: /Users/simongoldman/Documents/TransparentSF_from_git/transparentSF/ai/output/dashboard/6/19.json
2025-09-12 09:44:42,952 - INFO - Successfully stored file in GCS: transparentsf/dashboard/6/23.json
2025-09-12 09:44:42,952 - INFO - Successfully migrated: /Users/simongoldman/Documents/TransparentSF_from_git/transparentSF/ai/output/dashboard/6/23.json
2025-09-12 09:44:43,281 - INFO - Successfully stored file in GCS: transparentsf/dashboard/6/9.json
2025-09-12 09:44:43,282 - INFO - Successfully migrated: /Users/simongoldman/Documents/TransparentSF_from_git/transparentSF/ai/output/dashboard/6/9.json
2025-09-12 09:44:43,619 - INFO - Successfully stored file in GCS: transparentsf/dashboard/6/35.json
2025-09-12 09:44:43,620 - INFO - Successfully migrated: /Users/simongoldman/Documents/TransparentSF_from_git/transparentSF/ai/output/dashboard/6/35.json
2025-09-12 09:44:43,950 - INFO - Successfully stored file in GCS: transparentsf/dashboard/1/top_level.json
2025-09-12 09:44:43,950 - INFO - Successfully migrated: /Users/simongoldman/Documents/TransparentSF_from_git/transparentSF/ai/output/dashboard/1/top_level.json
2025-09-12 09:44:44,247 - INFO - Successfully stored file in GCS: transparentsf/dashboard/1/16.json
2025-09-12 09:44:44,247 - INFO - Successfully migrated: /Users/simongoldman/Documents/TransparentSF_from_git/transparentSF/ai/output/dashboard/1/16.json
2025-09-12 09:44:44,579 - INFO - Successfully stored file in GCS: transparentsf/dashboard/1/17.json
2025-09-12 09:44:44,579 - INFO - Successfully migrated: /Users/simongoldman/Documents/TransparentSF_from_git/transparentSF/ai/output/dashboard/1/17.json
2025-09-12 09:44:44,963 - INFO - Successfully stored file in GCS: transparentsf/dashboard/1/40.json
2025-09-12 09:44:44,963 - INFO - Successfully migrated: /Users/simongoldman/Documents/TransparentSF_from_git/transparentSF/ai/output/dashboard/1/40.json
2025-09-12 09:44:45,269 - INFO - Successfully stored file in GCS: transparentsf/dashboard/1/71.json
2025-09-12 09:44:45,269 - INFO - Successfully migrated: /Users/simongoldman/Documents/TransparentSF_from_git/transparentSF/ai/output/dashboard/1/71.json
2025-09-12 09:44:45,583 - INFO - Successfully stored file in GCS: transparentsf/dashboard/1/30.json
2025-09-12 09:44:45,584 - INFO - Successfully migrated: /Users/simongoldman/Documents/TransparentSF_from_git/transparentSF/ai/output/dashboard/1/30.json
2025-09-12 09:44:45,904 - INFO - Successfully stored file in GCS: transparentsf/dashboard/1/70.json
2025-09-12 09:44:45,905 - INFO - Successfully migrated: /Users/simongoldman/Documents/TransparentSF_from_git/transparentSF/ai/output/dashboard/1/70.json
2025-09-12 09:44:46,224 - INFO - Successfully stored file in GCS: transparentsf/dashboard/1/1.json
2025-09-12 09:44:46,224 - INFO - Successfully migrated: /Users/simongoldman/Documents/TransparentSF_from_git/transparentSF/ai/output/dashboard/1/1.json
2025-09-12 09:44:46,535 - INFO - Successfully stored file in GCS: transparentsf/dashboard/1/2.json
2025-09-12 09:44:46,535 - INFO - Successfully migrated: /Users/simongoldman/Documents/TransparentSF_from_git/transparentSF/ai/output/dashboard/1/2.json
2025-09-12 09:44:46,845 - INFO - Successfully stored file in GCS: transparentsf/dashboard/1/12.json
2025-09-12 09:44:46,845 - INFO - Successfully migrated: /Users/simongoldman/Documents/TransparentSF_from_git/transparentSF/ai/output/dashboard/1/12.json
2025-09-12 09:44:47,169 - INFO - Successfully stored file in GCS: transparentsf/dashboard/1/73.json
2025-09-12 09:44:47,169 - INFO - Successfully migrated: /Users/simongoldman/Documents/TransparentSF_from_git/transparentSF/ai/output/dashboard/1/73.json
2025-09-12 09:44:47,476 - INFO - Successfully stored file in GCS: transparentsf/dashboard/1/24.json
2025-09-12 09:44:47,476 - INFO - Successfully migrated: /Users/simongoldman/Documents/TransparentSF_from_git/transparentSF/ai/output/dashboard/1/24.json
2025-09-12 09:44:47,768 - INFO - Successfully stored file in GCS: transparentsf/dashboard/1/72.json
2025-09-12 09:44:47,768 - INFO - Successfully migrated: /Users/simongoldman/Documents/TransparentSF_from_git/transparentSF/ai/output/dashboard/1/72.json
2025-09-12 09:44:48,106 - INFO - Successfully stored file in GCS: transparentsf/dashboard/1/29.json
2025-09-12 09:44:48,107 - INFO - Successfully migrated: /Users/simongoldman/Documents/TransparentSF_from_git/transparentSF/ai/output/dashboard/1/29.json
2025-09-12 09:44:48,390 - INFO - Successfully stored file in GCS: transparentsf/dashboard/1/3.json
2025-09-12 09:44:48,390 - INFO - Successfully migrated: /Users/simongoldman/Documents/TransparentSF_from_git/transparentSF/ai/output/dashboard/1/3.json
2025-09-12 09:44:48,691 - INFO - Successfully stored file in GCS: transparentsf/dashboard/1/34.json
2025-09-12 09:44:48,691 - INFO - Successfully migrated: /Users/simongoldman/Documents/TransparentSF_from_git/transparentSF/ai/output/dashboard/1/34.json
2025-09-12 09:44:49,006 - INFO - Successfully stored file in GCS: transparentsf/dashboard/1/63.json
2025-09-12 09:44:49,007 - INFO - Successfully migrated: /Users/simongoldman/Documents/TransparentSF_from_git/transparentSF/ai/output/dashboard/1/63.json
2025-09-12 09:44:49,286 - INFO - Successfully stored file in GCS: transparentsf/dashboard/1/8.json
2025-09-12 09:44:49,286 - INFO - Successfully migrated: /Users/simongoldman/Documents/TransparentSF_from_git/transparentSF/ai/output/dashboard/1/8.json
2025-09-12 09:44:49,576 - INFO - Successfully stored file in GCS: transparentsf/dashboard/1/22.json
2025-09-12 09:44:49,577 - INFO - Successfully migrated: /Users/simongoldman/Documents/TransparentSF_from_git/transparentSF/ai/output/dashboard/1/22.json
2025-09-12 09:44:49,883 - INFO - Successfully stored file in GCS: transparentsf/dashboard/1/18.json
2025-09-12 09:44:49,883 - INFO - Successfully migrated: /Users/simongoldman/Documents/TransparentSF_from_git/transparentSF/ai/output/dashboard/1/18.json
2025-09-12 09:44:50,207 - INFO - Successfully stored file in GCS: transparentsf/dashboard/1/38.json
2025-09-12 09:44:50,207 - INFO - Successfully migrated: /Users/simongoldman/Documents/TransparentSF_from_git/transparentSF/ai/output/dashboard/1/38.json
2025-09-12 09:44:50,533 - INFO - Successfully stored file in GCS: transparentsf/dashboard/1/4.json
2025-09-12 09:44:50,534 - INFO - Successfully migrated: /Users/simongoldman/Documents/TransparentSF_from_git/transparentSF/ai/output/dashboard/1/4.json
2025-09-12 09:44:50,838 - INFO - Successfully stored file in GCS: transparentsf/dashboard/1/14.json
2025-09-12 09:44:50,838 - INFO - Successfully migrated: /Users/simongoldman/Documents/TransparentSF_from_git/transparentSF/ai/output/dashboard/1/14.json
2025-09-12 09:44:51,158 - INFO - Successfully stored file in GCS: transparentsf/dashboard/1/15.json
2025-09-12 09:44:51,158 - INFO - Successfully migrated: /Users/simongoldman/Documents/TransparentSF_from_git/transparentSF/ai/output/dashboard/1/15.json
2025-09-12 09:44:51,531 - INFO - Successfully stored file in GCS: transparentsf/dashboard/1/19.json
2025-09-12 09:44:51,531 - INFO - Successfully migrated: /Users/simongoldman/Documents/TransparentSF_from_git/transparentSF/ai/output/dashboard/1/19.json
2025-09-12 09:44:51,837 - INFO - Successfully stored file in GCS: transparentsf/dashboard/1/23.json
2025-09-12 09:44:51,838 - INFO - Successfully migrated: /Users/simongoldman/Documents/TransparentSF_from_git/transparentSF/ai/output/dashboard/1/23.json
2025-09-12 09:44:52,133 - INFO - Successfully stored file in GCS: transparentsf/dashboard/1/9.json
2025-09-12 09:44:52,133 - INFO - Successfully migrated: /Users/simongoldman/Documents/TransparentSF_from_git/transparentSF/ai/output/dashboard/1/9.json
2025-09-12 09:44:52,421 - INFO - Successfully stored file in GCS: transparentsf/dashboard/1/35.json
2025-09-12 09:44:52,421 - INFO - Successfully migrated: /Users/simongoldman/Documents/TransparentSF_from_git/transparentSF/ai/output/dashboard/1/35.json
2025-09-12 09:44:52,724 - INFO - Successfully stored file in GCS: transparentsf/dashboard/10/top_level.json
2025-09-12 09:44:52,724 - INFO - Successfully migrated: /Users/simongoldman/Documents/TransparentSF_from_git/transparentSF/ai/output/dashboard/10/top_level.json
2025-09-12 09:44:53,010 - INFO - Successfully stored file in GCS: transparentsf/dashboard/10/16.json
2025-09-12 09:44:53,010 - INFO - Successfully migrated: /Users/simongoldman/Documents/TransparentSF_from_git/transparentSF/ai/output/dashboard/10/16.json
2025-09-12 09:44:53,356 - INFO - Successfully stored file in GCS: transparentsf/dashboard/10/17.json
2025-09-12 09:44:53,356 - INFO - Successfully migrated: /Users/simongoldman/Documents/TransparentSF_from_git/transparentSF/ai/output/dashboard/10/17.json
2025-09-12 09:44:53,662 - INFO - Successfully stored file in GCS: transparentsf/dashboard/10/40.json
2025-09-12 09:44:53,662 - INFO - Successfully migrated: /Users/simongoldman/Documents/TransparentSF_from_git/transparentSF/ai/output/dashboard/10/40.json
2025-09-12 09:44:53,943 - INFO - Successfully stored file in GCS: transparentsf/dashboard/10/71.json
2025-09-12 09:44:53,944 - INFO - Successfully migrated: /Users/simongoldman/Documents/TransparentSF_from_git/transparentSF/ai/output/dashboard/10/71.json
2025-09-12 09:44:54,212 - INFO - Successfully stored file in GCS: transparentsf/dashboard/10/30.json
2025-09-12 09:44:54,212 - INFO - Successfully migrated: /Users/simongoldman/Documents/TransparentSF_from_git/transparentSF/ai/output/dashboard/10/30.json
2025-09-12 09:44:54,490 - INFO - Successfully stored file in GCS: transparentsf/dashboard/10/70.json
2025-09-12 09:44:54,490 - INFO - Successfully migrated: /Users/simongoldman/Documents/TransparentSF_from_git/transparentSF/ai/output/dashboard/10/70.json
2025-09-12 09:44:54,760 - INFO - Successfully stored file in GCS: transparentsf/dashboard/10/1.json
2025-09-12 09:44:54,760 - INFO - Successfully migrated: /Users/simongoldman/Documents/TransparentSF_from_git/transparentSF/ai/output/dashboard/10/1.json
2025-09-12 09:44:55,034 - INFO - Successfully stored file in GCS: transparentsf/dashboard/10/2.json
2025-09-12 09:44:55,034 - INFO - Successfully migrated: /Users/simongoldman/Documents/TransparentSF_from_git/transparentSF/ai/output/dashboard/10/2.json
2025-09-12 09:44:55,312 - INFO - Successfully stored file in GCS: transparentsf/dashboard/10/12.json
2025-09-12 09:44:55,312 - INFO - Successfully migrated: /Users/simongoldman/Documents/TransparentSF_from_git/transparentSF/ai/output/dashboard/10/12.json
2025-09-12 09:44:55,589 - INFO - Successfully stored file in GCS: transparentsf/dashboard/10/73.json
2025-09-12 09:44:55,589 - INFO - Successfully migrated: /Users/simongoldman/Documents/TransparentSF_from_git/transparentSF/ai/output/dashboard/10/73.json
2025-09-12 09:44:55,867 - INFO - Successfully stored file in GCS: transparentsf/dashboard/10/24.json
2025-09-12 09:44:55,867 - INFO - Successfully migrated: /Users/simongoldman/Documents/TransparentSF_from_git/transparentSF/ai/output/dashboard/10/24.json
2025-09-12 09:44:56,152 - INFO - Successfully stored file in GCS: transparentsf/dashboard/10/72.json
2025-09-12 09:44:56,152 - INFO - Successfully migrated: /Users/simongoldman/Documents/TransparentSF_from_git/transparentSF/ai/output/dashboard/10/72.json
2025-09-12 09:44:56,497 - INFO - Successfully stored file in GCS: transparentsf/dashboard/10/29.json
2025-09-12 09:44:56,497 - INFO - Successfully migrated: /Users/simongoldman/Documents/TransparentSF_from_git/transparentSF/ai/output/dashboard/10/29.json
2025-09-12 09:44:56,793 - INFO - Successfully stored file in GCS: transparentsf/dashboard/10/3.json
2025-09-12 09:44:56,793 - INFO - Successfully migrated: /Users/simongoldman/Documents/TransparentSF_from_git/transparentSF/ai/output/dashboard/10/3.json
2025-09-12 09:44:57,096 - INFO - Successfully stored file in GCS: transparentsf/dashboard/10/63.json
2025-09-12 09:44:57,096 - INFO - Successfully migrated: /Users/simongoldman/Documents/TransparentSF_from_git/transparentSF/ai/output/dashboard/10/63.json
2025-09-12 09:44:57,400 - INFO - Successfully stored file in GCS: transparentsf/dashboard/10/8.json
2025-09-12 09:44:57,401 - INFO - Successfully migrated: /Users/simongoldman/Documents/TransparentSF_from_git/transparentSF/ai/output/dashboard/10/8.json
2025-09-12 09:44:57,688 - INFO - Successfully stored file in GCS: transparentsf/dashboard/10/22.json
2025-09-12 09:44:57,688 - INFO - Successfully migrated: /Users/simongoldman/Documents/TransparentSF_from_git/transparentSF/ai/output/dashboard/10/22.json
2025-09-12 09:44:57,970 - INFO - Successfully stored file in GCS: transparentsf/dashboard/10/18.json
2025-09-12 09:44:57,971 - INFO - Successfully migrated: /Users/simongoldman/Documents/TransparentSF_from_git/transparentSF/ai/output/dashboard/10/18.json
2025-09-12 09:44:58,254 - INFO - Successfully stored file in GCS: transparentsf/dashboard/10/38.json
2025-09-12 09:44:58,254 - INFO - Successfully migrated: /Users/simongoldman/Documents/TransparentSF_from_git/transparentSF/ai/output/dashboard/10/38.json
2025-09-12 09:44:58,595 - INFO - Successfully stored file in GCS: transparentsf/dashboard/10/4.json
2025-09-12 09:44:58,595 - INFO - Successfully migrated: /Users/simongoldman/Documents/TransparentSF_from_git/transparentSF/ai/output/dashboard/10/4.json
2025-09-12 09:44:58,887 - INFO - Successfully stored file in GCS: transparentsf/dashboard/10/14.json
2025-09-12 09:44:58,888 - INFO - Successfully migrated: /Users/simongoldman/Documents/TransparentSF_from_git/transparentSF/ai/output/dashboard/10/14.json
2025-09-12 09:44:59,158 - INFO - Successfully stored file in GCS: transparentsf/dashboard/10/15.json
2025-09-12 09:44:59,159 - INFO - Successfully migrated: /Users/simongoldman/Documents/TransparentSF_from_git/transparentSF/ai/output/dashboard/10/15.json
2025-09-12 09:44:59,440 - INFO - Successfully stored file in GCS: transparentsf/dashboard/10/19.json
2025-09-12 09:44:59,440 - INFO - Successfully migrated: /Users/simongoldman/Documents/TransparentSF_from_git/transparentSF/ai/output/dashboard/10/19.json
2025-09-12 09:44:59,719 - INFO - Successfully stored file in GCS: transparentsf/dashboard/10/23.json
2025-09-12 09:44:59,719 - INFO - Successfully migrated: /Users/simongoldman/Documents/TransparentSF_from_git/transparentSF/ai/output/dashboard/10/23.json
2025-09-12 09:45:00,018 - INFO - Successfully stored file in GCS: transparentsf/dashboard/10/9.json
2025-09-12 09:45:00,018 - INFO - Successfully migrated: /Users/simongoldman/Documents/TransparentSF_from_git/transparentSF/ai/output/dashboard/10/9.json
2025-09-12 09:45:00,306 - INFO - Successfully stored file in GCS: transparentsf/dashboard/10/35.json
2025-09-12 09:45:00,306 - INFO - Successfully migrated: /Users/simongoldman/Documents/TransparentSF_from_git/transparentSF/ai/output/dashboard/10/35.json
2025-09-12 09:45:00,588 - INFO - Successfully stored file in GCS: transparentsf/dashboard/8/top_level.json
2025-09-12 09:45:00,589 - INFO - Successfully migrated: /Users/simongoldman/Documents/TransparentSF_from_git/transparentSF/ai/output/dashboard/8/top_level.json
2025-09-12 09:45:00,887 - INFO - Successfully stored file in GCS: transparentsf/dashboard/8/16.json
2025-09-12 09:45:00,887 - INFO - Successfully migrated: /Users/simongoldman/Documents/TransparentSF_from_git/transparentSF/ai/output/dashboard/8/16.json
2025-09-12 09:45:01,213 - INFO - Successfully stored file in GCS: transparentsf/dashboard/8/17.json
2025-09-12 09:45:01,214 - INFO - Successfully migrated: /Users/simongoldman/Documents/TransparentSF_from_git/transparentSF/ai/output/dashboard/8/17.json
2025-09-12 09:45:01,503 - INFO - Successfully stored file in GCS: transparentsf/dashboard/8/40.json
2025-09-12 09:45:01,503 - INFO - Successfully migrated: /Users/simongoldman/Documents/TransparentSF_from_git/transparentSF/ai/output/dashboard/8/40.json
2025-09-12 09:45:01,783 - INFO - Successfully stored file in GCS: transparentsf/dashboard/8/71.json
2025-09-12 09:45:01,783 - INFO - Successfully migrated: /Users/simongoldman/Documents/TransparentSF_from_git/transparentSF/ai/output/dashboard/8/71.json
2025-09-12 09:45:02,070 - INFO - Successfully stored file in GCS: transparentsf/dashboard/8/30.json
2025-09-12 09:45:02,071 - INFO - Successfully migrated: /Users/simongoldman/Documents/TransparentSF_from_git/transparentSF/ai/output/dashboard/8/30.json
2025-09-12 09:45:02,354 - INFO - Successfully stored file in GCS: transparentsf/dashboard/8/70.json
2025-09-12 09:45:02,354 - INFO - Successfully migrated: /Users/simongoldman/Documents/TransparentSF_from_git/transparentSF/ai/output/dashboard/8/70.json
2025-09-12 09:45:02,850 - INFO - Successfully stored file in GCS: transparentsf/dashboard/8/1.json
2025-09-12 09:45:02,850 - INFO - Successfully migrated: /Users/simongoldman/Documents/TransparentSF_from_git/transparentSF/ai/output/dashboard/8/1.json
2025-09-12 09:45:03,137 - INFO - Successfully stored file in GCS: transparentsf/dashboard/8/2.json
2025-09-12 09:45:03,138 - INFO - Successfully migrated: /Users/simongoldman/Documents/TransparentSF_from_git/transparentSF/ai/output/dashboard/8/2.json
2025-09-12 09:45:03,421 - INFO - Successfully stored file in GCS: transparentsf/dashboard/8/12.json
2025-09-12 09:45:03,421 - INFO - Successfully migrated: /Users/simongoldman/Documents/TransparentSF_from_git/transparentSF/ai/output/dashboard/8/12.json
2025-09-12 09:45:03,897 - INFO - Successfully stored file in GCS: transparentsf/dashboard/8/73.json
2025-09-12 09:45:03,898 - INFO - Successfully migrated: /Users/simongoldman/Documents/TransparentSF_from_git/transparentSF/ai/output/dashboard/8/73.json
2025-09-12 09:45:04,173 - INFO - Successfully stored file in GCS: transparentsf/dashboard/8/24.json
2025-09-12 09:45:04,173 - INFO - Successfully migrated: /Users/simongoldman/Documents/TransparentSF_from_git/transparentSF/ai/output/dashboard/8/24.json
2025-09-12 09:45:04,473 - INFO - Successfully stored file in GCS: transparentsf/dashboard/8/72.json
2025-09-12 09:45:04,474 - INFO - Successfully migrated: /Users/simongoldman/Documents/TransparentSF_from_git/transparentSF/ai/output/dashboard/8/72.json
2025-09-12 09:45:04,888 - INFO - Successfully stored file in GCS: transparentsf/dashboard/8/29.json
2025-09-12 09:45:04,888 - INFO - Successfully migrated: /Users/simongoldman/Documents/TransparentSF_from_git/transparentSF/ai/output/dashboard/8/29.json
2025-09-12 09:45:05,173 - INFO - Successfully stored file in GCS: transparentsf/dashboard/8/3.json
2025-09-12 09:45:05,173 - INFO - Successfully migrated: /Users/simongoldman/Documents/TransparentSF_from_git/transparentSF/ai/output/dashboard/8/3.json
2025-09-12 09:45:05,453 - INFO - Successfully stored file in GCS: transparentsf/dashboard/8/34.json
2025-09-12 09:45:05,453 - INFO - Successfully migrated: /Users/simongoldman/Documents/TransparentSF_from_git/transparentSF/ai/output/dashboard/8/34.json
2025-09-12 09:45:05,934 - INFO - Successfully stored file in GCS: transparentsf/dashboard/8/63.json
2025-09-12 09:45:05,934 - INFO - Successfully migrated: /Users/simongoldman/Documents/TransparentSF_from_git/transparentSF/ai/output/dashboard/8/63.json
2025-09-12 09:45:06,216 - INFO - Successfully stored file in GCS: transparentsf/dashboard/8/8.json
2025-09-12 09:45:06,216 - INFO - Successfully migrated: /Users/simongoldman/Documents/TransparentSF_from_git/transparentSF/ai/output/dashboard/8/8.json
2025-09-12 09:45:06,514 - INFO - Successfully stored file in GCS: transparentsf/dashboard/8/22.json
2025-09-12 09:45:06,514 - INFO - Successfully migrated: /Users/simongoldman/Documents/TransparentSF_from_git/transparentSF/ai/output/dashboard/8/22.json
2025-09-12 09:45:06,796 - INFO - Successfully stored file in GCS: transparentsf/dashboard/8/18.json
2025-09-12 09:45:06,796 - INFO - Successfully migrated: /Users/simongoldman/Documents/TransparentSF_from_git/transparentSF/ai/output/dashboard/8/18.json
2025-09-12 09:45:07,074 - INFO - Successfully stored file in GCS: transparentsf/dashboard/8/38.json
2025-09-12 09:45:07,074 - INFO - Successfully migrated: /Users/simongoldman/Documents/TransparentSF_from_git/transparentSF/ai/output/dashboard/8/38.json
2025-09-12 09:45:07,361 - INFO - Successfully stored file in GCS: transparentsf/dashboard/8/4.json
2025-09-12 09:45:07,361 - INFO - Successfully migrated: /Users/simongoldman/Documents/TransparentSF_from_git/transparentSF/ai/output/dashboard/8/4.json
2025-09-12 09:45:07,633 - INFO - Successfully stored file in GCS: transparentsf/dashboard/8/14.json
2025-09-12 09:45:07,634 - INFO - Successfully migrated: /Users/simongoldman/Documents/TransparentSF_from_git/transparentSF/ai/output/dashboard/8/14.json
2025-09-12 09:45:07,933 - INFO - Successfully stored file in GCS: transparentsf/dashboard/8/15.json
2025-09-12 09:45:07,933 - INFO - Successfully migrated: /Users/simongoldman/Documents/TransparentSF_from_git/transparentSF/ai/output/dashboard/8/15.json
2025-09-12 09:45:08,207 - INFO - Successfully stored file in GCS: transparentsf/dashboard/8/19.json
2025-09-12 09:45:08,207 - INFO - Successfully migrated: /Users/simongoldman/Documents/TransparentSF_from_git/transparentSF/ai/output/dashboard/8/19.json
2025-09-12 09:45:08,555 - INFO - Successfully stored file in GCS: transparentsf/dashboard/8/23.json
2025-09-12 09:45:08,556 - INFO - Successfully migrated: /Users/simongoldman/Documents/TransparentSF_from_git/transparentSF/ai/output/dashboard/8/23.json
2025-09-12 09:45:08,852 - INFO - Successfully stored file in GCS: transparentsf/dashboard/8/9.json
2025-09-12 09:45:08,853 - INFO - Successfully migrated: /Users/simongoldman/Documents/TransparentSF_from_git/transparentSF/ai/output/dashboard/8/9.json
2025-09-12 09:45:09,137 - INFO - Successfully stored file in GCS: transparentsf/dashboard/8/35.json
2025-09-12 09:45:09,138 - INFO - Successfully migrated: /Users/simongoldman/Documents/TransparentSF_from_git/transparentSF/ai/output/dashboard/8/35.json
2025-09-12 09:45:09,433 - INFO - Successfully stored file in GCS: transparentsf/dashboard/history/district_5_20250904.json
2025-09-12 09:45:09,433 - INFO - Successfully migrated: /Users/simongoldman/Documents/TransparentSF_from_git/transparentSF/ai/output/dashboard/history/district_5_20250904.json
2025-09-12 09:45:09,745 - INFO - Successfully stored file in GCS: transparentsf/dashboard/history/district_3_20250822.json
2025-09-12 09:45:09,745 - INFO - Successfully migrated: /Users/simongoldman/Documents/TransparentSF_from_git/transparentSF/ai/output/dashboard/history/district_3_20250822.json
2025-09-12 09:45:10,032 - INFO - Successfully stored file in GCS: transparentsf/dashboard/history/district_10_20250821.json
2025-09-12 09:45:10,032 - INFO - Successfully migrated: /Users/simongoldman/Documents/TransparentSF_from_git/transparentSF/ai/output/dashboard/history/district_10_20250821.json
2025-09-12 09:45:10,445 - INFO - Successfully stored file in GCS: transparentsf/dashboard/history/district_11_20250910.json
2025-09-12 09:45:10,445 - INFO - Successfully migrated: /Users/simongoldman/Documents/TransparentSF_from_git/transparentSF/ai/output/dashboard/history/district_11_20250910.json
2025-09-12 09:45:10,772 - INFO - Successfully stored file in GCS: transparentsf/dashboard/history/district_11_20250906.json
2025-09-12 09:45:10,772 - INFO - Successfully migrated: /Users/simongoldman/Documents/TransparentSF_from_git/transparentSF/ai/output/dashboard/history/district_11_20250906.json
2025-09-12 09:45:11,068 - INFO - Successfully stored file in GCS: transparentsf/dashboard/history/district_0_20250819.json
2025-09-12 09:45:11,069 - INFO - Successfully migrated: /Users/simongoldman/Documents/TransparentSF_from_git/transparentSF/ai/output/dashboard/history/district_0_20250819.json
2025-09-12 09:45:11,351 - INFO - Successfully stored file in GCS: transparentsf/dashboard/history/district_2_20250905.json
2025-09-12 09:45:11,351 - INFO - Successfully migrated: /Users/simongoldman/Documents/TransparentSF_from_git/transparentSF/ai/output/dashboard/history/district_2_20250905.json
2025-09-12 09:45:11,701 - INFO - Successfully stored file in GCS: transparentsf/dashboard/history/district_10_20250909.json
2025-09-12 09:45:11,702 - INFO - Successfully migrated: /Users/simongoldman/Documents/TransparentSF_from_git/transparentSF/ai/output/dashboard/history/district_10_20250909.json
2025-09-12 09:45:12,014 - INFO - Successfully stored file in GCS: transparentsf/dashboard/history/district_1_20250904.json
2025-09-12 09:45:12,015 - INFO - Successfully migrated: /Users/simongoldman/Documents/TransparentSF_from_git/transparentSF/ai/output/dashboard/history/district_1_20250904.json
2025-09-12 09:45:12,342 - INFO - Successfully stored file in GCS: transparentsf/dashboard/history/district_7_20250822.json
2025-09-12 09:45:12,342 - INFO - Successfully migrated: /Users/simongoldman/Documents/TransparentSF_from_git/transparentSF/ai/output/dashboard/history/district_7_20250822.json
2025-09-12 09:45:12,646 - INFO - Successfully stored file in GCS: transparentsf/dashboard/history/district_6_20250905.json
2025-09-12 09:45:12,646 - INFO - Successfully migrated: /Users/simongoldman/Documents/TransparentSF_from_git/transparentSF/ai/output/dashboard/history/district_6_20250905.json
2025-09-12 09:45:12,947 - INFO - Successfully stored file in GCS: transparentsf/dashboard/history/district_4_20250819.json
2025-09-12 09:45:12,948 - INFO - Successfully migrated: /Users/simongoldman/Documents/TransparentSF_from_git/transparentSF/ai/output/dashboard/history/district_4_20250819.json
2025-09-12 09:45:13,273 - INFO - Successfully stored file in GCS: transparentsf/dashboard/history/district_5_20250908.json
2025-09-12 09:45:13,273 - INFO - Successfully migrated: /Users/simongoldman/Documents/TransparentSF_from_git/transparentSF/ai/output/dashboard/history/district_5_20250908.json
2025-09-12 09:45:13,555 - INFO - Successfully stored file in GCS: transparentsf/dashboard/history/district_1_20250820.json
2025-09-12 09:45:13,555 - INFO - Successfully migrated: /Users/simongoldman/Documents/TransparentSF_from_git/transparentSF/ai/output/dashboard/history/district_1_20250820.json
2025-09-12 09:45:13,879 - INFO - Successfully stored file in GCS: transparentsf/dashboard/history/district_7_20250906.json
2025-09-12 09:45:13,880 - INFO - Successfully migrated: /Users/simongoldman/Documents/TransparentSF_from_git/transparentSF/ai/output/dashboard/history/district_7_20250906.json
2025-09-12 09:45:14,231 - INFO - Successfully stored file in GCS: transparentsf/dashboard/history/district_8_20250902.json
2025-09-12 09:45:14,231 - INFO - Successfully migrated: /Users/simongoldman/Documents/TransparentSF_from_git/transparentSF/ai/output/dashboard/history/district_8_20250902.json
2025-09-12 09:45:14,582 - INFO - Successfully stored file in GCS: transparentsf/dashboard/history/district_0_20250911.json
2025-09-12 09:45:14,582 - INFO - Successfully migrated: /Users/simongoldman/Documents/TransparentSF_from_git/transparentSF/ai/output/dashboard/history/district_0_20250911.json
2025-09-12 09:45:14,911 - INFO - Successfully stored file in GCS: transparentsf/dashboard/history/district_7_20250910.json
2025-09-12 09:45:14,911 - INFO - Successfully migrated: /Users/simongoldman/Documents/TransparentSF_from_git/transparentSF/ai/output/dashboard/history/district_7_20250910.json
2025-09-12 09:45:15,371 - INFO - Successfully stored file in GCS: transparentsf/dashboard/history/district_0_20250907.json
2025-09-12 09:45:15,371 - INFO - Successfully migrated: /Users/simongoldman/Documents/TransparentSF_from_git/transparentSF/ai/output/dashboard/history/district_0_20250907.json
2025-09-12 09:45:15,739 - INFO - Successfully stored file in GCS: transparentsf/dashboard/history/district_6_20250821.json
2025-09-12 09:45:15,739 - INFO - Successfully migrated: /Users/simongoldman/Documents/TransparentSF_from_git/transparentSF/ai/output/dashboard/history/district_6_20250821.json
2025-09-12 09:45:16,053 - INFO - Successfully stored file in GCS: transparentsf/dashboard/history/district_2_20250909.json
2025-09-12 09:45:16,054 - INFO - Successfully migrated: /Users/simongoldman/Documents/TransparentSF_from_git/transparentSF/ai/output/dashboard/history/district_2_20250909.json
2025-09-12 09:45:16,302 - INFO - Successfully stored file in GCS: transparentsf/dashboard/history/district_4_20250911.json
2025-09-12 09:45:16,303 - INFO - Successfully migrated: /Users/simongoldman/Documents/TransparentSF_from_git/transparentSF/ai/output/dashboard/history/district_4_20250911.json
2025-09-12 09:45:16,586 - INFO - Successfully stored file in GCS: transparentsf/dashboard/history/district_5_20250820.json
2025-09-12 09:45:16,587 - INFO - Successfully migrated: /Users/simongoldman/Documents/TransparentSF_from_git/transparentSF/ai/output/dashboard/history/district_5_20250820.json
2025-09-12 09:45:16,943 - INFO - Successfully stored file in GCS: transparentsf/dashboard/history/district_3_20250906.json
2025-09-12 09:45:16,943 - INFO - Successfully migrated: /Users/simongoldman/Documents/TransparentSF_from_git/transparentSF/ai/output/dashboard/history/district_3_20250906.json
2025-09-12 09:45:17,256 - INFO - Successfully stored file in GCS: transparentsf/dashboard/history/district_1_20250908.json
2025-09-12 09:45:17,256 - INFO - Successfully migrated: /Users/simongoldman/Documents/TransparentSF_from_git/transparentSF/ai/output/dashboard/history/district_1_20250908.json
2025-09-12 09:45:17,549 - INFO - Successfully stored file in GCS: transparentsf/dashboard/history/district_10_20250905.json
2025-09-12 09:45:17,549 - INFO - Successfully migrated: /Users/simongoldman/Documents/TransparentSF_from_git/transparentSF/ai/output/dashboard/history/district_10_20250905.json
2025-09-12 09:45:17,886 - INFO - Successfully stored file in GCS: transparentsf/dashboard/history/district_11_20250822.json
2025-09-12 09:45:17,886 - INFO - Successfully migrated: /Users/simongoldman/Documents/TransparentSF_from_git/transparentSF/ai/output/dashboard/history/district_11_20250822.json
2025-09-12 09:45:18,166 - INFO - Successfully stored file in GCS: transparentsf/dashboard/history/district_6_20250909.json
2025-09-12 09:45:18,166 - INFO - Successfully migrated: /Users/simongoldman/Documents/TransparentSF_from_git/transparentSF/ai/output/dashboard/history/district_6_20250909.json
2025-09-12 09:45:18,517 - INFO - Successfully stored file in GCS: transparentsf/dashboard/history/district_4_20250907.json
2025-09-12 09:45:18,517 - INFO - Successfully migrated: /Users/simongoldman/Documents/TransparentSF_from_git/transparentSF/ai/output/dashboard/history/district_4_20250907.json
2025-09-12 09:45:18,802 - INFO - Successfully stored file in GCS: transparentsf/dashboard/history/district_2_20250821.json
2025-09-12 09:45:18,802 - INFO - Successfully migrated: /Users/simongoldman/Documents/TransparentSF_from_git/transparentSF/ai/output/dashboard/history/district_2_20250821.json
2025-09-12 09:45:19,127 - INFO - Successfully stored file in GCS: transparentsf/dashboard/history/district_3_20250910.json
2025-09-12 09:45:19,127 - INFO - Successfully migrated: /Users/simongoldman/Documents/TransparentSF_from_git/transparentSF/ai/output/dashboard/history/district_3_20250910.json
2025-09-12 09:45:19,373 - INFO - Successfully stored file in GCS: transparentsf/dashboard/history/district_3_20250911.json
2025-09-12 09:45:19,373 - INFO - Successfully migrated: /Users/simongoldman/Documents/TransparentSF_from_git/transparentSF/ai/output/dashboard/history/district_3_20250911.json
2025-09-12 09:45:19,705 - INFO - Successfully stored file in GCS: transparentsf/dashboard/history/district_4_20250906.json
2025-09-12 09:45:19,705 - INFO - Successfully migrated: /Users/simongoldman/Documents/TransparentSF_from_git/transparentSF/ai/output/dashboard/history/district_4_20250906.json
2025-09-12 09:45:20,088 - INFO - Successfully stored file in GCS: transparentsf/dashboard/history/district_2_20250820.json
2025-09-12 09:45:20,088 - INFO - Successfully migrated: /Users/simongoldman/Documents/TransparentSF_from_git/transparentSF/ai/output/dashboard/history/district_2_20250820.json
2025-09-12 09:45:20,387 - INFO - Successfully stored file in GCS: transparentsf/dashboard/history/district_6_20250908.json
2025-09-12 09:45:20,388 - INFO - Successfully migrated: /Users/simongoldman/Documents/TransparentSF_from_git/transparentSF/ai/output/dashboard/history/district_6_20250908.json
2025-09-12 09:45:20,689 - INFO - Successfully stored file in GCS: transparentsf/dashboard/history/district_10_20250904.json
2025-09-12 09:45:20,689 - INFO - Successfully migrated: /Users/simongoldman/Documents/TransparentSF_from_git/transparentSF/ai/output/dashboard/history/district_10_20250904.json
2025-09-12 09:45:20,973 - INFO - Successfully stored file in GCS: transparentsf/dashboard/history/district_1_20250909.json
2025-09-12 09:45:20,973 - INFO - Successfully migrated: /Users/simongoldman/Documents/TransparentSF_from_git/transparentSF/ai/output/dashboard/history/district_1_20250909.json
2025-09-12 09:45:21,270 - INFO - Successfully stored file in GCS: transparentsf/dashboard/history/district_5_20250821.json
2025-09-12 09:45:21,271 - INFO - Successfully migrated: /Users/simongoldman/Documents/TransparentSF_from_git/transparentSF/ai/output/dashboard/history/district_5_20250821.json
2025-09-12 09:45:21,662 - INFO - Successfully stored file in GCS: transparentsf/dashboard/history/district_3_20250907.json
2025-09-12 09:45:21,663 - INFO - Successfully migrated: /Users/simongoldman/Documents/TransparentSF_from_git/transparentSF/ai/output/dashboard/history/district_3_20250907.json
2025-09-12 09:45:22,005 - INFO - Successfully stored file in GCS: transparentsf/dashboard/history/district_4_20250910.json
2025-09-12 09:45:22,005 - INFO - Successfully migrated: /Users/simongoldman/Documents/TransparentSF_from_git/transparentSF/ai/output/dashboard/history/district_4_20250910.json
2025-09-12 09:45:22,315 - INFO - Successfully stored file in GCS: transparentsf/dashboard/history/district_11_20250819.json
2025-09-12 09:45:22,315 - INFO - Successfully migrated: /Users/simongoldman/Documents/TransparentSF_from_git/transparentSF/ai/output/dashboard/history/district_11_20250819.json
2025-09-12 09:45:22,597 - INFO - Successfully stored file in GCS: transparentsf/dashboard/history/district_2_20250908.json
2025-09-12 09:45:22,597 - INFO - Successfully migrated: /Users/simongoldman/Documents/TransparentSF_from_git/transparentSF/ai/output/dashboard/history/district_2_20250908.json
2025-09-12 09:45:23,390 - INFO - Successfully stored file in GCS: transparentsf/dashboard/history/district_0_20250906.json
2025-09-12 09:45:23,390 - INFO - Successfully migrated: /Users/simongoldman/Documents/TransparentSF_from_git/transparentSF/ai/output/dashboard/history/district_0_20250906.json
2025-09-12 09:45:23,762 - INFO - Successfully stored file in GCS: transparentsf/dashboard/history/district_6_20250820.json
2025-09-12 09:45:23,763 - INFO - Successfully migrated: /Users/simongoldman/Documents/TransparentSF_from_git/transparentSF/ai/output/dashboard/history/district_6_20250820.json
2025-09-12 09:45:24,041 - INFO - Successfully stored file in GCS: transparentsf/dashboard/history/district_7_20250911.json
2025-09-12 09:45:24,041 - INFO - Successfully migrated: /Users/simongoldman/Documents/TransparentSF_from_git/transparentSF/ai/output/dashboard/history/district_7_20250911.json
2025-09-12 09:45:24,676 - INFO - Successfully stored file in GCS: transparentsf/dashboard/history/district_0_20250910.json
2025-09-12 09:45:24,676 - INFO - Successfully migrated: /Users/simongoldman/Documents/TransparentSF_from_git/transparentSF/ai/output/dashboard/history/district_0_20250910.json
2025-09-12 09:45:24,983 - INFO - Successfully stored file in GCS: transparentsf/dashboard/history/district_8_20250903.json
2025-09-12 09:45:24,984 - INFO - Successfully migrated: /Users/simongoldman/Documents/TransparentSF_from_git/transparentSF/ai/output/dashboard/history/district_8_20250903.json
2025-09-12 09:45:25,332 - INFO - Successfully stored file in GCS: transparentsf/dashboard/history/district_1_20250821.json
2025-09-12 09:45:25,332 - INFO - Successfully migrated: /Users/simongoldman/Documents/TransparentSF_from_git/transparentSF/ai/output/dashboard/history/district_1_20250821.json
2025-09-12 09:45:25,737 - INFO - Successfully stored file in GCS: transparentsf/dashboard/history/district_7_20250907.json
2025-09-12 09:45:25,737 - INFO - Successfully migrated: /Users/simongoldman/Documents/TransparentSF_from_git/transparentSF/ai/output/dashboard/history/district_7_20250907.json
2025-09-12 09:45:26,039 - INFO - Successfully stored file in GCS: transparentsf/dashboard/history/district_5_20250909.json
2025-09-12 09:45:26,039 - INFO - Successfully migrated: /Users/simongoldman/Documents/TransparentSF_from_git/transparentSF/ai/output/dashboard/history/district_5_20250909.json
2025-09-12 09:45:26,464 - INFO - Successfully stored file in GCS: transparentsf/dashboard/history/district_0_20250822.json
2025-09-12 09:45:26,464 - INFO - Successfully migrated: /Users/simongoldman/Documents/TransparentSF_from_git/transparentSF/ai/output/dashboard/history/district_0_20250822.json
2025-09-12 09:45:26,788 - INFO - Successfully stored file in GCS: transparentsf/dashboard/history/district_6_20250904.json
2025-09-12 09:45:26,789 - INFO - Successfully migrated: /Users/simongoldman/Documents/TransparentSF_from_git/transparentSF/ai/output/dashboard/history/district_6_20250904.json
2025-09-12 09:45:27,066 - INFO - Successfully stored file in GCS: transparentsf/dashboard/history/district_1_20250905.json
2025-09-12 09:45:27,066 - INFO - Successfully migrated: /Users/simongoldman/Documents/TransparentSF_from_git/transparentSF/ai/output/dashboard/history/district_1_20250905.json
2025-09-12 09:45:27,338 - INFO - Successfully stored file in GCS: transparentsf/dashboard/history/district_3_20250819.json
2025-09-12 09:45:27,338 - INFO - Successfully migrated: /Users/simongoldman/Documents/TransparentSF_from_git/transparentSF/ai/output/dashboard/history/district_3_20250819.json
2025-09-12 09:45:27,698 - INFO - Successfully stored file in GCS: transparentsf/dashboard/history/district_10_20250908.json
2025-09-12 09:45:27,699 - INFO - Successfully migrated: /Users/simongoldman/Documents/TransparentSF_from_git/transparentSF/ai/output/dashboard/history/district_10_20250908.json
2025-09-12 09:45:28,032 - INFO - Successfully stored file in GCS: transparentsf/dashboard/history/district_4_20250822.json
2025-09-12 09:45:28,032 - INFO - Successfully migrated: /Users/simongoldman/Documents/TransparentSF_from_git/transparentSF/ai/output/dashboard/history/district_4_20250822.json
2025-09-12 09:45:28,355 - INFO - Successfully stored file in GCS: transparentsf/dashboard/history/district_2_20250904.json
2025-09-12 09:45:28,355 - INFO - Successfully migrated: /Users/simongoldman/Documents/TransparentSF_from_git/transparentSF/ai/output/dashboard/history/district_2_20250904.json
2025-09-12 09:45:28,779 - INFO - Successfully stored file in GCS: transparentsf/dashboard/history/district_11_20250907.json
2025-09-12 09:45:28,780 - INFO - Successfully migrated: /Users/simongoldman/Documents/TransparentSF_from_git/transparentSF/ai/output/dashboard/history/district_11_20250907.json
2025-09-12 09:45:29,017 - INFO - Successfully stored file in GCS: transparentsf/dashboard/history/district_11_20250911.json
2025-09-12 09:45:29,017 - INFO - Successfully migrated: /Users/simongoldman/Documents/TransparentSF_from_git/transparentSF/ai/output/dashboard/history/district_11_20250911.json
2025-09-12 09:45:29,317 - INFO - Successfully stored file in GCS: transparentsf/dashboard/history/district_10_20250820.json
2025-09-12 09:45:29,317 - INFO - Successfully migrated: /Users/simongoldman/Documents/TransparentSF_from_git/transparentSF/ai/output/dashboard/history/district_10_20250820.json
2025-09-12 09:45:29,630 - INFO - Successfully stored file in GCS: transparentsf/dashboard/history/district_7_20250819.json
2025-09-12 09:45:29,630 - INFO - Successfully migrated: /Users/simongoldman/Documents/TransparentSF_from_git/transparentSF/ai/output/dashboard/history/district_7_20250819.json
2025-09-12 09:45:29,924 - INFO - Successfully stored file in GCS: transparentsf/dashboard/history/district_5_20250905.json
2025-09-12 09:45:29,924 - INFO - Successfully migrated: /Users/simongoldman/Documents/TransparentSF_from_git/transparentSF/ai/output/dashboard/history/district_5_20250905.json
2025-09-12 09:45:30,230 - INFO - Successfully stored file in GCS: transparentsf/dashboard/history/district_8_20250904.json
2025-09-12 09:45:30,231 - INFO - Successfully migrated: /Users/simongoldman/Documents/TransparentSF_from_git/transparentSF/ai/output/dashboard/history/district_8_20250904.json
2025-09-12 09:45:30,578 - INFO - Successfully stored file in GCS: transparentsf/dashboard/history/district_10_20250903.json
2025-09-12 09:45:30,579 - INFO - Successfully migrated: /Users/simongoldman/Documents/TransparentSF_from_git/transparentSF/ai/output/dashboard/history/district_10_20250903.json
2025-09-12 09:45:30,858 - INFO - Successfully stored file in GCS: transparentsf/dashboard/history/district_9_20250819.json
2025-09-12 09:45:30,859 - INFO - Successfully migrated: /Users/simongoldman/Documents/TransparentSF_from_git/transparentSF/ai/output/dashboard/history/district_9_20250819.json
2025-09-12 09:45:31,182 - INFO - Successfully stored file in GCS: transparentsf/dashboard/history/district_5_20250902.json
2025-09-12 09:45:31,182 - INFO - Successfully migrated: /Users/simongoldman/Documents/TransparentSF_from_git/transparentSF/ai/output/dashboard/history/district_5_20250902.json
2025-09-12 09:45:31,490 - INFO - Successfully stored file in GCS: transparentsf/dashboard/history/district_8_20250908.json
2025-09-12 09:45:31,491 - INFO - Successfully migrated: /Users/simongoldman/Documents/TransparentSF_from_git/transparentSF/ai/output/dashboard/history/district_8_20250908.json
2025-09-12 09:45:31,772 - INFO - Successfully stored file in GCS: transparentsf/dashboard/history/district_2_20250903.json
2025-09-12 09:45:31,772 - INFO - Successfully migrated: /Users/simongoldman/Documents/TransparentSF_from_git/transparentSF/ai/output/dashboard/history/district_2_20250903.json
2025-09-12 09:45:32,148 - INFO - Successfully stored file in GCS: transparentsf/dashboard/history/district_8_20250820.json
2025-09-12 09:45:32,149 - INFO - Successfully migrated: /Users/simongoldman/Documents/TransparentSF_from_git/transparentSF/ai/output/dashboard/history/district_8_20250820.json
2025-09-12 09:45:32,458 - INFO - Successfully stored file in GCS: transparentsf/dashboard/history/district_1_20250902.json
2025-09-12 09:45:32,459 - INFO - Successfully migrated: /Users/simongoldman/Documents/TransparentSF_from_git/transparentSF/ai/output/dashboard/history/district_1_20250902.json
2025-09-12 09:45:32,708 - INFO - Successfully stored file in GCS: transparentsf/dashboard/history/district_9_20250911.json
2025-09-12 09:45:32,708 - INFO - Successfully migrated: /Users/simongoldman/Documents/TransparentSF_from_git/transparentSF/ai/output/dashboard/history/district_9_20250911.json
2025-09-12 09:45:33,000 - INFO - Successfully stored file in GCS: transparentsf/dashboard/history/district_6_20250903.json
2025-09-12 09:45:33,000 - INFO - Successfully migrated: /Users/simongoldman/Documents/TransparentSF_from_git/transparentSF/ai/output/dashboard/history/district_6_20250903.json
2025-09-12 09:45:33,325 - INFO - Successfully stored file in GCS: transparentsf/dashboard/history/district_9_20250907.json
2025-09-12 09:45:33,325 - INFO - Successfully migrated: /Users/simongoldman/Documents/TransparentSF_from_git/transparentSF/ai/output/dashboard/history/district_9_20250907.json
2025-09-12 09:45:33,719 - INFO - Successfully stored file in GCS: transparentsf/dashboard/history/district_9_20250906.json
2025-09-12 09:45:33,719 - INFO - Successfully migrated: /Users/simongoldman/Documents/TransparentSF_from_git/transparentSF/ai/output/dashboard/history/district_9_20250906.json
2025-09-12 09:45:34,048 - INFO - Successfully stored file in GCS: transparentsf/dashboard/history/district_6_20250902.json
2025-09-12 09:45:34,048 - INFO - Successfully migrated: /Users/simongoldman/Documents/TransparentSF_from_git/transparentSF/ai/output/dashboard/history/district_6_20250902.json
2025-09-12 09:45:34,387 - INFO - Successfully stored file in GCS: transparentsf/dashboard/history/district_9_20250910.json
2025-09-12 09:45:34,387 - INFO - Successfully migrated: /Users/simongoldman/Documents/TransparentSF_from_git/transparentSF/ai/output/dashboard/history/district_9_20250910.json
2025-09-12 09:45:34,769 - INFO - Successfully stored file in GCS: transparentsf/dashboard/history/district_1_20250903.json
2025-09-12 09:45:34,769 - INFO - Successfully migrated: /Users/simongoldman/Documents/TransparentSF_from_git/transparentSF/ai/output/dashboard/history/district_1_20250903.json
2025-09-12 09:45:35,058 - INFO - Successfully stored file in GCS: transparentsf/dashboard/history/district_8_20250821.json
2025-09-12 09:45:35,058 - INFO - Successfully migrated: /Users/simongoldman/Documents/TransparentSF_from_git/transparentSF/ai/output/dashboard/history/district_8_20250821.json
2025-09-12 09:45:35,384 - INFO - Successfully stored file in GCS: transparentsf/dashboard/history/district_2_20250902.json
2025-09-12 09:45:35,384 - INFO - Successfully migrated: /Users/simongoldman/Documents/TransparentSF_from_git/transparentSF/ai/output/dashboard/history/district_2_20250902.json
2025-09-12 09:45:35,664 - INFO - Successfully stored file in GCS: transparentsf/dashboard/history/district_8_20250909.json
2025-09-12 09:45:35,664 - INFO - Successfully migrated: /Users/simongoldman/Documents/TransparentSF_from_git/transparentSF/ai/output/dashboard/history/district_8_20250909.json
2025-09-12 09:45:35,955 - INFO - Successfully stored file in GCS: transparentsf/dashboard/history/district_5_20250903.json
2025-09-12 09:45:35,956 - INFO - Successfully migrated: /Users/simongoldman/Documents/TransparentSF_from_git/transparentSF/ai/output/dashboard/history/district_5_20250903.json
2025-09-12 09:45:36,342 - INFO - Successfully stored file in GCS: transparentsf/dashboard/history/district_10_20250902.json
2025-09-12 09:45:36,342 - INFO - Successfully migrated: /Users/simongoldman/Documents/TransparentSF_from_git/transparentSF/ai/output/dashboard/history/district_10_20250902.json
2025-09-12 09:45:36,658 - INFO - Successfully stored file in GCS: transparentsf/dashboard/history/district_9_20250822.json
2025-09-12 09:45:36,659 - INFO - Successfully migrated: /Users/simongoldman/Documents/TransparentSF_from_git/transparentSF/ai/output/dashboard/history/district_9_20250822.json
2025-09-12 09:45:36,968 - INFO - Successfully stored file in GCS: transparentsf/dashboard/history/district_8_20250905.json
2025-09-12 09:45:36,968 - INFO - Successfully migrated: /Users/simongoldman/Documents/TransparentSF_from_git/transparentSF/ai/output/dashboard/history/district_8_20250905.json
2025-09-12 09:45:37,250 - INFO - Successfully stored file in GCS: transparentsf/dashboard/history/district_4_20250903.json
2025-09-12 09:45:37,250 - INFO - Successfully migrated: /Users/simongoldman/Documents/TransparentSF_from_git/transparentSF/ai/output/dashboard/history/district_4_20250903.json
2025-09-12 09:45:37,559 - INFO - Successfully stored file in GCS: transparentsf/dashboard/history/district_9_20250909.json
2025-09-12 09:45:37,560 - INFO - Successfully migrated: /Users/simongoldman/Documents/TransparentSF_from_git/transparentSF/ai/output/dashboard/history/district_9_20250909.json
2025-09-12 09:45:37,917 - INFO - Successfully stored file in GCS: transparentsf/dashboard/history/district_3_20250902.json
2025-09-12 09:45:37,917 - INFO - Successfully migrated: /Users/simongoldman/Documents/TransparentSF_from_git/transparentSF/ai/output/dashboard/history/district_3_20250902.json
2025-09-12 09:45:38,244 - INFO - Successfully stored file in GCS: transparentsf/dashboard/history/district_8_20250910.json
2025-09-12 09:45:38,244 - INFO - Successfully migrated: /Users/simongoldman/Documents/TransparentSF_from_git/transparentSF/ai/output/dashboard/history/district_8_20250910.json
2025-09-12 09:45:38,552 - INFO - Successfully stored file in GCS: transparentsf/dashboard/history/district_0_20250903.json
2025-09-12 09:45:38,552 - INFO - Successfully migrated: /Users/simongoldman/Documents/TransparentSF_from_git/transparentSF/ai/output/dashboard/history/district_0_20250903.json
2025-09-12 09:45:38,842 - INFO - Successfully stored file in GCS: transparentsf/dashboard/history/district_9_20250821.json
2025-09-12 09:45:38,843 - INFO - Successfully migrated: /Users/simongoldman/Documents/TransparentSF_from_git/transparentSF/ai/output/dashboard/history/district_9_20250821.json
2025-09-12 09:45:39,162 - INFO - Successfully stored file in GCS: transparentsf/dashboard/history/district_8_20250906.json
2025-09-12 09:45:39,162 - INFO - Successfully migrated: /Users/simongoldman/Documents/TransparentSF_from_git/transparentSF/ai/output/dashboard/history/district_8_20250906.json
2025-09-12 09:45:39,520 - INFO - Successfully stored file in GCS: transparentsf/dashboard/history/district_7_20250902.json
2025-09-12 09:45:39,520 - INFO - Successfully migrated: /Users/simongoldman/Documents/TransparentSF_from_git/transparentSF/ai/output/dashboard/history/district_7_20250902.json
2025-09-12 09:45:39,837 - INFO - Successfully stored file in GCS: transparentsf/dashboard/history/district_9_20250905.json
2025-09-12 09:45:39,837 - INFO - Successfully migrated: /Users/simongoldman/Documents/TransparentSF_from_git/transparentSF/ai/output/dashboard/history/district_9_20250905.json
2025-09-12 09:45:40,171 - INFO - Successfully stored file in GCS: transparentsf/dashboard/history/district_8_20250822.json
2025-09-12 09:45:40,171 - INFO - Successfully migrated: /Users/simongoldman/Documents/TransparentSF_from_git/transparentSF/ai/output/dashboard/history/district_8_20250822.json
2025-09-12 09:45:40,537 - INFO - Successfully stored file in GCS: transparentsf/dashboard/history/district_11_20250902.json
2025-09-12 09:45:40,537 - INFO - Successfully migrated: /Users/simongoldman/Documents/TransparentSF_from_git/transparentSF/ai/output/dashboard/history/district_11_20250902.json
2025-09-12 09:45:40,829 - INFO - Successfully stored file in GCS: transparentsf/dashboard/history/district_8_20250819.json
2025-09-12 09:45:40,830 - INFO - Successfully migrated: /Users/simongoldman/Documents/TransparentSF_from_git/transparentSF/ai/output/dashboard/history/district_8_20250819.json
2025-09-12 09:45:41,177 - INFO - Successfully stored file in GCS: transparentsf/dashboard/history/district_11_20250903.json
2025-09-12 09:45:41,177 - INFO - Successfully migrated: /Users/simongoldman/Documents/TransparentSF_from_git/transparentSF/ai/output/dashboard/history/district_11_20250903.json
2025-09-12 09:45:41,475 - INFO - Successfully stored file in GCS: transparentsf/dashboard/history/district_9_20250904.json
2025-09-12 09:45:41,475 - INFO - Successfully migrated: /Users/simongoldman/Documents/TransparentSF_from_git/transparentSF/ai/output/dashboard/history/district_9_20250904.json
2025-09-12 09:45:41,774 - INFO - Successfully stored file in GCS: transparentsf/dashboard/history/district_7_20250903.json
2025-09-12 09:45:41,774 - INFO - Successfully migrated: /Users/simongoldman/Documents/TransparentSF_from_git/transparentSF/ai/output/dashboard/history/district_7_20250903.json
2025-09-12 09:45:42,118 - INFO - Successfully stored file in GCS: transparentsf/dashboard/history/district_8_20250907.json
2025-09-12 09:45:42,118 - INFO - Successfully migrated: /Users/simongoldman/Documents/TransparentSF_from_git/transparentSF/ai/output/dashboard/history/district_8_20250907.json
2025-09-12 09:45:42,414 - INFO - Successfully stored file in GCS: transparentsf/dashboard/history/district_9_20250820.json
2025-09-12 09:45:42,414 - INFO - Successfully migrated: /Users/simongoldman/Documents/TransparentSF_from_git/transparentSF/ai/output/dashboard/history/district_9_20250820.json
2025-09-12 09:45:42,812 - INFO - Successfully stored file in GCS: transparentsf/dashboard/history/district_0_20250902.json
2025-09-12 09:45:42,812 - INFO - Successfully migrated: /Users/simongoldman/Documents/TransparentSF_from_git/transparentSF/ai/output/dashboard/history/district_0_20250902.json
2025-09-12 09:45:43,157 - INFO - Successfully stored file in GCS: transparentsf/dashboard/history/district_8_20250911.json
2025-09-12 09:45:43,158 - INFO - Successfully migrated: /Users/simongoldman/Documents/TransparentSF_from_git/transparentSF/ai/output/dashboard/history/district_8_20250911.json
2025-09-12 09:45:43,459 - INFO - Successfully stored file in GCS: transparentsf/dashboard/history/district_3_20250903.json
2025-09-12 09:45:43,459 - INFO - Successfully migrated: /Users/simongoldman/Documents/TransparentSF_from_git/transparentSF/ai/output/dashboard/history/district_3_20250903.json
2025-09-12 09:45:43,759 - INFO - Successfully stored file in GCS: transparentsf/dashboard/history/district_9_20250908.json
2025-09-12 09:45:43,760 - INFO - Successfully migrated: /Users/simongoldman/Documents/TransparentSF_from_git/transparentSF/ai/output/dashboard/history/district_9_20250908.json
2025-09-12 09:45:44,087 - INFO - Successfully stored file in GCS: transparentsf/dashboard/history/district_4_20250902.json
2025-09-12 09:45:44,087 - INFO - Successfully migrated: /Users/simongoldman/Documents/TransparentSF_from_git/transparentSF/ai/output/dashboard/history/district_4_20250902.json
2025-09-12 09:45:44,381 - INFO - Successfully stored file in GCS: transparentsf/dashboard/history/district_4_20250909.json
2025-09-12 09:45:44,382 - INFO - Successfully migrated: /Users/simongoldman/Documents/TransparentSF_from_git/transparentSF/ai/output/dashboard/history/district_4_20250909.json
2025-09-12 09:45:44,731 - INFO - Successfully stored file in GCS: transparentsf/dashboard/history/district_1_20250910.json
2025-09-12 09:45:44,731 - INFO - Successfully migrated: /Users/simongoldman/Documents/TransparentSF_from_git/transparentSF/ai/output/dashboard/history/district_1_20250910.json
2025-09-12 09:45:45,099 - INFO - Successfully stored file in GCS: transparentsf/dashboard/history/district_9_20250903.json
2025-09-12 09:45:45,099 - INFO - Successfully migrated: /Users/simongoldman/Documents/TransparentSF_from_git/transparentSF/ai/output/dashboard/history/district_9_20250903.json
2025-09-12 09:45:45,411 - INFO - Successfully stored file in GCS: transparentsf/dashboard/history/district_0_20250821.json
2025-09-12 09:45:45,411 - INFO - Successfully migrated: /Users/simongoldman/Documents/TransparentSF_from_git/transparentSF/ai/output/dashboard/history/district_0_20250821.json
2025-09-12 09:45:45,778 - INFO - Successfully stored file in GCS: transparentsf/dashboard/history/district_6_20250907.json
2025-09-12 09:45:45,778 - INFO - Successfully migrated: /Users/simongoldman/Documents/TransparentSF_from_git/transparentSF/ai/output/dashboard/history/district_6_20250907.json
2025-09-12 09:45:46,114 - INFO - Successfully stored file in GCS: transparentsf/dashboard/history/district_1_20250906.json
2025-09-12 09:45:46,114 - INFO - Successfully migrated: /Users/simongoldman/Documents/TransparentSF_from_git/transparentSF/ai/output/dashboard/history/district_1_20250906.json
2025-09-12 09:45:46,415 - INFO - Successfully stored file in GCS: transparentsf/dashboard/history/district_7_20250820.json
2025-09-12 09:45:46,415 - INFO - Successfully migrated: /Users/simongoldman/Documents/TransparentSF_from_git/transparentSF/ai/output/dashboard/history/district_7_20250820.json
2025-09-12 09:45:46,655 - INFO - Successfully stored file in GCS: transparentsf/dashboard/history/district_6_20250911.json
2025-09-12 09:45:46,656 - INFO - Successfully migrated: /Users/simongoldman/Documents/TransparentSF_from_git/transparentSF/ai/output/dashboard/history/district_6_20250911.json
2025-09-12 09:45:46,959 - INFO - Successfully stored file in GCS: transparentsf/dashboard/history/district_3_20250908.json
2025-09-12 09:45:46,959 - INFO - Successfully migrated: /Users/simongoldman/Documents/TransparentSF_from_git/transparentSF/ai/output/dashboard/history/district_3_20250908.json
2025-09-12 09:45:47,354 - INFO - Successfully stored file in GCS: transparentsf/dashboard/history/district_10_20250819.json
2025-09-12 09:45:47,354 - INFO - Successfully migrated: /Users/simongoldman/Documents/TransparentSF_from_git/transparentSF/ai/output/dashboard/history/district_10_20250819.json
2025-09-12 09:45:47,646 - INFO - Successfully stored file in GCS: transparentsf/dashboard/history/district_4_20250821.json
2025-09-12 09:45:47,647 - INFO - Successfully migrated: /Users/simongoldman/Documents/TransparentSF_from_git/transparentSF/ai/output/dashboard/history/district_4_20250821.json
2025-09-12 09:45:47,980 - INFO - Successfully stored file in GCS: transparentsf/dashboard/history/district_2_20250907.json
2025-09-12 09:45:47,981 - INFO - Successfully migrated: /Users/simongoldman/Documents/TransparentSF_from_git/transparentSF/ai/output/dashboard/history/district_2_20250907.json
2025-09-12 09:45:48,401 - INFO - Successfully stored file in GCS: transparentsf/dashboard/history/district_5_20250910.json
2025-09-12 09:45:48,401 - INFO - Successfully migrated: /Users/simongoldman/Documents/TransparentSF_from_git/transparentSF/ai/output/dashboard/history/district_5_20250910.json
2025-09-12 09:45:48,706 - INFO - Successfully stored file in GCS: transparentsf/dashboard/history/district_11_20250904.json
2025-09-12 09:45:48,707 - INFO - Successfully migrated: /Users/simongoldman/Documents/TransparentSF_from_git/transparentSF/ai/output/dashboard/history/district_11_20250904.json
2025-09-12 09:45:49,026 - INFO - Successfully stored file in GCS: transparentsf/dashboard/history/district_0_20250909.json
2025-09-12 09:45:49,026 - INFO - Successfully migrated: /Users/simongoldman/Documents/TransparentSF_from_git/transparentSF/ai/output/dashboard/history/district_0_20250909.json
2025-09-12 09:45:49,332 - INFO - Successfully stored file in GCS: transparentsf/dashboard/history/district_7_20250908.json
2025-09-12 09:45:49,333 - INFO - Successfully migrated: /Users/simongoldman/Documents/TransparentSF_from_git/transparentSF/ai/output/dashboard/history/district_7_20250908.json
2025-09-12 09:45:49,586 - INFO - Successfully stored file in GCS: transparentsf/dashboard/history/district_2_20250911.json
2025-09-12 09:45:49,586 - INFO - Successfully migrated: /Users/simongoldman/Documents/TransparentSF_from_git/transparentSF/ai/output/dashboard/history/district_2_20250911.json
2025-09-12 09:45:49,976 - INFO - Successfully stored file in GCS: transparentsf/dashboard/history/district_5_20250906.json
2025-09-12 09:45:49,976 - INFO - Successfully migrated: /Users/simongoldman/Documents/TransparentSF_from_git/transparentSF/ai/output/dashboard/history/district_5_20250906.json
2025-09-12 09:45:50,292 - INFO - Successfully stored file in GCS: transparentsf/dashboard/history/district_3_20250820.json
2025-09-12 09:45:50,292 - INFO - Successfully migrated: /Users/simongoldman/Documents/TransparentSF_from_git/transparentSF/ai/output/dashboard/history/district_3_20250820.json
2025-09-12 09:45:50,589 - INFO - Successfully stored file in GCS: transparentsf/dashboard/history/district_6_20250819.json
2025-09-12 09:45:50,589 - INFO - Successfully migrated: /Users/simongoldman/Documents/TransparentSF_from_git/transparentSF/ai/output/dashboard/history/district_6_20250819.json
2025-09-12 09:45:50,877 - INFO - Successfully stored file in GCS: transparentsf/dashboard/history/district_4_20250905.json
2025-09-12 09:45:50,878 - INFO - Successfully migrated: /Users/simongoldman/Documents/TransparentSF_from_git/transparentSF/ai/output/dashboard/history/district_4_20250905.json
2025-09-12 09:45:51,111 - INFO - Successfully stored file in GCS: transparentsf/dashboard/history/district_10_20250911.json
2025-09-12 09:45:51,111 - INFO - Successfully migrated: /Users/simongoldman/Documents/TransparentSF_from_git/transparentSF/ai/output/dashboard/history/district_10_20250911.json
2025-09-12 09:45:51,406 - INFO - Successfully stored file in GCS: transparentsf/dashboard/history/district_11_20250820.json
2025-09-12 09:45:51,406 - INFO - Successfully migrated: /Users/simongoldman/Documents/TransparentSF_from_git/transparentSF/ai/output/dashboard/history/district_11_20250820.json
2025-09-12 09:45:51,747 - INFO - Successfully stored file in GCS: transparentsf/dashboard/history/district_10_20250907.json
2025-09-12 09:45:51,747 - INFO - Successfully migrated: /Users/simongoldman/Documents/TransparentSF_from_git/transparentSF/ai/output/dashboard/history/district_10_20250907.json
2025-09-12 09:45:52,073 - INFO - Successfully stored file in GCS: transparentsf/dashboard/history/district_5_20250822.json
2025-09-12 09:45:52,073 - INFO - Successfully migrated: /Users/simongoldman/Documents/TransparentSF_from_git/transparentSF/ai/output/dashboard/history/district_5_20250822.json
2025-09-12 09:45:52,356 - INFO - Successfully stored file in GCS: transparentsf/dashboard/history/district_3_20250904.json
2025-09-12 09:45:52,356 - INFO - Successfully migrated: /Users/simongoldman/Documents/TransparentSF_from_git/transparentSF/ai/output/dashboard/history/district_3_20250904.json
2025-09-12 09:45:52,662 - INFO - Successfully stored file in GCS: transparentsf/dashboard/history/district_0_20250905.json
2025-09-12 09:45:52,662 - INFO - Successfully migrated: /Users/simongoldman/Documents/TransparentSF_from_git/transparentSF/ai/output/dashboard/history/district_0_20250905.json
2025-09-12 09:45:52,969 - INFO - Successfully stored file in GCS: transparentsf/dashboard/history/district_11_20250908.json
2025-09-12 09:45:52,969 - INFO - Successfully migrated: /Users/simongoldman/Documents/TransparentSF_from_git/transparentSF/ai/output/dashboard/history/district_11_20250908.json
2025-09-12 09:45:53,261 - INFO - Successfully stored file in GCS: transparentsf/dashboard/history/district_2_20250819.json
2025-09-12 09:45:53,261 - INFO - Successfully migrated: /Users/simongoldman/Documents/TransparentSF_from_git/transparentSF/ai/output/dashboard/history/district_2_20250819.json
2025-09-12 09:45:53,643 - INFO - Successfully stored file in GCS: transparentsf/dashboard/history/district_1_20250822.json
2025-09-12 09:45:53,643 - INFO - Successfully migrated: /Users/simongoldman/Documents/TransparentSF_from_git/transparentSF/ai/output/dashboard/history/district_1_20250822.json
2025-09-12 09:45:53,938 - INFO - Successfully stored file in GCS: transparentsf/dashboard/history/district_7_20250904.json
2025-09-12 09:45:53,938 - INFO - Successfully migrated: /Users/simongoldman/Documents/TransparentSF_from_git/transparentSF/ai/output/dashboard/history/district_7_20250904.json
2025-09-12 09:45:54,225 - INFO - Successfully stored file in GCS: transparentsf/dashboard/history/district_7_20250905.json
2025-09-12 09:45:54,225 - INFO - Successfully migrated: /Users/simongoldman/Documents/TransparentSF_from_git/transparentSF/ai/output/dashboard/history/district_7_20250905.json
2025-09-12 09:45:54,529 - INFO - Successfully stored file in GCS: transparentsf/dashboard/history/district_5_20250819.json
2025-09-12 09:45:54,529 - INFO - Successfully migrated: /Users/simongoldman/Documents/TransparentSF_from_git/transparentSF/ai/output/dashboard/history/district_5_20250819.json
2025-09-12 09:45:54,829 - INFO - Successfully stored file in GCS: transparentsf/dashboard/history/district_11_20250909.json
2025-09-12 09:45:54,830 - INFO - Successfully migrated: /Users/simongoldman/Documents/TransparentSF_from_git/transparentSF/ai/output/dashboard/history/district_11_20250909.json
2025-09-12 09:45:55,216 - INFO - Successfully stored file in GCS: transparentsf/dashboard/history/district_0_20250904.json
2025-09-12 09:45:55,216 - INFO - Successfully migrated: /Users/simongoldman/Documents/TransparentSF_from_git/transparentSF/ai/output/dashboard/history/district_0_20250904.json
2025-09-12 09:45:55,545 - INFO - Successfully stored file in GCS: transparentsf/dashboard/history/district_6_20250822.json
2025-09-12 09:45:55,545 - INFO - Successfully migrated: /Users/simongoldman/Documents/TransparentSF_from_git/transparentSF/ai/output/dashboard/history/district_6_20250822.json
2025-09-12 09:45:55,840 - INFO - Successfully stored file in GCS: transparentsf/dashboard/history/district_1_20250819.json
2025-09-12 09:45:55,840 - INFO - Successfully migrated: /Users/simongoldman/Documents/TransparentSF_from_git/transparentSF/ai/output/dashboard/history/district_1_20250819.json
2025-09-12 09:45:56,140 - INFO - Successfully stored file in GCS: transparentsf/dashboard/history/district_3_20250905.json
2025-09-12 09:45:56,140 - INFO - Successfully migrated: /Users/simongoldman/Documents/TransparentSF_from_git/transparentSF/ai/output/dashboard/history/district_3_20250905.json
2025-09-12 09:45:56,455 - INFO - Successfully stored file in GCS: transparentsf/dashboard/history/district_10_20250906.json
2025-09-12 09:45:56,455 - INFO - Successfully migrated: /Users/simongoldman/Documents/TransparentSF_from_git/transparentSF/ai/output/dashboard/history/district_10_20250906.json
2025-09-12 09:45:56,787 - INFO - Successfully stored file in GCS: transparentsf/dashboard/history/district_11_20250821.json
2025-09-12 09:45:56,788 - INFO - Successfully migrated: /Users/simongoldman/Documents/TransparentSF_from_git/transparentSF/ai/output/dashboard/history/district_11_20250821.json
2025-09-12 09:45:57,132 - INFO - Successfully stored file in GCS: transparentsf/dashboard/history/district_10_20250910.json
2025-09-12 09:45:57,132 - INFO - Successfully migrated: /Users/simongoldman/Documents/TransparentSF_from_git/transparentSF/ai/output/dashboard/history/district_10_20250910.json
2025-09-12 09:45:57,427 - INFO - Successfully stored file in GCS: transparentsf/dashboard/history/district_4_20250904.json
2025-09-12 09:45:57,427 - INFO - Successfully migrated: /Users/simongoldman/Documents/TransparentSF_from_git/transparentSF/ai/output/dashboard/history/district_4_20250904.json
2025-09-12 09:45:57,836 - INFO - Successfully stored file in GCS: transparentsf/dashboard/history/district_2_20250822.json
2025-09-12 09:45:57,836 - INFO - Successfully migrated: /Users/simongoldman/Documents/TransparentSF_from_git/transparentSF/ai/output/dashboard/history/district_2_20250822.json
2025-09-12 09:45:58,168 - INFO - Successfully stored file in GCS: transparentsf/dashboard/history/district_5_20250907.json
2025-09-12 09:45:58,168 - INFO - Successfully migrated: /Users/simongoldman/Documents/TransparentSF_from_git/transparentSF/ai/output/dashboard/history/district_5_20250907.json
2025-09-12 09:45:58,461 - INFO - Successfully stored file in GCS: transparentsf/dashboard/history/district_3_20250821.json
2025-09-12 09:45:58,461 - INFO - Successfully migrated: /Users/simongoldman/Documents/TransparentSF_from_git/transparentSF/ai/output/dashboard/history/district_3_20250821.json
2025-09-12 09:45:58,890 - INFO - Successfully stored file in GCS: transparentsf/dashboard/history/district_2_20250910.json
2025-09-12 09:45:58,891 - INFO - Successfully migrated: /Users/simongoldman/Documents/TransparentSF_from_git/transparentSF/ai/output/dashboard/history/district_2_20250910.json
2025-09-12 09:45:59,243 - INFO - Successfully stored file in GCS: transparentsf/dashboard/history/district_10_20250822.json
2025-09-12 09:45:59,244 - INFO - Successfully migrated: /Users/simongoldman/Documents/TransparentSF_from_git/transparentSF/ai/output/dashboard/history/district_10_20250822.json
2025-09-12 09:45:59,527 - INFO - Successfully stored file in GCS: transparentsf/dashboard/history/district_7_20250909.json
2025-09-12 09:45:59,527 - INFO - Successfully migrated: /Users/simongoldman/Documents/TransparentSF_from_git/transparentSF/ai/output/dashboard/history/district_7_20250909.json
2025-09-12 09:45:59,835 - INFO - Successfully stored file in GCS: transparentsf/dashboard/history/district_0_20250908.json
2025-09-12 09:45:59,835 - INFO - Successfully migrated: /Users/simongoldman/Documents/TransparentSF_from_git/transparentSF/ai/output/dashboard/history/district_0_20250908.json
2025-09-12 09:46:00,127 - INFO - Successfully stored file in GCS: transparentsf/dashboard/history/district_11_20250905.json
2025-09-12 09:46:00,127 - INFO - Successfully migrated: /Users/simongoldman/Documents/TransparentSF_from_git/transparentSF/ai/output/dashboard/history/district_11_20250905.json
2025-09-12 09:46:00,458 - INFO - Successfully stored file in GCS: transparentsf/dashboard/history/district_5_20250911.json
2025-09-12 09:46:00,458 - INFO - Successfully migrated: /Users/simongoldman/Documents/TransparentSF_from_git/transparentSF/ai/output/dashboard/history/district_5_20250911.json
2025-09-12 09:46:00,748 - INFO - Successfully stored file in GCS: transparentsf/dashboard/history/district_4_20250820.json
2025-09-12 09:46:00,748 - INFO - Successfully migrated: /Users/simongoldman/Documents/TransparentSF_from_git/transparentSF/ai/output/dashboard/history/district_4_20250820.json
2025-09-12 09:46:01,101 - INFO - Successfully stored file in GCS: transparentsf/dashboard/history/district_2_20250906.json
2025-09-12 09:46:01,101 - INFO - Successfully migrated: /Users/simongoldman/Documents/TransparentSF_from_git/transparentSF/ai/output/dashboard/history/district_2_20250906.json
2025-09-12 09:46:01,404 - INFO - Successfully stored file in GCS: transparentsf/dashboard/history/district_3_20250909.json
2025-09-12 09:46:01,405 - INFO - Successfully migrated: /Users/simongoldman/Documents/TransparentSF_from_git/transparentSF/ai/output/dashboard/history/district_3_20250909.json
2025-09-12 09:46:01,737 - INFO - Successfully stored file in GCS: transparentsf/dashboard/history/district_6_20250910.json
2025-09-12 09:46:01,737 - INFO - Successfully migrated: /Users/simongoldman/Documents/TransparentSF_from_git/transparentSF/ai/output/dashboard/history/district_6_20250910.json
2025-09-12 09:46:02,094 - INFO - Successfully stored file in GCS: transparentsf/dashboard/history/district_1_20250907.json
2025-09-12 09:46:02,095 - INFO - Successfully migrated: /Users/simongoldman/Documents/TransparentSF_from_git/transparentSF/ai/output/dashboard/history/district_1_20250907.json
2025-09-12 09:46:02,406 - INFO - Successfully stored file in GCS: transparentsf/dashboard/history/district_7_20250821.json
2025-09-12 09:46:02,407 - INFO - Successfully migrated: /Users/simongoldman/Documents/TransparentSF_from_git/transparentSF/ai/output/dashboard/history/district_7_20250821.json
2025-09-12 09:46:02,724 - INFO - Successfully stored file in GCS: transparentsf/dashboard/history/district_0_20250820.json
2025-09-12 09:46:02,724 - INFO - Successfully migrated: /Users/simongoldman/Documents/TransparentSF_from_git/transparentSF/ai/output/dashboard/history/district_0_20250820.json
2025-09-12 09:46:03,073 - INFO - Successfully stored file in GCS: transparentsf/dashboard/history/district_6_20250906.json
2025-09-12 09:46:03,073 - INFO - Successfully migrated: /Users/simongoldman/Documents/TransparentSF_from_git/transparentSF/ai/output/dashboard/history/district_6_20250906.json
2025-09-12 09:46:03,667 - INFO - Successfully stored file in GCS: transparentsf/dashboard/history/district_9_20250902.json
2025-09-12 09:46:03,667 - INFO - Successfully migrated: /Users/simongoldman/Documents/TransparentSF_from_git/transparentSF/ai/output/dashboard/history/district_9_20250902.json
2025-09-12 09:46:03,925 - INFO - Successfully stored file in GCS: transparentsf/dashboard/history/district_1_20250911.json
2025-09-12 09:46:03,925 - INFO - Successfully migrated: /Users/simongoldman/Documents/TransparentSF_from_git/transparentSF/ai/output/dashboard/history/district_1_20250911.json
2025-09-12 09:46:04,226 - INFO - Successfully stored file in GCS: transparentsf/dashboard/history/district_4_20250908.json
2025-09-12 09:46:04,226 - INFO - Successfully migrated: /Users/simongoldman/Documents/TransparentSF_from_git/transparentSF/ai/output/dashboard/history/district_4_20250908.json
2025-09-12 09:46:04,713 - INFO - Successfully stored file in GCS: transparentsf/dashboard/4/top_level.json
2025-09-12 09:46:04,714 - INFO - Successfully migrated: /Users/simongoldman/Documents/TransparentSF_from_git/transparentSF/ai/output/dashboard/4/top_level.json
2025-09-12 09:46:05,002 - INFO - Successfully stored file in GCS: transparentsf/dashboard/4/16.json
2025-09-12 09:46:05,002 - INFO - Successfully migrated: /Users/simongoldman/Documents/TransparentSF_from_git/transparentSF/ai/output/dashboard/4/16.json
2025-09-12 09:46:05,290 - INFO - Successfully stored file in GCS: transparentsf/dashboard/4/17.json
2025-09-12 09:46:05,290 - INFO - Successfully migrated: /Users/simongoldman/Documents/TransparentSF_from_git/transparentSF/ai/output/dashboard/4/17.json
2025-09-12 09:46:05,704 - INFO - Successfully stored file in GCS: transparentsf/dashboard/4/40.json
2025-09-12 09:46:05,704 - INFO - Successfully migrated: /Users/simongoldman/Documents/TransparentSF_from_git/transparentSF/ai/output/dashboard/4/40.json
2025-09-12 09:46:06,003 - INFO - Successfully stored file in GCS: transparentsf/dashboard/4/71.json
2025-09-12 09:46:06,003 - INFO - Successfully migrated: /Users/simongoldman/Documents/TransparentSF_from_git/transparentSF/ai/output/dashboard/4/71.json
2025-09-12 09:46:06,296 - INFO - Successfully stored file in GCS: transparentsf/dashboard/4/30.json
2025-09-12 09:46:06,296 - INFO - Successfully migrated: /Users/simongoldman/Documents/TransparentSF_from_git/transparentSF/ai/output/dashboard/4/30.json
2025-09-12 09:46:06,612 - INFO - Successfully stored file in GCS: transparentsf/dashboard/4/70.json
2025-09-12 09:46:06,612 - INFO - Successfully migrated: /Users/simongoldman/Documents/TransparentSF_from_git/transparentSF/ai/output/dashboard/4/70.json
2025-09-12 09:46:06,913 - INFO - Successfully stored file in GCS: transparentsf/dashboard/4/1.json
2025-09-12 09:46:06,913 - INFO - Successfully migrated: /Users/simongoldman/Documents/TransparentSF_from_git/transparentSF/ai/output/dashboard/4/1.json
2025-09-12 09:46:07,273 - INFO - Successfully stored file in GCS: transparentsf/dashboard/4/2.json
2025-09-12 09:46:07,273 - INFO - Successfully migrated: /Users/simongoldman/Documents/TransparentSF_from_git/transparentSF/ai/output/dashboard/4/2.json
2025-09-12 09:46:07,553 - INFO - Successfully stored file in GCS: transparentsf/dashboard/4/12.json
2025-09-12 09:46:07,553 - INFO - Successfully migrated: /Users/simongoldman/Documents/TransparentSF_from_git/transparentSF/ai/output/dashboard/4/12.json
2025-09-12 09:46:07,836 - INFO - Successfully stored file in GCS: transparentsf/dashboard/4/73.json
2025-09-12 09:46:07,837 - INFO - Successfully migrated: /Users/simongoldman/Documents/TransparentSF_from_git/transparentSF/ai/output/dashboard/4/73.json
2025-09-12 09:46:08,117 - INFO - Successfully stored file in GCS: transparentsf/dashboard/4/24.json
2025-09-12 09:46:08,118 - INFO - Successfully migrated: /Users/simongoldman/Documents/TransparentSF_from_git/transparentSF/ai/output/dashboard/4/24.json
2025-09-12 09:46:08,416 - INFO - Successfully stored file in GCS: transparentsf/dashboard/4/72.json
2025-09-12 09:46:08,416 - INFO - Successfully migrated: /Users/simongoldman/Documents/TransparentSF_from_git/transparentSF/ai/output/dashboard/4/72.json
2025-09-12 09:46:08,725 - INFO - Successfully stored file in GCS: transparentsf/dashboard/4/29.json
2025-09-12 09:46:08,725 - INFO - Successfully migrated: /Users/simongoldman/Documents/TransparentSF_from_git/transparentSF/ai/output/dashboard/4/29.json
2025-09-12 09:46:09,033 - INFO - Successfully stored file in GCS: transparentsf/dashboard/4/3.json
2025-09-12 09:46:09,033 - INFO - Successfully migrated: /Users/simongoldman/Documents/TransparentSF_from_git/transparentSF/ai/output/dashboard/4/3.json
2025-09-12 09:46:09,372 - INFO - Successfully stored file in GCS: transparentsf/dashboard/4/63.json
2025-09-12 09:46:09,372 - INFO - Successfully migrated: /Users/simongoldman/Documents/TransparentSF_from_git/transparentSF/ai/output/dashboard/4/63.json
2025-09-12 09:46:09,673 - INFO - Successfully stored file in GCS: transparentsf/dashboard/4/8.json
2025-09-12 09:46:09,673 - INFO - Successfully migrated: /Users/simongoldman/Documents/TransparentSF_from_git/transparentSF/ai/output/dashboard/4/8.json
2025-09-12 09:46:09,959 - INFO - Successfully stored file in GCS: transparentsf/dashboard/4/22.json
2025-09-12 09:46:09,959 - INFO - Successfully migrated: /Users/simongoldman/Documents/TransparentSF_from_git/transparentSF/ai/output/dashboard/4/22.json
2025-09-12 09:46:10,244 - INFO - Successfully stored file in GCS: transparentsf/dashboard/4/18.json
2025-09-12 09:46:10,244 - INFO - Successfully migrated: /Users/simongoldman/Documents/TransparentSF_from_git/transparentSF/ai/output/dashboard/4/18.json
2025-09-12 09:46:10,561 - INFO - Successfully stored file in GCS: transparentsf/dashboard/4/38.json
2025-09-12 09:46:10,562 - INFO - Successfully migrated: /Users/simongoldman/Documents/TransparentSF_from_git/transparentSF/ai/output/dashboard/4/38.json
2025-09-12 09:46:10,846 - INFO - Successfully stored file in GCS: transparentsf/dashboard/4/4.json
2025-09-12 09:46:10,847 - INFO - Successfully migrated: /Users/simongoldman/Documents/TransparentSF_from_git/transparentSF/ai/output/dashboard/4/4.json
2025-09-12 09:46:11,187 - INFO - Successfully stored file in GCS: transparentsf/dashboard/4/14.json
2025-09-12 09:46:11,188 - INFO - Successfully migrated: /Users/simongoldman/Documents/TransparentSF_from_git/transparentSF/ai/output/dashboard/4/14.json
2025-09-12 09:46:11,476 - INFO - Successfully stored file in GCS: transparentsf/dashboard/4/15.json
2025-09-12 09:46:11,476 - INFO - Successfully migrated: /Users/simongoldman/Documents/TransparentSF_from_git/transparentSF/ai/output/dashboard/4/15.json
2025-09-12 09:46:11,772 - INFO - Successfully stored file in GCS: transparentsf/dashboard/4/19.json
2025-09-12 09:46:11,772 - INFO - Successfully migrated: /Users/simongoldman/Documents/TransparentSF_from_git/transparentSF/ai/output/dashboard/4/19.json
2025-09-12 09:46:12,086 - INFO - Successfully stored file in GCS: transparentsf/dashboard/4/23.json
2025-09-12 09:46:12,086 - INFO - Successfully migrated: /Users/simongoldman/Documents/TransparentSF_from_git/transparentSF/ai/output/dashboard/4/23.json
2025-09-12 09:46:12,361 - INFO - Successfully stored file in GCS: transparentsf/dashboard/4/9.json
2025-09-12 09:46:12,361 - INFO - Successfully migrated: /Users/simongoldman/Documents/TransparentSF_from_git/transparentSF/ai/output/dashboard/4/9.json
2025-09-12 09:46:12,654 - INFO - Successfully stored file in GCS: transparentsf/dashboard/4/35.json
2025-09-12 09:46:12,654 - INFO - Successfully migrated: /Users/simongoldman/Documents/TransparentSF_from_git/transparentSF/ai/output/dashboard/4/35.json
2025-09-12 09:46:12,949 - INFO - Successfully stored file in GCS: transparentsf/dashboard/3/top_level.json
2025-09-12 09:46:12,949 - INFO - Successfully migrated: /Users/simongoldman/Documents/TransparentSF_from_git/transparentSF/ai/output/dashboard/3/top_level.json
2025-09-12 09:46:13,320 - INFO - Successfully stored file in GCS: transparentsf/dashboard/3/16.json
2025-09-12 09:46:13,320 - INFO - Successfully migrated: /Users/simongoldman/Documents/TransparentSF_from_git/transparentSF/ai/output/dashboard/3/16.json
2025-09-12 09:46:13,603 - INFO - Successfully stored file in GCS: transparentsf/dashboard/3/17.json
2025-09-12 09:46:13,604 - INFO - Successfully migrated: /Users/simongoldman/Documents/TransparentSF_from_git/transparentSF/ai/output/dashboard/3/17.json
2025-09-12 09:46:13,911 - INFO - Successfully stored file in GCS: transparentsf/dashboard/3/40.json
2025-09-12 09:46:13,911 - INFO - Successfully migrated: /Users/simongoldman/Documents/TransparentSF_from_git/transparentSF/ai/output/dashboard/3/40.json
2025-09-12 09:46:14,203 - INFO - Successfully stored file in GCS: transparentsf/dashboard/3/71.json
2025-09-12 09:46:14,203 - INFO - Successfully migrated: /Users/simongoldman/Documents/TransparentSF_from_git/transparentSF/ai/output/dashboard/3/71.json
2025-09-12 09:46:14,512 - INFO - Successfully stored file in GCS: transparentsf/dashboard/3/30.json
2025-09-12 09:46:14,512 - INFO - Successfully migrated: /Users/simongoldman/Documents/TransparentSF_from_git/transparentSF/ai/output/dashboard/3/30.json
2025-09-12 09:46:14,805 - INFO - Successfully stored file in GCS: transparentsf/dashboard/3/70.json
2025-09-12 09:46:14,805 - INFO - Successfully migrated: /Users/simongoldman/Documents/TransparentSF_from_git/transparentSF/ai/output/dashboard/3/70.json
2025-09-12 09:46:15,140 - INFO - Successfully stored file in GCS: transparentsf/dashboard/3/1.json
2025-09-12 09:46:15,140 - INFO - Successfully migrated: /Users/simongoldman/Documents/TransparentSF_from_git/transparentSF/ai/output/dashboard/3/1.json
2025-09-12 09:46:15,438 - INFO - Successfully stored file in GCS: transparentsf/dashboard/3/2.json
2025-09-12 09:46:15,438 - INFO - Successfully migrated: /Users/simongoldman/Documents/TransparentSF_from_git/transparentSF/ai/output/dashboard/3/2.json
2025-09-12 09:46:15,722 - INFO - Successfully stored file in GCS: transparentsf/dashboard/3/12.json
2025-09-12 09:46:15,722 - INFO - Successfully migrated: /Users/simongoldman/Documents/TransparentSF_from_git/transparentSF/ai/output/dashboard/3/12.json
2025-09-12 09:46:16,022 - INFO - Successfully stored file in GCS: transparentsf/dashboard/3/73.json
2025-09-12 09:46:16,022 - INFO - Successfully migrated: /Users/simongoldman/Documents/TransparentSF_from_git/transparentSF/ai/output/dashboard/3/73.json
2025-09-12 09:46:16,326 - INFO - Successfully stored file in GCS: transparentsf/dashboard/3/24.json
2025-09-12 09:46:16,326 - INFO - Successfully migrated: /Users/simongoldman/Documents/TransparentSF_from_git/transparentSF/ai/output/dashboard/3/24.json
2025-09-12 09:46:16,603 - INFO - Successfully stored file in GCS: transparentsf/dashboard/3/72.json
2025-09-12 09:46:16,603 - INFO - Successfully migrated: /Users/simongoldman/Documents/TransparentSF_from_git/transparentSF/ai/output/dashboard/3/72.json
2025-09-12 09:46:16,912 - INFO - Successfully stored file in GCS: transparentsf/dashboard/3/29.json
2025-09-12 09:46:16,913 - INFO - Successfully migrated: /Users/simongoldman/Documents/TransparentSF_from_git/transparentSF/ai/output/dashboard/3/29.json
2025-09-12 09:46:17,237 - INFO - Successfully stored file in GCS: transparentsf/dashboard/3/3.json
2025-09-12 09:46:17,237 - INFO - Successfully migrated: /Users/simongoldman/Documents/TransparentSF_from_git/transparentSF/ai/output/dashboard/3/3.json
2025-09-12 09:46:17,529 - INFO - Successfully stored file in GCS: transparentsf/dashboard/3/34.json
2025-09-12 09:46:17,530 - INFO - Successfully migrated: /Users/simongoldman/Documents/TransparentSF_from_git/transparentSF/ai/output/dashboard/3/34.json
2025-09-12 09:46:17,809 - INFO - Successfully stored file in GCS: transparentsf/dashboard/3/63.json
2025-09-12 09:46:17,809 - INFO - Successfully migrated: /Users/simongoldman/Documents/TransparentSF_from_git/transparentSF/ai/output/dashboard/3/63.json
2025-09-12 09:46:18,110 - INFO - Successfully stored file in GCS: transparentsf/dashboard/3/8.json
2025-09-12 09:46:18,110 - INFO - Successfully migrated: /Users/simongoldman/Documents/TransparentSF_from_git/transparentSF/ai/output/dashboard/3/8.json
2025-09-12 09:46:18,411 - INFO - Successfully stored file in GCS: transparentsf/dashboard/3/22.json
2025-09-12 09:46:18,412 - INFO - Successfully migrated: /Users/simongoldman/Documents/TransparentSF_from_git/transparentSF/ai/output/dashboard/3/22.json
2025-09-12 09:46:18,713 - INFO - Successfully stored file in GCS: transparentsf/dashboard/3/18.json
2025-09-12 09:46:18,713 - INFO - Successfully migrated: /Users/simongoldman/Documents/TransparentSF_from_git/transparentSF/ai/output/dashboard/3/18.json
2025-09-12 09:46:19,086 - INFO - Successfully stored file in GCS: transparentsf/dashboard/3/38.json
2025-09-12 09:46:19,087 - INFO - Successfully migrated: /Users/simongoldman/Documents/TransparentSF_from_git/transparentSF/ai/output/dashboard/3/38.json
2025-09-12 09:46:19,375 - INFO - Successfully stored file in GCS: transparentsf/dashboard/3/4.json
2025-09-12 09:46:19,375 - INFO - Successfully migrated: /Users/simongoldman/Documents/TransparentSF_from_git/transparentSF/ai/output/dashboard/3/4.json
2025-09-12 09:46:19,660 - INFO - Successfully stored file in GCS: transparentsf/dashboard/3/14.json
2025-09-12 09:46:19,661 - INFO - Successfully migrated: /Users/simongoldman/Documents/TransparentSF_from_git/transparentSF/ai/output/dashboard/3/14.json
2025-09-12 09:46:19,944 - INFO - Successfully stored file in GCS: transparentsf/dashboard/3/15.json
2025-09-12 09:46:19,944 - INFO - Successfully migrated: /Users/simongoldman/Documents/TransparentSF_from_git/transparentSF/ai/output/dashboard/3/15.json
2025-09-12 09:46:20,230 - INFO - Successfully stored file in GCS: transparentsf/dashboard/3/19.json
2025-09-12 09:46:20,231 - INFO - Successfully migrated: /Users/simongoldman/Documents/TransparentSF_from_git/transparentSF/ai/output/dashboard/3/19.json
2025-09-12 09:46:20,529 - INFO - Successfully stored file in GCS: transparentsf/dashboard/3/23.json
2025-09-12 09:46:20,529 - INFO - Successfully migrated: /Users/simongoldman/Documents/TransparentSF_from_git/transparentSF/ai/output/dashboard/3/23.json
2025-09-12 09:46:20,911 - INFO - Successfully stored file in GCS: transparentsf/dashboard/3/9.json
2025-09-12 09:46:20,911 - INFO - Successfully migrated: /Users/simongoldman/Documents/TransparentSF_from_git/transparentSF/ai/output/dashboard/3/9.json
2025-09-12 09:46:21,199 - INFO - Successfully stored file in GCS: transparentsf/dashboard/3/35.json
2025-09-12 09:46:21,200 - INFO - Successfully migrated: /Users/simongoldman/Documents/TransparentSF_from_git/transparentSF/ai/output/dashboard/3/35.json
2025-09-12 09:46:21,511 - INFO - Successfully stored file in GCS: transparentsf/dashboard/2/top_level.json
2025-09-12 09:46:21,511 - INFO - Successfully migrated: /Users/simongoldman/Documents/TransparentSF_from_git/transparentSF/ai/output/dashboard/2/top_level.json
2025-09-12 09:46:21,810 - INFO - Successfully stored file in GCS: transparentsf/dashboard/2/16.json
2025-09-12 09:46:21,810 - INFO - Successfully migrated: /Users/simongoldman/Documents/TransparentSF_from_git/transparentSF/ai/output/dashboard/2/16.json
2025-09-12 09:46:22,106 - INFO - Successfully stored file in GCS: transparentsf/dashboard/2/17.json
2025-09-12 09:46:22,107 - INFO - Successfully migrated: /Users/simongoldman/Documents/TransparentSF_from_git/transparentSF/ai/output/dashboard/2/17.json
2025-09-12 09:46:22,477 - INFO - Successfully stored file in GCS: transparentsf/dashboard/2/40.json
2025-09-12 09:46:22,477 - INFO - Successfully migrated: /Users/simongoldman/Documents/TransparentSF_from_git/transparentSF/ai/output/dashboard/2/40.json
2025-09-12 09:46:22,761 - INFO - Successfully stored file in GCS: transparentsf/dashboard/2/71.json
2025-09-12 09:46:22,761 - INFO - Successfully migrated: /Users/simongoldman/Documents/TransparentSF_from_git/transparentSF/ai/output/dashboard/2/71.json
2025-09-12 09:46:23,056 - INFO - Successfully stored file in GCS: transparentsf/dashboard/2/30.json
2025-09-12 09:46:23,056 - INFO - Successfully migrated: /Users/simongoldman/Documents/TransparentSF_from_git/transparentSF/ai/output/dashboard/2/30.json
2025-09-12 09:46:23,346 - INFO - Successfully stored file in GCS: transparentsf/dashboard/2/70.json
2025-09-12 09:46:23,346 - INFO - Successfully migrated: /Users/simongoldman/Documents/TransparentSF_from_git/transparentSF/ai/output/dashboard/2/70.json
2025-09-12 09:46:23,642 - INFO - Successfully stored file in GCS: transparentsf/dashboard/2/1.json
2025-09-12 09:46:23,642 - INFO - Successfully migrated: /Users/simongoldman/Documents/TransparentSF_from_git/transparentSF/ai/output/dashboard/2/1.json
2025-09-12 09:46:23,932 - INFO - Successfully stored file in GCS: transparentsf/dashboard/2/2.json
2025-09-12 09:46:23,933 - INFO - Successfully migrated: /Users/simongoldman/Documents/TransparentSF_from_git/transparentSF/ai/output/dashboard/2/2.json
2025-09-12 09:46:24,228 - INFO - Successfully stored file in GCS: transparentsf/dashboard/2/12.json
2025-09-12 09:46:24,229 - INFO - Successfully migrated: /Users/simongoldman/Documents/TransparentSF_from_git/transparentSF/ai/output/dashboard/2/12.json
2025-09-12 09:46:24,578 - INFO - Successfully stored file in GCS: transparentsf/dashboard/2/73.json
2025-09-12 09:46:24,579 - INFO - Successfully migrated: /Users/simongoldman/Documents/TransparentSF_from_git/transparentSF/ai/output/dashboard/2/73.json
2025-09-12 09:46:24,870 - INFO - Successfully stored file in GCS: transparentsf/dashboard/2/24.json
2025-09-12 09:46:24,870 - INFO - Successfully migrated: /Users/simongoldman/Documents/TransparentSF_from_git/transparentSF/ai/output/dashboard/2/24.json
2025-09-12 09:46:25,169 - INFO - Successfully stored file in GCS: transparentsf/dashboard/2/72.json
2025-09-12 09:46:25,170 - INFO - Successfully migrated: /Users/simongoldman/Documents/TransparentSF_from_git/transparentSF/ai/output/dashboard/2/72.json
2025-09-12 09:46:25,460 - INFO - Successfully stored file in GCS: transparentsf/dashboard/2/29.json
2025-09-12 09:46:25,460 - INFO - Successfully migrated: /Users/simongoldman/Documents/TransparentSF_from_git/transparentSF/ai/output/dashboard/2/29.json
2025-09-12 09:46:25,750 - INFO - Successfully stored file in GCS: transparentsf/dashboard/2/3.json
2025-09-12 09:46:25,750 - INFO - Successfully migrated: /Users/simongoldman/Documents/TransparentSF_from_git/transparentSF/ai/output/dashboard/2/3.json
2025-09-12 09:46:26,036 - INFO - Successfully stored file in GCS: transparentsf/dashboard/2/34.json
2025-09-12 09:46:26,036 - INFO - Successfully migrated: /Users/simongoldman/Documents/TransparentSF_from_git/transparentSF/ai/output/dashboard/2/34.json
2025-09-12 09:46:26,321 - INFO - Successfully stored file in GCS: transparentsf/dashboard/2/63.json
2025-09-12 09:46:26,321 - INFO - Successfully migrated: /Users/simongoldman/Documents/TransparentSF_from_git/transparentSF/ai/output/dashboard/2/63.json
2025-09-12 09:46:26,677 - INFO - Successfully stored file in GCS: transparentsf/dashboard/2/8.json
2025-09-12 09:46:26,678 - INFO - Successfully migrated: /Users/simongoldman/Documents/TransparentSF_from_git/transparentSF/ai/output/dashboard/2/8.json
2025-09-12 09:46:26,981 - INFO - Successfully stored file in GCS: transparentsf/dashboard/2/22.json
2025-09-12 09:46:26,982 - INFO - Successfully migrated: /Users/simongoldman/Documents/TransparentSF_from_git/transparentSF/ai/output/dashboard/2/22.json
2025-09-12 09:46:27,265 - INFO - Successfully stored file in GCS: transparentsf/dashboard/2/18.json
2025-09-12 09:46:27,265 - INFO - Successfully migrated: /Users/simongoldman/Documents/TransparentSF_from_git/transparentSF/ai/output/dashboard/2/18.json
2025-09-12 09:46:27,559 - INFO - Successfully stored file in GCS: transparentsf/dashboard/2/38.json
2025-09-12 09:46:27,559 - INFO - Successfully migrated: /Users/simongoldman/Documents/TransparentSF_from_git/transparentSF/ai/output/dashboard/2/38.json
2025-09-12 09:46:27,836 - INFO - Successfully stored file in GCS: transparentsf/dashboard/2/4.json
2025-09-12 09:46:27,836 - INFO - Successfully migrated: /Users/simongoldman/Documents/TransparentSF_from_git/transparentSF/ai/output/dashboard/2/4.json
2025-09-12 09:46:28,136 - INFO - Successfully stored file in GCS: transparentsf/dashboard/2/14.json
2025-09-12 09:46:28,137 - INFO - Successfully migrated: /Users/simongoldman/Documents/TransparentSF_from_git/transparentSF/ai/output/dashboard/2/14.json
2025-09-12 09:46:28,422 - INFO - Successfully stored file in GCS: transparentsf/dashboard/2/15.json
2025-09-12 09:46:28,422 - INFO - Successfully migrated: /Users/simongoldman/Documents/TransparentSF_from_git/transparentSF/ai/output/dashboard/2/15.json
2025-09-12 09:46:28,771 - INFO - Successfully stored file in GCS: transparentsf/dashboard/2/19.json
2025-09-12 09:46:28,771 - INFO - Successfully migrated: /Users/simongoldman/Documents/TransparentSF_from_git/transparentSF/ai/output/dashboard/2/19.json
2025-09-12 09:46:29,063 - INFO - Successfully stored file in GCS: transparentsf/dashboard/2/23.json
2025-09-12 09:46:29,063 - INFO - Successfully migrated: /Users/simongoldman/Documents/TransparentSF_from_git/transparentSF/ai/output/dashboard/2/23.json
2025-09-12 09:46:29,364 - INFO - Successfully stored file in GCS: transparentsf/dashboard/2/9.json
2025-09-12 09:46:29,364 - INFO - Successfully migrated: /Users/simongoldman/Documents/TransparentSF_from_git/transparentSF/ai/output/dashboard/2/9.json
2025-09-12 09:46:29,678 - INFO - Successfully stored file in GCS: transparentsf/dashboard/2/35.json
2025-09-12 09:46:29,678 - INFO - Successfully migrated: /Users/simongoldman/Documents/TransparentSF_from_git/transparentSF/ai/output/dashboard/2/35.json
2025-09-12 09:46:29,979 - INFO - Successfully stored file in GCS: transparentsf/dashboard/5/top_level.json
2025-09-12 09:46:29,980 - INFO - Successfully migrated: /Users/simongoldman/Documents/TransparentSF_from_git/transparentSF/ai/output/dashboard/5/top_level.json
2025-09-12 09:46:30,343 - INFO - Successfully stored file in GCS: transparentsf/dashboard/5/16.json
2025-09-12 09:46:30,344 - INFO - Successfully migrated: /Users/simongoldman/Documents/TransparentSF_from_git/transparentSF/ai/output/dashboard/5/16.json
2025-09-12 09:46:30,642 - INFO - Successfully stored file in GCS: transparentsf/dashboard/5/17.json
2025-09-12 09:46:30,642 - INFO - Successfully migrated: /Users/simongoldman/Documents/TransparentSF_from_git/transparentSF/ai/output/dashboard/5/17.json
2025-09-12 09:46:30,938 - INFO - Successfully stored file in GCS: transparentsf/dashboard/5/40.json
2025-09-12 09:46:30,938 - INFO - Successfully migrated: /Users/simongoldman/Documents/TransparentSF_from_git/transparentSF/ai/output/dashboard/5/40.json
2025-09-12 09:46:31,245 - INFO - Successfully stored file in GCS: transparentsf/dashboard/5/71.json
2025-09-12 09:46:31,246 - INFO - Successfully migrated: /Users/simongoldman/Documents/TransparentSF_from_git/transparentSF/ai/output/dashboard/5/71.json
2025-09-12 09:46:31,541 - INFO - Successfully stored file in GCS: transparentsf/dashboard/5/30.json
2025-09-12 09:46:31,541 - INFO - Successfully migrated: /Users/simongoldman/Documents/TransparentSF_from_git/transparentSF/ai/output/dashboard/5/30.json
2025-09-12 09:46:31,915 - INFO - Successfully stored file in GCS: transparentsf/dashboard/5/70.json
2025-09-12 09:46:31,916 - INFO - Successfully migrated: /Users/simongoldman/Documents/TransparentSF_from_git/transparentSF/ai/output/dashboard/5/70.json
2025-09-12 09:46:32,197 - INFO - Successfully stored file in GCS: transparentsf/dashboard/5/1.json
2025-09-12 09:46:32,197 - INFO - Successfully migrated: /Users/simongoldman/Documents/TransparentSF_from_git/transparentSF/ai/output/dashboard/5/1.json
2025-09-12 09:46:32,487 - INFO - Successfully stored file in GCS: transparentsf/dashboard/5/2.json
2025-09-12 09:46:32,487 - INFO - Successfully migrated: /Users/simongoldman/Documents/TransparentSF_from_git/transparentSF/ai/output/dashboard/5/2.json
2025-09-12 09:46:32,782 - INFO - Successfully stored file in GCS: transparentsf/dashboard/5/12.json
2025-09-12 09:46:32,782 - INFO - Successfully migrated: /Users/simongoldman/Documents/TransparentSF_from_git/transparentSF/ai/output/dashboard/5/12.json
2025-09-12 09:46:33,064 - INFO - Successfully stored file in GCS: transparentsf/dashboard/5/73.json
2025-09-12 09:46:33,064 - INFO - Successfully migrated: /Users/simongoldman/Documents/TransparentSF_from_git/transparentSF/ai/output/dashboard/5/73.json
2025-09-12 09:46:33,345 - INFO - Successfully stored file in GCS: transparentsf/dashboard/5/24.json
2025-09-12 09:46:33,346 - INFO - Successfully migrated: /Users/simongoldman/Documents/TransparentSF_from_git/transparentSF/ai/output/dashboard/5/24.json
2025-09-12 09:46:33,634 - INFO - Successfully stored file in GCS: transparentsf/dashboard/5/72.json
2025-09-12 09:46:33,634 - INFO - Successfully migrated: /Users/simongoldman/Documents/TransparentSF_from_git/transparentSF/ai/output/dashboard/5/72.json
2025-09-12 09:46:33,916 - INFO - Successfully stored file in GCS: transparentsf/dashboard/5/29.json
2025-09-12 09:46:33,916 - INFO - Successfully migrated: /Users/simongoldman/Documents/TransparentSF_from_git/transparentSF/ai/output/dashboard/5/29.json
2025-09-12 09:46:34,199 - INFO - Successfully stored file in GCS: transparentsf/dashboard/5/3.json
2025-09-12 09:46:34,199 - INFO - Successfully migrated: /Users/simongoldman/Documents/TransparentSF_from_git/transparentSF/ai/output/dashboard/5/3.json
2025-09-12 09:46:34,539 - INFO - Successfully stored file in GCS: transparentsf/dashboard/5/34.json
2025-09-12 09:46:34,539 - INFO - Successfully migrated: /Users/simongoldman/Documents/TransparentSF_from_git/transparentSF/ai/output/dashboard/5/34.json
2025-09-12 09:46:34,833 - INFO - Successfully stored file in GCS: transparentsf/dashboard/5/63.json
2025-09-12 09:46:34,833 - INFO - Successfully migrated: /Users/simongoldman/Documents/TransparentSF_from_git/transparentSF/ai/output/dashboard/5/63.json
2025-09-12 09:46:35,128 - INFO - Successfully stored file in GCS: transparentsf/dashboard/5/8.json
2025-09-12 09:46:35,128 - INFO - Successfully migrated: /Users/simongoldman/Documents/TransparentSF_from_git/transparentSF/ai/output/dashboard/5/8.json
2025-09-12 09:46:35,407 - INFO - Successfully stored file in GCS: transparentsf/dashboard/5/22.json
2025-09-12 09:46:35,407 - INFO - Successfully migrated: /Users/simongoldman/Documents/TransparentSF_from_git/transparentSF/ai/output/dashboard/5/22.json
2025-09-12 09:46:35,687 - INFO - Successfully stored file in GCS: transparentsf/dashboard/5/18.json
2025-09-12 09:46:35,687 - INFO - Successfully migrated: /Users/simongoldman/Documents/TransparentSF_from_git/transparentSF/ai/output/dashboard/5/18.json
2025-09-12 09:46:35,974 - INFO - Successfully stored file in GCS: transparentsf/dashboard/5/38.json
2025-09-12 09:46:35,975 - INFO - Successfully migrated: /Users/simongoldman/Documents/TransparentSF_from_git/transparentSF/ai/output/dashboard/5/38.json
2025-09-12 09:46:36,272 - INFO - Successfully stored file in GCS: transparentsf/dashboard/5/4.json
2025-09-12 09:46:36,272 - INFO - Successfully migrated: /Users/simongoldman/Documents/TransparentSF_from_git/transparentSF/ai/output/dashboard/5/4.json
2025-09-12 09:46:36,635 - INFO - Successfully stored file in GCS: transparentsf/dashboard/5/14.json
2025-09-12 09:46:36,635 - INFO - Successfully migrated: /Users/simongoldman/Documents/TransparentSF_from_git/transparentSF/ai/output/dashboard/5/14.json
2025-09-12 09:46:36,926 - INFO - Successfully stored file in GCS: transparentsf/dashboard/5/15.json
2025-09-12 09:46:36,926 - INFO - Successfully migrated: /Users/simongoldman/Documents/TransparentSF_from_git/transparentSF/ai/output/dashboard/5/15.json
2025-09-12 09:46:37,204 - INFO - Successfully stored file in GCS: transparentsf/dashboard/5/19.json
2025-09-12 09:46:37,204 - INFO - Successfully migrated: /Users/simongoldman/Documents/TransparentSF_from_git/transparentSF/ai/output/dashboard/5/19.json
2025-09-12 09:46:37,490 - INFO - Successfully stored file in GCS: transparentsf/dashboard/5/23.json
2025-09-12 09:46:37,491 - INFO - Successfully migrated: /Users/simongoldman/Documents/TransparentSF_from_git/transparentSF/ai/output/dashboard/5/23.json
2025-09-12 09:46:37,787 - INFO - Successfully stored file in GCS: transparentsf/dashboard/5/9.json
2025-09-12 09:46:37,787 - INFO - Successfully migrated: /Users/simongoldman/Documents/TransparentSF_from_git/transparentSF/ai/output/dashboard/5/9.json
2025-09-12 09:46:38,079 - INFO - Successfully stored file in GCS: transparentsf/dashboard/5/35.json
2025-09-12 09:46:38,079 - INFO - Successfully migrated: /Users/simongoldman/Documents/TransparentSF_from_git/transparentSF/ai/output/dashboard/5/35.json
2025-09-12 09:46:38,079 - INFO - Migrating monthly files...
2025-09-12 09:46:38,368 - INFO - Successfully stored file in GCS: transparentsf/monthly/9.00000/19.json
2025-09-12 09:46:38,369 - INFO - Successfully migrated: /Users/simongoldman/Documents/TransparentSF_from_git/transparentSF/ai/output/monthly/9.00000/19.md
2025-09-12 09:46:38,734 - INFO - Successfully stored file in GCS: transparentsf/monthly/9.00000/30.json
2025-09-12 09:46:38,734 - INFO - Successfully migrated: /Users/simongoldman/Documents/TransparentSF_from_git/transparentSF/ai/output/monthly/9.00000/30.md
2025-09-12 09:46:39,025 - INFO - Successfully stored file in GCS: transparentsf/monthly/11.00000/19.json
2025-09-12 09:46:39,026 - INFO - Successfully migrated: /Users/simongoldman/Documents/TransparentSF_from_git/transparentSF/ai/output/monthly/11.00000/19.md
2025-09-12 09:46:39,329 - INFO - Successfully stored file in GCS: transparentsf/monthly/11.00000/30.json
2025-09-12 09:46:39,329 - INFO - Successfully migrated: /Users/simongoldman/Documents/TransparentSF_from_git/transparentSF/ai/output/monthly/11.00000/30.md
2025-09-12 09:46:39,617 - INFO - Successfully stored file in GCS: transparentsf/monthly/1.0/19.json
2025-09-12 09:46:39,617 - INFO - Successfully migrated: /Users/simongoldman/Documents/TransparentSF_from_git/transparentSF/ai/output/monthly/1.0/19.md
2025-09-12 09:46:39,901 - INFO - Successfully stored file in GCS: transparentsf/monthly/1.0/30.json
2025-09-12 09:46:39,901 - INFO - Successfully migrated: /Users/simongoldman/Documents/TransparentSF_from_git/transparentSF/ai/output/monthly/1.0/30.md
2025-09-12 09:46:40,207 - INFO - Successfully stored file in GCS: transparentsf/monthly/5.0/19.json
2025-09-12 09:46:40,208 - INFO - Successfully migrated: /Users/simongoldman/Documents/TransparentSF_from_git/transparentSF/ai/output/monthly/5.0/19.md
2025-09-12 09:46:40,590 - INFO - Successfully stored file in GCS: transparentsf/monthly/5.0/30.json
2025-09-12 09:46:40,590 - INFO - Successfully migrated: /Users/simongoldman/Documents/TransparentSF_from_git/transparentSF/ai/output/monthly/5.0/30.md
2025-09-12 09:46:40,894 - INFO - Successfully stored file in GCS: transparentsf/monthly/10.0/19.json
2025-09-12 09:46:40,895 - INFO - Successfully migrated: /Users/simongoldman/Documents/TransparentSF_from_git/transparentSF/ai/output/monthly/10.0/19.md
2025-09-12 09:46:41,192 - INFO - Successfully stored file in GCS: transparentsf/monthly/10.0/30.json
2025-09-12 09:46:41,193 - INFO - Successfully migrated: /Users/simongoldman/Documents/TransparentSF_from_git/transparentSF/ai/output/monthly/10.0/30.md
2025-09-12 09:46:41,492 - INFO - Successfully stored file in GCS: transparentsf/monthly/8.00000/19.json
2025-09-12 09:46:41,492 - INFO - Successfully migrated: /Users/simongoldman/Documents/TransparentSF_from_git/transparentSF/ai/output/monthly/8.00000/19.md
2025-09-12 09:46:41,879 - INFO - Successfully stored file in GCS: transparentsf/monthly/8.00000/30.json
2025-09-12 09:46:41,879 - INFO - Successfully migrated: /Users/simongoldman/Documents/TransparentSF_from_git/transparentSF/ai/output/monthly/8.00000/30.md
2025-09-12 09:46:42,165 - INFO - Successfully stored file in GCS: transparentsf/monthly/8.0/19.json
2025-09-12 09:46:42,166 - INFO - Successfully migrated: /Users/simongoldman/Documents/TransparentSF_from_git/transparentSF/ai/output/monthly/8.0/19.md
2025-09-12 09:46:42,461 - INFO - Successfully stored file in GCS: transparentsf/monthly/8.0/30.json
2025-09-12 09:46:42,462 - INFO - Successfully migrated: /Users/simongoldman/Documents/TransparentSF_from_git/transparentSF/ai/output/monthly/8.0/30.md
2025-09-12 09:46:42,757 - INFO - Successfully stored file in GCS: transparentsf/monthly/9/69.json
2025-09-12 09:46:42,757 - INFO - Successfully migrated: /Users/simongoldman/Documents/TransparentSF_from_git/transparentSF/ai/output/monthly/9/69.md
2025-09-12 09:46:43,038 - INFO - Successfully stored file in GCS: transparentsf/monthly/9/38.json
2025-09-12 09:46:43,038 - INFO - Successfully migrated: /Users/simongoldman/Documents/TransparentSF_from_git/transparentSF/ai/output/monthly/9/38.md
2025-09-12 09:46:43,336 - INFO - Successfully stored file in GCS: transparentsf/monthly/9/18.json
2025-09-12 09:46:43,336 - INFO - Successfully migrated: /Users/simongoldman/Documents/TransparentSF_from_git/transparentSF/ai/output/monthly/9/18.md
2025-09-12 09:46:43,642 - INFO - Successfully stored file in GCS: transparentsf/monthly/9/1.json
2025-09-12 09:46:43,642 - INFO - Successfully migrated: /Users/simongoldman/Documents/TransparentSF_from_git/transparentSF/ai/output/monthly/9/1.md
2025-09-12 09:46:43,979 - INFO - Successfully stored file in GCS: transparentsf/monthly/9/19.json
2025-09-12 09:46:43,980 - INFO - Successfully migrated: /Users/simongoldman/Documents/TransparentSF_from_git/transparentSF/ai/output/monthly/9/19.md
2025-09-12 09:46:44,270 - INFO - Successfully stored file in GCS: transparentsf/monthly/9/29.json
2025-09-12 09:46:44,270 - INFO - Successfully migrated: /Users/simongoldman/Documents/TransparentSF_from_git/transparentSF/ai/output/monthly/9/29.md
2025-09-12 09:46:44,541 - INFO - Successfully stored file in GCS: transparentsf/monthly/9/4.json
2025-09-12 09:46:44,541 - INFO - Successfully migrated: /Users/simongoldman/Documents/TransparentSF_from_git/transparentSF/ai/output/monthly/9/4.md
2025-09-12 09:46:44,908 - INFO - Successfully stored file in GCS: transparentsf/monthly/9/16.json
2025-09-12 09:46:44,909 - INFO - Successfully migrated: /Users/simongoldman/Documents/TransparentSF_from_git/transparentSF/ai/output/monthly/9/16.md
2025-09-12 09:46:45,207 - INFO - Successfully stored file in GCS: transparentsf/monthly/9/22.json
2025-09-12 09:46:45,207 - INFO - Successfully migrated: /Users/simongoldman/Documents/TransparentSF_from_git/transparentSF/ai/output/monthly/9/22.md
2025-09-12 09:46:45,548 - INFO - Successfully stored file in GCS: transparentsf/monthly/9/12.json
2025-09-12 09:46:45,548 - INFO - Successfully migrated: /Users/simongoldman/Documents/TransparentSF_from_git/transparentSF/ai/output/monthly/9/12.md
2025-09-12 09:46:45,853 - INFO - Successfully stored file in GCS: transparentsf/monthly/9/17.json
2025-09-12 09:46:45,853 - INFO - Successfully migrated: /Users/simongoldman/Documents/TransparentSF_from_git/transparentSF/ai/output/monthly/9/17.md
2025-09-12 09:46:46,130 - INFO - Successfully stored file in GCS: transparentsf/monthly/9/23.json
2025-09-12 09:46:46,130 - INFO - Successfully migrated: /Users/simongoldman/Documents/TransparentSF_from_git/transparentSF/ai/output/monthly/9/23.md
2025-09-12 09:46:46,408 - INFO - Successfully stored file in GCS: transparentsf/monthly/9/72.json
2025-09-12 09:46:46,408 - INFO - Successfully migrated: /Users/simongoldman/Documents/TransparentSF_from_git/transparentSF/ai/output/monthly/9/72.md
2025-09-12 09:46:46,703 - INFO - Successfully stored file in GCS: transparentsf/monthly/9/24.json
2025-09-12 09:46:46,703 - INFO - Successfully migrated: /Users/simongoldman/Documents/TransparentSF_from_git/transparentSF/ai/output/monthly/9/24.md
2025-09-12 09:46:47,011 - INFO - Successfully stored file in GCS: transparentsf/monthly/9/9.json
2025-09-12 09:46:47,011 - INFO - Successfully migrated: /Users/simongoldman/Documents/TransparentSF_from_git/transparentSF/ai/output/monthly/9/9.md
2025-09-12 09:46:47,312 - INFO - Successfully stored file in GCS: transparentsf/monthly/9/34.json
2025-09-12 09:46:47,312 - INFO - Successfully migrated: /Users/simongoldman/Documents/TransparentSF_from_git/transparentSF/ai/output/monthly/9/34.md
2025-09-12 09:46:47,647 - INFO - Successfully stored file in GCS: transparentsf/monthly/9/14.json
2025-09-12 09:46:47,647 - INFO - Successfully migrated: /Users/simongoldman/Documents/TransparentSF_from_git/transparentSF/ai/output/monthly/9/14.md
2025-09-12 09:46:47,931 - INFO - Successfully stored file in GCS: transparentsf/monthly/9/71.json
2025-09-12 09:46:47,931 - INFO - Successfully migrated: /Users/simongoldman/Documents/TransparentSF_from_git/transparentSF/ai/output/monthly/9/71.md
2025-09-12 09:46:48,227 - INFO - Successfully stored file in GCS: transparentsf/monthly/9/30.json
2025-09-12 09:46:48,227 - INFO - Successfully migrated: /Users/simongoldman/Documents/TransparentSF_from_git/transparentSF/ai/output/monthly/9/30.md
2025-09-12 09:46:48,513 - INFO - Successfully stored file in GCS: transparentsf/monthly/9/15.json
2025-09-12 09:46:48,513 - INFO - Successfully migrated: /Users/simongoldman/Documents/TransparentSF_from_git/transparentSF/ai/output/monthly/9/15.md
2025-09-12 09:46:48,786 - INFO - Successfully stored file in GCS: transparentsf/monthly/9/40.json
2025-09-12 09:46:48,786 - INFO - Successfully migrated: /Users/simongoldman/Documents/TransparentSF_from_git/transparentSF/ai/output/monthly/9/40.md
2025-09-12 09:46:49,101 - INFO - Successfully stored file in GCS: transparentsf/monthly/9/8.json
2025-09-12 09:46:49,102 - INFO - Successfully migrated: /Users/simongoldman/Documents/TransparentSF_from_git/transparentSF/ai/output/monthly/9/8.md
2025-09-12 09:46:49,408 - INFO - Successfully stored file in GCS: transparentsf/monthly/9/35.json
2025-09-12 09:46:49,408 - INFO - Successfully migrated: /Users/simongoldman/Documents/TransparentSF_from_git/transparentSF/ai/output/monthly/9/35.md
2025-09-12 09:46:49,743 - INFO - Successfully stored file in GCS: transparentsf/monthly/9/3.json
2025-09-12 09:46:49,743 - INFO - Successfully migrated: /Users/simongoldman/Documents/TransparentSF_from_git/transparentSF/ai/output/monthly/9/3.md
2025-09-12 09:46:50,022 - INFO - Successfully stored file in GCS: transparentsf/monthly/9/2.json
2025-09-12 09:46:50,022 - INFO - Successfully migrated: /Users/simongoldman/Documents/TransparentSF_from_git/transparentSF/ai/output/monthly/9/2.md
2025-09-12 09:46:50,311 - INFO - Successfully stored file in GCS: transparentsf/monthly/0/5.json
2025-09-12 09:46:50,311 - INFO - Successfully migrated: /Users/simongoldman/Documents/TransparentSF_from_git/transparentSF/ai/output/monthly/0/5.md
2025-09-12 09:46:50,619 - INFO - Successfully stored file in GCS: transparentsf/monthly/0/69.json
2025-09-12 09:46:50,619 - INFO - Successfully migrated: /Users/simongoldman/Documents/TransparentSF_from_git/transparentSF/ai/output/monthly/0/69.md
2025-09-12 09:46:50,912 - INFO - Successfully stored file in GCS: transparentsf/monthly/0/38.json
2025-09-12 09:46:50,912 - INFO - Successfully migrated: /Users/simongoldman/Documents/TransparentSF_from_git/transparentSF/ai/output/monthly/0/38.md
2025-09-12 09:46:51,210 - INFO - Successfully stored file in GCS: transparentsf/monthly/0/18.json
2025-09-12 09:46:51,210 - INFO - Successfully migrated: /Users/simongoldman/Documents/TransparentSF_from_git/transparentSF/ai/output/monthly/0/18.md
2025-09-12 09:46:51,498 - INFO - Successfully stored file in GCS: transparentsf/monthly/0/49.json
2025-09-12 09:46:51,498 - INFO - Successfully migrated: /Users/simongoldman/Documents/TransparentSF_from_git/transparentSF/ai/output/monthly/0/49.md
2025-09-12 09:46:51,840 - INFO - Successfully stored file in GCS: transparentsf/monthly/0/1.json
2025-09-12 09:46:51,840 - INFO - Successfully migrated: /Users/simongoldman/Documents/TransparentSF_from_git/transparentSF/ai/output/monthly/0/1.md
2025-09-12 09:46:52,162 - INFO - Successfully stored file in GCS: transparentsf/monthly/0/19.json
2025-09-12 09:46:52,163 - INFO - Successfully migrated: /Users/simongoldman/Documents/TransparentSF_from_git/transparentSF/ai/output/monthly/0/19.md
2025-09-12 09:46:52,457 - INFO - Successfully stored file in GCS: transparentsf/monthly/0/48.json
2025-09-12 09:46:52,458 - INFO - Successfully migrated: /Users/simongoldman/Documents/TransparentSF_from_git/transparentSF/ai/output/monthly/0/48.md
2025-09-12 09:46:52,744 - INFO - Successfully stored file in GCS: transparentsf/monthly/0/58.json
2025-09-12 09:46:52,744 - INFO - Successfully migrated: /Users/simongoldman/Documents/TransparentSF_from_git/transparentSF/ai/output/monthly/0/58.md
2025-09-12 09:46:53,038 - INFO - Successfully stored file in GCS: transparentsf/monthly/0/29.json
2025-09-12 09:46:53,038 - INFO - Successfully migrated: /Users/simongoldman/Documents/TransparentSF_from_git/transparentSF/ai/output/monthly/0/29.md
2025-09-12 09:46:53,315 - INFO - Successfully stored file in GCS: transparentsf/monthly/0/4.json
2025-09-12 09:46:53,315 - INFO - Successfully migrated: /Users/simongoldman/Documents/TransparentSF_from_git/transparentSF/ai/output/monthly/0/4.md
2025-09-12 09:46:53,677 - INFO - Successfully stored file in GCS: transparentsf/monthly/0/47.json
2025-09-12 09:46:53,677 - INFO - Successfully migrated: /Users/simongoldman/Documents/TransparentSF_from_git/transparentSF/ai/output/monthly/0/47.md
2025-09-12 09:46:53,956 - INFO - Successfully stored file in GCS: transparentsf/monthly/0/16.json
2025-09-12 09:46:53,957 - INFO - Successfully migrated: /Users/simongoldman/Documents/TransparentSF_from_git/transparentSF/ai/output/monthly/0/16.md
2025-09-12 09:46:54,250 - INFO - Successfully stored file in GCS: transparentsf/monthly/0/22.json
2025-09-12 09:46:54,250 - INFO - Successfully migrated: /Users/simongoldman/Documents/TransparentSF_from_git/transparentSF/ai/output/monthly/0/22.md
2025-09-12 09:46:54,529 - INFO - Successfully stored file in GCS: transparentsf/monthly/0/63.json
2025-09-12 09:46:54,529 - INFO - Successfully migrated: /Users/simongoldman/Documents/TransparentSF_from_git/transparentSF/ai/output/monthly/0/63.md
2025-09-12 09:46:54,818 - INFO - Successfully stored file in GCS: transparentsf/monthly/0/32.json
2025-09-12 09:46:54,818 - INFO - Successfully migrated: /Users/simongoldman/Documents/TransparentSF_from_git/transparentSF/ai/output/monthly/0/32.md
2025-09-12 09:46:55,121 - INFO - Successfully stored file in GCS: transparentsf/monthly/0/12.json
2025-09-12 09:46:55,121 - INFO - Successfully migrated: /Users/simongoldman/Documents/TransparentSF_from_git/transparentSF/ai/output/monthly/0/12.md
2025-09-12 09:46:55,509 - INFO - Successfully stored file in GCS: transparentsf/monthly/0/43.json
2025-09-12 09:46:55,509 - INFO - Successfully migrated: /Users/simongoldman/Documents/TransparentSF_from_git/transparentSF/ai/output/monthly/0/43.md
2025-09-12 09:46:55,791 - INFO - Successfully stored file in GCS: transparentsf/monthly/0/53.json
2025-09-12 09:46:55,792 - INFO - Successfully migrated: /Users/simongoldman/Documents/TransparentSF_from_git/transparentSF/ai/output/monthly/0/53.md
2025-09-12 09:46:56,085 - INFO - Successfully stored file in GCS: transparentsf/monthly/0/13.json
2025-09-12 09:46:56,085 - INFO - Successfully migrated: /Users/simongoldman/Documents/TransparentSF_from_git/transparentSF/ai/output/monthly/0/13.md
2025-09-12 09:46:56,373 - INFO - Successfully stored file in GCS: transparentsf/monthly/0/52.json
2025-09-12 09:46:56,373 - INFO - Successfully migrated: /Users/simongoldman/Documents/TransparentSF_from_git/transparentSF/ai/output/monthly/0/52.md
2025-09-12 09:46:56,649 - INFO - Successfully stored file in GCS: transparentsf/monthly/0/66.json
2025-09-12 09:46:56,649 - INFO - Successfully migrated: /Users/simongoldman/Documents/TransparentSF_from_git/transparentSF/ai/output/monthly/0/66.md
2025-09-12 09:46:56,936 - INFO - Successfully stored file in GCS: transparentsf/monthly/0/46.json
2025-09-12 09:46:56,936 - INFO - Successfully migrated: /Users/simongoldman/Documents/TransparentSF_from_git/transparentSF/ai/output/monthly/0/46.md
2025-09-12 09:46:57,226 - INFO - Successfully stored file in GCS: transparentsf/monthly/0/17.json
2025-09-12 09:46:57,227 - INFO - Successfully migrated: /Users/simongoldman/Documents/TransparentSF_from_git/transparentSF/ai/output/monthly/0/17.md
2025-09-12 09:46:57,606 - INFO - Successfully stored file in GCS: transparentsf/monthly/0/23.json
2025-09-12 09:46:57,606 - INFO - Successfully migrated: /Users/simongoldman/Documents/TransparentSF_from_git/transparentSF/ai/output/monthly/0/23.md
2025-09-12 09:46:57,904 - INFO - Successfully stored file in GCS: transparentsf/monthly/0/72.json
2025-09-12 09:46:57,904 - INFO - Successfully migrated: /Users/simongoldman/Documents/TransparentSF_from_git/transparentSF/ai/output/monthly/0/72.md
2025-09-12 09:46:58,202 - INFO - Successfully stored file in GCS: transparentsf/monthly/0/33.json
2025-09-12 09:46:58,203 - INFO - Successfully migrated: /Users/simongoldman/Documents/TransparentSF_from_git/transparentSF/ai/output/monthly/0/33.md
2025-09-12 09:46:58,486 - INFO - Successfully stored file in GCS: transparentsf/monthly/0/24.json
2025-09-12 09:46:58,486 - INFO - Successfully migrated: /Users/simongoldman/Documents/TransparentSF_from_git/transparentSF/ai/output/monthly/0/24.md
2025-09-12 09:46:58,774 - INFO - Successfully stored file in GCS: transparentsf/monthly/0/41.json
2025-09-12 09:46:58,774 - INFO - Successfully migrated: /Users/simongoldman/Documents/TransparentSF_from_git/transparentSF/ai/output/monthly/0/41.md
2025-09-12 09:46:59,067 - INFO - Successfully stored file in GCS: transparentsf/monthly/0/10.json
2025-09-12 09:46:59,067 - INFO - Successfully migrated: /Users/simongoldman/Documents/TransparentSF_from_git/transparentSF/ai/output/monthly/0/10.md
2025-09-12 09:46:59,359 - INFO - Successfully stored file in GCS: transparentsf/monthly/0/51.json
2025-09-12 09:46:59,359 - INFO - Successfully migrated: /Users/simongoldman/Documents/TransparentSF_from_git/transparentSF/ai/output/monthly/0/51.md
2025-09-12 09:46:59,705 - INFO - Successfully stored file in GCS: transparentsf/monthly/0/9.json
2025-09-12 09:46:59,706 - INFO - Successfully migrated: /Users/simongoldman/Documents/TransparentSF_from_git/transparentSF/ai/output/monthly/0/9.md
2025-09-12 09:47:00,003 - INFO - Successfully stored file in GCS: transparentsf/monthly/0/34.json
2025-09-12 09:47:00,004 - INFO - Successfully migrated: /Users/simongoldman/Documents/TransparentSF_from_git/transparentSF/ai/output/monthly/0/34.md
2025-09-12 09:47:00,307 - INFO - Successfully stored file in GCS: transparentsf/monthly/0/14.json
2025-09-12 09:47:00,307 - INFO - Successfully migrated: /Users/simongoldman/Documents/TransparentSF_from_git/transparentSF/ai/output/monthly/0/14.md
2025-09-12 09:47:00,595 - INFO - Successfully stored file in GCS: transparentsf/monthly/0/45.json
2025-09-12 09:47:00,595 - INFO - Successfully migrated: /Users/simongoldman/Documents/TransparentSF_from_git/transparentSF/ai/output/monthly/0/45.md
2025-09-12 09:47:00,894 - INFO - Successfully stored file in GCS: transparentsf/monthly/0/71.json
2025-09-12 09:47:00,894 - INFO - Successfully migrated: /Users/simongoldman/Documents/TransparentSF_from_git/transparentSF/ai/output/monthly/0/71.md
2025-09-12 09:47:01,275 - INFO - Successfully stored file in GCS: transparentsf/monthly/0/30.json
2025-09-12 09:47:01,275 - INFO - Successfully migrated: /Users/simongoldman/Documents/TransparentSF_from_git/transparentSF/ai/output/monthly/0/30.md
2025-09-12 09:47:01,555 - INFO - Successfully stored file in GCS: transparentsf/monthly/0/15.json
2025-09-12 09:47:01,555 - INFO - Successfully migrated: /Users/simongoldman/Documents/TransparentSF_from_git/transparentSF/ai/output/monthly/0/15.md
2025-09-12 09:47:01,848 - INFO - Successfully stored file in GCS: transparentsf/monthly/0/44.json
2025-09-12 09:47:01,848 - INFO - Successfully migrated: /Users/simongoldman/Documents/TransparentSF_from_git/transparentSF/ai/output/monthly/0/44.md
2025-09-12 09:47:02,151 - INFO - Successfully stored file in GCS: transparentsf/monthly/0/31.json
2025-09-12 09:47:02,152 - INFO - Successfully migrated: /Users/simongoldman/Documents/TransparentSF_from_git/transparentSF/ai/output/monthly/0/31.md
2025-09-12 09:47:02,444 - INFO - Successfully stored file in GCS: transparentsf/monthly/0/40.json
2025-09-12 09:47:02,444 - INFO - Successfully migrated: /Users/simongoldman/Documents/TransparentSF_from_git/transparentSF/ai/output/monthly/0/40.md
2025-09-12 09:47:02,728 - INFO - Successfully stored file in GCS: transparentsf/monthly/0/50.json
2025-09-12 09:47:02,728 - INFO - Successfully migrated: /Users/simongoldman/Documents/TransparentSF_from_git/transparentSF/ai/output/monthly/0/50.md
2025-09-12 09:47:03,012 - INFO - Successfully stored file in GCS: transparentsf/monthly/0/8.json
2025-09-12 09:47:03,012 - INFO - Successfully migrated: /Users/simongoldman/Documents/TransparentSF_from_git/transparentSF/ai/output/monthly/0/8.md
2025-09-12 09:47:03,374 - INFO - Successfully stored file in GCS: transparentsf/monthly/0/35.json
2025-09-12 09:47:03,374 - INFO - Successfully migrated: /Users/simongoldman/Documents/TransparentSF_from_git/transparentSF/ai/output/monthly/0/35.md
2025-09-12 09:47:03,691 - INFO - Successfully stored file in GCS: transparentsf/monthly/0/3.json
2025-09-12 09:47:03,691 - INFO - Successfully migrated: /Users/simongoldman/Documents/TransparentSF_from_git/transparentSF/ai/output/monthly/0/3.md
2025-09-12 09:47:04,001 - INFO - Successfully stored file in GCS: transparentsf/monthly/0/7.json
2025-09-12 09:47:04,002 - INFO - Successfully migrated: /Users/simongoldman/Documents/TransparentSF_from_git/transparentSF/ai/output/monthly/0/7.md
2025-09-12 09:47:04,481 - INFO - Successfully stored file in GCS: transparentsf/monthly/0/6.json
2025-09-12 09:47:04,481 - INFO - Successfully migrated: /Users/simongoldman/Documents/TransparentSF_from_git/transparentSF/ai/output/monthly/0/6.md
2025-09-12 09:47:04,768 - INFO - Successfully stored file in GCS: transparentsf/monthly/0/2.json
2025-09-12 09:47:04,769 - INFO - Successfully migrated: /Users/simongoldman/Documents/TransparentSF_from_git/transparentSF/ai/output/monthly/0/2.md
2025-09-12 09:47:05,067 - INFO - Successfully stored file in GCS: transparentsf/monthly/2.0/19.json
2025-09-12 09:47:05,067 - INFO - Successfully migrated: /Users/simongoldman/Documents/TransparentSF_from_git/transparentSF/ai/output/monthly/2.0/19.md
2025-09-12 09:47:05,541 - INFO - Successfully stored file in GCS: transparentsf/monthly/2.0/30.json
2025-09-12 09:47:05,541 - INFO - Successfully migrated: /Users/simongoldman/Documents/TransparentSF_from_git/transparentSF/ai/output/monthly/2.0/30.md
2025-09-12 09:47:05,998 - INFO - Successfully stored file in GCS: transparentsf/monthly/11/69.json
2025-09-12 09:47:05,998 - INFO - Successfully migrated: /Users/simongoldman/Documents/TransparentSF_from_git/transparentSF/ai/output/monthly/11/69.md
2025-09-12 09:47:06,518 - INFO - Successfully stored file in GCS: transparentsf/monthly/11/38.json
2025-09-12 09:47:06,519 - INFO - Successfully migrated: /Users/simongoldman/Documents/TransparentSF_from_git/transparentSF/ai/output/monthly/11/38.md
2025-09-12 09:47:06,803 - INFO - Successfully stored file in GCS: transparentsf/monthly/11/18.json
2025-09-12 09:47:06,804 - INFO - Successfully migrated: /Users/simongoldman/Documents/TransparentSF_from_git/transparentSF/ai/output/monthly/11/18.md
2025-09-12 09:47:07,089 - INFO - Successfully stored file in GCS: transparentsf/monthly/11/1.json
2025-09-12 09:47:07,089 - INFO - Successfully migrated: /Users/simongoldman/Documents/TransparentSF_from_git/transparentSF/ai/output/monthly/11/1.md
2025-09-12 09:47:07,424 - INFO - Successfully stored file in GCS: transparentsf/monthly/11/19.json
2025-09-12 09:47:07,424 - INFO - Successfully migrated: /Users/simongoldman/Documents/TransparentSF_from_git/transparentSF/ai/output/monthly/11/19.md
2025-09-12 09:47:07,700 - INFO - Successfully stored file in GCS: transparentsf/monthly/11/29.json
2025-09-12 09:47:07,700 - INFO - Successfully migrated: /Users/simongoldman/Documents/TransparentSF_from_git/transparentSF/ai/output/monthly/11/29.md
2025-09-12 09:47:07,984 - INFO - Successfully stored file in GCS: transparentsf/monthly/11/4.json
2025-09-12 09:47:07,984 - INFO - Successfully migrated: /Users/simongoldman/Documents/TransparentSF_from_git/transparentSF/ai/output/monthly/11/4.md
2025-09-12 09:47:08,279 - INFO - Successfully stored file in GCS: transparentsf/monthly/11/16.json
2025-09-12 09:47:08,279 - INFO - Successfully migrated: /Users/simongoldman/Documents/TransparentSF_from_git/transparentSF/ai/output/monthly/11/16.md
2025-09-12 09:47:08,616 - INFO - Successfully stored file in GCS: transparentsf/monthly/11/22.json
2025-09-12 09:47:08,617 - INFO - Successfully migrated: /Users/simongoldman/Documents/TransparentSF_from_git/transparentSF/ai/output/monthly/11/22.md
2025-09-12 09:47:08,913 - INFO - Successfully stored file in GCS: transparentsf/monthly/11/12.json
2025-09-12 09:47:08,913 - INFO - Successfully migrated: /Users/simongoldman/Documents/TransparentSF_from_git/transparentSF/ai/output/monthly/11/12.md
2025-09-12 09:47:09,216 - INFO - Successfully stored file in GCS: transparentsf/monthly/11/17.json
2025-09-12 09:47:09,217 - INFO - Successfully migrated: /Users/simongoldman/Documents/TransparentSF_from_git/transparentSF/ai/output/monthly/11/17.md
2025-09-12 09:47:09,502 - INFO - Successfully stored file in GCS: transparentsf/monthly/11/23.json
2025-09-12 09:47:09,502 - INFO - Successfully migrated: /Users/simongoldman/Documents/TransparentSF_from_git/transparentSF/ai/output/monthly/11/23.md
2025-09-12 09:47:09,805 - INFO - Successfully stored file in GCS: transparentsf/monthly/11/72.json
2025-09-12 09:47:09,806 - INFO - Successfully migrated: /Users/simongoldman/Documents/TransparentSF_from_git/transparentSF/ai/output/monthly/11/72.md
2025-09-12 09:47:10,189 - INFO - Successfully stored file in GCS: transparentsf/monthly/11/24.json
2025-09-12 09:47:10,189 - INFO - Successfully migrated: /Users/simongoldman/Documents/TransparentSF_from_git/transparentSF/ai/output/monthly/11/24.md
2025-09-12 09:47:10,468 - INFO - Successfully stored file in GCS: transparentsf/monthly/11/9.json
2025-09-12 09:47:10,469 - INFO - Successfully migrated: /Users/simongoldman/Documents/TransparentSF_from_git/transparentSF/ai/output/monthly/11/9.md
2025-09-12 09:47:10,768 - INFO - Successfully stored file in GCS: transparentsf/monthly/11/14.json
2025-09-12 09:47:10,768 - INFO - Successfully migrated: /Users/simongoldman/Documents/TransparentSF_from_git/transparentSF/ai/output/monthly/11/14.md
2025-09-12 09:47:11,070 - INFO - Successfully stored file in GCS: transparentsf/monthly/11/71.json
2025-09-12 09:47:11,071 - INFO - Successfully migrated: /Users/simongoldman/Documents/TransparentSF_from_git/transparentSF/ai/output/monthly/11/71.md
2025-09-12 09:47:11,368 - INFO - Successfully stored file in GCS: transparentsf/monthly/11/30.json
2025-09-12 09:47:11,368 - INFO - Successfully migrated: /Users/simongoldman/Documents/TransparentSF_from_git/transparentSF/ai/output/monthly/11/30.md
2025-09-12 09:47:11,671 - INFO - Successfully stored file in GCS: transparentsf/monthly/11/15.json
2025-09-12 09:47:11,671 - INFO - Successfully migrated: /Users/simongoldman/Documents/TransparentSF_from_git/transparentSF/ai/output/monthly/11/15.md
2025-09-12 09:47:12,037 - INFO - Successfully stored file in GCS: transparentsf/monthly/11/40.json
2025-09-12 09:47:12,038 - INFO - Successfully migrated: /Users/simongoldman/Documents/TransparentSF_from_git/transparentSF/ai/output/monthly/11/40.md
2025-09-12 09:47:12,335 - INFO - Successfully stored file in GCS: transparentsf/monthly/11/8.json
2025-09-12 09:47:12,335 - INFO - Successfully migrated: /Users/simongoldman/Documents/TransparentSF_from_git/transparentSF/ai/output/monthly/11/8.md
2025-09-12 09:47:12,629 - INFO - Successfully stored file in GCS: transparentsf/monthly/11/35.json
2025-09-12 09:47:12,629 - INFO - Successfully migrated: /Users/simongoldman/Documents/TransparentSF_from_git/transparentSF/ai/output/monthly/11/35.md
2025-09-12 09:47:12,920 - INFO - Successfully stored file in GCS: transparentsf/monthly/11/3.json
2025-09-12 09:47:12,920 - INFO - Successfully migrated: /Users/simongoldman/Documents/TransparentSF_from_git/transparentSF/ai/output/monthly/11/3.md
2025-09-12 09:47:13,219 - INFO - Successfully stored file in GCS: transparentsf/monthly/11/2.json
2025-09-12 09:47:13,219 - INFO - Successfully migrated: /Users/simongoldman/Documents/TransparentSF_from_git/transparentSF/ai/output/monthly/11/2.md
2025-09-12 09:47:13,520 - INFO - Successfully stored file in GCS: transparentsf/monthly/7/69.json
2025-09-12 09:47:13,521 - INFO - Successfully migrated: /Users/simongoldman/Documents/TransparentSF_from_git/transparentSF/ai/output/monthly/7/69.md
2025-09-12 09:47:13,864 - INFO - Successfully stored file in GCS: transparentsf/monthly/7/38.json
2025-09-12 09:47:13,864 - INFO - Successfully migrated: /Users/simongoldman/Documents/TransparentSF_from_git/transparentSF/ai/output/monthly/7/38.md
2025-09-12 09:47:14,141 - INFO - Successfully stored file in GCS: transparentsf/monthly/7/18.json
2025-09-12 09:47:14,141 - INFO - Successfully migrated: /Users/simongoldman/Documents/TransparentSF_from_git/transparentSF/ai/output/monthly/7/18.md
2025-09-12 09:47:14,424 - INFO - Successfully stored file in GCS: transparentsf/monthly/7/1.json
2025-09-12 09:47:14,425 - INFO - Successfully migrated: /Users/simongoldman/Documents/TransparentSF_from_git/transparentSF/ai/output/monthly/7/1.md
2025-09-12 09:47:14,711 - INFO - Successfully stored file in GCS: transparentsf/monthly/7/19.json
2025-09-12 09:47:14,711 - INFO - Successfully migrated: /Users/simongoldman/Documents/TransparentSF_from_git/transparentSF/ai/output/monthly/7/19.md
2025-09-12 09:47:14,996 - INFO - Successfully stored file in GCS: transparentsf/monthly/7/29.json
2025-09-12 09:47:14,996 - INFO - Successfully migrated: /Users/simongoldman/Documents/TransparentSF_from_git/transparentSF/ai/output/monthly/7/29.md
2025-09-12 09:47:15,265 - INFO - Successfully stored file in GCS: transparentsf/monthly/7/4.json
2025-09-12 09:47:15,265 - INFO - Successfully migrated: /Users/simongoldman/Documents/TransparentSF_from_git/transparentSF/ai/output/monthly/7/4.md
2025-09-12 09:47:15,540 - INFO - Successfully stored file in GCS: transparentsf/monthly/7/16.json
2025-09-12 09:47:15,541 - INFO - Successfully migrated: /Users/simongoldman/Documents/TransparentSF_from_git/transparentSF/ai/output/monthly/7/16.md
2025-09-12 09:47:15,833 - INFO - Successfully stored file in GCS: transparentsf/monthly/7/22.json
2025-09-12 09:47:15,833 - INFO - Successfully migrated: /Users/simongoldman/Documents/TransparentSF_from_git/transparentSF/ai/output/monthly/7/22.md
2025-09-12 09:47:16,112 - INFO - Successfully stored file in GCS: transparentsf/monthly/7/12.json
2025-09-12 09:47:16,112 - INFO - Successfully migrated: /Users/simongoldman/Documents/TransparentSF_from_git/transparentSF/ai/output/monthly/7/12.md
2025-09-12 09:47:16,480 - INFO - Successfully stored file in GCS: transparentsf/monthly/7/17.json
2025-09-12 09:47:16,481 - INFO - Successfully migrated: /Users/simongoldman/Documents/TransparentSF_from_git/transparentSF/ai/output/monthly/7/17.md
2025-09-12 09:47:16,758 - INFO - Successfully stored file in GCS: transparentsf/monthly/7/23.json
2025-09-12 09:47:16,758 - INFO - Successfully migrated: /Users/simongoldman/Documents/TransparentSF_from_git/transparentSF/ai/output/monthly/7/23.md
2025-09-12 09:47:17,032 - INFO - Successfully stored file in GCS: transparentsf/monthly/7/72.json
2025-09-12 09:47:17,032 - INFO - Successfully migrated: /Users/simongoldman/Documents/TransparentSF_from_git/transparentSF/ai/output/monthly/7/72.md
2025-09-12 09:47:17,331 - INFO - Successfully stored file in GCS: transparentsf/monthly/7/24.json
2025-09-12 09:47:17,331 - INFO - Successfully migrated: /Users/simongoldman/Documents/TransparentSF_from_git/transparentSF/ai/output/monthly/7/24.md
2025-09-12 09:47:17,620 - INFO - Successfully stored file in GCS: transparentsf/monthly/7/9.json
2025-09-12 09:47:17,620 - INFO - Successfully migrated: /Users/simongoldman/Documents/TransparentSF_from_git/transparentSF/ai/output/monthly/7/9.md
2025-09-12 09:47:17,903 - INFO - Successfully stored file in GCS: transparentsf/monthly/7/34.json
2025-09-12 09:47:17,903 - INFO - Successfully migrated: /Users/simongoldman/Documents/TransparentSF_from_git/transparentSF/ai/output/monthly/7/34.md
2025-09-12 09:47:18,199 - INFO - Successfully stored file in GCS: transparentsf/monthly/7/14.json
2025-09-12 09:47:18,200 - INFO - Successfully migrated: /Users/simongoldman/Documents/TransparentSF_from_git/transparentSF/ai/output/monthly/7/14.md
2025-09-12 09:47:18,578 - INFO - Successfully stored file in GCS: transparentsf/monthly/7/71.json
2025-09-12 09:47:18,579 - INFO - Successfully migrated: /Users/simongoldman/Documents/TransparentSF_from_git/transparentSF/ai/output/monthly/7/71.md
2025-09-12 09:47:18,870 - INFO - Successfully stored file in GCS: transparentsf/monthly/7/30.json
2025-09-12 09:47:18,870 - INFO - Successfully migrated: /Users/simongoldman/Documents/TransparentSF_from_git/transparentSF/ai/output/monthly/7/30.md
2025-09-12 09:47:19,160 - INFO - Successfully stored file in GCS: transparentsf/monthly/7/15.json
2025-09-12 09:47:19,161 - INFO - Successfully migrated: /Users/simongoldman/Documents/TransparentSF_from_git/transparentSF/ai/output/monthly/7/15.md
2025-09-12 09:47:19,448 - INFO - Successfully stored file in GCS: transparentsf/monthly/7/40.json
2025-09-12 09:47:19,448 - INFO - Successfully migrated: /Users/simongoldman/Documents/TransparentSF_from_git/transparentSF/ai/output/monthly/7/40.md
2025-09-12 09:47:19,742 - INFO - Successfully stored file in GCS: transparentsf/monthly/7/8.json
2025-09-12 09:47:19,742 - INFO - Successfully migrated: /Users/simongoldman/Documents/TransparentSF_from_git/transparentSF/ai/output/monthly/7/8.md
2025-09-12 09:47:20,016 - INFO - Successfully stored file in GCS: transparentsf/monthly/7/35.json
2025-09-12 09:47:20,017 - INFO - Successfully migrated: /Users/simongoldman/Documents/TransparentSF_from_git/transparentSF/ai/output/monthly/7/35.md
2025-09-12 09:47:20,324 - INFO - Successfully stored file in GCS: transparentsf/monthly/7/3.json
2025-09-12 09:47:20,324 - INFO - Successfully migrated: /Users/simongoldman/Documents/TransparentSF_from_git/transparentSF/ai/output/monthly/7/3.md
2025-09-12 09:47:20,674 - INFO - Successfully stored file in GCS: transparentsf/monthly/7/2.json
2025-09-12 09:47:20,675 - INFO - Successfully migrated: /Users/simongoldman/Documents/TransparentSF_from_git/transparentSF/ai/output/monthly/7/2.md
2025-09-12 09:47:20,965 - INFO - Successfully stored file in GCS: transparentsf/monthly/6/69.json
2025-09-12 09:47:20,965 - INFO - Successfully migrated: /Users/simongoldman/Documents/TransparentSF_from_git/transparentSF/ai/output/monthly/6/69.md
2025-09-12 09:47:21,266 - INFO - Successfully stored file in GCS: transparentsf/monthly/6/38.json
2025-09-12 09:47:21,266 - INFO - Successfully migrated: /Users/simongoldman/Documents/TransparentSF_from_git/transparentSF/ai/output/monthly/6/38.md
2025-09-12 09:47:21,554 - INFO - Successfully stored file in GCS: transparentsf/monthly/6/18.json
2025-09-12 09:47:21,555 - INFO - Successfully migrated: /Users/simongoldman/Documents/TransparentSF_from_git/transparentSF/ai/output/monthly/6/18.md
2025-09-12 09:47:21,842 - INFO - Successfully stored file in GCS: transparentsf/monthly/6/1.json
2025-09-12 09:47:21,842 - INFO - Successfully migrated: /Users/simongoldman/Documents/TransparentSF_from_git/transparentSF/ai/output/monthly/6/1.md
2025-09-12 09:47:22,133 - INFO - Successfully stored file in GCS: transparentsf/monthly/6/19.json
2025-09-12 09:47:22,133 - INFO - Successfully migrated: /Users/simongoldman/Documents/TransparentSF_from_git/transparentSF/ai/output/monthly/6/19.md
2025-09-12 09:47:22,413 - INFO - Successfully stored file in GCS: transparentsf/monthly/6/29.json
2025-09-12 09:47:22,413 - INFO - Successfully migrated: /Users/simongoldman/Documents/TransparentSF_from_git/transparentSF/ai/output/monthly/6/29.md
2025-09-12 09:47:22,772 - INFO - Successfully stored file in GCS: transparentsf/monthly/6/4.json
2025-09-12 09:47:22,772 - INFO - Successfully migrated: /Users/simongoldman/Documents/TransparentSF_from_git/transparentSF/ai/output/monthly/6/4.md
2025-09-12 09:47:23,071 - INFO - Successfully stored file in GCS: transparentsf/monthly/6/16.json
2025-09-12 09:47:23,071 - INFO - Successfully migrated: /Users/simongoldman/Documents/TransparentSF_from_git/transparentSF/ai/output/monthly/6/16.md
2025-09-12 09:47:23,360 - INFO - Successfully stored file in GCS: transparentsf/monthly/6/22.json
2025-09-12 09:47:23,360 - INFO - Successfully migrated: /Users/simongoldman/Documents/TransparentSF_from_git/transparentSF/ai/output/monthly/6/22.md
2025-09-12 09:47:23,636 - INFO - Successfully stored file in GCS: transparentsf/monthly/6/12.json
2025-09-12 09:47:23,636 - INFO - Successfully migrated: /Users/simongoldman/Documents/TransparentSF_from_git/transparentSF/ai/output/monthly/6/12.md
2025-09-12 09:47:23,919 - INFO - Successfully stored file in GCS: transparentsf/monthly/6/43.json
2025-09-12 09:47:23,919 - INFO - Successfully migrated: /Users/simongoldman/Documents/TransparentSF_from_git/transparentSF/ai/output/monthly/6/43.md
2025-09-12 09:47:24,193 - INFO - Successfully stored file in GCS: transparentsf/monthly/6/17.json
2025-09-12 09:47:24,193 - INFO - Successfully migrated: /Users/simongoldman/Documents/TransparentSF_from_git/transparentSF/ai/output/monthly/6/17.md
2025-09-12 09:47:24,475 - INFO - Successfully stored file in GCS: transparentsf/monthly/6/23.json
2025-09-12 09:47:24,476 - INFO - Successfully migrated: /Users/simongoldman/Documents/TransparentSF_from_git/transparentSF/ai/output/monthly/6/23.md
2025-09-12 09:47:24,775 - INFO - Successfully stored file in GCS: transparentsf/monthly/6/72.json
2025-09-12 09:47:24,775 - INFO - Successfully migrated: /Users/simongoldman/Documents/TransparentSF_from_git/transparentSF/ai/output/monthly/6/72.md
2025-09-12 09:47:25,165 - INFO - Successfully stored file in GCS: transparentsf/monthly/6/24.json
2025-09-12 09:47:25,165 - INFO - Successfully migrated: /Users/simongoldman/Documents/TransparentSF_from_git/transparentSF/ai/output/monthly/6/24.md
2025-09-12 09:47:25,449 - INFO - Successfully stored file in GCS: transparentsf/monthly/6/41.json
2025-09-12 09:47:25,449 - INFO - Successfully migrated: /Users/simongoldman/Documents/TransparentSF_from_git/transparentSF/ai/output/monthly/6/41.md
2025-09-12 09:47:25,746 - INFO - Successfully stored file in GCS: transparentsf/monthly/6/9.json
2025-09-12 09:47:25,747 - INFO - Successfully migrated: /Users/simongoldman/Documents/TransparentSF_from_git/transparentSF/ai/output/monthly/6/9.md
2025-09-12 09:47:26,028 - INFO - Successfully stored file in GCS: transparentsf/monthly/6/34.json
2025-09-12 09:47:26,028 - INFO - Successfully migrated: /Users/simongoldman/Documents/TransparentSF_from_git/transparentSF/ai/output/monthly/6/34.md
2025-09-12 09:47:26,341 - INFO - Successfully stored file in GCS: transparentsf/monthly/6/14.json
2025-09-12 09:47:26,342 - INFO - Successfully migrated: /Users/simongoldman/Documents/TransparentSF_from_git/transparentSF/ai/output/monthly/6/14.md
2025-09-12 09:47:26,641 - INFO - Successfully stored file in GCS: transparentsf/monthly/6/71.json
2025-09-12 09:47:26,641 - INFO - Successfully migrated: /Users/simongoldman/Documents/TransparentSF_from_git/transparentSF/ai/output/monthly/6/71.md
2025-09-12 09:47:26,967 - INFO - Successfully stored file in GCS: transparentsf/monthly/6/30.json
2025-09-12 09:47:26,967 - INFO - Successfully migrated: /Users/simongoldman/Documents/TransparentSF_from_git/transparentSF/ai/output/monthly/6/30.md
2025-09-12 09:47:27,267 - INFO - Successfully stored file in GCS: transparentsf/monthly/6/15.json
2025-09-12 09:47:27,288 - INFO - Successfully migrated: /Users/simongoldman/Documents/TransparentSF_from_git/transparentSF/ai/output/monthly/6/15.md
2025-09-12 09:47:27,585 - INFO - Successfully stored file in GCS: transparentsf/monthly/6/40.json
2025-09-12 09:47:27,585 - INFO - Successfully migrated: /Users/simongoldman/Documents/TransparentSF_from_git/transparentSF/ai/output/monthly/6/40.md
2025-09-12 09:47:27,889 - INFO - Successfully stored file in GCS: transparentsf/monthly/6/8.json
2025-09-12 09:47:27,889 - INFO - Successfully migrated: /Users/simongoldman/Documents/TransparentSF_from_git/transparentSF/ai/output/monthly/6/8.md
2025-09-12 09:47:28,173 - INFO - Successfully stored file in GCS: transparentsf/monthly/6/35.json
2025-09-12 09:47:28,174 - INFO - Successfully migrated: /Users/simongoldman/Documents/TransparentSF_from_git/transparentSF/ai/output/monthly/6/35.md
2025-09-12 09:47:28,539 - INFO - Successfully stored file in GCS: transparentsf/monthly/6/3.json
2025-09-12 09:47:28,539 - INFO - Successfully migrated: /Users/simongoldman/Documents/TransparentSF_from_git/transparentSF/ai/output/monthly/6/3.md
2025-09-12 09:47:28,829 - INFO - Successfully stored file in GCS: transparentsf/monthly/6/2.json
2025-09-12 09:47:28,830 - INFO - Successfully migrated: /Users/simongoldman/Documents/TransparentSF_from_git/transparentSF/ai/output/monthly/6/2.md
2025-09-12 09:47:29,117 - INFO - Successfully stored file in GCS: transparentsf/monthly/1/69.json
2025-09-12 09:47:29,118 - INFO - Successfully migrated: /Users/simongoldman/Documents/TransparentSF_from_git/transparentSF/ai/output/monthly/1/69.md
2025-09-12 09:47:29,395 - INFO - Successfully stored file in GCS: transparentsf/monthly/1/38.json
2025-09-12 09:47:29,396 - INFO - Successfully migrated: /Users/simongoldman/Documents/TransparentSF_from_git/transparentSF/ai/output/monthly/1/38.md
2025-09-12 09:47:29,688 - INFO - Successfully stored file in GCS: transparentsf/monthly/1/18.json
2025-09-12 09:47:29,688 - INFO - Successfully migrated: /Users/simongoldman/Documents/TransparentSF_from_git/transparentSF/ai/output/monthly/1/18.md
2025-09-12 09:47:29,965 - INFO - Successfully stored file in GCS: transparentsf/monthly/1/1.json
2025-09-12 09:47:29,965 - INFO - Successfully migrated: /Users/simongoldman/Documents/TransparentSF_from_git/transparentSF/ai/output/monthly/1/1.md
2025-09-12 09:47:30,264 - INFO - Successfully stored file in GCS: transparentsf/monthly/1/19.json
2025-09-12 09:47:30,264 - INFO - Successfully migrated: /Users/simongoldman/Documents/TransparentSF_from_git/transparentSF/ai/output/monthly/1/19.md
2025-09-12 09:47:30,636 - INFO - Successfully stored file in GCS: transparentsf/monthly/1/29.json
2025-09-12 09:47:30,636 - INFO - Successfully migrated: /Users/simongoldman/Documents/TransparentSF_from_git/transparentSF/ai/output/monthly/1/29.md
2025-09-12 09:47:30,930 - INFO - Successfully stored file in GCS: transparentsf/monthly/1/4.json
2025-09-12 09:47:30,930 - INFO - Successfully migrated: /Users/simongoldman/Documents/TransparentSF_from_git/transparentSF/ai/output/monthly/1/4.md
2025-09-12 09:47:31,246 - INFO - Successfully stored file in GCS: transparentsf/monthly/1/16.json
2025-09-12 09:47:31,246 - INFO - Successfully migrated: /Users/simongoldman/Documents/TransparentSF_from_git/transparentSF/ai/output/monthly/1/16.md
2025-09-12 09:47:31,540 - INFO - Successfully stored file in GCS: transparentsf/monthly/1/22.json
2025-09-12 09:47:31,540 - INFO - Successfully migrated: /Users/simongoldman/Documents/TransparentSF_from_git/transparentSF/ai/output/monthly/1/22.md
2025-09-12 09:47:31,812 - INFO - Successfully stored file in GCS: transparentsf/monthly/1/12.json
2025-09-12 09:47:31,812 - INFO - Successfully migrated: /Users/simongoldman/Documents/TransparentSF_from_git/transparentSF/ai/output/monthly/1/12.md
2025-09-12 09:47:32,093 - INFO - Successfully stored file in GCS: transparentsf/monthly/1/17.json
2025-09-12 09:47:32,093 - INFO - Successfully migrated: /Users/simongoldman/Documents/TransparentSF_from_git/transparentSF/ai/output/monthly/1/17.md
2025-09-12 09:47:32,387 - INFO - Successfully stored file in GCS: transparentsf/monthly/1/23.json
2025-09-12 09:47:32,387 - INFO - Successfully migrated: /Users/simongoldman/Documents/TransparentSF_from_git/transparentSF/ai/output/monthly/1/23.md
2025-09-12 09:47:32,734 - INFO - Successfully stored file in GCS: transparentsf/monthly/1/72.json
2025-09-12 09:47:32,734 - INFO - Successfully migrated: /Users/simongoldman/Documents/TransparentSF_from_git/transparentSF/ai/output/monthly/1/72.md
2025-09-12 09:47:33,010 - INFO - Successfully stored file in GCS: transparentsf/monthly/1/24.json
2025-09-12 09:47:33,010 - INFO - Successfully migrated: /Users/simongoldman/Documents/TransparentSF_from_git/transparentSF/ai/output/monthly/1/24.md
2025-09-12 09:47:33,293 - INFO - Successfully stored file in GCS: transparentsf/monthly/1/9.json
2025-09-12 09:47:33,294 - INFO - Successfully migrated: /Users/simongoldman/Documents/TransparentSF_from_git/transparentSF/ai/output/monthly/1/9.md
2025-09-12 09:47:33,582 - INFO - Successfully stored file in GCS: transparentsf/monthly/1/34.json
2025-09-12 09:47:33,582 - INFO - Successfully migrated: /Users/simongoldman/Documents/TransparentSF_from_git/transparentSF/ai/output/monthly/1/34.md
2025-09-12 09:47:33,882 - INFO - Successfully stored file in GCS: transparentsf/monthly/1/14.json
2025-09-12 09:47:33,882 - INFO - Successfully migrated: /Users/simongoldman/Documents/TransparentSF_from_git/transparentSF/ai/output/monthly/1/14.md
2025-09-12 09:47:34,162 - INFO - Successfully stored file in GCS: transparentsf/monthly/1/71.json
2025-09-12 09:47:34,162 - INFO - Successfully migrated: /Users/simongoldman/Documents/TransparentSF_from_git/transparentSF/ai/output/monthly/1/71.md
2025-09-12 09:47:34,456 - INFO - Successfully stored file in GCS: transparentsf/monthly/1/30.json
2025-09-12 09:47:34,456 - INFO - Successfully migrated: /Users/simongoldman/Documents/TransparentSF_from_git/transparentSF/ai/output/monthly/1/30.md
2025-09-12 09:47:34,830 - INFO - Successfully stored file in GCS: transparentsf/monthly/1/15.json
2025-09-12 09:47:34,831 - INFO - Successfully migrated: /Users/simongoldman/Documents/TransparentSF_from_git/transparentSF/ai/output/monthly/1/15.md
2025-09-12 09:47:35,123 - INFO - Successfully stored file in GCS: transparentsf/monthly/1/40.json
2025-09-12 09:47:35,123 - INFO - Successfully migrated: /Users/simongoldman/Documents/TransparentSF_from_git/transparentSF/ai/output/monthly/1/40.md
2025-09-12 09:47:35,423 - INFO - Successfully stored file in GCS: transparentsf/monthly/1/8.json
2025-09-12 09:47:35,424 - INFO - Successfully migrated: /Users/simongoldman/Documents/TransparentSF_from_git/transparentSF/ai/output/monthly/1/8.md
2025-09-12 09:47:35,727 - INFO - Successfully stored file in GCS: transparentsf/monthly/1/35.json
2025-09-12 09:47:35,727 - INFO - Successfully migrated: /Users/simongoldman/Documents/TransparentSF_from_git/transparentSF/ai/output/monthly/1/35.md
2025-09-12 09:47:36,013 - INFO - Successfully stored file in GCS: transparentsf/monthly/1/3.json
2025-09-12 09:47:36,013 - INFO - Successfully migrated: /Users/simongoldman/Documents/TransparentSF_from_git/transparentSF/ai/output/monthly/1/3.md
2025-09-12 09:47:36,299 - INFO - Successfully stored file in GCS: transparentsf/monthly/1/2.json
2025-09-12 09:47:36,299 - INFO - Successfully migrated: /Users/simongoldman/Documents/TransparentSF_from_git/transparentSF/ai/output/monthly/1/2.md
2025-09-12 09:47:36,590 - INFO - Successfully stored file in GCS: transparentsf/monthly/10.00000/19.json
2025-09-12 09:47:36,590 - INFO - Successfully migrated: /Users/simongoldman/Documents/TransparentSF_from_git/transparentSF/ai/output/monthly/10.00000/19.md
2025-09-12 09:47:36,929 - INFO - Successfully stored file in GCS: transparentsf/monthly/10.00000/30.json
2025-09-12 09:47:36,929 - INFO - Successfully migrated: /Users/simongoldman/Documents/TransparentSF_from_git/transparentSF/ai/output/monthly/10.00000/30.md
2025-09-12 09:47:37,220 - INFO - Successfully stored file in GCS: transparentsf/monthly/10/69.json
2025-09-12 09:47:37,220 - INFO - Successfully migrated: /Users/simongoldman/Documents/TransparentSF_from_git/transparentSF/ai/output/monthly/10/69.md
2025-09-12 09:47:37,498 - INFO - Successfully stored file in GCS: transparentsf/monthly/10/38.json
2025-09-12 09:47:37,498 - INFO - Successfully migrated: /Users/simongoldman/Documents/TransparentSF_from_git/transparentSF/ai/output/monthly/10/38.md
2025-09-12 09:47:37,780 - INFO - Successfully stored file in GCS: transparentsf/monthly/10/18.json
2025-09-12 09:47:37,781 - INFO - Successfully migrated: /Users/simongoldman/Documents/TransparentSF_from_git/transparentSF/ai/output/monthly/10/18.md
2025-09-12 09:47:38,074 - INFO - Successfully stored file in GCS: transparentsf/monthly/10/1.json
2025-09-12 09:47:38,074 - INFO - Successfully migrated: /Users/simongoldman/Documents/TransparentSF_from_git/transparentSF/ai/output/monthly/10/1.md
2025-09-12 09:47:38,362 - INFO - Successfully stored file in GCS: transparentsf/monthly/10/19.json
2025-09-12 09:47:38,362 - INFO - Successfully migrated: /Users/simongoldman/Documents/TransparentSF_from_git/transparentSF/ai/output/monthly/10/19.md
2025-09-12 09:47:38,654 - INFO - Successfully stored file in GCS: transparentsf/monthly/10/29.json
2025-09-12 09:47:38,654 - INFO - Successfully migrated: /Users/simongoldman/Documents/TransparentSF_from_git/transparentSF/ai/output/monthly/10/29.md
2025-09-12 09:47:39,026 - INFO - Successfully stored file in GCS: transparentsf/monthly/10/4.json
2025-09-12 09:47:39,027 - INFO - Successfully migrated: /Users/simongoldman/Documents/TransparentSF_from_git/transparentSF/ai/output/monthly/10/4.md
2025-09-12 09:47:39,306 - INFO - Successfully stored file in GCS: transparentsf/monthly/10/16.json
2025-09-12 09:47:39,306 - INFO - Successfully migrated: /Users/simongoldman/Documents/TransparentSF_from_git/transparentSF/ai/output/monthly/10/16.md
2025-09-12 09:47:39,577 - INFO - Successfully stored file in GCS: transparentsf/monthly/10/22.json
2025-09-12 09:47:39,577 - INFO - Successfully migrated: /Users/simongoldman/Documents/TransparentSF_from_git/transparentSF/ai/output/monthly/10/22.md
2025-09-12 09:47:39,881 - INFO - Successfully stored file in GCS: transparentsf/monthly/10/12.json
2025-09-12 09:47:39,881 - INFO - Successfully migrated: /Users/simongoldman/Documents/TransparentSF_from_git/transparentSF/ai/output/monthly/10/12.md
2025-09-12 09:47:40,177 - INFO - Successfully stored file in GCS: transparentsf/monthly/10/17.json
2025-09-12 09:47:40,178 - INFO - Successfully migrated: /Users/simongoldman/Documents/TransparentSF_from_git/transparentSF/ai/output/monthly/10/17.md
2025-09-12 09:47:40,455 - INFO - Successfully stored file in GCS: transparentsf/monthly/10/23.json
2025-09-12 09:47:40,455 - INFO - Successfully migrated: /Users/simongoldman/Documents/TransparentSF_from_git/transparentSF/ai/output/monthly/10/23.md
2025-09-12 09:47:40,715 - INFO - Successfully stored file in GCS: transparentsf/monthly/10/72.json
2025-09-12 09:47:40,715 - INFO - Successfully migrated: /Users/simongoldman/Documents/TransparentSF_from_git/transparentSF/ai/output/monthly/10/72.md
2025-09-12 09:47:40,994 - INFO - Successfully stored file in GCS: transparentsf/monthly/10/24.json
2025-09-12 09:47:40,994 - INFO - Successfully migrated: /Users/simongoldman/Documents/TransparentSF_from_git/transparentSF/ai/output/monthly/10/24.md
2025-09-12 09:47:41,274 - INFO - Successfully stored file in GCS: transparentsf/monthly/10/9.json
2025-09-12 09:47:41,275 - INFO - Successfully migrated: /Users/simongoldman/Documents/TransparentSF_from_git/transparentSF/ai/output/monthly/10/9.md
2025-09-12 09:47:41,646 - INFO - Successfully stored file in GCS: transparentsf/monthly/10/14.json
2025-09-12 09:47:41,646 - INFO - Successfully migrated: /Users/simongoldman/Documents/TransparentSF_from_git/transparentSF/ai/output/monthly/10/14.md
2025-09-12 09:47:41,937 - INFO - Successfully stored file in GCS: transparentsf/monthly/10/71.json
2025-09-12 09:47:41,937 - INFO - Successfully migrated: /Users/simongoldman/Documents/TransparentSF_from_git/transparentSF/ai/output/monthly/10/71.md
2025-09-12 09:47:42,224 - INFO - Successfully stored file in GCS: transparentsf/monthly/10/30.json
2025-09-12 09:47:42,225 - INFO - Successfully migrated: /Users/simongoldman/Documents/TransparentSF_from_git/transparentSF/ai/output/monthly/10/30.md
2025-09-12 09:47:42,507 - INFO - Successfully stored file in GCS: transparentsf/monthly/10/15.json
2025-09-12 09:47:42,507 - INFO - Successfully migrated: /Users/simongoldman/Documents/TransparentSF_from_git/transparentSF/ai/output/monthly/10/15.md
2025-09-12 09:47:42,787 - INFO - Successfully stored file in GCS: transparentsf/monthly/10/40.json
2025-09-12 09:47:42,787 - INFO - Successfully migrated: /Users/simongoldman/Documents/TransparentSF_from_git/transparentSF/ai/output/monthly/10/40.md
2025-09-12 09:47:43,116 - INFO - Successfully stored file in GCS: transparentsf/monthly/10/8.json
2025-09-12 09:47:43,116 - INFO - Successfully migrated: /Users/simongoldman/Documents/TransparentSF_from_git/transparentSF/ai/output/monthly/10/8.md
2025-09-12 09:47:43,415 - INFO - Successfully stored file in GCS: transparentsf/monthly/10/35.json
2025-09-12 09:47:43,415 - INFO - Successfully migrated: /Users/simongoldman/Documents/TransparentSF_from_git/transparentSF/ai/output/monthly/10/35.md
2025-09-12 09:47:43,741 - INFO - Successfully stored file in GCS: transparentsf/monthly/10/3.json
2025-09-12 09:47:43,741 - INFO - Successfully migrated: /Users/simongoldman/Documents/TransparentSF_from_git/transparentSF/ai/output/monthly/10/3.md
2025-09-12 09:47:44,030 - INFO - Successfully stored file in GCS: transparentsf/monthly/10/2.json
2025-09-12 09:47:44,030 - INFO - Successfully migrated: /Users/simongoldman/Documents/TransparentSF_from_git/transparentSF/ai/output/monthly/10/2.md
2025-09-12 09:47:44,321 - INFO - Successfully stored file in GCS: transparentsf/monthly/8/69.json
2025-09-12 09:47:44,322 - INFO - Successfully migrated: /Users/simongoldman/Documents/TransparentSF_from_git/transparentSF/ai/output/monthly/8/69.md
2025-09-12 09:47:44,610 - INFO - Successfully stored file in GCS: transparentsf/monthly/8/38.json
2025-09-12 09:47:44,611 - INFO - Successfully migrated: /Users/simongoldman/Documents/TransparentSF_from_git/transparentSF/ai/output/monthly/8/38.md
2025-09-12 09:47:44,899 - INFO - Successfully stored file in GCS: transparentsf/monthly/8/18.json
2025-09-12 09:47:44,900 - INFO - Successfully migrated: /Users/simongoldman/Documents/TransparentSF_from_git/transparentSF/ai/output/monthly/8/18.md
2025-09-12 09:47:45,192 - INFO - Successfully stored file in GCS: transparentsf/monthly/8/1.json
2025-09-12 09:47:45,192 - INFO - Successfully migrated: /Users/simongoldman/Documents/TransparentSF_from_git/transparentSF/ai/output/monthly/8/1.md
2025-09-12 09:47:45,484 - INFO - Successfully stored file in GCS: transparentsf/monthly/8/19.json
2025-09-12 09:47:45,484 - INFO - Successfully migrated: /Users/simongoldman/Documents/TransparentSF_from_git/transparentSF/ai/output/monthly/8/19.md
2025-09-12 09:47:45,837 - INFO - Successfully stored file in GCS: transparentsf/monthly/8/29.json
2025-09-12 09:47:45,837 - INFO - Successfully migrated: /Users/simongoldman/Documents/TransparentSF_from_git/transparentSF/ai/output/monthly/8/29.md
2025-09-12 09:47:46,140 - INFO - Successfully stored file in GCS: transparentsf/monthly/8/4.json
2025-09-12 09:47:46,140 - INFO - Successfully migrated: /Users/simongoldman/Documents/TransparentSF_from_git/transparentSF/ai/output/monthly/8/4.md
2025-09-12 09:47:46,435 - INFO - Successfully stored file in GCS: transparentsf/monthly/8/16.json
2025-09-12 09:47:46,435 - INFO - Successfully migrated: /Users/simongoldman/Documents/TransparentSF_from_git/transparentSF/ai/output/monthly/8/16.md
2025-09-12 09:47:46,713 - INFO - Successfully stored file in GCS: transparentsf/monthly/8/22.json
2025-09-12 09:47:46,713 - INFO - Successfully migrated: /Users/simongoldman/Documents/TransparentSF_from_git/transparentSF/ai/output/monthly/8/22.md
2025-09-12 09:47:46,988 - INFO - Successfully stored file in GCS: transparentsf/monthly/8/12.json
2025-09-12 09:47:46,989 - INFO - Successfully migrated: /Users/simongoldman/Documents/TransparentSF_from_git/transparentSF/ai/output/monthly/8/12.md
2025-09-12 09:47:47,276 - INFO - Successfully stored file in GCS: transparentsf/monthly/8/43.json
2025-09-12 09:47:47,276 - INFO - Successfully migrated: /Users/simongoldman/Documents/TransparentSF_from_git/transparentSF/ai/output/monthly/8/43.md
2025-09-12 09:47:47,574 - INFO - Successfully stored file in GCS: transparentsf/monthly/8/17.json
2025-09-12 09:47:47,574 - INFO - Successfully migrated: /Users/simongoldman/Documents/TransparentSF_from_git/transparentSF/ai/output/monthly/8/17.md
2025-09-12 09:47:47,939 - INFO - Successfully stored file in GCS: transparentsf/monthly/8/23.json
2025-09-12 09:47:47,939 - INFO - Successfully migrated: /Users/simongoldman/Documents/TransparentSF_from_git/transparentSF/ai/output/monthly/8/23.md
2025-09-12 09:47:48,219 - INFO - Successfully stored file in GCS: transparentsf/monthly/8/72.json
2025-09-12 09:47:48,219 - INFO - Successfully migrated: /Users/simongoldman/Documents/TransparentSF_from_git/transparentSF/ai/output/monthly/8/72.md
2025-09-12 09:47:48,497 - INFO - Successfully stored file in GCS: transparentsf/monthly/8/24.json
2025-09-12 09:47:48,497 - INFO - Successfully migrated: /Users/simongoldman/Documents/TransparentSF_from_git/transparentSF/ai/output/monthly/8/24.md
2025-09-12 09:47:48,788 - INFO - Successfully stored file in GCS: transparentsf/monthly/8/41.json
2025-09-12 09:47:48,788 - INFO - Successfully migrated: /Users/simongoldman/Documents/TransparentSF_from_git/transparentSF/ai/output/monthly/8/41.md
2025-09-12 09:47:49,076 - INFO - Successfully stored file in GCS: transparentsf/monthly/8/9.json
2025-09-12 09:47:49,076 - INFO - Successfully migrated: /Users/simongoldman/Documents/TransparentSF_from_git/transparentSF/ai/output/monthly/8/9.md
2025-09-12 09:47:49,366 - INFO - Successfully stored file in GCS: transparentsf/monthly/8/34.json
2025-09-12 09:47:49,366 - INFO - Successfully migrated: /Users/simongoldman/Documents/TransparentSF_from_git/transparentSF/ai/output/monthly/8/34.md
2025-09-12 09:47:49,656 - INFO - Successfully stored file in GCS: transparentsf/monthly/8/14.json
2025-09-12 09:47:49,656 - INFO - Successfully migrated: /Users/simongoldman/Documents/TransparentSF_from_git/transparentSF/ai/output/monthly/8/14.md
2025-09-12 09:47:50,036 - INFO - Successfully stored file in GCS: transparentsf/monthly/8/71.json
2025-09-12 09:47:50,036 - INFO - Successfully migrated: /Users/simongoldman/Documents/TransparentSF_from_git/transparentSF/ai/output/monthly/8/71.md
2025-09-12 09:47:50,329 - INFO - Successfully stored file in GCS: transparentsf/monthly/8/30.json
2025-09-12 09:47:50,329 - INFO - Successfully migrated: /Users/simongoldman/Documents/TransparentSF_from_git/transparentSF/ai/output/monthly/8/30.md
2025-09-12 09:47:50,610 - INFO - Successfully stored file in GCS: transparentsf/monthly/8/15.json
2025-09-12 09:47:50,610 - INFO - Successfully migrated: /Users/simongoldman/Documents/TransparentSF_from_git/transparentSF/ai/output/monthly/8/15.md
2025-09-12 09:47:50,907 - INFO - Successfully stored file in GCS: transparentsf/monthly/8/40.json
2025-09-12 09:47:50,907 - INFO - Successfully migrated: /Users/simongoldman/Documents/TransparentSF_from_git/transparentSF/ai/output/monthly/8/40.md
2025-09-12 09:47:51,202 - INFO - Successfully stored file in GCS: transparentsf/monthly/8/8.json
2025-09-12 09:47:51,202 - INFO - Successfully migrated: /Users/simongoldman/Documents/TransparentSF_from_git/transparentSF/ai/output/monthly/8/8.md
2025-09-12 09:47:51,489 - INFO - Successfully stored file in GCS: transparentsf/monthly/8/35.json
2025-09-12 09:47:51,489 - INFO - Successfully migrated: /Users/simongoldman/Documents/TransparentSF_from_git/transparentSF/ai/output/monthly/8/35.md
2025-09-12 09:47:51,771 - INFO - Successfully stored file in GCS: transparentsf/monthly/8/3.json
2025-09-12 09:47:51,772 - INFO - Successfully migrated: /Users/simongoldman/Documents/TransparentSF_from_git/transparentSF/ai/output/monthly/8/3.md
2025-09-12 09:47:52,133 - INFO - Successfully stored file in GCS: transparentsf/monthly/8/2.json
2025-09-12 09:47:52,133 - INFO - Successfully migrated: /Users/simongoldman/Documents/TransparentSF_from_git/transparentSF/ai/output/monthly/8/2.md
2025-09-12 09:47:52,432 - INFO - Successfully stored file in GCS: transparentsf/monthly/6.0/19.json
2025-09-12 09:47:52,432 - INFO - Successfully migrated: /Users/simongoldman/Documents/TransparentSF_from_git/transparentSF/ai/output/monthly/6.0/19.md
2025-09-12 09:47:52,732 - INFO - Successfully stored file in GCS: transparentsf/monthly/6.0/30.json
2025-09-12 09:47:52,733 - INFO - Successfully migrated: /Users/simongoldman/Documents/TransparentSF_from_git/transparentSF/ai/output/monthly/6.0/30.md
2025-09-12 09:47:53,022 - INFO - Successfully stored file in GCS: transparentsf/monthly/2.00000/19.json
2025-09-12 09:47:53,022 - INFO - Successfully migrated: /Users/simongoldman/Documents/TransparentSF_from_git/transparentSF/ai/output/monthly/2.00000/19.md
2025-09-12 09:47:53,318 - INFO - Successfully stored file in GCS: transparentsf/monthly/2.00000/30.json
2025-09-12 09:47:53,319 - INFO - Successfully migrated: /Users/simongoldman/Documents/TransparentSF_from_git/transparentSF/ai/output/monthly/2.00000/30.md
2025-09-12 09:47:53,705 - INFO - Successfully stored file in GCS: transparentsf/monthly/0.00000/19.json
2025-09-12 09:47:53,705 - INFO - Successfully migrated: /Users/simongoldman/Documents/TransparentSF_from_git/transparentSF/ai/output/monthly/0.00000/19.md
2025-09-12 09:47:53,989 - INFO - Successfully stored file in GCS: transparentsf/monthly/0.00000/30.json
2025-09-12 09:47:53,990 - INFO - Successfully migrated: /Users/simongoldman/Documents/TransparentSF_from_git/transparentSF/ai/output/monthly/0.00000/30.md
2025-09-12 09:47:54,300 - INFO - Successfully stored file in GCS: transparentsf/monthly/3.0/19.json
2025-09-12 09:47:54,301 - INFO - Successfully migrated: /Users/simongoldman/Documents/TransparentSF_from_git/transparentSF/ai/output/monthly/3.0/19.md
2025-09-12 09:47:54,599 - INFO - Successfully stored file in GCS: transparentsf/monthly/3.0/30.json
2025-09-12 09:47:54,599 - INFO - Successfully migrated: /Users/simongoldman/Documents/TransparentSF_from_git/transparentSF/ai/output/monthly/3.0/30.md
2025-09-12 09:47:54,888 - INFO - Successfully stored file in GCS: transparentsf/monthly/9.0/19.json
2025-09-12 09:47:54,888 - INFO - Successfully migrated: /Users/simongoldman/Documents/TransparentSF_from_git/transparentSF/ai/output/monthly/9.0/19.md
2025-09-12 09:47:55,181 - INFO - Successfully stored file in GCS: transparentsf/monthly/9.0/30.json
2025-09-12 09:47:55,181 - INFO - Successfully migrated: /Users/simongoldman/Documents/TransparentSF_from_git/transparentSF/ai/output/monthly/9.0/30.md
2025-09-12 09:47:55,559 - INFO - Successfully stored file in GCS: transparentsf/monthly/4.00000/19.json
2025-09-12 09:47:55,560 - INFO - Successfully migrated: /Users/simongoldman/Documents/TransparentSF_from_git/transparentSF/ai/output/monthly/4.00000/19.md
2025-09-12 09:47:55,838 - INFO - Successfully stored file in GCS: transparentsf/monthly/4.00000/30.json
2025-09-12 09:47:55,838 - INFO - Successfully migrated: /Users/simongoldman/Documents/TransparentSF_from_git/transparentSF/ai/output/monthly/4.00000/30.md
2025-09-12 09:47:56,133 - INFO - Successfully stored file in GCS: transparentsf/monthly/6.00000/19.json
2025-09-12 09:47:56,133 - INFO - Successfully migrated: /Users/simongoldman/Documents/TransparentSF_from_git/transparentSF/ai/output/monthly/6.00000/19.md
2025-09-12 09:47:56,432 - INFO - Successfully stored file in GCS: transparentsf/monthly/6.00000/30.json
2025-09-12 09:47:56,432 - INFO - Successfully migrated: /Users/simongoldman/Documents/TransparentSF_from_git/transparentSF/ai/output/monthly/6.00000/30.md
2025-09-12 09:47:56,732 - INFO - Successfully stored file in GCS: transparentsf/monthly/7.0/19.json
2025-09-12 09:47:56,732 - INFO - Successfully migrated: /Users/simongoldman/Documents/TransparentSF_from_git/transparentSF/ai/output/monthly/7.0/19.md
2025-09-12 09:47:57,014 - INFO - Successfully stored file in GCS: transparentsf/monthly/7.0/30.json
2025-09-12 09:47:57,015 - INFO - Successfully migrated: /Users/simongoldman/Documents/TransparentSF_from_git/transparentSF/ai/output/monthly/7.0/30.md
2025-09-12 09:47:57,374 - INFO - Successfully stored file in GCS: transparentsf/monthly/1.00000/19.json
2025-09-12 09:47:57,374 - INFO - Successfully migrated: /Users/simongoldman/Documents/TransparentSF_from_git/transparentSF/ai/output/monthly/1.00000/19.md
2025-09-12 09:47:57,667 - INFO - Successfully stored file in GCS: transparentsf/monthly/1.00000/30.json
2025-09-12 09:47:57,667 - INFO - Successfully migrated: /Users/simongoldman/Documents/TransparentSF_from_git/transparentSF/ai/output/monthly/1.00000/30.md
2025-09-12 09:47:57,966 - INFO - Successfully stored file in GCS: transparentsf/monthly/3.00000/19.json
2025-09-12 09:47:57,966 - INFO - Successfully migrated: /Users/simongoldman/Documents/TransparentSF_from_git/transparentSF/ai/output/monthly/3.00000/19.md
2025-09-12 09:47:58,263 - INFO - Successfully stored file in GCS: transparentsf/monthly/3.00000/30.json
2025-09-12 09:47:58,263 - INFO - Successfully migrated: /Users/simongoldman/Documents/TransparentSF_from_git/transparentSF/ai/output/monthly/3.00000/30.md
2025-09-12 09:47:58,553 - INFO - Successfully stored file in GCS: transparentsf/monthly/7.00000/19.json
2025-09-12 09:47:58,554 - INFO - Successfully migrated: /Users/simongoldman/Documents/TransparentSF_from_git/transparentSF/ai/output/monthly/7.00000/19.md
2025-09-12 09:47:58,948 - INFO - Successfully stored file in GCS: transparentsf/monthly/7.00000/30.json
2025-09-12 09:47:58,948 - INFO - Successfully migrated: /Users/simongoldman/Documents/TransparentSF_from_git/transparentSF/ai/output/monthly/7.00000/30.md
2025-09-12 09:47:59,258 - INFO - Successfully stored file in GCS: transparentsf/monthly/0.0/19.json
2025-09-12 09:47:59,258 - INFO - Successfully migrated: /Users/simongoldman/Documents/TransparentSF_from_git/transparentSF/ai/output/monthly/0.0/19.md
2025-09-12 09:47:59,564 - INFO - Successfully stored file in GCS: transparentsf/monthly/0.0/30.json
2025-09-12 09:47:59,564 - INFO - Successfully migrated: /Users/simongoldman/Documents/TransparentSF_from_git/transparentSF/ai/output/monthly/0.0/30.md
2025-09-12 09:47:59,868 - INFO - Successfully stored file in GCS: transparentsf/monthly/4/69.json
2025-09-12 09:47:59,869 - INFO - Successfully migrated: /Users/simongoldman/Documents/TransparentSF_from_git/transparentSF/ai/output/monthly/4/69.md
2025-09-12 09:48:00,170 - INFO - Successfully stored file in GCS: transparentsf/monthly/4/38.json
2025-09-12 09:48:00,170 - INFO - Successfully migrated: /Users/simongoldman/Documents/TransparentSF_from_git/transparentSF/ai/output/monthly/4/38.md
2025-09-12 09:48:00,521 - INFO - Successfully stored file in GCS: transparentsf/monthly/4/18.json
2025-09-12 09:48:00,521 - INFO - Successfully migrated: /Users/simongoldman/Documents/TransparentSF_from_git/transparentSF/ai/output/monthly/4/18.md
2025-09-12 09:48:00,817 - INFO - Successfully stored file in GCS: transparentsf/monthly/4/1.json
2025-09-12 09:48:00,821 - INFO - Successfully migrated: /Users/simongoldman/Documents/TransparentSF_from_git/transparentSF/ai/output/monthly/4/1.md
2025-09-12 09:48:01,131 - INFO - Successfully stored file in GCS: transparentsf/monthly/4/19.json
2025-09-12 09:48:01,131 - INFO - Successfully migrated: /Users/simongoldman/Documents/TransparentSF_from_git/transparentSF/ai/output/monthly/4/19.md
2025-09-12 09:48:01,422 - INFO - Successfully stored file in GCS: transparentsf/monthly/4/29.json
2025-09-12 09:48:01,422 - INFO - Successfully migrated: /Users/simongoldman/Documents/TransparentSF_from_git/transparentSF/ai/output/monthly/4/29.md
2025-09-12 09:48:01,707 - INFO - Successfully stored file in GCS: transparentsf/monthly/4/4.json
2025-09-12 09:48:01,707 - INFO - Successfully migrated: /Users/simongoldman/Documents/TransparentSF_from_git/transparentSF/ai/output/monthly/4/4.md
2025-09-12 09:48:01,998 - INFO - Successfully stored file in GCS: transparentsf/monthly/4/16.json
2025-09-12 09:48:01,998 - INFO - Successfully migrated: /Users/simongoldman/Documents/TransparentSF_from_git/transparentSF/ai/output/monthly/4/16.md
2025-09-12 09:48:02,362 - INFO - Successfully stored file in GCS: transparentsf/monthly/4/22.json
2025-09-12 09:48:02,362 - INFO - Successfully migrated: /Users/simongoldman/Documents/TransparentSF_from_git/transparentSF/ai/output/monthly/4/22.md
2025-09-12 09:48:02,642 - INFO - Successfully stored file in GCS: transparentsf/monthly/4/12.json
2025-09-12 09:48:02,642 - INFO - Successfully migrated: /Users/simongoldman/Documents/TransparentSF_from_git/transparentSF/ai/output/monthly/4/12.md
2025-09-12 09:48:03,031 - INFO - Successfully stored file in GCS: transparentsf/monthly/4/17.json
2025-09-12 09:48:03,031 - INFO - Successfully migrated: /Users/simongoldman/Documents/TransparentSF_from_git/transparentSF/ai/output/monthly/4/17.md
2025-09-12 09:48:03,333 - INFO - Successfully stored file in GCS: transparentsf/monthly/4/23.json
2025-09-12 09:48:03,333 - INFO - Successfully migrated: /Users/simongoldman/Documents/TransparentSF_from_git/transparentSF/ai/output/monthly/4/23.md
2025-09-12 09:48:03,667 - INFO - Successfully stored file in GCS: transparentsf/monthly/4/72.json
2025-09-12 09:48:03,668 - INFO - Successfully migrated: /Users/simongoldman/Documents/TransparentSF_from_git/transparentSF/ai/output/monthly/4/72.md
2025-09-12 09:48:03,958 - INFO - Successfully stored file in GCS: transparentsf/monthly/4/24.json
2025-09-12 09:48:03,959 - INFO - Successfully migrated: /Users/simongoldman/Documents/TransparentSF_from_git/transparentSF/ai/output/monthly/4/24.md
2025-09-12 09:48:04,249 - INFO - Successfully stored file in GCS: transparentsf/monthly/4/9.json
2025-09-12 09:48:04,249 - INFO - Successfully migrated: /Users/simongoldman/Documents/TransparentSF_from_git/transparentSF/ai/output/monthly/4/9.md
2025-09-12 09:48:04,531 - INFO - Successfully stored file in GCS: transparentsf/monthly/4/14.json
2025-09-12 09:48:04,531 - INFO - Successfully migrated: /Users/simongoldman/Documents/TransparentSF_from_git/transparentSF/ai/output/monthly/4/14.md
2025-09-12 09:48:04,828 - INFO - Successfully stored file in GCS: transparentsf/monthly/4/71.json
2025-09-12 09:48:04,829 - INFO - Successfully migrated: /Users/simongoldman/Documents/TransparentSF_from_git/transparentSF/ai/output/monthly/4/71.md
2025-09-12 09:48:05,297 - INFO - Successfully stored file in GCS: transparentsf/monthly/4/30.json
2025-09-12 09:48:05,297 - INFO - Successfully migrated: /Users/simongoldman/Documents/TransparentSF_from_git/transparentSF/ai/output/monthly/4/30.md
2025-09-12 09:48:05,589 - INFO - Successfully stored file in GCS: transparentsf/monthly/4/15.json
2025-09-12 09:48:05,589 - INFO - Successfully migrated: /Users/simongoldman/Documents/TransparentSF_from_git/transparentSF/ai/output/monthly/4/15.md
2025-09-12 09:48:05,869 - INFO - Successfully stored file in GCS: transparentsf/monthly/4/40.json
2025-09-12 09:48:05,869 - INFO - Successfully migrated: /Users/simongoldman/Documents/TransparentSF_from_git/transparentSF/ai/output/monthly/4/40.md
2025-09-12 09:48:06,347 - INFO - Successfully stored file in GCS: transparentsf/monthly/4/8.json
2025-09-12 09:48:06,348 - INFO - Successfully migrated: /Users/simongoldman/Documents/TransparentSF_from_git/transparentSF/ai/output/monthly/4/8.md
2025-09-12 09:48:06,642 - INFO - Successfully stored file in GCS: transparentsf/monthly/4/35.json
2025-09-12 09:48:06,642 - INFO - Successfully migrated: /Users/simongoldman/Documents/TransparentSF_from_git/transparentSF/ai/output/monthly/4/35.md
2025-09-12 09:48:06,944 - INFO - Successfully stored file in GCS: transparentsf/monthly/4/3.json
2025-09-12 09:48:06,944 - INFO - Successfully migrated: /Users/simongoldman/Documents/TransparentSF_from_git/transparentSF/ai/output/monthly/4/3.md
2025-09-12 09:48:07,340 - INFO - Successfully stored file in GCS: transparentsf/monthly/4/2.json
2025-09-12 09:48:07,340 - INFO - Successfully migrated: /Users/simongoldman/Documents/TransparentSF_from_git/transparentSF/ai/output/monthly/4/2.md
2025-09-12 09:48:07,657 - INFO - Successfully stored file in GCS: transparentsf/monthly/3/69.json
2025-09-12 09:48:07,657 - INFO - Successfully migrated: /Users/simongoldman/Documents/TransparentSF_from_git/transparentSF/ai/output/monthly/3/69.md
2025-09-12 09:48:07,942 - INFO - Successfully stored file in GCS: transparentsf/monthly/3/38.json
2025-09-12 09:48:07,942 - INFO - Successfully migrated: /Users/simongoldman/Documents/TransparentSF_from_git/transparentSF/ai/output/monthly/3/38.md
2025-09-12 09:48:08,388 - INFO - Successfully stored file in GCS: transparentsf/monthly/3/18.json
2025-09-12 09:48:08,389 - INFO - Successfully migrated: /Users/simongoldman/Documents/TransparentSF_from_git/transparentSF/ai/output/monthly/3/18.md
2025-09-12 09:48:08,674 - INFO - Successfully stored file in GCS: transparentsf/monthly/3/1.json
2025-09-12 09:48:08,674 - INFO - Successfully migrated: /Users/simongoldman/Documents/TransparentSF_from_git/transparentSF/ai/output/monthly/3/1.md
2025-09-12 09:48:08,980 - INFO - Successfully stored file in GCS: transparentsf/monthly/3/19.json
2025-09-12 09:48:08,981 - INFO - Successfully migrated: /Users/simongoldman/Documents/TransparentSF_from_git/transparentSF/ai/output/monthly/3/19.md
2025-09-12 09:48:09,273 - INFO - Successfully stored file in GCS: transparentsf/monthly/3/29.json
2025-09-12 09:48:09,273 - INFO - Successfully migrated: /Users/simongoldman/Documents/TransparentSF_from_git/transparentSF/ai/output/monthly/3/29.md
2025-09-12 09:48:09,553 - INFO - Successfully stored file in GCS: transparentsf/monthly/3/4.json
2025-09-12 09:48:09,553 - INFO - Successfully migrated: /Users/simongoldman/Documents/TransparentSF_from_git/transparentSF/ai/output/monthly/3/4.md
2025-09-12 09:48:09,845 - INFO - Successfully stored file in GCS: transparentsf/monthly/3/16.json
2025-09-12 09:48:09,845 - INFO - Successfully migrated: /Users/simongoldman/Documents/TransparentSF_from_git/transparentSF/ai/output/monthly/3/16.md
2025-09-12 09:48:10,204 - INFO - Successfully stored file in GCS: transparentsf/monthly/3/22.json
2025-09-12 09:48:10,204 - INFO - Successfully migrated: /Users/simongoldman/Documents/TransparentSF_from_git/transparentSF/ai/output/monthly/3/22.md
2025-09-12 09:48:10,483 - INFO - Successfully stored file in GCS: transparentsf/monthly/3/12.json
2025-09-12 09:48:10,484 - INFO - Successfully migrated: /Users/simongoldman/Documents/TransparentSF_from_git/transparentSF/ai/output/monthly/3/12.md
2025-09-12 09:48:10,763 - INFO - Successfully stored file in GCS: transparentsf/monthly/3/46.json
2025-09-12 09:48:10,764 - INFO - Successfully migrated: /Users/simongoldman/Documents/TransparentSF_from_git/transparentSF/ai/output/monthly/3/46.md
2025-09-12 09:48:11,041 - INFO - Successfully stored file in GCS: transparentsf/monthly/3/17.json
2025-09-12 09:48:11,042 - INFO - Successfully migrated: /Users/simongoldman/Documents/TransparentSF_from_git/transparentSF/ai/output/monthly/3/17.md
2025-09-12 09:48:11,340 - INFO - Successfully stored file in GCS: transparentsf/monthly/3/23.json
2025-09-12 09:48:11,340 - INFO - Successfully migrated: /Users/simongoldman/Documents/TransparentSF_from_git/transparentSF/ai/output/monthly/3/23.md
2025-09-12 09:48:11,631 - INFO - Successfully stored file in GCS: transparentsf/monthly/3/72.json
2025-09-12 09:48:11,631 - INFO - Successfully migrated: /Users/simongoldman/Documents/TransparentSF_from_git/transparentSF/ai/output/monthly/3/72.md
2025-09-12 09:48:11,912 - INFO - Successfully stored file in GCS: transparentsf/monthly/3/24.json
2025-09-12 09:48:11,912 - INFO - Successfully migrated: /Users/simongoldman/Documents/TransparentSF_from_git/transparentSF/ai/output/monthly/3/24.md
2025-09-12 09:48:12,211 - INFO - Successfully stored file in GCS: transparentsf/monthly/3/9.json
2025-09-12 09:48:12,211 - INFO - Successfully migrated: /Users/simongoldman/Documents/TransparentSF_from_git/transparentSF/ai/output/monthly/3/9.md
2025-09-12 09:48:12,578 - INFO - Successfully stored file in GCS: transparentsf/monthly/3/34.json
2025-09-12 09:48:12,579 - INFO - Successfully migrated: /Users/simongoldman/Documents/TransparentSF_from_git/transparentSF/ai/output/monthly/3/34.md
2025-09-12 09:48:12,861 - INFO - Successfully stored file in GCS: transparentsf/monthly/3/14.json
2025-09-12 09:48:12,862 - INFO - Successfully migrated: /Users/simongoldman/Documents/TransparentSF_from_git/transparentSF/ai/output/monthly/3/14.md
2025-09-12 09:48:13,141 - INFO - Successfully stored file in GCS: transparentsf/monthly/3/71.json
2025-09-12 09:48:13,141 - INFO - Successfully migrated: /Users/simongoldman/Documents/TransparentSF_from_git/transparentSF/ai/output/monthly/3/71.md
2025-09-12 09:48:13,423 - INFO - Successfully stored file in GCS: transparentsf/monthly/3/30.json
2025-09-12 09:48:13,423 - INFO - Successfully migrated: /Users/simongoldman/Documents/TransparentSF_from_git/transparentSF/ai/output/monthly/3/30.md
2025-09-12 09:48:13,731 - INFO - Successfully stored file in GCS: transparentsf/monthly/3/15.json
2025-09-12 09:48:13,731 - INFO - Successfully migrated: /Users/simongoldman/Documents/TransparentSF_from_git/transparentSF/ai/output/monthly/3/15.md
2025-09-12 09:48:14,017 - INFO - Successfully stored file in GCS: transparentsf/monthly/3/40.json
2025-09-12 09:48:14,018 - INFO - Successfully migrated: /Users/simongoldman/Documents/TransparentSF_from_git/transparentSF/ai/output/monthly/3/40.md
2025-09-12 09:48:14,309 - INFO - Successfully stored file in GCS: transparentsf/monthly/3/8.json
2025-09-12 09:48:14,309 - INFO - Successfully migrated: /Users/simongoldman/Documents/TransparentSF_from_git/transparentSF/ai/output/monthly/3/8.md
2025-09-12 09:48:14,575 - INFO - Successfully stored file in GCS: transparentsf/monthly/3/35.json
2025-09-12 09:48:14,575 - INFO - Successfully migrated: /Users/simongoldman/Documents/TransparentSF_from_git/transparentSF/ai/output/monthly/3/35.md
2025-09-12 09:48:14,859 - INFO - Successfully stored file in GCS: transparentsf/monthly/3/3.json
2025-09-12 09:48:14,860 - INFO - Successfully migrated: /Users/simongoldman/Documents/TransparentSF_from_git/transparentSF/ai/output/monthly/3/3.md
2025-09-12 09:48:15,205 - INFO - Successfully stored file in GCS: transparentsf/monthly/3/2.json
2025-09-12 09:48:15,205 - INFO - Successfully migrated: /Users/simongoldman/Documents/TransparentSF_from_git/transparentSF/ai/output/monthly/3/2.md
2025-09-12 09:48:15,512 - INFO - Successfully stored file in GCS: transparentsf/monthly/11.0/19.json
2025-09-12 09:48:15,513 - INFO - Successfully migrated: /Users/simongoldman/Documents/TransparentSF_from_git/transparentSF/ai/output/monthly/11.0/19.md
2025-09-12 09:48:15,797 - INFO - Successfully stored file in GCS: transparentsf/monthly/11.0/30.json
2025-09-12 09:48:15,798 - INFO - Successfully migrated: /Users/simongoldman/Documents/TransparentSF_from_git/transparentSF/ai/output/monthly/11.0/30.md
2025-09-12 09:48:16,100 - INFO - Successfully stored file in GCS: transparentsf/monthly/4.0/19.json
2025-09-12 09:48:16,101 - INFO - Successfully migrated: /Users/simongoldman/Documents/TransparentSF_from_git/transparentSF/ai/output/monthly/4.0/19.md
2025-09-12 09:48:16,391 - INFO - Successfully stored file in GCS: transparentsf/monthly/4.0/30.json
2025-09-12 09:48:16,392 - INFO - Successfully migrated: /Users/simongoldman/Documents/TransparentSF_from_git/transparentSF/ai/output/monthly/4.0/30.md
2025-09-12 09:48:16,673 - INFO - Successfully stored file in GCS: transparentsf/monthly/2/69.json
2025-09-12 09:48:16,673 - INFO - Successfully migrated: /Users/simongoldman/Documents/TransparentSF_from_git/transparentSF/ai/output/monthly/2/69.md
2025-09-12 09:48:16,951 - INFO - Successfully stored file in GCS: transparentsf/monthly/2/38.json
2025-09-12 09:48:16,952 - INFO - Successfully migrated: /Users/simongoldman/Documents/TransparentSF_from_git/transparentSF/ai/output/monthly/2/38.md
2025-09-12 09:48:17,296 - INFO - Successfully stored file in GCS: transparentsf/monthly/2/18.json
2025-09-12 09:48:17,297 - INFO - Successfully migrated: /Users/simongoldman/Documents/TransparentSF_from_git/transparentSF/ai/output/monthly/2/18.md
2025-09-12 09:48:17,576 - INFO - Successfully stored file in GCS: transparentsf/monthly/2/1.json
2025-09-12 09:48:17,576 - INFO - Successfully migrated: /Users/simongoldman/Documents/TransparentSF_from_git/transparentSF/ai/output/monthly/2/1.md
2025-09-12 09:48:17,887 - INFO - Successfully stored file in GCS: transparentsf/monthly/2/19.json
2025-09-12 09:48:17,887 - INFO - Successfully migrated: /Users/simongoldman/Documents/TransparentSF_from_git/transparentSF/ai/output/monthly/2/19.md
2025-09-12 09:48:18,227 - INFO - Successfully stored file in GCS: transparentsf/monthly/2/4.json
2025-09-12 09:48:18,227 - INFO - Successfully migrated: /Users/simongoldman/Documents/TransparentSF_from_git/transparentSF/ai/output/monthly/2/4.md
2025-09-12 09:48:18,500 - INFO - Successfully stored file in GCS: transparentsf/monthly/2/16.json
2025-09-12 09:48:18,501 - INFO - Successfully migrated: /Users/simongoldman/Documents/TransparentSF_from_git/transparentSF/ai/output/monthly/2/16.md
2025-09-12 09:48:18,872 - INFO - Successfully stored file in GCS: transparentsf/monthly/2/22.json
2025-09-12 09:48:18,872 - INFO - Successfully migrated: /Users/simongoldman/Documents/TransparentSF_from_git/transparentSF/ai/output/monthly/2/22.md
2025-09-12 09:48:19,165 - INFO - Successfully stored file in GCS: transparentsf/monthly/2/12.json
2025-09-12 09:48:19,165 - INFO - Successfully migrated: /Users/simongoldman/Documents/TransparentSF_from_git/transparentSF/ai/output/monthly/2/12.md
2025-09-12 09:48:19,466 - INFO - Successfully stored file in GCS: transparentsf/monthly/2/17.json
2025-09-12 09:48:19,466 - INFO - Successfully migrated: /Users/simongoldman/Documents/TransparentSF_from_git/transparentSF/ai/output/monthly/2/17.md
2025-09-12 09:48:19,756 - INFO - Successfully stored file in GCS: transparentsf/monthly/2/23.json
2025-09-12 09:48:19,756 - INFO - Successfully migrated: /Users/simongoldman/Documents/TransparentSF_from_git/transparentSF/ai/output/monthly/2/23.md
2025-09-12 09:48:20,049 - INFO - Successfully stored file in GCS: transparentsf/monthly/2/72.json
2025-09-12 09:48:20,049 - INFO - Successfully migrated: /Users/simongoldman/Documents/TransparentSF_from_git/transparentSF/ai/output/monthly/2/72.md
2025-09-12 09:48:20,323 - INFO - Successfully stored file in GCS: transparentsf/monthly/2/24.json
2025-09-12 09:48:20,323 - INFO - Successfully migrated: /Users/simongoldman/Documents/TransparentSF_from_git/transparentSF/ai/output/monthly/2/24.md
2025-09-12 09:48:20,617 - INFO - Successfully stored file in GCS: transparentsf/monthly/2/9.json
2025-09-12 09:48:20,618 - INFO - Successfully migrated: /Users/simongoldman/Documents/TransparentSF_from_git/transparentSF/ai/output/monthly/2/9.md
2025-09-12 09:48:21,058 - INFO - Successfully stored file in GCS: transparentsf/monthly/2/34.json
2025-09-12 09:48:21,059 - INFO - Successfully migrated: /Users/simongoldman/Documents/TransparentSF_from_git/transparentSF/ai/output/monthly/2/34.md
2025-09-12 09:48:21,350 - INFO - Successfully stored file in GCS: transparentsf/monthly/2/14.json
2025-09-12 09:48:21,350 - INFO - Successfully migrated: /Users/simongoldman/Documents/TransparentSF_from_git/transparentSF/ai/output/monthly/2/14.md
2025-09-12 09:48:21,658 - INFO - Successfully stored file in GCS: transparentsf/monthly/2/71.json
2025-09-12 09:48:21,658 - INFO - Successfully migrated: /Users/simongoldman/Documents/TransparentSF_from_git/transparentSF/ai/output/monthly/2/71.md
2025-09-12 09:48:22,018 - INFO - Successfully stored file in GCS: transparentsf/monthly/2/30.json
2025-09-12 09:48:22,018 - INFO - Successfully migrated: /Users/simongoldman/Documents/TransparentSF_from_git/transparentSF/ai/output/monthly/2/30.md
2025-09-12 09:48:22,310 - INFO - Successfully stored file in GCS: transparentsf/monthly/2/15.json
2025-09-12 09:48:22,310 - INFO - Successfully migrated: /Users/simongoldman/Documents/TransparentSF_from_git/transparentSF/ai/output/monthly/2/15.md
2025-09-12 09:48:22,604 - INFO - Successfully stored file in GCS: transparentsf/monthly/2/40.json
2025-09-12 09:48:22,604 - INFO - Successfully migrated: /Users/simongoldman/Documents/TransparentSF_from_git/transparentSF/ai/output/monthly/2/40.md
2025-09-12 09:48:22,886 - INFO - Successfully stored file in GCS: transparentsf/monthly/2/8.json
2025-09-12 09:48:22,886 - INFO - Successfully migrated: /Users/simongoldman/Documents/TransparentSF_from_git/transparentSF/ai/output/monthly/2/8.md
2025-09-12 09:48:23,165 - INFO - Successfully stored file in GCS: transparentsf/monthly/2/35.json
2025-09-12 09:48:23,166 - INFO - Successfully migrated: /Users/simongoldman/Documents/TransparentSF_from_git/transparentSF/ai/output/monthly/2/35.md
2025-09-12 09:48:23,452 - INFO - Successfully stored file in GCS: transparentsf/monthly/2/3.json
2025-09-12 09:48:23,452 - INFO - Successfully migrated: /Users/simongoldman/Documents/TransparentSF_from_git/transparentSF/ai/output/monthly/2/3.md
2025-09-12 09:48:23,735 - INFO - Successfully stored file in GCS: transparentsf/monthly/2/2.json
2025-09-12 09:48:23,736 - INFO - Successfully migrated: /Users/simongoldman/Documents/TransparentSF_from_git/transparentSF/ai/output/monthly/2/2.md
2025-09-12 09:48:24,016 - INFO - Successfully stored file in GCS: transparentsf/monthly/5/69.json
2025-09-12 09:48:24,016 - INFO - Successfully migrated: /Users/simongoldman/Documents/TransparentSF_from_git/transparentSF/ai/output/monthly/5/69.md
2025-09-12 09:48:24,411 - INFO - Successfully stored file in GCS: transparentsf/monthly/5/38.json
2025-09-12 09:48:24,411 - INFO - Successfully migrated: /Users/simongoldman/Documents/TransparentSF_from_git/transparentSF/ai/output/monthly/5/38.md
2025-09-12 09:48:24,696 - INFO - Successfully stored file in GCS: transparentsf/monthly/5/18.json
2025-09-12 09:48:24,696 - INFO - Successfully migrated: /Users/simongoldman/Documents/TransparentSF_from_git/transparentSF/ai/output/monthly/5/18.md
2025-09-12 09:48:24,995 - INFO - Successfully stored file in GCS: transparentsf/monthly/5/1.json
2025-09-12 09:48:24,996 - INFO - Successfully migrated: /Users/simongoldman/Documents/TransparentSF_from_git/transparentSF/ai/output/monthly/5/1.md
2025-09-12 09:48:25,289 - INFO - Successfully stored file in GCS: transparentsf/monthly/5/19.json
2025-09-12 09:48:25,289 - INFO - Successfully migrated: /Users/simongoldman/Documents/TransparentSF_from_git/transparentSF/ai/output/monthly/5/19.md
2025-09-12 09:48:25,573 - INFO - Successfully stored file in GCS: transparentsf/monthly/5/29.json
2025-09-12 09:48:25,574 - INFO - Successfully migrated: /Users/simongoldman/Documents/TransparentSF_from_git/transparentSF/ai/output/monthly/5/29.md
2025-09-12 09:48:25,848 - INFO - Successfully stored file in GCS: transparentsf/monthly/5/4.json
2025-09-12 09:48:25,848 - INFO - Successfully migrated: /Users/simongoldman/Documents/TransparentSF_from_git/transparentSF/ai/output/monthly/5/4.md
2025-09-12 09:48:26,214 - INFO - Successfully stored file in GCS: transparentsf/monthly/5/16.json
2025-09-12 09:48:26,214 - INFO - Successfully migrated: /Users/simongoldman/Documents/TransparentSF_from_git/transparentSF/ai/output/monthly/5/16.md
2025-09-12 09:48:26,524 - INFO - Successfully stored file in GCS: transparentsf/monthly/5/22.json
2025-09-12 09:48:26,524 - INFO - Successfully migrated: /Users/simongoldman/Documents/TransparentSF_from_git/transparentSF/ai/output/monthly/5/22.md
2025-09-12 09:48:26,803 - INFO - Successfully stored file in GCS: transparentsf/monthly/5/12.json
2025-09-12 09:48:26,803 - INFO - Successfully migrated: /Users/simongoldman/Documents/TransparentSF_from_git/transparentSF/ai/output/monthly/5/12.md
2025-09-12 09:48:27,092 - INFO - Successfully stored file in GCS: transparentsf/monthly/5/17.json
2025-09-12 09:48:27,092 - INFO - Successfully migrated: /Users/simongoldman/Documents/TransparentSF_from_git/transparentSF/ai/output/monthly/5/17.md
2025-09-12 09:48:27,389 - INFO - Successfully stored file in GCS: transparentsf/monthly/5/23.json
2025-09-12 09:48:27,389 - INFO - Successfully migrated: /Users/simongoldman/Documents/TransparentSF_from_git/transparentSF/ai/output/monthly/5/23.md
2025-09-12 09:48:27,677 - INFO - Successfully stored file in GCS: transparentsf/monthly/5/72.json
2025-09-12 09:48:27,677 - INFO - Successfully migrated: /Users/simongoldman/Documents/TransparentSF_from_git/transparentSF/ai/output/monthly/5/72.md
2025-09-12 09:48:27,979 - INFO - Successfully stored file in GCS: transparentsf/monthly/5/24.json
2025-09-12 09:48:27,979 - INFO - Successfully migrated: /Users/simongoldman/Documents/TransparentSF_from_git/transparentSF/ai/output/monthly/5/24.md
2025-09-12 09:48:28,305 - INFO - Successfully stored file in GCS: transparentsf/monthly/5/9.json
2025-09-12 09:48:28,305 - INFO - Successfully migrated: /Users/simongoldman/Documents/TransparentSF_from_git/transparentSF/ai/output/monthly/5/9.md
2025-09-12 09:48:28,590 - INFO - Successfully stored file in GCS: transparentsf/monthly/5/34.json
2025-09-12 09:48:28,590 - INFO - Successfully migrated: /Users/simongoldman/Documents/TransparentSF_from_git/transparentSF/ai/output/monthly/5/34.md
2025-09-12 09:48:28,874 - INFO - Successfully stored file in GCS: transparentsf/monthly/5/14.json
2025-09-12 09:48:28,874 - INFO - Successfully migrated: /Users/simongoldman/Documents/TransparentSF_from_git/transparentSF/ai/output/monthly/5/14.md
2025-09-12 09:48:29,162 - INFO - Successfully stored file in GCS: transparentsf/monthly/5/71.json
2025-09-12 09:48:29,162 - INFO - Successfully migrated: /Users/simongoldman/Documents/TransparentSF_from_git/transparentSF/ai/output/monthly/5/71.md
2025-09-12 09:48:29,457 - INFO - Successfully stored file in GCS: transparentsf/monthly/5/30.json
2025-09-12 09:48:29,458 - INFO - Successfully migrated: /Users/simongoldman/Documents/TransparentSF_from_git/transparentSF/ai/output/monthly/5/30.md
2025-09-12 09:48:29,741 - INFO - Successfully stored file in GCS: transparentsf/monthly/5/15.json
2025-09-12 09:48:29,741 - INFO - Successfully migrated: /Users/simongoldman/Documents/TransparentSF_from_git/transparentSF/ai/output/monthly/5/15.md
2025-09-12 09:48:30,021 - INFO - Successfully stored file in GCS: transparentsf/monthly/5/40.json
2025-09-12 09:48:30,021 - INFO - Successfully migrated: /Users/simongoldman/Documents/TransparentSF_from_git/transparentSF/ai/output/monthly/5/40.md
2025-09-12 09:48:30,405 - INFO - Successfully stored file in GCS: transparentsf/monthly/5/8.json
2025-09-12 09:48:30,405 - INFO - Successfully migrated: /Users/simongoldman/Documents/TransparentSF_from_git/transparentSF/ai/output/monthly/5/8.md
2025-09-12 09:48:30,687 - INFO - Successfully stored file in GCS: transparentsf/monthly/5/35.json
2025-09-12 09:48:30,688 - INFO - Successfully migrated: /Users/simongoldman/Documents/TransparentSF_from_git/transparentSF/ai/output/monthly/5/35.md
2025-09-12 09:48:30,980 - INFO - Successfully stored file in GCS: transparentsf/monthly/5/3.json
2025-09-12 09:48:30,981 - INFO - Successfully migrated: /Users/simongoldman/Documents/TransparentSF_from_git/transparentSF/ai/output/monthly/5/3.md
2025-09-12 09:48:31,268 - INFO - Successfully stored file in GCS: transparentsf/monthly/5/2.json
2025-09-12 09:48:31,268 - INFO - Successfully migrated: /Users/simongoldman/Documents/TransparentSF_from_git/transparentSF/ai/output/monthly/5/2.md
2025-09-12 09:48:31,568 - INFO - Successfully stored file in GCS: transparentsf/monthly/5.00000/19.json
2025-09-12 09:48:31,568 - INFO - Successfully migrated: /Users/simongoldman/Documents/TransparentSF_from_git/transparentSF/ai/output/monthly/5.00000/19.md
2025-09-12 09:48:31,863 - INFO - Successfully stored file in GCS: transparentsf/monthly/5.00000/30.json
2025-09-12 09:48:31,863 - INFO - Successfully migrated: /Users/simongoldman/Documents/TransparentSF_from_git/transparentSF/ai/output/monthly/5.00000/30.md
2025-09-12 09:48:31,863 - INFO - Migrating annual files...
2025-09-12 09:48:32,166 - INFO - Successfully stored file in GCS: transparentsf/annual/9.00000/19.json
2025-09-12 09:48:32,166 - INFO - Successfully migrated: /Users/simongoldman/Documents/TransparentSF_from_git/transparentSF/ai/output/annual/9.00000/19.md
2025-09-12 09:48:32,504 - INFO - Successfully stored file in GCS: transparentsf/annual/9.00000/30.json
2025-09-12 09:48:32,504 - INFO - Successfully migrated: /Users/simongoldman/Documents/TransparentSF_from_git/transparentSF/ai/output/annual/9.00000/30.md
2025-09-12 09:48:32,805 - INFO - Successfully stored file in GCS: transparentsf/annual/11.00000/19.json
2025-09-12 09:48:32,805 - INFO - Successfully migrated: /Users/simongoldman/Documents/TransparentSF_from_git/transparentSF/ai/output/annual/11.00000/19.md
2025-09-12 09:48:33,117 - INFO - Successfully stored file in GCS: transparentsf/annual/11.00000/30.json
2025-09-12 09:48:33,117 - INFO - Successfully migrated: /Users/simongoldman/Documents/TransparentSF_from_git/transparentSF/ai/output/annual/11.00000/30.md
2025-09-12 09:48:33,403 - INFO - Successfully stored file in GCS: transparentsf/annual/1.0/19.json
2025-09-12 09:48:33,404 - INFO - Successfully migrated: /Users/simongoldman/Documents/TransparentSF_from_git/transparentSF/ai/output/annual/1.0/19.md
2025-09-12 09:48:33,685 - INFO - Successfully stored file in GCS: transparentsf/annual/1.0/30.json
2025-09-12 09:48:33,685 - INFO - Successfully migrated: /Users/simongoldman/Documents/TransparentSF_from_git/transparentSF/ai/output/annual/1.0/30.md
2025-09-12 09:48:33,977 - INFO - Successfully stored file in GCS: transparentsf/annual/5.0/19.json
2025-09-12 09:48:33,977 - INFO - Successfully migrated: /Users/simongoldman/Documents/TransparentSF_from_git/transparentSF/ai/output/annual/5.0/19.md
2025-09-12 09:48:34,344 - INFO - Successfully stored file in GCS: transparentsf/annual/5.0/30.json
2025-09-12 09:48:34,344 - INFO - Successfully migrated: /Users/simongoldman/Documents/TransparentSF_from_git/transparentSF/ai/output/annual/5.0/30.md
2025-09-12 09:48:34,635 - INFO - Successfully stored file in GCS: transparentsf/annual/10.0/19.json
2025-09-12 09:48:34,635 - INFO - Successfully migrated: /Users/simongoldman/Documents/TransparentSF_from_git/transparentSF/ai/output/annual/10.0/19.md
2025-09-12 09:48:34,935 - INFO - Successfully stored file in GCS: transparentsf/annual/10.0/30.json
2025-09-12 09:48:34,935 - INFO - Successfully migrated: /Users/simongoldman/Documents/TransparentSF_from_git/transparentSF/ai/output/annual/10.0/30.md
2025-09-12 09:48:35,219 - INFO - Successfully stored file in GCS: transparentsf/annual/8.00000/19.json
2025-09-12 09:48:35,219 - INFO - Successfully migrated: /Users/simongoldman/Documents/TransparentSF_from_git/transparentSF/ai/output/annual/8.00000/19.md
2025-09-12 09:48:35,503 - INFO - Successfully stored file in GCS: transparentsf/annual/8.00000/30.json
2025-09-12 09:48:35,503 - INFO - Successfully migrated: /Users/simongoldman/Documents/TransparentSF_from_git/transparentSF/ai/output/annual/8.00000/30.md
2025-09-12 09:48:35,793 - INFO - Successfully stored file in GCS: transparentsf/annual/8.0/19.json
2025-09-12 09:48:35,793 - INFO - Successfully migrated: /Users/simongoldman/Documents/TransparentSF_from_git/transparentSF/ai/output/annual/8.0/19.md
2025-09-12 09:48:36,171 - INFO - Successfully stored file in GCS: transparentsf/annual/8.0/30.json
2025-09-12 09:48:36,171 - INFO - Successfully migrated: /Users/simongoldman/Documents/TransparentSF_from_git/transparentSF/ai/output/annual/8.0/30.md
2025-09-12 09:48:36,456 - INFO - Successfully stored file in GCS: transparentsf/annual/9/69.json
2025-09-12 09:48:36,456 - INFO - Successfully migrated: /Users/simongoldman/Documents/TransparentSF_from_git/transparentSF/ai/output/annual/9/69.md
2025-09-12 09:48:36,755 - INFO - Successfully stored file in GCS: transparentsf/annual/9/38.json
2025-09-12 09:48:36,755 - INFO - Successfully migrated: /Users/simongoldman/Documents/TransparentSF_from_git/transparentSF/ai/output/annual/9/38.md
2025-09-12 09:48:37,039 - INFO - Successfully stored file in GCS: transparentsf/annual/9/18.json
2025-09-12 09:48:37,040 - INFO - Successfully migrated: /Users/simongoldman/Documents/TransparentSF_from_git/transparentSF/ai/output/annual/9/18.md
2025-09-12 09:48:37,329 - INFO - Successfully stored file in GCS: transparentsf/annual/9/1.json
2025-09-12 09:48:37,329 - INFO - Successfully migrated: /Users/simongoldman/Documents/TransparentSF_from_git/transparentSF/ai/output/annual/9/1.md
2025-09-12 09:48:37,612 - INFO - Successfully stored file in GCS: transparentsf/annual/9/19.json
2025-09-12 09:48:37,612 - INFO - Successfully migrated: /Users/simongoldman/Documents/TransparentSF_from_git/transparentSF/ai/output/annual/9/19.md
2025-09-12 09:48:37,902 - INFO - Successfully stored file in GCS: transparentsf/annual/9/29.json
2025-09-12 09:48:37,902 - INFO - Successfully migrated: /Users/simongoldman/Documents/TransparentSF_from_git/transparentSF/ai/output/annual/9/29.md
2025-09-12 09:48:38,268 - INFO - Successfully stored file in GCS: transparentsf/annual/9/4.json
2025-09-12 09:48:38,268 - INFO - Successfully migrated: /Users/simongoldman/Documents/TransparentSF_from_git/transparentSF/ai/output/annual/9/4.md
2025-09-12 09:48:38,558 - INFO - Successfully stored file in GCS: transparentsf/annual/9/16.json
2025-09-12 09:48:38,558 - INFO - Successfully migrated: /Users/simongoldman/Documents/TransparentSF_from_git/transparentSF/ai/output/annual/9/16.md
2025-09-12 09:48:38,846 - INFO - Successfully stored file in GCS: transparentsf/annual/9/22.json
2025-09-12 09:48:38,847 - INFO - Successfully migrated: /Users/simongoldman/Documents/TransparentSF_from_git/transparentSF/ai/output/annual/9/22.md
2025-09-12 09:48:39,130 - INFO - Successfully stored file in GCS: transparentsf/annual/9/63.json
2025-09-12 09:48:39,130 - INFO - Successfully migrated: /Users/simongoldman/Documents/TransparentSF_from_git/transparentSF/ai/output/annual/9/63.md
2025-09-12 09:48:39,413 - INFO - Successfully stored file in GCS: transparentsf/annual/9/12.json
2025-09-12 09:48:39,414 - INFO - Successfully migrated: /Users/simongoldman/Documents/TransparentSF_from_git/transparentSF/ai/output/annual/9/12.md
2025-09-12 09:48:39,701 - INFO - Successfully stored file in GCS: transparentsf/annual/9/17.json
2025-09-12 09:48:39,701 - INFO - Successfully migrated: /Users/simongoldman/Documents/TransparentSF_from_git/transparentSF/ai/output/annual/9/17.md
2025-09-12 09:48:40,004 - INFO - Successfully stored file in GCS: transparentsf/annual/9/23.json
2025-09-12 09:48:40,004 - INFO - Successfully migrated: /Users/simongoldman/Documents/TransparentSF_from_git/transparentSF/ai/output/annual/9/23.md
2025-09-12 09:48:40,365 - INFO - Successfully stored file in GCS: transparentsf/annual/9/24.json
2025-09-12 09:48:40,365 - INFO - Successfully migrated: /Users/simongoldman/Documents/TransparentSF_from_git/transparentSF/ai/output/annual/9/24.md
2025-09-12 09:48:40,649 - INFO - Successfully stored file in GCS: transparentsf/annual/9/9.json
2025-09-12 09:48:40,649 - INFO - Successfully migrated: /Users/simongoldman/Documents/TransparentSF_from_git/transparentSF/ai/output/annual/9/9.md
2025-09-12 09:48:40,931 - INFO - Successfully stored file in GCS: transparentsf/annual/9/65.json
2025-09-12 09:48:40,931 - INFO - Successfully migrated: /Users/simongoldman/Documents/TransparentSF_from_git/transparentSF/ai/output/annual/9/65.md
2025-09-12 09:48:41,216 - INFO - Successfully stored file in GCS: transparentsf/annual/9/34.json
2025-09-12 09:48:41,216 - INFO - Successfully migrated: /Users/simongoldman/Documents/TransparentSF_from_git/transparentSF/ai/output/annual/9/34.md
2025-09-12 09:48:41,505 - INFO - Successfully stored file in GCS: transparentsf/annual/9/14.json
2025-09-12 09:48:41,505 - INFO - Successfully migrated: /Users/simongoldman/Documents/TransparentSF_from_git/transparentSF/ai/output/annual/9/14.md
2025-09-12 09:48:41,804 - INFO - Successfully stored file in GCS: transparentsf/annual/9/30.json
2025-09-12 09:48:41,804 - INFO - Successfully migrated: /Users/simongoldman/Documents/TransparentSF_from_git/transparentSF/ai/output/annual/9/30.md
2025-09-12 09:48:42,077 - INFO - Successfully stored file in GCS: transparentsf/annual/9/15.json
2025-09-12 09:48:42,077 - INFO - Successfully migrated: /Users/simongoldman/Documents/TransparentSF_from_git/transparentSF/ai/output/annual/9/15.md
2025-09-12 09:48:42,363 - INFO - Successfully stored file in GCS: transparentsf/annual/9/40.json
2025-09-12 09:48:42,364 - INFO - Successfully migrated: /Users/simongoldman/Documents/TransparentSF_from_git/transparentSF/ai/output/annual/9/40.md
2025-09-12 09:48:42,658 - INFO - Successfully stored file in GCS: transparentsf/annual/9/8.json
2025-09-12 09:48:42,658 - INFO - Successfully migrated: /Users/simongoldman/Documents/TransparentSF_from_git/transparentSF/ai/output/annual/9/8.md
2025-09-12 09:48:42,987 - INFO - Successfully stored file in GCS: transparentsf/annual/9/35.json
2025-09-12 09:48:42,987 - INFO - Successfully migrated: /Users/simongoldman/Documents/TransparentSF_from_git/transparentSF/ai/output/annual/9/35.md
2025-09-12 09:48:43,324 - INFO - Successfully stored file in GCS: transparentsf/annual/9/3.json
2025-09-12 09:48:43,324 - INFO - Successfully migrated: /Users/simongoldman/Documents/TransparentSF_from_git/transparentSF/ai/output/annual/9/3.md
2025-09-12 09:48:43,612 - INFO - Successfully stored file in GCS: transparentsf/annual/9/2.json
2025-09-12 09:48:43,612 - INFO - Successfully migrated: /Users/simongoldman/Documents/TransparentSF_from_git/transparentSF/ai/output/annual/9/2.md
2025-09-12 09:48:43,904 - INFO - Successfully stored file in GCS: transparentsf/annual/0/5.json
2025-09-12 09:48:43,904 - INFO - Successfully migrated: /Users/simongoldman/Documents/TransparentSF_from_git/transparentSF/ai/output/annual/0/5.md
2025-09-12 09:48:44,199 - INFO - Successfully stored file in GCS: transparentsf/annual/0/69.json
2025-09-12 09:48:44,199 - INFO - Successfully migrated: /Users/simongoldman/Documents/TransparentSF_from_git/transparentSF/ai/output/annual/0/69.md
2025-09-12 09:48:44,559 - INFO - Successfully stored file in GCS: transparentsf/annual/0/38.json
2025-09-12 09:48:44,559 - INFO - Successfully migrated: /Users/simongoldman/Documents/TransparentSF_from_git/transparentSF/ai/output/annual/0/38.md
2025-09-12 09:48:44,858 - INFO - Successfully stored file in GCS: transparentsf/annual/0/18.json
2025-09-12 09:48:44,858 - INFO - Successfully migrated: /Users/simongoldman/Documents/TransparentSF_from_git/transparentSF/ai/output/annual/0/18.md
2025-09-12 09:48:45,137 - INFO - Successfully stored file in GCS: transparentsf/annual/0/49.json
2025-09-12 09:48:45,137 - INFO - Successfully migrated: /Users/simongoldman/Documents/TransparentSF_from_git/transparentSF/ai/output/annual/0/49.md
2025-09-12 09:48:45,425 - INFO - Successfully stored file in GCS: transparentsf/annual/0/1.json
2025-09-12 09:48:45,425 - INFO - Successfully migrated: /Users/simongoldman/Documents/TransparentSF_from_git/transparentSF/ai/output/annual/0/1.md
2025-09-12 09:48:45,723 - INFO - Successfully stored file in GCS: transparentsf/annual/0/19.json
2025-09-12 09:48:45,723 - INFO - Successfully migrated: /Users/simongoldman/Documents/TransparentSF_from_git/transparentSF/ai/output/annual/0/19.md
2025-09-12 09:48:46,040 - INFO - Successfully stored file in GCS: transparentsf/annual/0/48.json
2025-09-12 09:48:46,040 - INFO - Successfully migrated: /Users/simongoldman/Documents/TransparentSF_from_git/transparentSF/ai/output/annual/0/48.md
2025-09-12 09:48:46,395 - INFO - Successfully stored file in GCS: transparentsf/annual/0/58.json
2025-09-12 09:48:46,395 - INFO - Successfully migrated: /Users/simongoldman/Documents/TransparentSF_from_git/transparentSF/ai/output/annual/0/58.md
2025-09-12 09:48:46,714 - INFO - Successfully stored file in GCS: transparentsf/annual/0/29.json
2025-09-12 09:48:46,714 - INFO - Successfully migrated: /Users/simongoldman/Documents/TransparentSF_from_git/transparentSF/ai/output/annual/0/29.md
2025-09-12 09:48:46,990 - INFO - Successfully stored file in GCS: transparentsf/annual/0/4.json
2025-09-12 09:48:46,990 - INFO - Successfully migrated: /Users/simongoldman/Documents/TransparentSF_from_git/transparentSF/ai/output/annual/0/4.md
2025-09-12 09:48:47,271 - INFO - Successfully stored file in GCS: transparentsf/annual/0/47.json
2025-09-12 09:48:47,271 - INFO - Successfully migrated: /Users/simongoldman/Documents/TransparentSF_from_git/transparentSF/ai/output/annual/0/47.md
2025-09-12 09:48:47,562 - INFO - Successfully stored file in GCS: transparentsf/annual/0/16.json
2025-09-12 09:48:47,562 - INFO - Successfully migrated: /Users/simongoldman/Documents/TransparentSF_from_git/transparentSF/ai/output/annual/0/16.md
2025-09-12 09:48:47,850 - INFO - Successfully stored file in GCS: transparentsf/annual/0/22.json
2025-09-12 09:48:47,850 - INFO - Successfully migrated: /Users/simongoldman/Documents/TransparentSF_from_git/transparentSF/ai/output/annual/0/22.md
2025-09-12 09:48:48,133 - INFO - Successfully stored file in GCS: transparentsf/annual/0/63.json
2025-09-12 09:48:48,134 - INFO - Successfully migrated: /Users/simongoldman/Documents/TransparentSF_from_git/transparentSF/ai/output/annual/0/63.md
2025-09-12 09:48:48,421 - INFO - Successfully stored file in GCS: transparentsf/annual/0/32.json
2025-09-12 09:48:48,421 - INFO - Successfully migrated: /Users/simongoldman/Documents/TransparentSF_from_git/transparentSF/ai/output/annual/0/32.md
2025-09-12 09:48:48,753 - INFO - Successfully stored file in GCS: transparentsf/annual/0/12.json
2025-09-12 09:48:48,753 - INFO - Successfully migrated: /Users/simongoldman/Documents/TransparentSF_from_git/transparentSF/ai/output/annual/0/12.md
2025-09-12 09:48:49,030 - INFO - Successfully stored file in GCS: transparentsf/annual/0/43.json
2025-09-12 09:48:49,031 - INFO - Successfully migrated: /Users/simongoldman/Documents/TransparentSF_from_git/transparentSF/ai/output/annual/0/43.md
2025-09-12 09:48:49,314 - INFO - Successfully stored file in GCS: transparentsf/annual/0/53.json
2025-09-12 09:48:49,314 - INFO - Successfully migrated: /Users/simongoldman/Documents/TransparentSF_from_git/transparentSF/ai/output/annual/0/53.md
2025-09-12 09:48:49,608 - INFO - Successfully stored file in GCS: transparentsf/annual/0/13.json
2025-09-12 09:48:49,609 - INFO - Successfully migrated: /Users/simongoldman/Documents/TransparentSF_from_git/transparentSF/ai/output/annual/0/13.md
2025-09-12 09:48:49,923 - INFO - Successfully stored file in GCS: transparentsf/annual/0/52.json
2025-09-12 09:48:49,924 - INFO - Successfully migrated: /Users/simongoldman/Documents/TransparentSF_from_git/transparentSF/ai/output/annual/0/52.md
2025-09-12 09:48:50,227 - INFO - Successfully stored file in GCS: transparentsf/annual/0/66.json
2025-09-12 09:48:50,227 - INFO - Successfully migrated: /Users/simongoldman/Documents/TransparentSF_from_git/transparentSF/ai/output/annual/0/66.md
2025-09-12 09:48:50,521 - INFO - Successfully stored file in GCS: transparentsf/annual/0/46.json
2025-09-12 09:48:50,521 - INFO - Successfully migrated: /Users/simongoldman/Documents/TransparentSF_from_git/transparentSF/ai/output/annual/0/46.md
2025-09-12 09:48:50,848 - INFO - Successfully stored file in GCS: transparentsf/annual/0/17.json
2025-09-12 09:48:50,848 - INFO - Successfully migrated: /Users/simongoldman/Documents/TransparentSF_from_git/transparentSF/ai/output/annual/0/17.md
2025-09-12 09:48:51,143 - INFO - Successfully stored file in GCS: transparentsf/annual/0/23.json
2025-09-12 09:48:51,143 - INFO - Successfully migrated: /Users/simongoldman/Documents/TransparentSF_from_git/transparentSF/ai/output/annual/0/23.md
2025-09-12 09:48:51,431 - INFO - Successfully stored file in GCS: transparentsf/annual/0/62.json
2025-09-12 09:48:51,431 - INFO - Successfully migrated: /Users/simongoldman/Documents/TransparentSF_from_git/transparentSF/ai/output/annual/0/62.md
2025-09-12 09:48:51,705 - INFO - Successfully stored file in GCS: transparentsf/annual/0/33.json
2025-09-12 09:48:51,705 - INFO - Successfully migrated: /Users/simongoldman/Documents/TransparentSF_from_git/transparentSF/ai/output/annual/0/33.md
2025-09-12 09:48:51,993 - INFO - Successfully stored file in GCS: transparentsf/annual/0/24.json
2025-09-12 09:48:51,993 - INFO - Successfully migrated: /Users/simongoldman/Documents/TransparentSF_from_git/transparentSF/ai/output/annual/0/24.md
2025-09-12 09:48:52,270 - INFO - Successfully stored file in GCS: transparentsf/annual/0/41.json
2025-09-12 09:48:52,270 - INFO - Successfully migrated: /Users/simongoldman/Documents/TransparentSF_from_git/transparentSF/ai/output/annual/0/41.md
2025-09-12 09:48:52,556 - INFO - Successfully stored file in GCS: transparentsf/annual/0/10.json
2025-09-12 09:48:52,556 - INFO - Successfully migrated: /Users/simongoldman/Documents/TransparentSF_from_git/transparentSF/ai/output/annual/0/10.md
2025-09-12 09:48:52,848 - INFO - Successfully stored file in GCS: transparentsf/annual/0/51.json
2025-09-12 09:48:52,848 - INFO - Successfully migrated: /Users/simongoldman/Documents/TransparentSF_from_git/transparentSF/ai/output/annual/0/51.md
2025-09-12 09:48:53,137 - INFO - Successfully stored file in GCS: transparentsf/annual/0/9.json
2025-09-12 09:48:53,137 - INFO - Successfully migrated: /Users/simongoldman/Documents/TransparentSF_from_git/transparentSF/ai/output/annual/0/9.md
2025-09-12 09:48:53,474 - INFO - Successfully stored file in GCS: transparentsf/annual/0/65.json
2025-09-12 09:48:53,474 - INFO - Successfully migrated: /Users/simongoldman/Documents/TransparentSF_from_git/transparentSF/ai/output/annual/0/65.md
2025-09-12 09:48:53,765 - INFO - Successfully stored file in GCS: transparentsf/annual/0/34.json
2025-09-12 09:48:53,765 - INFO - Successfully migrated: /Users/simongoldman/Documents/TransparentSF_from_git/transparentSF/ai/output/annual/0/34.md
2025-09-12 09:48:54,062 - INFO - Successfully stored file in GCS: transparentsf/annual/0/14.json
2025-09-12 09:48:54,063 - INFO - Successfully migrated: /Users/simongoldman/Documents/TransparentSF_from_git/transparentSF/ai/output/annual/0/14.md
2025-09-12 09:48:54,345 - INFO - Successfully stored file in GCS: transparentsf/annual/0/45.json
2025-09-12 09:48:54,345 - INFO - Successfully migrated: /Users/simongoldman/Documents/TransparentSF_from_git/transparentSF/ai/output/annual/0/45.md
2025-09-12 09:48:54,640 - INFO - Successfully stored file in GCS: transparentsf/annual/0/30.json
2025-09-12 09:48:54,640 - INFO - Successfully migrated: /Users/simongoldman/Documents/TransparentSF_from_git/transparentSF/ai/output/annual/0/30.md
2025-09-12 09:48:54,919 - INFO - Successfully stored file in GCS: transparentsf/annual/0/61.json
2025-09-12 09:48:54,919 - INFO - Successfully migrated: /Users/simongoldman/Documents/TransparentSF_from_git/transparentSF/ai/output/annual/0/61.md
2025-09-12 09:48:55,209 - INFO - Successfully stored file in GCS: transparentsf/annual/0/15.json
2025-09-12 09:48:55,209 - INFO - Successfully migrated: /Users/simongoldman/Documents/TransparentSF_from_git/transparentSF/ai/output/annual/0/15.md
2025-09-12 09:48:55,569 - INFO - Successfully stored file in GCS: transparentsf/annual/0/44.json
2025-09-12 09:48:55,570 - INFO - Successfully migrated: /Users/simongoldman/Documents/TransparentSF_from_git/transparentSF/ai/output/annual/0/44.md
2025-09-12 09:48:55,863 - INFO - Successfully stored file in GCS: transparentsf/annual/0/31.json
2025-09-12 09:48:55,864 - INFO - Successfully migrated: /Users/simongoldman/Documents/TransparentSF_from_git/transparentSF/ai/output/annual/0/31.md
2025-09-12 09:48:56,152 - INFO - Successfully stored file in GCS: transparentsf/annual/0/60.json
2025-09-12 09:48:56,153 - INFO - Successfully migrated: /Users/simongoldman/Documents/TransparentSF_from_git/transparentSF/ai/output/annual/0/60.md
2025-09-12 09:48:56,460 - INFO - Successfully stored file in GCS: transparentsf/annual/0/40.json
2025-09-12 09:48:56,460 - INFO - Successfully migrated: /Users/simongoldman/Documents/TransparentSF_from_git/transparentSF/ai/output/annual/0/40.md
2025-09-12 09:48:56,746 - INFO - Successfully stored file in GCS: transparentsf/annual/0/50.json
2025-09-12 09:48:56,746 - INFO - Successfully migrated: /Users/simongoldman/Documents/TransparentSF_from_git/transparentSF/ai/output/annual/0/50.md
2025-09-12 09:48:57,033 - INFO - Successfully stored file in GCS: transparentsf/annual/0/8.json
2025-09-12 09:48:57,034 - INFO - Successfully migrated: /Users/simongoldman/Documents/TransparentSF_from_git/transparentSF/ai/output/annual/0/8.md
2025-09-12 09:48:57,317 - INFO - Successfully stored file in GCS: transparentsf/annual/0/35.json
2025-09-12 09:48:57,318 - INFO - Successfully migrated: /Users/simongoldman/Documents/TransparentSF_from_git/transparentSF/ai/output/annual/0/35.md
2025-09-12 09:48:57,667 - INFO - Successfully stored file in GCS: transparentsf/annual/0/3.json
2025-09-12 09:48:57,667 - INFO - Successfully migrated: /Users/simongoldman/Documents/TransparentSF_from_git/transparentSF/ai/output/annual/0/3.md
2025-09-12 09:48:57,954 - INFO - Successfully stored file in GCS: transparentsf/annual/0/7.json
2025-09-12 09:48:57,954 - INFO - Successfully migrated: /Users/simongoldman/Documents/TransparentSF_from_git/transparentSF/ai/output/annual/0/7.md
2025-09-12 09:48:58,250 - INFO - Successfully stored file in GCS: transparentsf/annual/0/6.json
2025-09-12 09:48:58,250 - INFO - Successfully migrated: /Users/simongoldman/Documents/TransparentSF_from_git/transparentSF/ai/output/annual/0/6.md
2025-09-12 09:48:58,531 - INFO - Successfully stored file in GCS: transparentsf/annual/0/2.json
2025-09-12 09:48:58,531 - INFO - Successfully migrated: /Users/simongoldman/Documents/TransparentSF_from_git/transparentSF/ai/output/annual/0/2.md
2025-09-12 09:48:58,820 - INFO - Successfully stored file in GCS: transparentsf/annual/2.0/19.json
2025-09-12 09:48:58,820 - INFO - Successfully migrated: /Users/simongoldman/Documents/TransparentSF_from_git/transparentSF/ai/output/annual/2.0/19.md
2025-09-12 09:48:59,099 - INFO - Successfully stored file in GCS: transparentsf/annual/2.0/30.json
2025-09-12 09:48:59,099 - INFO - Successfully migrated: /Users/simongoldman/Documents/TransparentSF_from_git/transparentSF/ai/output/annual/2.0/30.md
2025-09-12 09:48:59,406 - INFO - Successfully stored file in GCS: transparentsf/annual/11/69.json
2025-09-12 09:48:59,406 - INFO - Successfully migrated: /Users/simongoldman/Documents/TransparentSF_from_git/transparentSF/ai/output/annual/11/69.md
2025-09-12 09:48:59,766 - INFO - Successfully stored file in GCS: transparentsf/annual/11/38.json
2025-09-12 09:48:59,766 - INFO - Successfully migrated: /Users/simongoldman/Documents/TransparentSF_from_git/transparentSF/ai/output/annual/11/38.md
2025-09-12 09:49:00,050 - INFO - Successfully stored file in GCS: transparentsf/annual/11/18.json
2025-09-12 09:49:00,050 - INFO - Successfully migrated: /Users/simongoldman/Documents/TransparentSF_from_git/transparentSF/ai/output/annual/11/18.md
2025-09-12 09:49:00,349 - INFO - Successfully stored file in GCS: transparentsf/annual/11/1.json
2025-09-12 09:49:00,349 - INFO - Successfully migrated: /Users/simongoldman/Documents/TransparentSF_from_git/transparentSF/ai/output/annual/11/1.md
2025-09-12 09:49:00,653 - INFO - Successfully stored file in GCS: transparentsf/annual/11/19.json
2025-09-12 09:49:00,654 - INFO - Successfully migrated: /Users/simongoldman/Documents/TransparentSF_from_git/transparentSF/ai/output/annual/11/19.md
2025-09-12 09:49:01,048 - INFO - Successfully stored file in GCS: transparentsf/annual/11/29.json
2025-09-12 09:49:01,048 - INFO - Successfully migrated: /Users/simongoldman/Documents/TransparentSF_from_git/transparentSF/ai/output/annual/11/29.md
2025-09-12 09:49:01,350 - INFO - Successfully stored file in GCS: transparentsf/annual/11/4.json
2025-09-12 09:49:01,350 - INFO - Successfully migrated: /Users/simongoldman/Documents/TransparentSF_from_git/transparentSF/ai/output/annual/11/4.md
2025-09-12 09:49:01,633 - INFO - Successfully stored file in GCS: transparentsf/annual/11/16.json
2025-09-12 09:49:01,633 - INFO - Successfully migrated: /Users/simongoldman/Documents/TransparentSF_from_git/transparentSF/ai/output/annual/11/16.md
2025-09-12 09:49:01,937 - INFO - Successfully stored file in GCS: transparentsf/annual/11/22.json
2025-09-12 09:49:01,937 - INFO - Successfully migrated: /Users/simongoldman/Documents/TransparentSF_from_git/transparentSF/ai/output/annual/11/22.md
2025-09-12 09:49:02,220 - INFO - Successfully stored file in GCS: transparentsf/annual/11/63.json
2025-09-12 09:49:02,221 - INFO - Successfully migrated: /Users/simongoldman/Documents/TransparentSF_from_git/transparentSF/ai/output/annual/11/63.md
2025-09-12 09:49:02,505 - INFO - Successfully stored file in GCS: transparentsf/annual/11/12.json
2025-09-12 09:49:02,505 - INFO - Successfully migrated: /Users/simongoldman/Documents/TransparentSF_from_git/transparentSF/ai/output/annual/11/12.md
2025-09-12 09:49:02,802 - INFO - Successfully stored file in GCS: transparentsf/annual/11/17.json
2025-09-12 09:49:02,803 - INFO - Successfully migrated: /Users/simongoldman/Documents/TransparentSF_from_git/transparentSF/ai/output/annual/11/17.md
2025-09-12 09:49:03,082 - INFO - Successfully stored file in GCS: transparentsf/annual/11/23.json
2025-09-12 09:49:03,082 - INFO - Successfully migrated: /Users/simongoldman/Documents/TransparentSF_from_git/transparentSF/ai/output/annual/11/23.md
2025-09-12 09:49:03,435 - INFO - Successfully stored file in GCS: transparentsf/annual/11/24.json
2025-09-12 09:49:03,435 - INFO - Successfully migrated: /Users/simongoldman/Documents/TransparentSF_from_git/transparentSF/ai/output/annual/11/24.md
2025-09-12 09:49:03,718 - INFO - Successfully stored file in GCS: transparentsf/annual/11/9.json
2025-09-12 09:49:03,718 - INFO - Successfully migrated: /Users/simongoldman/Documents/TransparentSF_from_git/transparentSF/ai/output/annual/11/9.md
2025-09-12 09:49:04,004 - INFO - Successfully stored file in GCS: transparentsf/annual/11/65.json
2025-09-12 09:49:04,004 - INFO - Successfully migrated: /Users/simongoldman/Documents/TransparentSF_from_git/transparentSF/ai/output/annual/11/65.md
2025-09-12 09:49:04,298 - INFO - Successfully stored file in GCS: transparentsf/annual/11/14.json
2025-09-12 09:49:04,298 - INFO - Successfully migrated: /Users/simongoldman/Documents/TransparentSF_from_git/transparentSF/ai/output/annual/11/14.md
2025-09-12 09:49:04,589 - INFO - Successfully stored file in GCS: transparentsf/annual/11/30.json
2025-09-12 09:49:04,589 - INFO - Successfully migrated: /Users/simongoldman/Documents/TransparentSF_from_git/transparentSF/ai/output/annual/11/30.md
2025-09-12 09:49:04,866 - INFO - Successfully stored file in GCS: transparentsf/annual/11/15.json
2025-09-12 09:49:04,866 - INFO - Successfully migrated: /Users/simongoldman/Documents/TransparentSF_from_git/transparentSF/ai/output/annual/11/15.md
2025-09-12 09:49:05,155 - INFO - Successfully stored file in GCS: transparentsf/annual/11/40.json
2025-09-12 09:49:05,155 - INFO - Successfully migrated: /Users/simongoldman/Documents/TransparentSF_from_git/transparentSF/ai/output/annual/11/40.md
2025-09-12 09:49:05,528 - INFO - Successfully stored file in GCS: transparentsf/annual/11/8.json
2025-09-12 09:49:05,528 - INFO - Successfully migrated: /Users/simongoldman/Documents/TransparentSF_from_git/transparentSF/ai/output/annual/11/8.md
2025-09-12 09:49:05,806 - INFO - Successfully stored file in GCS: transparentsf/annual/11/35.json
2025-09-12 09:49:05,806 - INFO - Successfully migrated: /Users/simongoldman/Documents/TransparentSF_from_git/transparentSF/ai/output/annual/11/35.md
2025-09-12 09:49:06,095 - INFO - Successfully stored file in GCS: transparentsf/annual/11/3.json
2025-09-12 09:49:06,095 - INFO - Successfully migrated: /Users/simongoldman/Documents/TransparentSF_from_git/transparentSF/ai/output/annual/11/3.md
2025-09-12 09:49:06,405 - INFO - Successfully stored file in GCS: transparentsf/annual/11/2.json
2025-09-12 09:49:06,405 - INFO - Successfully migrated: /Users/simongoldman/Documents/TransparentSF_from_git/transparentSF/ai/output/annual/11/2.md
2025-09-12 09:49:06,679 - INFO - Successfully stored file in GCS: transparentsf/annual/7/69.json
2025-09-12 09:49:06,680 - INFO - Successfully migrated: /Users/simongoldman/Documents/TransparentSF_from_git/transparentSF/ai/output/annual/7/69.md
2025-09-12 09:49:07,164 - INFO - Successfully stored file in GCS: transparentsf/annual/7/38.json
2025-09-12 09:49:07,164 - INFO - Successfully migrated: /Users/simongoldman/Documents/TransparentSF_from_git/transparentSF/ai/output/annual/7/38.md
2025-09-12 09:49:07,440 - INFO - Successfully stored file in GCS: transparentsf/annual/7/18.json
2025-09-12 09:49:07,441 - INFO - Successfully migrated: /Users/simongoldman/Documents/TransparentSF_from_git/transparentSF/ai/output/annual/7/18.md
2025-09-12 09:49:07,730 - INFO - Successfully stored file in GCS: transparentsf/annual/7/1.json
2025-09-12 09:49:07,730 - INFO - Successfully migrated: /Users/simongoldman/Documents/TransparentSF_from_git/transparentSF/ai/output/annual/7/1.md
2025-09-12 09:49:08,213 - INFO - Successfully stored file in GCS: transparentsf/annual/7/19.json
2025-09-12 09:49:08,213 - INFO - Successfully migrated: /Users/simongoldman/Documents/TransparentSF_from_git/transparentSF/ai/output/annual/7/19.md
2025-09-12 09:49:08,507 - INFO - Successfully stored file in GCS: transparentsf/annual/7/29.json
2025-09-12 09:49:08,508 - INFO - Successfully migrated: /Users/simongoldman/Documents/TransparentSF_from_git/transparentSF/ai/output/annual/7/29.md
2025-09-12 09:49:08,799 - INFO - Successfully stored file in GCS: transparentsf/annual/7/4.json
2025-09-12 09:49:08,800 - INFO - Successfully migrated: /Users/simongoldman/Documents/TransparentSF_from_git/transparentSF/ai/output/annual/7/4.md
2025-09-12 09:49:09,203 - INFO - Successfully stored file in GCS: transparentsf/annual/7/16.json
2025-09-12 09:49:09,203 - INFO - Successfully migrated: /Users/simongoldman/Documents/TransparentSF_from_git/transparentSF/ai/output/annual/7/16.md
2025-09-12 09:49:09,488 - INFO - Successfully stored file in GCS: transparentsf/annual/7/22.json
2025-09-12 09:49:09,488 - INFO - Successfully migrated: /Users/simongoldman/Documents/TransparentSF_from_git/transparentSF/ai/output/annual/7/22.md
2025-09-12 09:49:09,812 - INFO - Successfully stored file in GCS: transparentsf/annual/7/63.json
2025-09-12 09:49:09,812 - INFO - Successfully migrated: /Users/simongoldman/Documents/TransparentSF_from_git/transparentSF/ai/output/annual/7/63.md
2025-09-12 09:49:10,097 - INFO - Successfully stored file in GCS: transparentsf/annual/7/12.json
2025-09-12 09:49:10,098 - INFO - Successfully migrated: /Users/simongoldman/Documents/TransparentSF_from_git/transparentSF/ai/output/annual/7/12.md
2025-09-12 09:49:10,381 - INFO - Successfully stored file in GCS: transparentsf/annual/7/17.json
2025-09-12 09:49:10,381 - INFO - Successfully migrated: /Users/simongoldman/Documents/TransparentSF_from_git/transparentSF/ai/output/annual/7/17.md
2025-09-12 09:49:10,681 - INFO - Successfully stored file in GCS: transparentsf/annual/7/23.json
2025-09-12 09:49:10,681 - INFO - Successfully migrated: /Users/simongoldman/Documents/TransparentSF_from_git/transparentSF/ai/output/annual/7/23.md
2025-09-12 09:49:11,048 - INFO - Successfully stored file in GCS: transparentsf/annual/7/24.json
2025-09-12 09:49:11,048 - INFO - Successfully migrated: /Users/simongoldman/Documents/TransparentSF_from_git/transparentSF/ai/output/annual/7/24.md
2025-09-12 09:49:11,339 - INFO - Successfully stored file in GCS: transparentsf/annual/7/9.json
2025-09-12 09:49:11,339 - INFO - Successfully migrated: /Users/simongoldman/Documents/TransparentSF_from_git/transparentSF/ai/output/annual/7/9.md
2025-09-12 09:49:11,648 - INFO - Successfully stored file in GCS: transparentsf/annual/7/65.json
2025-09-12 09:49:11,648 - INFO - Successfully migrated: /Users/simongoldman/Documents/TransparentSF_from_git/transparentSF/ai/output/annual/7/65.md
2025-09-12 09:49:11,945 - INFO - Successfully stored file in GCS: transparentsf/annual/7/34.json
2025-09-12 09:49:11,946 - INFO - Successfully migrated: /Users/simongoldman/Documents/TransparentSF_from_git/transparentSF/ai/output/annual/7/34.md
2025-09-12 09:49:12,254 - INFO - Successfully stored file in GCS: transparentsf/annual/7/14.json
2025-09-12 09:49:12,254 - INFO - Successfully migrated: /Users/simongoldman/Documents/TransparentSF_from_git/transparentSF/ai/output/annual/7/14.md
2025-09-12 09:49:12,609 - INFO - Successfully stored file in GCS: transparentsf/annual/7/30.json
2025-09-12 09:49:12,610 - INFO - Successfully migrated: /Users/simongoldman/Documents/TransparentSF_from_git/transparentSF/ai/output/annual/7/30.md
2025-09-12 09:49:12,905 - INFO - Successfully stored file in GCS: transparentsf/annual/7/15.json
2025-09-12 09:49:12,906 - INFO - Successfully migrated: /Users/simongoldman/Documents/TransparentSF_from_git/transparentSF/ai/output/annual/7/15.md
2025-09-12 09:49:13,221 - INFO - Successfully stored file in GCS: transparentsf/annual/7/40.json
2025-09-12 09:49:13,221 - INFO - Successfully migrated: /Users/simongoldman/Documents/TransparentSF_from_git/transparentSF/ai/output/annual/7/40.md
2025-09-12 09:49:13,506 - INFO - Successfully stored file in GCS: transparentsf/annual/7/8.json
2025-09-12 09:49:13,507 - INFO - Successfully migrated: /Users/simongoldman/Documents/TransparentSF_from_git/transparentSF/ai/output/annual/7/8.md
2025-09-12 09:49:13,796 - INFO - Successfully stored file in GCS: transparentsf/annual/7/35.json
2025-09-12 09:49:13,796 - INFO - Successfully migrated: /Users/simongoldman/Documents/TransparentSF_from_git/transparentSF/ai/output/annual/7/35.md
2025-09-12 09:49:14,089 - INFO - Successfully stored file in GCS: transparentsf/annual/7/3.json
2025-09-12 09:49:14,089 - INFO - Successfully migrated: /Users/simongoldman/Documents/TransparentSF_from_git/transparentSF/ai/output/annual/7/3.md
2025-09-12 09:49:14,444 - INFO - Successfully stored file in GCS: transparentsf/annual/7/2.json
2025-09-12 09:49:14,444 - INFO - Successfully migrated: /Users/simongoldman/Documents/TransparentSF_from_git/transparentSF/ai/output/annual/7/2.md
2025-09-12 09:49:14,730 - INFO - Successfully stored file in GCS: transparentsf/annual/6/69.json
2025-09-12 09:49:14,731 - INFO - Successfully migrated: /Users/simongoldman/Documents/TransparentSF_from_git/transparentSF/ai/output/annual/6/69.md
2025-09-12 09:49:15,023 - INFO - Successfully stored file in GCS: transparentsf/annual/6/38.json
2025-09-12 09:49:15,023 - INFO - Successfully migrated: /Users/simongoldman/Documents/TransparentSF_from_git/transparentSF/ai/output/annual/6/38.md
2025-09-12 09:49:15,314 - INFO - Successfully stored file in GCS: transparentsf/annual/6/18.json
2025-09-12 09:49:15,314 - INFO - Successfully migrated: /Users/simongoldman/Documents/TransparentSF_from_git/transparentSF/ai/output/annual/6/18.md
2025-09-12 09:49:15,590 - INFO - Successfully stored file in GCS: transparentsf/annual/6/1.json
2025-09-12 09:49:15,590 - INFO - Successfully migrated: /Users/simongoldman/Documents/TransparentSF_from_git/transparentSF/ai/output/annual/6/1.md
2025-09-12 09:49:15,884 - INFO - Successfully stored file in GCS: transparentsf/annual/6/19.json
2025-09-12 09:49:15,884 - INFO - Successfully migrated: /Users/simongoldman/Documents/TransparentSF_from_git/transparentSF/ai/output/annual/6/19.md
2025-09-12 09:49:16,170 - INFO - Successfully stored file in GCS: transparentsf/annual/6/29.json
2025-09-12 09:49:16,170 - INFO - Successfully migrated: /Users/simongoldman/Documents/TransparentSF_from_git/transparentSF/ai/output/annual/6/29.md
2025-09-12 09:49:16,541 - INFO - Successfully stored file in GCS: transparentsf/annual/6/4.json
2025-09-12 09:49:16,541 - INFO - Successfully migrated: /Users/simongoldman/Documents/TransparentSF_from_git/transparentSF/ai/output/annual/6/4.md
2025-09-12 09:49:16,841 - INFO - Successfully stored file in GCS: transparentsf/annual/6/16.json
2025-09-12 09:49:16,841 - INFO - Successfully migrated: /Users/simongoldman/Documents/TransparentSF_from_git/transparentSF/ai/output/annual/6/16.md
2025-09-12 09:49:17,126 - INFO - Successfully stored file in GCS: transparentsf/annual/6/22.json
2025-09-12 09:49:17,126 - INFO - Successfully migrated: /Users/simongoldman/Documents/TransparentSF_from_git/transparentSF/ai/output/annual/6/22.md
2025-09-12 09:49:17,422 - INFO - Successfully stored file in GCS: transparentsf/annual/6/63.json
2025-09-12 09:49:17,422 - INFO - Successfully migrated: /Users/simongoldman/Documents/TransparentSF_from_git/transparentSF/ai/output/annual/6/63.md
2025-09-12 09:49:17,700 - INFO - Successfully stored file in GCS: transparentsf/annual/6/12.json
2025-09-12 09:49:17,700 - INFO - Successfully migrated: /Users/simongoldman/Documents/TransparentSF_from_git/transparentSF/ai/output/annual/6/12.md
2025-09-12 09:49:17,979 - INFO - Successfully stored file in GCS: transparentsf/annual/6/43.json
2025-09-12 09:49:17,979 - INFO - Successfully migrated: /Users/simongoldman/Documents/TransparentSF_from_git/transparentSF/ai/output/annual/6/43.md
2025-09-12 09:49:18,274 - INFO - Successfully stored file in GCS: transparentsf/annual/6/17.json
2025-09-12 09:49:18,274 - INFO - Successfully migrated: /Users/simongoldman/Documents/TransparentSF_from_git/transparentSF/ai/output/annual/6/17.md
2025-09-12 09:49:18,639 - INFO - Successfully stored file in GCS: transparentsf/annual/6/23.json
2025-09-12 09:49:18,640 - INFO - Successfully migrated: /Users/simongoldman/Documents/TransparentSF_from_git/transparentSF/ai/output/annual/6/23.md
2025-09-12 09:49:18,915 - INFO - Successfully stored file in GCS: transparentsf/annual/6/24.json
2025-09-12 09:49:18,915 - INFO - Successfully migrated: /Users/simongoldman/Documents/TransparentSF_from_git/transparentSF/ai/output/annual/6/24.md
2025-09-12 09:49:19,202 - INFO - Successfully stored file in GCS: transparentsf/annual/6/41.json
2025-09-12 09:49:19,202 - INFO - Successfully migrated: /Users/simongoldman/Documents/TransparentSF_from_git/transparentSF/ai/output/annual/6/41.md
2025-09-12 09:49:19,483 - INFO - Successfully stored file in GCS: transparentsf/annual/6/9.json
2025-09-12 09:49:19,483 - INFO - Successfully migrated: /Users/simongoldman/Documents/TransparentSF_from_git/transparentSF/ai/output/annual/6/9.md
2025-09-12 09:49:19,779 - INFO - Successfully stored file in GCS: transparentsf/annual/6/65.json
2025-09-12 09:49:19,779 - INFO - Successfully migrated: /Users/simongoldman/Documents/TransparentSF_from_git/transparentSF/ai/output/annual/6/65.md
2025-09-12 09:49:20,227 - INFO - Successfully stored file in GCS: transparentsf/annual/6/34.json
2025-09-12 09:49:20,227 - INFO - Successfully migrated: /Users/simongoldman/Documents/TransparentSF_from_git/transparentSF/ai/output/annual/6/34.md
2025-09-12 09:49:20,533 - INFO - Successfully stored file in GCS: transparentsf/annual/6/14.json
2025-09-12 09:49:20,534 - INFO - Successfully migrated: /Users/simongoldman/Documents/TransparentSF_from_git/transparentSF/ai/output/annual/6/14.md
2025-09-12 09:49:20,815 - INFO - Successfully stored file in GCS: transparentsf/annual/6/30.json
2025-09-12 09:49:20,816 - INFO - Successfully migrated: /Users/simongoldman/Documents/TransparentSF_from_git/transparentSF/ai/output/annual/6/30.md
2025-09-12 09:49:21,099 - INFO - Successfully stored file in GCS: transparentsf/annual/6/15.json
2025-09-12 09:49:21,099 - INFO - Successfully migrated: /Users/simongoldman/Documents/TransparentSF_from_git/transparentSF/ai/output/annual/6/15.md
2025-09-12 09:49:21,388 - INFO - Successfully stored file in GCS: transparentsf/annual/6/40.json
2025-09-12 09:49:21,388 - INFO - Successfully migrated: /Users/simongoldman/Documents/TransparentSF_from_git/transparentSF/ai/output/annual/6/40.md
2025-09-12 09:49:21,673 - INFO - Successfully stored file in GCS: transparentsf/annual/6/8.json
2025-09-12 09:49:21,674 - INFO - Successfully migrated: /Users/simongoldman/Documents/TransparentSF_from_git/transparentSF/ai/output/annual/6/8.md
2025-09-12 09:49:21,970 - INFO - Successfully stored file in GCS: transparentsf/annual/6/35.json
2025-09-12 09:49:21,971 - INFO - Successfully migrated: /Users/simongoldman/Documents/TransparentSF_from_git/transparentSF/ai/output/annual/6/35.md
2025-09-12 09:49:22,315 - INFO - Successfully stored file in GCS: transparentsf/annual/6/3.json
2025-09-12 09:49:22,316 - INFO - Successfully migrated: /Users/simongoldman/Documents/TransparentSF_from_git/transparentSF/ai/output/annual/6/3.md
2025-09-12 09:49:22,611 - INFO - Successfully stored file in GCS: transparentsf/annual/6/2.json
2025-09-12 09:49:22,611 - INFO - Successfully migrated: /Users/simongoldman/Documents/TransparentSF_from_git/transparentSF/ai/output/annual/6/2.md
2025-09-12 09:49:22,911 - INFO - Successfully stored file in GCS: transparentsf/annual/1/69.json
2025-09-12 09:49:22,911 - INFO - Successfully migrated: /Users/simongoldman/Documents/TransparentSF_from_git/transparentSF/ai/output/annual/1/69.md
2025-09-12 09:49:23,211 - INFO - Successfully stored file in GCS: transparentsf/annual/1/38.json
2025-09-12 09:49:23,211 - INFO - Successfully migrated: /Users/simongoldman/Documents/TransparentSF_from_git/transparentSF/ai/output/annual/1/38.md
2025-09-12 09:49:23,499 - INFO - Successfully stored file in GCS: transparentsf/annual/1/18.json
2025-09-12 09:49:23,500 - INFO - Successfully migrated: /Users/simongoldman/Documents/TransparentSF_from_git/transparentSF/ai/output/annual/1/18.md
2025-09-12 09:49:23,883 - INFO - Successfully stored file in GCS: transparentsf/annual/1/1.json
2025-09-12 09:49:23,883 - INFO - Successfully migrated: /Users/simongoldman/Documents/TransparentSF_from_git/transparentSF/ai/output/annual/1/1.md
2025-09-12 09:49:24,170 - INFO - Successfully stored file in GCS: transparentsf/annual/1/19.json
2025-09-12 09:49:24,171 - INFO - Successfully migrated: /Users/simongoldman/Documents/TransparentSF_from_git/transparentSF/ai/output/annual/1/19.md
2025-09-12 09:49:24,454 - INFO - Successfully stored file in GCS: transparentsf/annual/1/29.json
2025-09-12 09:49:24,454 - INFO - Successfully migrated: /Users/simongoldman/Documents/TransparentSF_from_git/transparentSF/ai/output/annual/1/29.md
2025-09-12 09:49:24,735 - INFO - Successfully stored file in GCS: transparentsf/annual/1/4.json
2025-09-12 09:49:24,736 - INFO - Successfully migrated: /Users/simongoldman/Documents/TransparentSF_from_git/transparentSF/ai/output/annual/1/4.md
2025-09-12 09:49:25,020 - INFO - Successfully stored file in GCS: transparentsf/annual/1/16.json
2025-09-12 09:49:25,020 - INFO - Successfully migrated: /Users/simongoldman/Documents/TransparentSF_from_git/transparentSF/ai/output/annual/1/16.md
2025-09-12 09:49:25,332 - INFO - Successfully stored file in GCS: transparentsf/annual/1/22.json
2025-09-12 09:49:25,333 - INFO - Successfully migrated: /Users/simongoldman/Documents/TransparentSF_from_git/transparentSF/ai/output/annual/1/22.md
2025-09-12 09:49:25,606 - INFO - Successfully stored file in GCS: transparentsf/annual/1/63.json
2025-09-12 09:49:25,606 - INFO - Successfully migrated: /Users/simongoldman/Documents/TransparentSF_from_git/transparentSF/ai/output/annual/1/63.md
2025-09-12 09:49:25,976 - INFO - Successfully stored file in GCS: transparentsf/annual/1/12.json
2025-09-12 09:49:25,976 - INFO - Successfully migrated: /Users/simongoldman/Documents/TransparentSF_from_git/transparentSF/ai/output/annual/1/12.md
2025-09-12 09:49:26,261 - INFO - Successfully stored file in GCS: transparentsf/annual/1/17.json
2025-09-12 09:49:26,262 - INFO - Successfully migrated: /Users/simongoldman/Documents/TransparentSF_from_git/transparentSF/ai/output/annual/1/17.md
2025-09-12 09:49:26,563 - INFO - Successfully stored file in GCS: transparentsf/annual/1/23.json
2025-09-12 09:49:26,564 - INFO - Successfully migrated: /Users/simongoldman/Documents/TransparentSF_from_git/transparentSF/ai/output/annual/1/23.md
2025-09-12 09:49:26,840 - INFO - Successfully stored file in GCS: transparentsf/annual/1/24.json
2025-09-12 09:49:26,841 - INFO - Successfully migrated: /Users/simongoldman/Documents/TransparentSF_from_git/transparentSF/ai/output/annual/1/24.md
2025-09-12 09:49:27,123 - INFO - Successfully stored file in GCS: transparentsf/annual/1/9.json
2025-09-12 09:49:27,124 - INFO - Successfully migrated: /Users/simongoldman/Documents/TransparentSF_from_git/transparentSF/ai/output/annual/1/9.md
2025-09-12 09:49:27,404 - INFO - Successfully stored file in GCS: transparentsf/annual/1/65.json
2025-09-12 09:49:27,404 - INFO - Successfully migrated: /Users/simongoldman/Documents/TransparentSF_from_git/transparentSF/ai/output/annual/1/65.md
2025-09-12 09:49:27,689 - INFO - Successfully stored file in GCS: transparentsf/annual/1/34.json
2025-09-12 09:49:27,689 - INFO - Successfully migrated: /Users/simongoldman/Documents/TransparentSF_from_git/transparentSF/ai/output/annual/1/34.md
2025-09-12 09:49:27,976 - INFO - Successfully stored file in GCS: transparentsf/annual/1/14.json
2025-09-12 09:49:27,976 - INFO - Successfully migrated: /Users/simongoldman/Documents/TransparentSF_from_git/transparentSF/ai/output/annual/1/14.md
2025-09-12 09:49:28,267 - INFO - Successfully stored file in GCS: transparentsf/annual/1/30.json
2025-09-12 09:49:28,267 - INFO - Successfully migrated: /Users/simongoldman/Documents/TransparentSF_from_git/transparentSF/ai/output/annual/1/30.md
2025-09-12 09:49:28,600 - INFO - Successfully stored file in GCS: transparentsf/annual/1/15.json
2025-09-12 09:49:28,600 - INFO - Successfully migrated: /Users/simongoldman/Documents/TransparentSF_from_git/transparentSF/ai/output/annual/1/15.md
2025-09-12 09:49:28,884 - INFO - Successfully stored file in GCS: transparentsf/annual/1/40.json
2025-09-12 09:49:28,884 - INFO - Successfully migrated: /Users/simongoldman/Documents/TransparentSF_from_git/transparentSF/ai/output/annual/1/40.md
2025-09-12 09:49:29,181 - INFO - Successfully stored file in GCS: transparentsf/annual/1/8.json
2025-09-12 09:49:29,181 - INFO - Successfully migrated: /Users/simongoldman/Documents/TransparentSF_from_git/transparentSF/ai/output/annual/1/8.md
2025-09-12 09:49:29,467 - INFO - Successfully stored file in GCS: transparentsf/annual/1/35.json
2025-09-12 09:49:29,468 - INFO - Successfully migrated: /Users/simongoldman/Documents/TransparentSF_from_git/transparentSF/ai/output/annual/1/35.md
2025-09-12 09:49:29,752 - INFO - Successfully stored file in GCS: transparentsf/annual/1/3.json
2025-09-12 09:49:29,752 - INFO - Successfully migrated: /Users/simongoldman/Documents/TransparentSF_from_git/transparentSF/ai/output/annual/1/3.md
2025-09-12 09:49:30,044 - INFO - Successfully stored file in GCS: transparentsf/annual/1/2.json
2025-09-12 09:49:30,045 - INFO - Successfully migrated: /Users/simongoldman/Documents/TransparentSF_from_git/transparentSF/ai/output/annual/1/2.md
2025-09-12 09:49:30,330 - INFO - Successfully stored file in GCS: transparentsf/annual/10.00000/19.json
2025-09-12 09:49:30,330 - INFO - Successfully migrated: /Users/simongoldman/Documents/TransparentSF_from_git/transparentSF/ai/output/annual/10.00000/19.md
2025-09-12 09:49:30,696 - INFO - Successfully stored file in GCS: transparentsf/annual/10.00000/30.json
2025-09-12 09:49:30,696 - INFO - Successfully migrated: /Users/simongoldman/Documents/TransparentSF_from_git/transparentSF/ai/output/annual/10.00000/30.md
2025-09-12 09:49:30,997 - INFO - Successfully stored file in GCS: transparentsf/annual/10/69.json
2025-09-12 09:49:30,997 - INFO - Successfully migrated: /Users/simongoldman/Documents/TransparentSF_from_git/transparentSF/ai/output/annual/10/69.md
2025-09-12 09:49:31,274 - INFO - Successfully stored file in GCS: transparentsf/annual/10/38.json
2025-09-12 09:49:31,275 - INFO - Successfully migrated: /Users/simongoldman/Documents/TransparentSF_from_git/transparentSF/ai/output/annual/10/38.md
2025-09-12 09:49:31,565 - INFO - Successfully stored file in GCS: transparentsf/annual/10/18.json
2025-09-12 09:49:31,566 - INFO - Successfully migrated: /Users/simongoldman/Documents/TransparentSF_from_git/transparentSF/ai/output/annual/10/18.md
2025-09-12 09:49:31,866 - INFO - Successfully stored file in GCS: transparentsf/annual/10/1.json
2025-09-12 09:49:31,866 - INFO - Successfully migrated: /Users/simongoldman/Documents/TransparentSF_from_git/transparentSF/ai/output/annual/10/1.md
2025-09-12 09:49:32,142 - INFO - Successfully stored file in GCS: transparentsf/annual/10/19.json
2025-09-12 09:49:32,142 - INFO - Successfully migrated: /Users/simongoldman/Documents/TransparentSF_from_git/transparentSF/ai/output/annual/10/19.md
2025-09-12 09:49:32,420 - INFO - Successfully stored file in GCS: transparentsf/annual/10/29.json
2025-09-12 09:49:32,420 - INFO - Successfully migrated: /Users/simongoldman/Documents/TransparentSF_from_git/transparentSF/ai/output/annual/10/29.md
2025-09-12 09:49:32,796 - INFO - Successfully stored file in GCS: transparentsf/annual/10/4.json
2025-09-12 09:49:32,796 - INFO - Successfully migrated: /Users/simongoldman/Documents/TransparentSF_from_git/transparentSF/ai/output/annual/10/4.md
2025-09-12 09:49:33,078 - INFO - Successfully stored file in GCS: transparentsf/annual/10/16.json
2025-09-12 09:49:33,078 - INFO - Successfully migrated: /Users/simongoldman/Documents/TransparentSF_from_git/transparentSF/ai/output/annual/10/16.md
2025-09-12 09:49:33,368 - INFO - Successfully stored file in GCS: transparentsf/annual/10/22.json
2025-09-12 09:49:33,368 - INFO - Successfully migrated: /Users/simongoldman/Documents/TransparentSF_from_git/transparentSF/ai/output/annual/10/22.md
2025-09-12 09:49:33,653 - INFO - Successfully stored file in GCS: transparentsf/annual/10/63.json
2025-09-12 09:49:33,653 - INFO - Successfully migrated: /Users/simongoldman/Documents/TransparentSF_from_git/transparentSF/ai/output/annual/10/63.md
2025-09-12 09:49:33,948 - INFO - Successfully stored file in GCS: transparentsf/annual/10/12.json
2025-09-12 09:49:33,948 - INFO - Successfully migrated: /Users/simongoldman/Documents/TransparentSF_from_git/transparentSF/ai/output/annual/10/12.md
2025-09-12 09:49:34,251 - INFO - Successfully stored file in GCS: transparentsf/annual/10/17.json
2025-09-12 09:49:34,252 - INFO - Successfully migrated: /Users/simongoldman/Documents/TransparentSF_from_git/transparentSF/ai/output/annual/10/17.md
2025-09-12 09:49:34,549 - INFO - Successfully stored file in GCS: transparentsf/annual/10/23.json
2025-09-12 09:49:34,549 - INFO - Successfully migrated: /Users/simongoldman/Documents/TransparentSF_from_git/transparentSF/ai/output/annual/10/23.md
2025-09-12 09:49:34,890 - INFO - Successfully stored file in GCS: transparentsf/annual/10/24.json
2025-09-12 09:49:34,890 - INFO - Successfully migrated: /Users/simongoldman/Documents/TransparentSF_from_git/transparentSF/ai/output/annual/10/24.md
2025-09-12 09:49:35,185 - INFO - Successfully stored file in GCS: transparentsf/annual/10/9.json
2025-09-12 09:49:35,185 - INFO - Successfully migrated: /Users/simongoldman/Documents/TransparentSF_from_git/transparentSF/ai/output/annual/10/9.md
2025-09-12 09:49:35,509 - INFO - Successfully stored file in GCS: transparentsf/annual/10/65.json
2025-09-12 09:49:35,509 - INFO - Successfully migrated: /Users/simongoldman/Documents/TransparentSF_from_git/transparentSF/ai/output/annual/10/65.md
2025-09-12 09:49:35,806 - INFO - Successfully stored file in GCS: transparentsf/annual/10/14.json
2025-09-12 09:49:35,806 - INFO - Successfully migrated: /Users/simongoldman/Documents/TransparentSF_from_git/transparentSF/ai/output/annual/10/14.md
2025-09-12 09:49:36,094 - INFO - Successfully stored file in GCS: transparentsf/annual/10/30.json
2025-09-12 09:49:36,094 - INFO - Successfully migrated: /Users/simongoldman/Documents/TransparentSF_from_git/transparentSF/ai/output/annual/10/30.md
2025-09-12 09:49:36,464 - INFO - Successfully stored file in GCS: transparentsf/annual/10/15.json
2025-09-12 09:49:36,464 - INFO - Successfully migrated: /Users/simongoldman/Documents/TransparentSF_from_git/transparentSF/ai/output/annual/10/15.md
2025-09-12 09:49:36,747 - INFO - Successfully stored file in GCS: transparentsf/annual/10/40.json
2025-09-12 09:49:36,747 - INFO - Successfully migrated: /Users/simongoldman/Documents/TransparentSF_from_git/transparentSF/ai/output/annual/10/40.md
2025-09-12 09:49:37,033 - INFO - Successfully stored file in GCS: transparentsf/annual/10/8.json
2025-09-12 09:49:37,033 - INFO - Successfully migrated: /Users/simongoldman/Documents/TransparentSF_from_git/transparentSF/ai/output/annual/10/8.md
2025-09-12 09:49:37,317 - INFO - Successfully stored file in GCS: transparentsf/annual/10/35.json
2025-09-12 09:49:37,317 - INFO - Successfully migrated: /Users/simongoldman/Documents/TransparentSF_from_git/transparentSF/ai/output/annual/10/35.md
2025-09-12 09:49:37,602 - INFO - Successfully stored file in GCS: transparentsf/annual/10/3.json
2025-09-12 09:49:37,602 - INFO - Successfully migrated: /Users/simongoldman/Documents/TransparentSF_from_git/transparentSF/ai/output/annual/10/3.md
2025-09-12 09:49:37,897 - INFO - Successfully stored file in GCS: transparentsf/annual/10/2.json
2025-09-12 09:49:37,897 - INFO - Successfully migrated: /Users/simongoldman/Documents/TransparentSF_from_git/transparentSF/ai/output/annual/10/2.md
2025-09-12 09:49:38,185 - INFO - Successfully stored file in GCS: transparentsf/annual/8/69.json
2025-09-12 09:49:38,185 - INFO - Successfully migrated: /Users/simongoldman/Documents/TransparentSF_from_git/transparentSF/ai/output/annual/8/69.md
2025-09-12 09:49:38,467 - INFO - Successfully stored file in GCS: transparentsf/annual/8/38.json
2025-09-12 09:49:38,467 - INFO - Successfully migrated: /Users/simongoldman/Documents/TransparentSF_from_git/transparentSF/ai/output/annual/8/38.md
2025-09-12 09:49:38,831 - INFO - Successfully stored file in GCS: transparentsf/annual/8/18.json
2025-09-12 09:49:38,832 - INFO - Successfully migrated: /Users/simongoldman/Documents/TransparentSF_from_git/transparentSF/ai/output/annual/8/18.md
2025-09-12 09:49:39,114 - INFO - Successfully stored file in GCS: transparentsf/annual/8/1.json
2025-09-12 09:49:39,114 - INFO - Successfully migrated: /Users/simongoldman/Documents/TransparentSF_from_git/transparentSF/ai/output/annual/8/1.md
2025-09-12 09:49:39,409 - INFO - Successfully stored file in GCS: transparentsf/annual/8/19.json
2025-09-12 09:49:39,409 - INFO - Successfully migrated: /Users/simongoldman/Documents/TransparentSF_from_git/transparentSF/ai/output/annual/8/19.md
2025-09-12 09:49:39,690 - INFO - Successfully stored file in GCS: transparentsf/annual/8/29.json
2025-09-12 09:49:39,690 - INFO - Successfully migrated: /Users/simongoldman/Documents/TransparentSF_from_git/transparentSF/ai/output/annual/8/29.md
2025-09-12 09:49:39,985 - INFO - Successfully stored file in GCS: transparentsf/annual/8/4.json
2025-09-12 09:49:39,985 - INFO - Successfully migrated: /Users/simongoldman/Documents/TransparentSF_from_git/transparentSF/ai/output/annual/8/4.md
2025-09-12 09:49:40,267 - INFO - Successfully stored file in GCS: transparentsf/annual/8/16.json
2025-09-12 09:49:40,267 - INFO - Successfully migrated: /Users/simongoldman/Documents/TransparentSF_from_git/transparentSF/ai/output/annual/8/16.md
2025-09-12 09:49:40,551 - INFO - Successfully stored file in GCS: transparentsf/annual/8/22.json
2025-09-12 09:49:40,552 - INFO - Successfully migrated: /Users/simongoldman/Documents/TransparentSF_from_git/transparentSF/ai/output/annual/8/22.md
2025-09-12 09:49:40,843 - INFO - Successfully stored file in GCS: transparentsf/annual/8/63.json
2025-09-12 09:49:40,844 - INFO - Successfully migrated: /Users/simongoldman/Documents/TransparentSF_from_git/transparentSF/ai/output/annual/8/63.md
2025-09-12 09:49:41,181 - INFO - Successfully stored file in GCS: transparentsf/annual/8/12.json
2025-09-12 09:49:41,181 - INFO - Successfully migrated: /Users/simongoldman/Documents/TransparentSF_from_git/transparentSF/ai/output/annual/8/12.md
2025-09-12 09:49:41,482 - INFO - Successfully stored file in GCS: transparentsf/annual/8/43.json
2025-09-12 09:49:41,482 - INFO - Successfully migrated: /Users/simongoldman/Documents/TransparentSF_from_git/transparentSF/ai/output/annual/8/43.md
2025-09-12 09:49:41,774 - INFO - Successfully stored file in GCS: transparentsf/annual/8/17.json
2025-09-12 09:49:41,775 - INFO - Successfully migrated: /Users/simongoldman/Documents/TransparentSF_from_git/transparentSF/ai/output/annual/8/17.md
2025-09-12 09:49:42,054 - INFO - Successfully stored file in GCS: transparentsf/annual/8/23.json
2025-09-12 09:49:42,055 - INFO - Successfully migrated: /Users/simongoldman/Documents/TransparentSF_from_git/transparentSF/ai/output/annual/8/23.md
2025-09-12 09:49:42,335 - INFO - Successfully stored file in GCS: transparentsf/annual/8/24.json
2025-09-12 09:49:42,336 - INFO - Successfully migrated: /Users/simongoldman/Documents/TransparentSF_from_git/transparentSF/ai/output/annual/8/24.md
2025-09-12 09:49:42,632 - INFO - Successfully stored file in GCS: transparentsf/annual/8/41.json
2025-09-12 09:49:42,632 - INFO - Successfully migrated: /Users/simongoldman/Documents/TransparentSF_from_git/transparentSF/ai/output/annual/8/41.md
2025-09-12 09:49:42,913 - INFO - Successfully stored file in GCS: transparentsf/annual/8/9.json
2025-09-12 09:49:42,913 - INFO - Successfully migrated: /Users/simongoldman/Documents/TransparentSF_from_git/transparentSF/ai/output/annual/8/9.md
2025-09-12 09:49:43,279 - INFO - Successfully stored file in GCS: transparentsf/annual/8/65.json
2025-09-12 09:49:43,280 - INFO - Successfully migrated: /Users/simongoldman/Documents/TransparentSF_from_git/transparentSF/ai/output/annual/8/65.md
2025-09-12 09:49:43,574 - INFO - Successfully stored file in GCS: transparentsf/annual/8/34.json
2025-09-12 09:49:43,575 - INFO - Successfully migrated: /Users/simongoldman/Documents/TransparentSF_from_git/transparentSF/ai/output/annual/8/34.md
2025-09-12 09:49:43,871 - INFO - Successfully stored file in GCS: transparentsf/annual/8/14.json
2025-09-12 09:49:43,871 - INFO - Successfully migrated: /Users/simongoldman/Documents/TransparentSF_from_git/transparentSF/ai/output/annual/8/14.md
2025-09-12 09:49:44,159 - INFO - Successfully stored file in GCS: transparentsf/annual/8/30.json
2025-09-12 09:49:44,159 - INFO - Successfully migrated: /Users/simongoldman/Documents/TransparentSF_from_git/transparentSF/ai/output/annual/8/30.md
2025-09-12 09:49:44,440 - INFO - Successfully stored file in GCS: transparentsf/annual/8/15.json
2025-09-12 09:49:44,440 - INFO - Successfully migrated: /Users/simongoldman/Documents/TransparentSF_from_git/transparentSF/ai/output/annual/8/15.md
2025-09-12 09:49:44,729 - INFO - Successfully stored file in GCS: transparentsf/annual/8/40.json
2025-09-12 09:49:44,729 - INFO - Successfully migrated: /Users/simongoldman/Documents/TransparentSF_from_git/transparentSF/ai/output/annual/8/40.md
2025-09-12 09:49:45,014 - INFO - Successfully stored file in GCS: transparentsf/annual/8/8.json
2025-09-12 09:49:45,014 - INFO - Successfully migrated: /Users/simongoldman/Documents/TransparentSF_from_git/transparentSF/ai/output/annual/8/8.md
2025-09-12 09:49:45,376 - INFO - Successfully stored file in GCS: transparentsf/annual/8/35.json
2025-09-12 09:49:45,377 - INFO - Successfully migrated: /Users/simongoldman/Documents/TransparentSF_from_git/transparentSF/ai/output/annual/8/35.md
2025-09-12 09:49:45,669 - INFO - Successfully stored file in GCS: transparentsf/annual/8/3.json
2025-09-12 09:49:45,669 - INFO - Successfully migrated: /Users/simongoldman/Documents/TransparentSF_from_git/transparentSF/ai/output/annual/8/3.md
2025-09-12 09:49:45,962 - INFO - Successfully stored file in GCS: transparentsf/annual/8/2.json
2025-09-12 09:49:45,963 - INFO - Successfully migrated: /Users/simongoldman/Documents/TransparentSF_from_git/transparentSF/ai/output/annual/8/2.md
2025-09-12 09:49:46,257 - INFO - Successfully stored file in GCS: transparentsf/annual/6.0/19.json
2025-09-12 09:49:46,257 - INFO - Successfully migrated: /Users/simongoldman/Documents/TransparentSF_from_git/transparentSF/ai/output/annual/6.0/19.md
2025-09-12 09:49:46,549 - INFO - Successfully stored file in GCS: transparentsf/annual/6.0/30.json
2025-09-12 09:49:46,549 - INFO - Successfully migrated: /Users/simongoldman/Documents/TransparentSF_from_git/transparentSF/ai/output/annual/6.0/30.md
2025-09-12 09:49:46,949 - INFO - Successfully stored file in GCS: transparentsf/annual/2.00000/19.json
2025-09-12 09:49:46,949 - INFO - Successfully migrated: /Users/simongoldman/Documents/TransparentSF_from_git/transparentSF/ai/output/annual/2.00000/19.md
2025-09-12 09:49:47,250 - INFO - Successfully stored file in GCS: transparentsf/annual/2.00000/30.json
2025-09-12 09:49:47,250 - INFO - Successfully migrated: /Users/simongoldman/Documents/TransparentSF_from_git/transparentSF/ai/output/annual/2.00000/30.md
2025-09-12 09:49:47,567 - INFO - Successfully stored file in GCS: transparentsf/annual/0.00000/19.json
2025-09-12 09:49:47,568 - INFO - Successfully migrated: /Users/simongoldman/Documents/TransparentSF_from_git/transparentSF/ai/output/annual/0.00000/19.md
2025-09-12 09:49:47,864 - INFO - Successfully stored file in GCS: transparentsf/annual/0.00000/30.json
2025-09-12 09:49:47,864 - INFO - Successfully migrated: /Users/simongoldman/Documents/TransparentSF_from_git/transparentSF/ai/output/annual/0.00000/30.md
2025-09-12 09:49:48,197 - INFO - Successfully stored file in GCS: transparentsf/annual/3.0/19.json
2025-09-12 09:49:48,197 - INFO - Successfully migrated: /Users/simongoldman/Documents/TransparentSF_from_git/transparentSF/ai/output/annual/3.0/19.md
2025-09-12 09:49:48,524 - INFO - Successfully stored file in GCS: transparentsf/annual/3.0/30.json
2025-09-12 09:49:48,524 - INFO - Successfully migrated: /Users/simongoldman/Documents/TransparentSF_from_git/transparentSF/ai/output/annual/3.0/30.md
2025-09-12 09:49:48,839 - INFO - Successfully stored file in GCS: transparentsf/annual/9.0/19.json
2025-09-12 09:49:48,840 - INFO - Successfully migrated: /Users/simongoldman/Documents/TransparentSF_from_git/transparentSF/ai/output/annual/9.0/19.md
2025-09-12 09:49:49,163 - INFO - Successfully stored file in GCS: transparentsf/annual/9.0/30.json
2025-09-12 09:49:49,163 - INFO - Successfully migrated: /Users/simongoldman/Documents/TransparentSF_from_git/transparentSF/ai/output/annual/9.0/30.md
2025-09-12 09:49:49,454 - INFO - Successfully stored file in GCS: transparentsf/annual/4.00000/19.json
2025-09-12 09:49:49,454 - INFO - Successfully migrated: /Users/simongoldman/Documents/TransparentSF_from_git/transparentSF/ai/output/annual/4.00000/19.md
2025-09-12 09:49:49,753 - INFO - Successfully stored file in GCS: transparentsf/annual/4.00000/30.json
2025-09-12 09:49:49,754 - INFO - Successfully migrated: /Users/simongoldman/Documents/TransparentSF_from_git/transparentSF/ai/output/annual/4.00000/30.md
2025-09-12 09:49:50,095 - INFO - Successfully stored file in GCS: transparentsf/annual/6.00000/19.json
2025-09-12 09:49:50,095 - INFO - Successfully migrated: /Users/simongoldman/Documents/TransparentSF_from_git/transparentSF/ai/output/annual/6.00000/19.md
2025-09-12 09:49:50,386 - INFO - Successfully stored file in GCS: transparentsf/annual/6.00000/30.json
2025-09-12 09:49:50,386 - INFO - Successfully migrated: /Users/simongoldman/Documents/TransparentSF_from_git/transparentSF/ai/output/annual/6.00000/30.md
2025-09-12 09:49:50,681 - INFO - Successfully stored file in GCS: transparentsf/annual/7.0/19.json
2025-09-12 09:49:50,682 - INFO - Successfully migrated: /Users/simongoldman/Documents/TransparentSF_from_git/transparentSF/ai/output/annual/7.0/19.md
2025-09-12 09:49:51,019 - INFO - Successfully stored file in GCS: transparentsf/annual/7.0/30.json
2025-09-12 09:49:51,020 - INFO - Successfully migrated: /Users/simongoldman/Documents/TransparentSF_from_git/transparentSF/ai/output/annual/7.0/30.md
2025-09-12 09:49:51,317 - INFO - Successfully stored file in GCS: transparentsf/annual/1.00000/19.json
2025-09-12 09:49:51,318 - INFO - Successfully migrated: /Users/simongoldman/Documents/TransparentSF_from_git/transparentSF/ai/output/annual/1.00000/19.md
2025-09-12 09:49:51,668 - INFO - Successfully stored file in GCS: transparentsf/annual/1.00000/30.json
2025-09-12 09:49:51,669 - INFO - Successfully migrated: /Users/simongoldman/Documents/TransparentSF_from_git/transparentSF/ai/output/annual/1.00000/30.md
2025-09-12 09:49:52,014 - INFO - Successfully stored file in GCS: transparentsf/annual/3.00000/19.json
2025-09-12 09:49:52,014 - INFO - Successfully migrated: /Users/simongoldman/Documents/TransparentSF_from_git/transparentSF/ai/output/annual/3.00000/19.md
2025-09-12 09:49:52,302 - INFO - Successfully stored file in GCS: transparentsf/annual/3.00000/30.json
2025-09-12 09:49:52,302 - INFO - Successfully migrated: /Users/simongoldman/Documents/TransparentSF_from_git/transparentSF/ai/output/annual/3.00000/30.md
2025-09-12 09:49:52,601 - INFO - Successfully stored file in GCS: transparentsf/annual/7.00000/19.json
2025-09-12 09:49:52,601 - INFO - Successfully migrated: /Users/simongoldman/Documents/TransparentSF_from_git/transparentSF/ai/output/annual/7.00000/19.md
2025-09-12 09:49:52,907 - INFO - Successfully stored file in GCS: transparentsf/annual/7.00000/30.json
2025-09-12 09:49:52,907 - INFO - Successfully migrated: /Users/simongoldman/Documents/TransparentSF_from_git/transparentSF/ai/output/annual/7.00000/30.md
2025-09-12 09:49:53,240 - INFO - Successfully stored file in GCS: transparentsf/annual/0.0/19.json
2025-09-12 09:49:53,241 - INFO - Successfully migrated: /Users/simongoldman/Documents/TransparentSF_from_git/transparentSF/ai/output/annual/0.0/19.md
2025-09-12 09:49:53,547 - INFO - Successfully stored file in GCS: transparentsf/annual/0.0/30.json
2025-09-12 09:49:53,547 - INFO - Successfully migrated: /Users/simongoldman/Documents/TransparentSF_from_git/transparentSF/ai/output/annual/0.0/30.md
2025-09-12 09:49:53,847 - INFO - Successfully stored file in GCS: transparentsf/annual/4/69.json
2025-09-12 09:49:53,847 - INFO - Successfully migrated: /Users/simongoldman/Documents/TransparentSF_from_git/transparentSF/ai/output/annual/4/69.md
2025-09-12 09:49:54,146 - INFO - Successfully stored file in GCS: transparentsf/annual/4/38.json
2025-09-12 09:49:54,147 - INFO - Successfully migrated: /Users/simongoldman/Documents/TransparentSF_from_git/transparentSF/ai/output/annual/4/38.md
2025-09-12 09:49:54,431 - INFO - Successfully stored file in GCS: transparentsf/annual/4/18.json
2025-09-12 09:49:54,431 - INFO - Successfully migrated: /Users/simongoldman/Documents/TransparentSF_from_git/transparentSF/ai/output/annual/4/18.md
2025-09-12 09:49:54,723 - INFO - Successfully stored file in GCS: transparentsf/annual/4/1.json
2025-09-12 09:49:54,723 - INFO - Successfully migrated: /Users/simongoldman/Documents/TransparentSF_from_git/transparentSF/ai/output/annual/4/1.md
2025-09-12 09:49:55,090 - INFO - Successfully stored file in GCS: transparentsf/annual/4/19.json
2025-09-12 09:49:55,090 - INFO - Successfully migrated: /Users/simongoldman/Documents/TransparentSF_from_git/transparentSF/ai/output/annual/4/19.md
2025-09-12 09:49:55,394 - INFO - Successfully stored file in GCS: transparentsf/annual/4/29.json
2025-09-12 09:49:55,394 - INFO - Successfully migrated: /Users/simongoldman/Documents/TransparentSF_from_git/transparentSF/ai/output/annual/4/29.md
2025-09-12 09:49:55,689 - INFO - Successfully stored file in GCS: transparentsf/annual/4/4.json
2025-09-12 09:49:55,689 - INFO - Successfully migrated: /Users/simongoldman/Documents/TransparentSF_from_git/transparentSF/ai/output/annual/4/4.md
2025-09-12 09:49:55,985 - INFO - Successfully stored file in GCS: transparentsf/annual/4/16.json
2025-09-12 09:49:55,985 - INFO - Successfully migrated: /Users/simongoldman/Documents/TransparentSF_from_git/transparentSF/ai/output/annual/4/16.md
2025-09-12 09:49:56,282 - INFO - Successfully stored file in GCS: transparentsf/annual/4/22.json
2025-09-12 09:49:56,282 - INFO - Successfully migrated: /Users/simongoldman/Documents/TransparentSF_from_git/transparentSF/ai/output/annual/4/22.md
2025-09-12 09:49:56,574 - INFO - Successfully stored file in GCS: transparentsf/annual/4/63.json
2025-09-12 09:49:56,574 - INFO - Successfully migrated: /Users/simongoldman/Documents/TransparentSF_from_git/transparentSF/ai/output/annual/4/63.md
2025-09-12 09:49:56,914 - INFO - Successfully stored file in GCS: transparentsf/annual/4/12.json
2025-09-12 09:49:56,914 - INFO - Successfully migrated: /Users/simongoldman/Documents/TransparentSF_from_git/transparentSF/ai/output/annual/4/12.md
2025-09-12 09:49:57,206 - INFO - Successfully stored file in GCS: transparentsf/annual/4/17.json
2025-09-12 09:49:57,206 - INFO - Successfully migrated: /Users/simongoldman/Documents/TransparentSF_from_git/transparentSF/ai/output/annual/4/17.md
2025-09-12 09:49:57,497 - INFO - Successfully stored file in GCS: transparentsf/annual/4/23.json
2025-09-12 09:49:57,497 - INFO - Successfully migrated: /Users/simongoldman/Documents/TransparentSF_from_git/transparentSF/ai/output/annual/4/23.md
2025-09-12 09:49:57,802 - INFO - Successfully stored file in GCS: transparentsf/annual/4/24.json
2025-09-12 09:49:57,802 - INFO - Successfully migrated: /Users/simongoldman/Documents/TransparentSF_from_git/transparentSF/ai/output/annual/4/24.md
2025-09-12 09:49:58,095 - INFO - Successfully stored file in GCS: transparentsf/annual/4/9.json
2025-09-12 09:49:58,095 - INFO - Successfully migrated: /Users/simongoldman/Documents/TransparentSF_from_git/transparentSF/ai/output/annual/4/9.md
2025-09-12 09:49:58,483 - INFO - Successfully stored file in GCS: transparentsf/annual/4/65.json
2025-09-12 09:49:58,483 - INFO - Successfully migrated: /Users/simongoldman/Documents/TransparentSF_from_git/transparentSF/ai/output/annual/4/65.md
2025-09-12 09:49:58,774 - INFO - Successfully stored file in GCS: transparentsf/annual/4/14.json
2025-09-12 09:49:58,774 - INFO - Successfully migrated: /Users/simongoldman/Documents/TransparentSF_from_git/transparentSF/ai/output/annual/4/14.md
2025-09-12 09:49:59,070 - INFO - Successfully stored file in GCS: transparentsf/annual/4/30.json
2025-09-12 09:49:59,070 - INFO - Successfully migrated: /Users/simongoldman/Documents/TransparentSF_from_git/transparentSF/ai/output/annual/4/30.md
2025-09-12 09:49:59,354 - INFO - Successfully stored file in GCS: transparentsf/annual/4/15.json
2025-09-12 09:49:59,354 - INFO - Successfully migrated: /Users/simongoldman/Documents/TransparentSF_from_git/transparentSF/ai/output/annual/4/15.md
2025-09-12 09:49:59,646 - INFO - Successfully stored file in GCS: transparentsf/annual/4/40.json
2025-09-12 09:49:59,646 - INFO - Successfully migrated: /Users/simongoldman/Documents/TransparentSF_from_git/transparentSF/ai/output/annual/4/40.md
2025-09-12 09:49:59,934 - INFO - Successfully stored file in GCS: transparentsf/annual/4/8.json
2025-09-12 09:49:59,935 - INFO - Successfully migrated: /Users/simongoldman/Documents/TransparentSF_from_git/transparentSF/ai/output/annual/4/8.md
2025-09-12 09:50:00,227 - INFO - Successfully stored file in GCS: transparentsf/annual/4/35.json
2025-09-12 09:50:00,227 - INFO - Successfully migrated: /Users/simongoldman/Documents/TransparentSF_from_git/transparentSF/ai/output/annual/4/35.md
2025-09-12 09:50:00,582 - INFO - Successfully stored file in GCS: transparentsf/annual/4/3.json
2025-09-12 09:50:00,582 - INFO - Successfully migrated: /Users/simongoldman/Documents/TransparentSF_from_git/transparentSF/ai/output/annual/4/3.md
2025-09-12 09:50:00,885 - INFO - Successfully stored file in GCS: transparentsf/annual/4/2.json
2025-09-12 09:50:00,885 - INFO - Successfully migrated: /Users/simongoldman/Documents/TransparentSF_from_git/transparentSF/ai/output/annual/4/2.md
2025-09-12 09:50:01,186 - INFO - Successfully stored file in GCS: transparentsf/annual/3/69.json
2025-09-12 09:50:01,186 - INFO - Successfully migrated: /Users/simongoldman/Documents/TransparentSF_from_git/transparentSF/ai/output/annual/3/69.md
2025-09-12 09:50:01,476 - INFO - Successfully stored file in GCS: transparentsf/annual/3/38.json
2025-09-12 09:50:01,476 - INFO - Successfully migrated: /Users/simongoldman/Documents/TransparentSF_from_git/transparentSF/ai/output/annual/3/38.md
2025-09-12 09:50:01,770 - INFO - Successfully stored file in GCS: transparentsf/annual/3/18.json
2025-09-12 09:50:01,770 - INFO - Successfully migrated: /Users/simongoldman/Documents/TransparentSF_from_git/transparentSF/ai/output/annual/3/18.md
2025-09-12 09:50:02,154 - INFO - Successfully stored file in GCS: transparentsf/annual/3/1.json
2025-09-12 09:50:02,154 - INFO - Successfully migrated: /Users/simongoldman/Documents/TransparentSF_from_git/transparentSF/ai/output/annual/3/1.md
2025-09-12 09:50:02,467 - INFO - Successfully stored file in GCS: transparentsf/annual/3/19.json
2025-09-12 09:50:02,467 - INFO - Successfully migrated: /Users/simongoldman/Documents/TransparentSF_from_git/transparentSF/ai/output/annual/3/19.md
2025-09-12 09:50:02,758 - INFO - Successfully stored file in GCS: transparentsf/annual/3/29.json
2025-09-12 09:50:02,759 - INFO - Successfully migrated: /Users/simongoldman/Documents/TransparentSF_from_git/transparentSF/ai/output/annual/3/29.md
2025-09-12 09:50:03,048 - INFO - Successfully stored file in GCS: transparentsf/annual/3/4.json
2025-09-12 09:50:03,048 - INFO - Successfully migrated: /Users/simongoldman/Documents/TransparentSF_from_git/transparentSF/ai/output/annual/3/4.md
2025-09-12 09:50:03,350 - INFO - Successfully stored file in GCS: transparentsf/annual/3/16.json
2025-09-12 09:50:03,350 - INFO - Successfully migrated: /Users/simongoldman/Documents/TransparentSF_from_git/transparentSF/ai/output/annual/3/16.md
2025-09-12 09:50:03,725 - INFO - Successfully stored file in GCS: transparentsf/annual/3/22.json
2025-09-12 09:50:03,725 - INFO - Successfully migrated: /Users/simongoldman/Documents/TransparentSF_from_git/transparentSF/ai/output/annual/3/22.md
2025-09-12 09:50:04,016 - INFO - Successfully stored file in GCS: transparentsf/annual/3/63.json
2025-09-12 09:50:04,016 - INFO - Successfully migrated: /Users/simongoldman/Documents/TransparentSF_from_git/transparentSF/ai/output/annual/3/63.md
2025-09-12 09:50:04,320 - INFO - Successfully stored file in GCS: transparentsf/annual/3/12.json
2025-09-12 09:50:04,320 - INFO - Successfully migrated: /Users/simongoldman/Documents/TransparentSF_from_git/transparentSF/ai/output/annual/3/12.md
2025-09-12 09:50:04,601 - INFO - Successfully stored file in GCS: transparentsf/annual/3/46.json
2025-09-12 09:50:04,601 - INFO - Successfully migrated: /Users/simongoldman/Documents/TransparentSF_from_git/transparentSF/ai/output/annual/3/46.md
2025-09-12 09:50:04,902 - INFO - Successfully stored file in GCS: transparentsf/annual/3/17.json
2025-09-12 09:50:04,903 - INFO - Successfully migrated: /Users/simongoldman/Documents/TransparentSF_from_git/transparentSF/ai/output/annual/3/17.md
2025-09-12 09:50:05,193 - INFO - Successfully stored file in GCS: transparentsf/annual/3/23.json
2025-09-12 09:50:05,193 - INFO - Successfully migrated: /Users/simongoldman/Documents/TransparentSF_from_git/transparentSF/ai/output/annual/3/23.md
2025-09-12 09:50:05,485 - INFO - Successfully stored file in GCS: transparentsf/annual/3/24.json
2025-09-12 09:50:05,486 - INFO - Successfully migrated: /Users/simongoldman/Documents/TransparentSF_from_git/transparentSF/ai/output/annual/3/24.md
2025-09-12 09:50:05,824 - INFO - Successfully stored file in GCS: transparentsf/annual/3/9.json
2025-09-12 09:50:05,824 - INFO - Successfully migrated: /Users/simongoldman/Documents/TransparentSF_from_git/transparentSF/ai/output/annual/3/9.md
2025-09-12 09:50:06,116 - INFO - Successfully stored file in GCS: transparentsf/annual/3/65.json
2025-09-12 09:50:06,116 - INFO - Successfully migrated: /Users/simongoldman/Documents/TransparentSF_from_git/transparentSF/ai/output/annual/3/65.md
2025-09-12 09:50:06,418 - INFO - Successfully stored file in GCS: transparentsf/annual/3/34.json
2025-09-12 09:50:06,418 - INFO - Successfully migrated: /Users/simongoldman/Documents/TransparentSF_from_git/transparentSF/ai/output/annual/3/34.md
2025-09-12 09:50:06,720 - INFO - Successfully stored file in GCS: transparentsf/annual/3/14.json
2025-09-12 09:50:06,720 - INFO - Successfully migrated: /Users/simongoldman/Documents/TransparentSF_from_git/transparentSF/ai/output/annual/3/14.md
2025-09-12 09:50:07,016 - INFO - Successfully stored file in GCS: transparentsf/annual/3/30.json
2025-09-12 09:50:07,016 - INFO - Successfully migrated: /Users/simongoldman/Documents/TransparentSF_from_git/transparentSF/ai/output/annual/3/30.md
2025-09-12 09:50:07,302 - INFO - Successfully stored file in GCS: transparentsf/annual/3/15.json
2025-09-12 09:50:07,302 - INFO - Successfully migrated: /Users/simongoldman/Documents/TransparentSF_from_git/transparentSF/ai/output/annual/3/15.md
2025-09-12 09:50:07,575 - INFO - Successfully stored file in GCS: transparentsf/annual/3/40.json
2025-09-12 09:50:07,575 - INFO - Successfully migrated: /Users/simongoldman/Documents/TransparentSF_from_git/transparentSF/ai/output/annual/3/40.md
2025-09-12 09:50:07,981 - INFO - Successfully stored file in GCS: transparentsf/annual/3/8.json
2025-09-12 09:50:07,981 - INFO - Successfully migrated: /Users/simongoldman/Documents/TransparentSF_from_git/transparentSF/ai/output/annual/3/8.md
2025-09-12 09:50:08,509 - INFO - Successfully stored file in GCS: transparentsf/annual/3/35.json
2025-09-12 09:50:08,509 - INFO - Successfully migrated: /Users/simongoldman/Documents/TransparentSF_from_git/transparentSF/ai/output/annual/3/35.md
2025-09-12 09:50:09,029 - INFO - Successfully stored file in GCS: transparentsf/annual/3/3.json
2025-09-12 09:50:09,030 - INFO - Successfully migrated: /Users/simongoldman/Documents/TransparentSF_from_git/transparentSF/ai/output/annual/3/3.md
2025-09-12 09:50:09,325 - INFO - Successfully stored file in GCS: transparentsf/annual/3/2.json
2025-09-12 09:50:09,325 - INFO - Successfully migrated: /Users/simongoldman/Documents/TransparentSF_from_git/transparentSF/ai/output/annual/3/2.md
2025-09-12 09:50:09,613 - INFO - Successfully stored file in GCS: transparentsf/annual/11.0/19.json
2025-09-12 09:50:09,613 - INFO - Successfully migrated: /Users/simongoldman/Documents/TransparentSF_from_git/transparentSF/ai/output/annual/11.0/19.md
2025-09-12 09:50:10,018 - INFO - Successfully stored file in GCS: transparentsf/annual/11.0/30.json
2025-09-12 09:50:10,018 - INFO - Successfully migrated: /Users/simongoldman/Documents/TransparentSF_from_git/transparentSF/ai/output/annual/11.0/30.md
2025-09-12 09:50:10,345 - INFO - Successfully stored file in GCS: transparentsf/annual/4.0/19.json
2025-09-12 09:50:10,346 - INFO - Successfully migrated: /Users/simongoldman/Documents/TransparentSF_from_git/transparentSF/ai/output/annual/4.0/19.md
2025-09-12 09:50:10,652 - INFO - Successfully stored file in GCS: transparentsf/annual/4.0/30.json
2025-09-12 09:50:10,653 - INFO - Successfully migrated: /Users/simongoldman/Documents/TransparentSF_from_git/transparentSF/ai/output/annual/4.0/30.md
2025-09-12 09:50:11,070 - INFO - Successfully stored file in GCS: transparentsf/annual/2/69.json
2025-09-12 09:50:11,071 - INFO - Successfully migrated: /Users/simongoldman/Documents/TransparentSF_from_git/transparentSF/ai/output/annual/2/69.md
2025-09-12 09:50:11,363 - INFO - Successfully stored file in GCS: transparentsf/annual/2/38.json
2025-09-12 09:50:11,364 - INFO - Successfully migrated: /Users/simongoldman/Documents/TransparentSF_from_git/transparentSF/ai/output/annual/2/38.md
2025-09-12 09:50:11,661 - INFO - Successfully stored file in GCS: transparentsf/annual/2/18.json
2025-09-12 09:50:11,661 - INFO - Successfully migrated: /Users/simongoldman/Documents/TransparentSF_from_git/transparentSF/ai/output/annual/2/18.md
2025-09-12 09:50:11,949 - INFO - Successfully stored file in GCS: transparentsf/annual/2/1.json
2025-09-12 09:50:11,950 - INFO - Successfully migrated: /Users/simongoldman/Documents/TransparentSF_from_git/transparentSF/ai/output/annual/2/1.md
2025-09-12 09:50:12,225 - INFO - Successfully stored file in GCS: transparentsf/annual/2/19.json
2025-09-12 09:50:12,225 - INFO - Successfully migrated: /Users/simongoldman/Documents/TransparentSF_from_git/transparentSF/ai/output/annual/2/19.md
2025-09-12 09:50:12,538 - INFO - Successfully stored file in GCS: transparentsf/annual/2/29.json
2025-09-12 09:50:12,539 - INFO - Successfully migrated: /Users/simongoldman/Documents/TransparentSF_from_git/transparentSF/ai/output/annual/2/29.md
2025-09-12 09:50:12,916 - INFO - Successfully stored file in GCS: transparentsf/annual/2/4.json
2025-09-12 09:50:12,916 - INFO - Successfully migrated: /Users/simongoldman/Documents/TransparentSF_from_git/transparentSF/ai/output/annual/2/4.md
2025-09-12 09:50:13,201 - INFO - Successfully stored file in GCS: transparentsf/annual/2/16.json
2025-09-12 09:50:13,201 - INFO - Successfully migrated: /Users/simongoldman/Documents/TransparentSF_from_git/transparentSF/ai/output/annual/2/16.md
2025-09-12 09:50:13,489 - INFO - Successfully stored file in GCS: transparentsf/annual/2/22.json
2025-09-12 09:50:13,489 - INFO - Successfully migrated: /Users/simongoldman/Documents/TransparentSF_from_git/transparentSF/ai/output/annual/2/22.md
2025-09-12 09:50:13,766 - INFO - Successfully stored file in GCS: transparentsf/annual/2/63.json
2025-09-12 09:50:13,767 - INFO - Successfully migrated: /Users/simongoldman/Documents/TransparentSF_from_git/transparentSF/ai/output/annual/2/63.md
2025-09-12 09:50:14,065 - INFO - Successfully stored file in GCS: transparentsf/annual/2/12.json
2025-09-12 09:50:14,065 - INFO - Successfully migrated: /Users/simongoldman/Documents/TransparentSF_from_git/transparentSF/ai/output/annual/2/12.md
2025-09-12 09:50:14,363 - INFO - Successfully stored file in GCS: transparentsf/annual/2/17.json
2025-09-12 09:50:14,363 - INFO - Successfully migrated: /Users/simongoldman/Documents/TransparentSF_from_git/transparentSF/ai/output/annual/2/17.md
2025-09-12 09:50:14,737 - INFO - Successfully stored file in GCS: transparentsf/annual/2/23.json
2025-09-12 09:50:14,737 - INFO - Successfully migrated: /Users/simongoldman/Documents/TransparentSF_from_git/transparentSF/ai/output/annual/2/23.md
2025-09-12 09:50:15,024 - INFO - Successfully stored file in GCS: transparentsf/annual/2/24.json
2025-09-12 09:50:15,024 - INFO - Successfully migrated: /Users/simongoldman/Documents/TransparentSF_from_git/transparentSF/ai/output/annual/2/24.md
2025-09-12 09:50:15,328 - INFO - Successfully stored file in GCS: transparentsf/annual/2/9.json
2025-09-12 09:50:15,328 - INFO - Successfully migrated: /Users/simongoldman/Documents/TransparentSF_from_git/transparentSF/ai/output/annual/2/9.md
2025-09-12 09:50:15,615 - INFO - Successfully stored file in GCS: transparentsf/annual/2/65.json
2025-09-12 09:50:15,616 - INFO - Successfully migrated: /Users/simongoldman/Documents/TransparentSF_from_git/transparentSF/ai/output/annual/2/65.md
2025-09-12 09:50:15,904 - INFO - Successfully stored file in GCS: transparentsf/annual/2/34.json
2025-09-12 09:50:15,904 - INFO - Successfully migrated: /Users/simongoldman/Documents/TransparentSF_from_git/transparentSF/ai/output/annual/2/34.md
2025-09-12 09:50:16,183 - INFO - Successfully stored file in GCS: transparentsf/annual/2/14.json
2025-09-12 09:50:16,183 - INFO - Successfully migrated: /Users/simongoldman/Documents/TransparentSF_from_git/transparentSF/ai/output/annual/2/14.md
2025-09-12 09:50:16,476 - INFO - Successfully stored file in GCS: transparentsf/annual/2/30.json
2025-09-12 09:50:16,476 - INFO - Successfully migrated: /Users/simongoldman/Documents/TransparentSF_from_git/transparentSF/ai/output/annual/2/30.md
2025-09-12 09:50:16,834 - INFO - Successfully stored file in GCS: transparentsf/annual/2/15.json
2025-09-12 09:50:16,834 - INFO - Successfully migrated: /Users/simongoldman/Documents/TransparentSF_from_git/transparentSF/ai/output/annual/2/15.md
2025-09-12 09:50:17,134 - INFO - Successfully stored file in GCS: transparentsf/annual/2/40.json
2025-09-12 09:50:17,134 - INFO - Successfully migrated: /Users/simongoldman/Documents/TransparentSF_from_git/transparentSF/ai/output/annual/2/40.md
2025-09-12 09:50:17,418 - INFO - Successfully stored file in GCS: transparentsf/annual/2/8.json
2025-09-12 09:50:17,419 - INFO - Successfully migrated: /Users/simongoldman/Documents/TransparentSF_from_git/transparentSF/ai/output/annual/2/8.md
2025-09-12 09:50:17,705 - INFO - Successfully stored file in GCS: transparentsf/annual/2/35.json
2025-09-12 09:50:17,705 - INFO - Successfully migrated: /Users/simongoldman/Documents/TransparentSF_from_git/transparentSF/ai/output/annual/2/35.md
2025-09-12 09:50:17,995 - INFO - Successfully stored file in GCS: transparentsf/annual/2/3.json
2025-09-12 09:50:17,995 - INFO - Successfully migrated: /Users/simongoldman/Documents/TransparentSF_from_git/transparentSF/ai/output/annual/2/3.md
2025-09-12 09:50:18,265 - INFO - Successfully stored file in GCS: transparentsf/annual/2/2.json
2025-09-12 09:50:18,266 - INFO - Successfully migrated: /Users/simongoldman/Documents/TransparentSF_from_git/transparentSF/ai/output/annual/2/2.md
2025-09-12 09:50:18,554 - INFO - Successfully stored file in GCS: transparentsf/annual/5/69.json
2025-09-12 09:50:18,554 - INFO - Successfully migrated: /Users/simongoldman/Documents/TransparentSF_from_git/transparentSF/ai/output/annual/5/69.md
2025-09-12 09:50:18,931 - INFO - Successfully stored file in GCS: transparentsf/annual/5/38.json
2025-09-12 09:50:18,931 - INFO - Successfully migrated: /Users/simongoldman/Documents/TransparentSF_from_git/transparentSF/ai/output/annual/5/38.md
2025-09-12 09:50:19,215 - INFO - Successfully stored file in GCS: transparentsf/annual/5/18.json
2025-09-12 09:50:19,215 - INFO - Successfully migrated: /Users/simongoldman/Documents/TransparentSF_from_git/transparentSF/ai/output/annual/5/18.md
2025-09-12 09:50:19,561 - INFO - Successfully stored file in GCS: transparentsf/annual/5/1.json
2025-09-12 09:50:19,562 - INFO - Successfully migrated: /Users/simongoldman/Documents/TransparentSF_from_git/transparentSF/ai/output/annual/5/1.md
2025-09-12 09:50:20,048 - INFO - Successfully stored file in GCS: transparentsf/annual/5/19.json
2025-09-12 09:50:20,048 - INFO - Successfully migrated: /Users/simongoldman/Documents/TransparentSF_from_git/transparentSF/ai/output/annual/5/19.md
2025-09-12 09:50:20,335 - INFO - Successfully stored file in GCS: transparentsf/annual/5/29.json
2025-09-12 09:50:20,335 - INFO - Successfully migrated: /Users/simongoldman/Documents/TransparentSF_from_git/transparentSF/ai/output/annual/5/29.md
2025-09-12 09:50:20,608 - INFO - Successfully stored file in GCS: transparentsf/annual/5/4.json
2025-09-12 09:50:20,608 - INFO - Successfully migrated: /Users/simongoldman/Documents/TransparentSF_from_git/transparentSF/ai/output/annual/5/4.md
2025-09-12 09:50:20,893 - INFO - Successfully stored file in GCS: transparentsf/annual/5/16.json
2025-09-12 09:50:20,893 - INFO - Successfully migrated: /Users/simongoldman/Documents/TransparentSF_from_git/transparentSF/ai/output/annual/5/16.md
2025-09-12 09:50:21,184 - INFO - Successfully stored file in GCS: transparentsf/annual/5/22.json
2025-09-12 09:50:21,185 - INFO - Successfully migrated: /Users/simongoldman/Documents/TransparentSF_from_git/transparentSF/ai/output/annual/5/22.md
2025-09-12 09:50:21,554 - INFO - Successfully stored file in GCS: transparentsf/annual/5/63.json
2025-09-12 09:50:21,555 - INFO - Successfully migrated: /Users/simongoldman/Documents/TransparentSF_from_git/transparentSF/ai/output/annual/5/63.md
2025-09-12 09:50:21,894 - INFO - Successfully stored file in GCS: transparentsf/annual/5/12.json
2025-09-12 09:50:21,894 - INFO - Successfully migrated: /Users/simongoldman/Documents/TransparentSF_from_git/transparentSF/ai/output/annual/5/12.md
2025-09-12 09:50:22,184 - INFO - Successfully stored file in GCS: transparentsf/annual/5/17.json
2025-09-12 09:50:22,185 - INFO - Successfully migrated: /Users/simongoldman/Documents/TransparentSF_from_git/transparentSF/ai/output/annual/5/17.md
2025-09-12 09:50:22,466 - INFO - Successfully stored file in GCS: transparentsf/annual/5/23.json
2025-09-12 09:50:22,466 - INFO - Successfully migrated: /Users/simongoldman/Documents/TransparentSF_from_git/transparentSF/ai/output/annual/5/23.md
2025-09-12 09:50:22,754 - INFO - Successfully stored file in GCS: transparentsf/annual/5/24.json
2025-09-12 09:50:22,754 - INFO - Successfully migrated: /Users/simongoldman/Documents/TransparentSF_from_git/transparentSF/ai/output/annual/5/24.md
2025-09-12 09:50:23,033 - INFO - Successfully stored file in GCS: transparentsf/annual/5/9.json
2025-09-12 09:50:23,034 - INFO - Successfully migrated: /Users/simongoldman/Documents/TransparentSF_from_git/transparentSF/ai/output/annual/5/9.md
2025-09-12 09:50:23,403 - INFO - Successfully stored file in GCS: transparentsf/annual/5/65.json
2025-09-12 09:50:23,403 - INFO - Successfully migrated: /Users/simongoldman/Documents/TransparentSF_from_git/transparentSF/ai/output/annual/5/65.md
2025-09-12 09:50:23,687 - INFO - Successfully stored file in GCS: transparentsf/annual/5/34.json
2025-09-12 09:50:23,687 - INFO - Successfully migrated: /Users/simongoldman/Documents/TransparentSF_from_git/transparentSF/ai/output/annual/5/34.md
2025-09-12 09:50:23,968 - INFO - Successfully stored file in GCS: transparentsf/annual/5/14.json
2025-09-12 09:50:23,968 - INFO - Successfully migrated: /Users/simongoldman/Documents/TransparentSF_from_git/transparentSF/ai/output/annual/5/14.md
2025-09-12 09:50:24,239 - INFO - Successfully stored file in GCS: transparentsf/annual/5/30.json
2025-09-12 09:50:24,239 - INFO - Successfully migrated: /Users/simongoldman/Documents/TransparentSF_from_git/transparentSF/ai/output/annual/5/30.md
2025-09-12 09:50:24,526 - INFO - Successfully stored file in GCS: transparentsf/annual/5/15.json
2025-09-12 09:50:24,526 - INFO - Successfully migrated: /Users/simongoldman/Documents/TransparentSF_from_git/transparentSF/ai/output/annual/5/15.md
2025-09-12 09:50:24,821 - INFO - Successfully stored file in GCS: transparentsf/annual/5/40.json
2025-09-12 09:50:24,821 - INFO - Successfully migrated: /Users/simongoldman/Documents/TransparentSF_from_git/transparentSF/ai/output/annual/5/40.md
2025-09-12 09:50:25,111 - INFO - Successfully stored file in GCS: transparentsf/annual/5/8.json
2025-09-12 09:50:25,111 - INFO - Successfully migrated: /Users/simongoldman/Documents/TransparentSF_from_git/transparentSF/ai/output/annual/5/8.md
2025-09-12 09:50:25,392 - INFO - Successfully stored file in GCS: transparentsf/annual/5/35.json
2025-09-12 09:50:25,393 - INFO - Successfully migrated: /Users/simongoldman/Documents/TransparentSF_from_git/transparentSF/ai/output/annual/5/35.md
2025-09-12 09:50:25,753 - INFO - Successfully stored file in GCS: transparentsf/annual/5/3.json
2025-09-12 09:50:25,753 - INFO - Successfully migrated: /Users/simongoldman/Documents/TransparentSF_from_git/transparentSF/ai/output/annual/5/3.md
2025-09-12 09:50:26,029 - INFO - Successfully stored file in GCS: transparentsf/annual/5/2.json
2025-09-12 09:50:26,029 - INFO - Successfully migrated: /Users/simongoldman/Documents/TransparentSF_from_git/transparentSF/ai/output/annual/5/2.md
2025-09-12 09:50:26,314 - INFO - Successfully stored file in GCS: transparentsf/annual/5.00000/19.json
2025-09-12 09:50:26,314 - INFO - Successfully migrated: /Users/simongoldman/Documents/TransparentSF_from_git/transparentSF/ai/output/annual/5.00000/19.md
2025-09-12 09:50:26,620 - INFO - Successfully stored file in GCS: transparentsf/annual/5.00000/30.json
2025-09-12 09:50:26,620 - INFO - Successfully migrated: /Users/simongoldman/Documents/TransparentSF_from_git/transparentSF/ai/output/annual/5.00000/30.md
2025-09-12 09:50:26,620 - INFO - Migrating weekly files...
2025-09-12 09:50:26,925 - INFO - Successfully stored file in GCS: transparentsf/weekly/9/16.json
2025-09-12 09:50:26,925 - INFO - Successfully migrated: /Users/simongoldman/Documents/TransparentSF_from_git/transparentSF/ai/output/weekly/9/16.json
2025-09-12 09:50:27,218 - INFO - Successfully stored file in GCS: transparentsf/weekly/9/1.json
2025-09-12 09:50:27,218 - INFO - Successfully migrated: /Users/simongoldman/Documents/TransparentSF_from_git/transparentSF/ai/output/weekly/9/1.md
2025-09-12 09:50:27,502 - INFO - Successfully stored file in GCS: transparentsf/weekly/9/19.json
2025-09-12 09:50:27,502 - INFO - Successfully migrated: /Users/simongoldman/Documents/TransparentSF_from_git/transparentSF/ai/output/weekly/9/19.md
2025-09-12 09:50:27,841 - INFO - Successfully stored file in GCS: transparentsf/weekly/9/29.json
2025-09-12 09:50:27,841 - INFO - Successfully migrated: /Users/simongoldman/Documents/TransparentSF_from_git/transparentSF/ai/output/weekly/9/29.md
2025-09-12 09:50:28,136 - INFO - Successfully stored file in GCS: transparentsf/weekly/9/4.json
2025-09-12 09:50:28,137 - INFO - Successfully migrated: /Users/simongoldman/Documents/TransparentSF_from_git/transparentSF/ai/output/weekly/9/4.md
2025-09-12 09:50:28,428 - INFO - Successfully stored file in GCS: transparentsf/weekly/9/16.json
2025-09-12 09:50:28,428 - INFO - Successfully migrated: /Users/simongoldman/Documents/TransparentSF_from_git/transparentSF/ai/output/weekly/9/16.md
2025-09-12 09:50:28,709 - INFO - Successfully stored file in GCS: transparentsf/weekly/9/22.json
2025-09-12 09:50:28,709 - INFO - Successfully migrated: /Users/simongoldman/Documents/TransparentSF_from_git/transparentSF/ai/output/weekly/9/22.md
2025-09-12 09:50:28,991 - INFO - Successfully stored file in GCS: transparentsf/weekly/9/30.json
2025-09-12 09:50:28,991 - INFO - Successfully migrated: /Users/simongoldman/Documents/TransparentSF_from_git/transparentSF/ai/output/weekly/9/30.json
2025-09-12 09:50:29,301 - INFO - Successfully stored file in GCS: transparentsf/weekly/9/1.json
2025-09-12 09:50:29,302 - INFO - Successfully migrated: /Users/simongoldman/Documents/TransparentSF_from_git/transparentSF/ai/output/weekly/9/1.json
2025-09-12 09:50:29,593 - INFO - Successfully stored file in GCS: transparentsf/weekly/9/23.json
2025-09-12 09:50:29,593 - INFO - Successfully migrated: /Users/simongoldman/Documents/TransparentSF_from_git/transparentSF/ai/output/weekly/9/23.md
2025-09-12 09:50:29,942 - INFO - Successfully stored file in GCS: transparentsf/weekly/9/2.json
2025-09-12 09:50:29,942 - INFO - Successfully migrated: /Users/simongoldman/Documents/TransparentSF_from_git/transparentSF/ai/output/weekly/9/2.json
2025-09-12 09:50:30,208 - INFO - Successfully stored file in GCS: transparentsf/weekly/9/24.json
2025-09-12 09:50:30,208 - INFO - Successfully migrated: /Users/simongoldman/Documents/TransparentSF_from_git/transparentSF/ai/output/weekly/9/24.md
2025-09-12 09:50:30,511 - INFO - Successfully stored file in GCS: transparentsf/weekly/9/9.json
2025-09-12 09:50:30,511 - INFO - Successfully migrated: /Users/simongoldman/Documents/TransparentSF_from_git/transparentSF/ai/output/weekly/9/9.md
2025-09-12 09:50:30,799 - INFO - Successfully stored file in GCS: transparentsf/weekly/9/34.json
2025-09-12 09:50:30,799 - INFO - Successfully migrated: /Users/simongoldman/Documents/TransparentSF_from_git/transparentSF/ai/output/weekly/9/34.md
2025-09-12 09:50:31,090 - INFO - Successfully stored file in GCS: transparentsf/weekly/9/24.json
2025-09-12 09:50:31,090 - INFO - Successfully migrated: /Users/simongoldman/Documents/TransparentSF_from_git/transparentSF/ai/output/weekly/9/24.json
2025-09-12 09:50:31,363 - INFO - Successfully stored file in GCS: transparentsf/weekly/9/30.json
2025-09-12 09:50:31,363 - INFO - Successfully migrated: /Users/simongoldman/Documents/TransparentSF_from_git/transparentSF/ai/output/weekly/9/30.md
2025-09-12 09:50:31,661 - INFO - Successfully stored file in GCS: transparentsf/weekly/9/15.json
2025-09-12 09:50:31,661 - INFO - Successfully migrated: /Users/simongoldman/Documents/TransparentSF_from_git/transparentSF/ai/output/weekly/9/15.md
2025-09-12 09:50:32,037 - INFO - Successfully stored file in GCS: transparentsf/weekly/9/29.json
2025-09-12 09:50:32,037 - INFO - Successfully migrated: /Users/simongoldman/Documents/TransparentSF_from_git/transparentSF/ai/output/weekly/9/29.json
2025-09-12 09:50:32,329 - INFO - Successfully stored file in GCS: transparentsf/weekly/9/8.json
2025-09-12 09:50:32,329 - INFO - Successfully migrated: /Users/simongoldman/Documents/TransparentSF_from_git/transparentSF/ai/output/weekly/9/8.md
2025-09-12 09:50:32,618 - INFO - Successfully stored file in GCS: transparentsf/weekly/9/3.json
2025-09-12 09:50:32,618 - INFO - Successfully migrated: /Users/simongoldman/Documents/TransparentSF_from_git/transparentSF/ai/output/weekly/9/3.json
2025-09-12 09:50:32,911 - INFO - Successfully stored file in GCS: transparentsf/weekly/9/34.json
2025-09-12 09:50:32,911 - INFO - Successfully migrated: /Users/simongoldman/Documents/TransparentSF_from_git/transparentSF/ai/output/weekly/9/34.json
2025-09-12 09:50:33,193 - INFO - Successfully stored file in GCS: transparentsf/weekly/9/8.json
2025-09-12 09:50:33,193 - INFO - Successfully migrated: /Users/simongoldman/Documents/TransparentSF_from_git/transparentSF/ai/output/weekly/9/8.json
2025-09-12 09:50:33,470 - INFO - Successfully stored file in GCS: transparentsf/weekly/9/22.json
2025-09-12 09:50:33,470 - INFO - Successfully migrated: /Users/simongoldman/Documents/TransparentSF_from_git/transparentSF/ai/output/weekly/9/22.json
2025-09-12 09:50:33,747 - INFO - Successfully stored file in GCS: transparentsf/weekly/9/3.json
2025-09-12 09:50:33,747 - INFO - Successfully migrated: /Users/simongoldman/Documents/TransparentSF_from_git/transparentSF/ai/output/weekly/9/3.md
2025-09-12 09:50:34,134 - INFO - Successfully stored file in GCS: transparentsf/weekly/9/4.json
2025-09-12 09:50:34,134 - INFO - Successfully migrated: /Users/simongoldman/Documents/TransparentSF_from_git/transparentSF/ai/output/weekly/9/4.json
2025-09-12 09:50:34,414 - INFO - Successfully stored file in GCS: transparentsf/weekly/9/15.json
2025-09-12 09:50:34,414 - INFO - Successfully migrated: /Users/simongoldman/Documents/TransparentSF_from_git/transparentSF/ai/output/weekly/9/15.json
2025-09-12 09:50:34,705 - INFO - Successfully stored file in GCS: transparentsf/weekly/9/19.json
2025-09-12 09:50:34,705 - INFO - Successfully migrated: /Users/simongoldman/Documents/TransparentSF_from_git/transparentSF/ai/output/weekly/9/19.json
2025-09-12 09:50:34,995 - INFO - Successfully stored file in GCS: transparentsf/weekly/9/23.json
2025-09-12 09:50:34,995 - INFO - Successfully migrated: /Users/simongoldman/Documents/TransparentSF_from_git/transparentSF/ai/output/weekly/9/23.json
2025-09-12 09:50:35,275 - INFO - Successfully stored file in GCS: transparentsf/weekly/9/9.json
2025-09-12 09:50:35,275 - INFO - Successfully migrated: /Users/simongoldman/Documents/TransparentSF_from_git/transparentSF/ai/output/weekly/9/9.json
2025-09-12 09:50:35,562 - INFO - Successfully stored file in GCS: transparentsf/weekly/9/2.json
2025-09-12 09:50:35,562 - INFO - Successfully migrated: /Users/simongoldman/Documents/TransparentSF_from_git/transparentSF/ai/output/weekly/9/2.md
2025-09-12 09:50:35,861 - INFO - Successfully stored file in GCS: transparentsf/weekly/0/5.json
2025-09-12 09:50:35,862 - INFO - Successfully migrated: /Users/simongoldman/Documents/TransparentSF_from_git/transparentSF/ai/output/weekly/0/5.md
2025-09-12 09:50:36,232 - INFO - Successfully stored file in GCS: transparentsf/weekly/0/38.json
2025-09-12 09:50:36,232 - INFO - Successfully migrated: /Users/simongoldman/Documents/TransparentSF_from_git/transparentSF/ai/output/weekly/0/38.md
2025-09-12 09:50:36,521 - INFO - Successfully stored file in GCS: transparentsf/weekly/0/1.json
2025-09-12 09:50:36,521 - INFO - Successfully migrated: /Users/simongoldman/Documents/TransparentSF_from_git/transparentSF/ai/output/weekly/0/1.md
2025-09-12 09:50:36,808 - INFO - Successfully stored file in GCS: transparentsf/weekly/0/19.json
2025-09-12 09:50:36,808 - INFO - Successfully migrated: /Users/simongoldman/Documents/TransparentSF_from_git/transparentSF/ai/output/weekly/0/19.md
2025-09-12 09:50:37,082 - INFO - Successfully stored file in GCS: transparentsf/weekly/0/29.json
2025-09-12 09:50:37,083 - INFO - Successfully migrated: /Users/simongoldman/Documents/TransparentSF_from_git/transparentSF/ai/output/weekly/0/29.md
2025-09-12 09:50:37,357 - INFO - Successfully stored file in GCS: transparentsf/weekly/0/4.json
2025-09-12 09:50:37,357 - INFO - Successfully migrated: /Users/simongoldman/Documents/TransparentSF_from_git/transparentSF/ai/output/weekly/0/4.md
2025-09-12 09:50:37,649 - INFO - Successfully stored file in GCS: transparentsf/weekly/0/16.json
2025-09-12 09:50:37,649 - INFO - Successfully migrated: /Users/simongoldman/Documents/TransparentSF_from_git/transparentSF/ai/output/weekly/0/16.md
2025-09-12 09:50:37,929 - INFO - Successfully stored file in GCS: transparentsf/weekly/0/22.json
2025-09-12 09:50:37,929 - INFO - Successfully migrated: /Users/simongoldman/Documents/TransparentSF_from_git/transparentSF/ai/output/weekly/0/22.md
2025-09-12 09:50:38,213 - INFO - Successfully stored file in GCS: transparentsf/weekly/0/63.json
2025-09-12 09:50:38,213 - INFO - Successfully migrated: /Users/simongoldman/Documents/TransparentSF_from_git/transparentSF/ai/output/weekly/0/63.md
2025-09-12 09:50:38,514 - INFO - Successfully stored file in GCS: transparentsf/weekly/0/32.json
2025-09-12 09:50:38,514 - INFO - Successfully migrated: /Users/simongoldman/Documents/TransparentSF_from_git/transparentSF/ai/output/weekly/0/32.md
2025-09-12 09:50:38,853 - INFO - Successfully stored file in GCS: transparentsf/weekly/0/43.json
2025-09-12 09:50:38,853 - INFO - Successfully migrated: /Users/simongoldman/Documents/TransparentSF_from_git/transparentSF/ai/output/weekly/0/43.md
2025-09-12 09:50:39,137 - INFO - Successfully stored file in GCS: transparentsf/weekly/0/13.json
2025-09-12 09:50:39,137 - INFO - Successfully migrated: /Users/simongoldman/Documents/TransparentSF_from_git/transparentSF/ai/output/weekly/0/13.md
2025-09-12 09:50:39,424 - INFO - Successfully stored file in GCS: transparentsf/weekly/0/23.json
2025-09-12 09:50:39,424 - INFO - Successfully migrated: /Users/simongoldman/Documents/TransparentSF_from_git/transparentSF/ai/output/weekly/0/23.md
2025-09-12 09:50:39,698 - INFO - Successfully stored file in GCS: transparentsf/weekly/0/33.json
2025-09-12 09:50:39,699 - INFO - Successfully migrated: /Users/simongoldman/Documents/TransparentSF_from_git/transparentSF/ai/output/weekly/0/33.md
2025-09-12 09:50:40,002 - INFO - Successfully stored file in GCS: transparentsf/weekly/0/24.json
2025-09-12 09:50:40,002 - INFO - Successfully migrated: /Users/simongoldman/Documents/TransparentSF_from_git/transparentSF/ai/output/weekly/0/24.md
2025-09-12 09:50:40,291 - INFO - Successfully stored file in GCS: transparentsf/weekly/0/41.json
2025-09-12 09:50:40,292 - INFO - Successfully migrated: /Users/simongoldman/Documents/TransparentSF_from_git/transparentSF/ai/output/weekly/0/41.md
2025-09-12 09:50:40,583 - INFO - Successfully stored file in GCS: transparentsf/weekly/0/10.json
2025-09-12 09:50:40,583 - INFO - Successfully migrated: /Users/simongoldman/Documents/TransparentSF_from_git/transparentSF/ai/output/weekly/0/10.md
2025-09-12 09:50:40,950 - INFO - Successfully stored file in GCS: transparentsf/weekly/0/9.json
2025-09-12 09:50:40,950 - INFO - Successfully migrated: /Users/simongoldman/Documents/TransparentSF_from_git/transparentSF/ai/output/weekly/0/9.md
2025-09-12 09:50:41,243 - INFO - Successfully stored file in GCS: transparentsf/weekly/0/34.json
2025-09-12 09:50:41,244 - INFO - Successfully migrated: /Users/simongoldman/Documents/TransparentSF_from_git/transparentSF/ai/output/weekly/0/34.md
2025-09-12 09:50:41,540 - INFO - Successfully stored file in GCS: transparentsf/weekly/0/30.json
2025-09-12 09:50:41,540 - INFO - Successfully migrated: /Users/simongoldman/Documents/TransparentSF_from_git/transparentSF/ai/output/weekly/0/30.md
2025-09-12 09:50:41,820 - INFO - Successfully stored file in GCS: transparentsf/weekly/0/15.json
2025-09-12 09:50:41,820 - INFO - Successfully migrated: /Users/simongoldman/Documents/TransparentSF_from_git/transparentSF/ai/output/weekly/0/15.md
2025-09-12 09:50:42,105 - INFO - Successfully stored file in GCS: transparentsf/weekly/0/40.json
2025-09-12 09:50:42,105 - INFO - Successfully migrated: /Users/simongoldman/Documents/TransparentSF_from_git/transparentSF/ai/output/weekly/0/40.md
2025-09-12 09:50:42,394 - INFO - Successfully stored file in GCS: transparentsf/weekly/0/8.json
2025-09-12 09:50:42,394 - INFO - Successfully migrated: /Users/simongoldman/Documents/TransparentSF_from_git/transparentSF/ai/output/weekly/0/8.md
2025-09-12 09:50:42,686 - INFO - Successfully stored file in GCS: transparentsf/weekly/0/35.json
2025-09-12 09:50:42,686 - INFO - Successfully migrated: /Users/simongoldman/Documents/TransparentSF_from_git/transparentSF/ai/output/weekly/0/35.md
2025-09-12 09:50:43,047 - INFO - Successfully stored file in GCS: transparentsf/weekly/0/3.json
2025-09-12 09:50:43,047 - INFO - Successfully migrated: /Users/simongoldman/Documents/TransparentSF_from_git/transparentSF/ai/output/weekly/0/3.md
2025-09-12 09:50:43,330 - INFO - Successfully stored file in GCS: transparentsf/weekly/0/7.json
2025-09-12 09:50:43,330 - INFO - Successfully migrated: /Users/simongoldman/Documents/TransparentSF_from_git/transparentSF/ai/output/weekly/0/7.md
2025-09-12 09:50:43,630 - INFO - Successfully stored file in GCS: transparentsf/weekly/0/6.json
2025-09-12 09:50:43,631 - INFO - Successfully migrated: /Users/simongoldman/Documents/TransparentSF_from_git/transparentSF/ai/output/weekly/0/6.md
2025-09-12 09:50:43,902 - INFO - Successfully stored file in GCS: transparentsf/weekly/0/2.json
2025-09-12 09:50:43,902 - INFO - Successfully migrated: /Users/simongoldman/Documents/TransparentSF_from_git/transparentSF/ai/output/weekly/0/2.md
2025-09-12 09:50:44,194 - INFO - Successfully stored file in GCS: transparentsf/weekly/11/16.json
2025-09-12 09:50:44,195 - INFO - Successfully migrated: /Users/simongoldman/Documents/TransparentSF_from_git/transparentSF/ai/output/weekly/11/16.json
2025-09-12 09:50:44,495 - INFO - Successfully stored file in GCS: transparentsf/weekly/11/1.json
2025-09-12 09:50:44,496 - INFO - Successfully migrated: /Users/simongoldman/Documents/TransparentSF_from_git/transparentSF/ai/output/weekly/11/1.md
2025-09-12 09:50:44,802 - INFO - Successfully stored file in GCS: transparentsf/weekly/11/19.json
2025-09-12 09:50:44,802 - INFO - Successfully migrated: /Users/simongoldman/Documents/TransparentSF_from_git/transparentSF/ai/output/weekly/11/19.md
2025-09-12 09:50:45,225 - INFO - Successfully stored file in GCS: transparentsf/weekly/11/29.json
2025-09-12 09:50:45,225 - INFO - Successfully migrated: /Users/simongoldman/Documents/TransparentSF_from_git/transparentSF/ai/output/weekly/11/29.md
2025-09-12 09:50:45,509 - INFO - Successfully stored file in GCS: transparentsf/weekly/11/4.json
2025-09-12 09:50:45,510 - INFO - Successfully migrated: /Users/simongoldman/Documents/TransparentSF_from_git/transparentSF/ai/output/weekly/11/4.md
2025-09-12 09:50:45,801 - INFO - Successfully stored file in GCS: transparentsf/weekly/11/16.json
2025-09-12 09:50:45,801 - INFO - Successfully migrated: /Users/simongoldman/Documents/TransparentSF_from_git/transparentSF/ai/output/weekly/11/16.md
2025-09-12 09:50:46,096 - INFO - Successfully stored file in GCS: transparentsf/weekly/11/22.json
2025-09-12 09:50:46,096 - INFO - Successfully migrated: /Users/simongoldman/Documents/TransparentSF_from_git/transparentSF/ai/output/weekly/11/22.md
2025-09-12 09:50:46,384 - INFO - Successfully stored file in GCS: transparentsf/weekly/11/30.json
2025-09-12 09:50:46,384 - INFO - Successfully migrated: /Users/simongoldman/Documents/TransparentSF_from_git/transparentSF/ai/output/weekly/11/30.json
2025-09-12 09:50:46,724 - INFO - Successfully stored file in GCS: transparentsf/weekly/11/1.json
2025-09-12 09:50:46,724 - INFO - Successfully migrated: /Users/simongoldman/Documents/TransparentSF_from_git/transparentSF/ai/output/weekly/11/1.json
2025-09-12 09:50:47,018 - INFO - Successfully stored file in GCS: transparentsf/weekly/11/23.json
2025-09-12 09:50:47,019 - INFO - Successfully migrated: /Users/simongoldman/Documents/TransparentSF_from_git/transparentSF/ai/output/weekly/11/23.md
2025-09-12 09:50:47,312 - INFO - Successfully stored file in GCS: transparentsf/weekly/11/2.json
2025-09-12 09:50:47,312 - INFO - Successfully migrated: /Users/simongoldman/Documents/TransparentSF_from_git/transparentSF/ai/output/weekly/11/2.json
2025-09-12 09:50:47,606 - INFO - Successfully stored file in GCS: transparentsf/weekly/11/24.json
2025-09-12 09:50:47,606 - INFO - Successfully migrated: /Users/simongoldman/Documents/TransparentSF_from_git/transparentSF/ai/output/weekly/11/24.md
2025-09-12 09:50:47,891 - INFO - Successfully stored file in GCS: transparentsf/weekly/11/9.json
2025-09-12 09:50:47,891 - INFO - Successfully migrated: /Users/simongoldman/Documents/TransparentSF_from_git/transparentSF/ai/output/weekly/11/9.md
2025-09-12 09:50:48,168 - INFO - Successfully stored file in GCS: transparentsf/weekly/11/24.json
2025-09-12 09:50:48,168 - INFO - Successfully migrated: /Users/simongoldman/Documents/TransparentSF_from_git/transparentSF/ai/output/weekly/11/24.json
2025-09-12 09:50:48,466 - INFO - Successfully stored file in GCS: transparentsf/weekly/11/30.json
2025-09-12 09:50:48,467 - INFO - Successfully migrated: /Users/simongoldman/Documents/TransparentSF_from_git/transparentSF/ai/output/weekly/11/30.md
2025-09-12 09:50:48,816 - INFO - Successfully stored file in GCS: transparentsf/weekly/11/15.json
2025-09-12 09:50:48,816 - INFO - Successfully migrated: /Users/simongoldman/Documents/TransparentSF_from_git/transparentSF/ai/output/weekly/11/15.md
2025-09-12 09:50:49,104 - INFO - Successfully stored file in GCS: transparentsf/weekly/11/29.json
2025-09-12 09:50:49,104 - INFO - Successfully migrated: /Users/simongoldman/Documents/TransparentSF_from_git/transparentSF/ai/output/weekly/11/29.json
2025-09-12 09:50:49,392 - INFO - Successfully stored file in GCS: transparentsf/weekly/11/8.json
2025-09-12 09:50:49,392 - INFO - Successfully migrated: /Users/simongoldman/Documents/TransparentSF_from_git/transparentSF/ai/output/weekly/11/8.md
2025-09-12 09:50:49,670 - INFO - Successfully stored file in GCS: transparentsf/weekly/11/3.json
2025-09-12 09:50:49,670 - INFO - Successfully migrated: /Users/simongoldman/Documents/TransparentSF_from_git/transparentSF/ai/output/weekly/11/3.json
2025-09-12 09:50:49,968 - INFO - Successfully stored file in GCS: transparentsf/weekly/11/8.json
2025-09-12 09:50:49,968 - INFO - Successfully migrated: /Users/simongoldman/Documents/TransparentSF_from_git/transparentSF/ai/output/weekly/11/8.json
2025-09-12 09:50:50,257 - INFO - Successfully stored file in GCS: transparentsf/weekly/11/22.json
2025-09-12 09:50:50,257 - INFO - Successfully migrated: /Users/simongoldman/Documents/TransparentSF_from_git/transparentSF/ai/output/weekly/11/22.json
2025-09-12 09:50:50,550 - INFO - Successfully stored file in GCS: transparentsf/weekly/11/3.json
2025-09-12 09:50:50,550 - INFO - Successfully migrated: /Users/simongoldman/Documents/TransparentSF_from_git/transparentSF/ai/output/weekly/11/3.md
2025-09-12 09:50:50,912 - INFO - Successfully stored file in GCS: transparentsf/weekly/11/4.json
2025-09-12 09:50:50,912 - INFO - Successfully migrated: /Users/simongoldman/Documents/TransparentSF_from_git/transparentSF/ai/output/weekly/11/4.json
2025-09-12 09:50:51,200 - INFO - Successfully stored file in GCS: transparentsf/weekly/11/15.json
2025-09-12 09:50:51,200 - INFO - Successfully migrated: /Users/simongoldman/Documents/TransparentSF_from_git/transparentSF/ai/output/weekly/11/15.json
2025-09-12 09:50:51,495 - INFO - Successfully stored file in GCS: transparentsf/weekly/11/19.json
2025-09-12 09:50:51,496 - INFO - Successfully migrated: /Users/simongoldman/Documents/TransparentSF_from_git/transparentSF/ai/output/weekly/11/19.json
2025-09-12 09:50:51,787 - INFO - Successfully stored file in GCS: transparentsf/weekly/11/23.json
2025-09-12 09:50:51,787 - INFO - Successfully migrated: /Users/simongoldman/Documents/TransparentSF_from_git/transparentSF/ai/output/weekly/11/23.json
2025-09-12 09:50:52,076 - INFO - Successfully stored file in GCS: transparentsf/weekly/11/9.json
2025-09-12 09:50:52,076 - INFO - Successfully migrated: /Users/simongoldman/Documents/TransparentSF_from_git/transparentSF/ai/output/weekly/11/9.json
2025-09-12 09:50:52,362 - INFO - Successfully stored file in GCS: transparentsf/weekly/11/2.json
2025-09-12 09:50:52,363 - INFO - Successfully migrated: /Users/simongoldman/Documents/TransparentSF_from_git/transparentSF/ai/output/weekly/11/2.md
2025-09-12 09:50:52,642 - INFO - Successfully stored file in GCS: transparentsf/weekly/7/16.json
2025-09-12 09:50:52,642 - INFO - Successfully migrated: /Users/simongoldman/Documents/TransparentSF_from_git/transparentSF/ai/output/weekly/7/16.json
2025-09-12 09:50:53,010 - INFO - Successfully stored file in GCS: transparentsf/weekly/7/1.json
2025-09-12 09:50:53,010 - INFO - Successfully migrated: /Users/simongoldman/Documents/TransparentSF_from_git/transparentSF/ai/output/weekly/7/1.md
2025-09-12 09:50:53,294 - INFO - Successfully stored file in GCS: transparentsf/weekly/7/19.json
2025-09-12 09:50:53,294 - INFO - Successfully migrated: /Users/simongoldman/Documents/TransparentSF_from_git/transparentSF/ai/output/weekly/7/19.md
2025-09-12 09:50:53,574 - INFO - Successfully stored file in GCS: transparentsf/weekly/7/4.json
2025-09-12 09:50:53,574 - INFO - Successfully migrated: /Users/simongoldman/Documents/TransparentSF_from_git/transparentSF/ai/output/weekly/7/4.md
2025-09-12 09:50:53,863 - INFO - Successfully stored file in GCS: transparentsf/weekly/7/16.json
2025-09-12 09:50:53,863 - INFO - Successfully migrated: /Users/simongoldman/Documents/TransparentSF_from_git/transparentSF/ai/output/weekly/7/16.md
2025-09-12 09:50:54,141 - INFO - Successfully stored file in GCS: transparentsf/weekly/7/22.json
2025-09-12 09:50:54,141 - INFO - Successfully migrated: /Users/simongoldman/Documents/TransparentSF_from_git/transparentSF/ai/output/weekly/7/22.md
2025-09-12 09:50:54,427 - INFO - Successfully stored file in GCS: transparentsf/weekly/7/30.json
2025-09-12 09:50:54,427 - INFO - Successfully migrated: /Users/simongoldman/Documents/TransparentSF_from_git/transparentSF/ai/output/weekly/7/30.json
2025-09-12 09:50:54,707 - INFO - Successfully stored file in GCS: transparentsf/weekly/7/1.json
2025-09-12 09:50:54,707 - INFO - Successfully migrated: /Users/simongoldman/Documents/TransparentSF_from_git/transparentSF/ai/output/weekly/7/1.json
2025-09-12 09:50:55,003 - INFO - Successfully stored file in GCS: transparentsf/weekly/7/23.json
2025-09-12 09:50:55,003 - INFO - Successfully migrated: /Users/simongoldman/Documents/TransparentSF_from_git/transparentSF/ai/output/weekly/7/23.md
2025-09-12 09:50:55,288 - INFO - Successfully stored file in GCS: transparentsf/weekly/7/2.json
2025-09-12 09:50:55,288 - INFO - Successfully migrated: /Users/simongoldman/Documents/TransparentSF_from_git/transparentSF/ai/output/weekly/7/2.json
2025-09-12 09:50:55,631 - INFO - Successfully stored file in GCS: transparentsf/weekly/7/24.json
2025-09-12 09:50:55,632 - INFO - Successfully migrated: /Users/simongoldman/Documents/TransparentSF_from_git/transparentSF/ai/output/weekly/7/24.md
2025-09-12 09:50:55,913 - INFO - Successfully stored file in GCS: transparentsf/weekly/7/9.json
2025-09-12 09:50:55,913 - INFO - Successfully migrated: /Users/simongoldman/Documents/TransparentSF_from_git/transparentSF/ai/output/weekly/7/9.md
2025-09-12 09:50:56,200 - INFO - Successfully stored file in GCS: transparentsf/weekly/7/34.json
2025-09-12 09:50:56,200 - INFO - Successfully migrated: /Users/simongoldman/Documents/TransparentSF_from_git/transparentSF/ai/output/weekly/7/34.md
2025-09-12 09:50:56,488 - INFO - Successfully stored file in GCS: transparentsf/weekly/7/24.json
2025-09-12 09:50:56,488 - INFO - Successfully migrated: /Users/simongoldman/Documents/TransparentSF_from_git/transparentSF/ai/output/weekly/7/24.json
2025-09-12 09:50:56,769 - INFO - Successfully stored file in GCS: transparentsf/weekly/7/30.json
2025-09-12 09:50:56,769 - INFO - Successfully migrated: /Users/simongoldman/Documents/TransparentSF_from_git/transparentSF/ai/output/weekly/7/30.md
2025-09-12 09:50:57,061 - INFO - Successfully stored file in GCS: transparentsf/weekly/7/15.json
2025-09-12 09:50:57,062 - INFO - Successfully migrated: /Users/simongoldman/Documents/TransparentSF_from_git/transparentSF/ai/output/weekly/7/15.md
2025-09-12 09:50:57,339 - INFO - Successfully stored file in GCS: transparentsf/weekly/7/8.json
2025-09-12 09:50:57,340 - INFO - Successfully migrated: /Users/simongoldman/Documents/TransparentSF_from_git/transparentSF/ai/output/weekly/7/8.md
2025-09-12 09:50:57,624 - INFO - Successfully stored file in GCS: transparentsf/weekly/7/3.json
2025-09-12 09:50:57,625 - INFO - Successfully migrated: /Users/simongoldman/Documents/TransparentSF_from_git/transparentSF/ai/output/weekly/7/3.json
2025-09-12 09:50:57,902 - INFO - Successfully stored file in GCS: transparentsf/weekly/7/34.json
2025-09-12 09:50:57,902 - INFO - Successfully migrated: /Users/simongoldman/Documents/TransparentSF_from_git/transparentSF/ai/output/weekly/7/34.json
2025-09-12 09:50:58,252 - INFO - Successfully stored file in GCS: transparentsf/weekly/7/8.json
2025-09-12 09:50:58,252 - INFO - Successfully migrated: /Users/simongoldman/Documents/TransparentSF_from_git/transparentSF/ai/output/weekly/7/8.json
2025-09-12 09:50:58,530 - INFO - Successfully stored file in GCS: transparentsf/weekly/7/22.json
2025-09-12 09:50:58,530 - INFO - Successfully migrated: /Users/simongoldman/Documents/TransparentSF_from_git/transparentSF/ai/output/weekly/7/22.json
2025-09-12 09:50:58,820 - INFO - Successfully stored file in GCS: transparentsf/weekly/7/3.json
2025-09-12 09:50:58,820 - INFO - Successfully migrated: /Users/simongoldman/Documents/TransparentSF_from_git/transparentSF/ai/output/weekly/7/3.md
2025-09-12 09:50:59,104 - INFO - Successfully stored file in GCS: transparentsf/weekly/7/4.json
2025-09-12 09:50:59,104 - INFO - Successfully migrated: /Users/simongoldman/Documents/TransparentSF_from_git/transparentSF/ai/output/weekly/7/4.json
2025-09-12 09:50:59,399 - INFO - Successfully stored file in GCS: transparentsf/weekly/7/15.json
2025-09-12 09:50:59,399 - INFO - Successfully migrated: /Users/simongoldman/Documents/TransparentSF_from_git/transparentSF/ai/output/weekly/7/15.json
2025-09-12 09:50:59,693 - INFO - Successfully stored file in GCS: transparentsf/weekly/7/19.json
2025-09-12 09:50:59,693 - INFO - Successfully migrated: /Users/simongoldman/Documents/TransparentSF_from_git/transparentSF/ai/output/weekly/7/19.json
2025-09-12 09:50:59,982 - INFO - Successfully stored file in GCS: transparentsf/weekly/7/23.json
2025-09-12 09:50:59,982 - INFO - Successfully migrated: /Users/simongoldman/Documents/TransparentSF_from_git/transparentSF/ai/output/weekly/7/23.json
2025-09-12 09:51:00,350 - INFO - Successfully stored file in GCS: transparentsf/weekly/7/9.json
2025-09-12 09:51:00,350 - INFO - Successfully migrated: /Users/simongoldman/Documents/TransparentSF_from_git/transparentSF/ai/output/weekly/7/9.json
2025-09-12 09:51:00,648 - INFO - Successfully stored file in GCS: transparentsf/weekly/7/2.json
2025-09-12 09:51:00,648 - INFO - Successfully migrated: /Users/simongoldman/Documents/TransparentSF_from_git/transparentSF/ai/output/weekly/7/2.md
2025-09-12 09:51:00,932 - INFO - Successfully stored file in GCS: transparentsf/weekly/6/41.json
2025-09-12 09:51:00,933 - INFO - Successfully migrated: /Users/simongoldman/Documents/TransparentSF_from_git/transparentSF/ai/output/weekly/6/41.json
2025-09-12 09:51:01,227 - INFO - Successfully stored file in GCS: transparentsf/weekly/6/16.json
2025-09-12 09:51:01,228 - INFO - Successfully migrated: /Users/simongoldman/Documents/TransparentSF_from_git/transparentSF/ai/output/weekly/6/16.json
2025-09-12 09:51:01,567 - INFO - Successfully stored file in GCS: transparentsf/weekly/6/1.json
2025-09-12 09:51:01,568 - INFO - Successfully migrated: /Users/simongoldman/Documents/TransparentSF_from_git/transparentSF/ai/output/weekly/6/1.md
2025-09-12 09:51:01,921 - INFO - Successfully stored file in GCS: transparentsf/weekly/6/19.json
2025-09-12 09:51:01,921 - INFO - Successfully migrated: /Users/simongoldman/Documents/TransparentSF_from_git/transparentSF/ai/output/weekly/6/19.md
2025-09-12 09:51:02,207 - INFO - Successfully stored file in GCS: transparentsf/weekly/6/29.json
2025-09-12 09:51:02,207 - INFO - Successfully migrated: /Users/simongoldman/Documents/TransparentSF_from_git/transparentSF/ai/output/weekly/6/29.md
2025-09-12 09:51:02,530 - INFO - Successfully stored file in GCS: transparentsf/weekly/6/4.json
2025-09-12 09:51:02,530 - INFO - Successfully migrated: /Users/simongoldman/Documents/TransparentSF_from_git/transparentSF/ai/output/weekly/6/4.md
2025-09-12 09:51:02,839 - INFO - Successfully stored file in GCS: transparentsf/weekly/6/16.json
2025-09-12 09:51:02,839 - INFO - Successfully migrated: /Users/simongoldman/Documents/TransparentSF_from_git/transparentSF/ai/output/weekly/6/16.md
2025-09-12 09:51:03,155 - INFO - Successfully stored file in GCS: transparentsf/weekly/6/22.json
2025-09-12 09:51:03,155 - INFO - Successfully migrated: /Users/simongoldman/Documents/TransparentSF_from_git/transparentSF/ai/output/weekly/6/22.md
2025-09-12 09:51:03,500 - INFO - Successfully stored file in GCS: transparentsf/weekly/6/43.json
2025-09-12 09:51:03,501 - INFO - Successfully migrated: /Users/simongoldman/Documents/TransparentSF_from_git/transparentSF/ai/output/weekly/6/43.md
2025-09-12 09:51:03,783 - INFO - Successfully stored file in GCS: transparentsf/weekly/6/30.json
2025-09-12 09:51:03,783 - INFO - Successfully migrated: /Users/simongoldman/Documents/TransparentSF_from_git/transparentSF/ai/output/weekly/6/30.json
2025-09-12 09:51:04,059 - INFO - Successfully stored file in GCS: transparentsf/weekly/6/1.json
2025-09-12 09:51:04,059 - INFO - Successfully migrated: /Users/simongoldman/Documents/TransparentSF_from_git/transparentSF/ai/output/weekly/6/1.json
2025-09-12 09:51:04,346 - INFO - Successfully stored file in GCS: transparentsf/weekly/6/23.json
2025-09-12 09:51:04,347 - INFO - Successfully migrated: /Users/simongoldman/Documents/TransparentSF_from_git/transparentSF/ai/output/weekly/6/23.md
2025-09-12 09:51:04,627 - INFO - Successfully stored file in GCS: transparentsf/weekly/6/2.json
2025-09-12 09:51:04,628 - INFO - Successfully migrated: /Users/simongoldman/Documents/TransparentSF_from_git/transparentSF/ai/output/weekly/6/2.json
2025-09-12 09:51:04,913 - INFO - Successfully stored file in GCS: transparentsf/weekly/6/24.json
2025-09-12 09:51:04,914 - INFO - Successfully migrated: /Users/simongoldman/Documents/TransparentSF_from_git/transparentSF/ai/output/weekly/6/24.md
2025-09-12 09:51:05,191 - INFO - Successfully stored file in GCS: transparentsf/weekly/6/41.json
2025-09-12 09:51:05,192 - INFO - Successfully migrated: /Users/simongoldman/Documents/TransparentSF_from_git/transparentSF/ai/output/weekly/6/41.md
2025-09-12 09:51:05,483 - INFO - Successfully stored file in GCS: transparentsf/weekly/6/9.json
2025-09-12 09:51:05,483 - INFO - Successfully migrated: /Users/simongoldman/Documents/TransparentSF_from_git/transparentSF/ai/output/weekly/6/9.md
2025-09-12 09:51:05,777 - INFO - Successfully stored file in GCS: transparentsf/weekly/6/34.json
2025-09-12 09:51:05,777 - INFO - Successfully migrated: /Users/simongoldman/Documents/TransparentSF_from_git/transparentSF/ai/output/weekly/6/34.md
2025-09-12 09:51:06,230 - INFO - Successfully stored file in GCS: transparentsf/weekly/6/24.json
2025-09-12 09:51:06,230 - INFO - Successfully migrated: /Users/simongoldman/Documents/TransparentSF_from_git/transparentSF/ai/output/weekly/6/24.json
2025-09-12 09:51:06,522 - INFO - Successfully stored file in GCS: transparentsf/weekly/6/30.json
2025-09-12 09:51:06,522 - INFO - Successfully migrated: /Users/simongoldman/Documents/TransparentSF_from_git/transparentSF/ai/output/weekly/6/30.md
2025-09-12 09:51:06,815 - INFO - Successfully stored file in GCS: transparentsf/weekly/6/15.json
2025-09-12 09:51:06,815 - INFO - Successfully migrated: /Users/simongoldman/Documents/TransparentSF_from_git/transparentSF/ai/output/weekly/6/15.md
2025-09-12 09:51:07,163 - INFO - Successfully stored file in GCS: transparentsf/weekly/6/29.json
2025-09-12 09:51:07,163 - INFO - Successfully migrated: /Users/simongoldman/Documents/TransparentSF_from_git/transparentSF/ai/output/weekly/6/29.json
2025-09-12 09:51:07,448 - INFO - Successfully stored file in GCS: transparentsf/weekly/6/8.json
2025-09-12 09:51:07,448 - INFO - Successfully migrated: /Users/simongoldman/Documents/TransparentSF_from_git/transparentSF/ai/output/weekly/6/8.md
2025-09-12 09:51:07,734 - INFO - Successfully stored file in GCS: transparentsf/weekly/6/3.json
2025-09-12 09:51:07,735 - INFO - Successfully migrated: /Users/simongoldman/Documents/TransparentSF_from_git/transparentSF/ai/output/weekly/6/3.json
2025-09-12 09:51:08,024 - INFO - Successfully stored file in GCS: transparentsf/weekly/6/34.json
2025-09-12 09:51:08,024 - INFO - Successfully migrated: /Users/simongoldman/Documents/TransparentSF_from_git/transparentSF/ai/output/weekly/6/34.json
2025-09-12 09:51:08,318 - INFO - Successfully stored file in GCS: transparentsf/weekly/6/8.json
2025-09-12 09:51:08,318 - INFO - Successfully migrated: /Users/simongoldman/Documents/TransparentSF_from_git/transparentSF/ai/output/weekly/6/8.json
2025-09-12 09:51:08,810 - INFO - Successfully stored file in GCS: transparentsf/weekly/6/22.json
2025-09-12 09:51:08,810 - INFO - Successfully migrated: /Users/simongoldman/Documents/TransparentSF_from_git/transparentSF/ai/output/weekly/6/22.json
2025-09-12 09:51:09,323 - INFO - Successfully stored file in GCS: transparentsf/weekly/6/3.json
2025-09-12 09:51:09,323 - INFO - Successfully migrated: /Users/simongoldman/Documents/TransparentSF_from_git/transparentSF/ai/output/weekly/6/3.md
2025-09-12 09:51:09,846 - INFO - Successfully stored file in GCS: transparentsf/weekly/6/4.json
2025-09-12 09:51:09,846 - INFO - Successfully migrated: /Users/simongoldman/Documents/TransparentSF_from_git/transparentSF/ai/output/weekly/6/4.json
2025-09-12 09:51:10,116 - INFO - Successfully stored file in GCS: transparentsf/weekly/6/43.json
2025-09-12 09:51:10,116 - INFO - Successfully migrated: /Users/simongoldman/Documents/TransparentSF_from_git/transparentSF/ai/output/weekly/6/43.json
2025-09-12 09:51:10,404 - INFO - Successfully stored file in GCS: transparentsf/weekly/6/15.json
2025-09-12 09:51:10,404 - INFO - Successfully migrated: /Users/simongoldman/Documents/TransparentSF_from_git/transparentSF/ai/output/weekly/6/15.json
2025-09-12 09:51:10,835 - INFO - Successfully stored file in GCS: transparentsf/weekly/6/19.json
2025-09-12 09:51:10,836 - INFO - Successfully migrated: /Users/simongoldman/Documents/TransparentSF_from_git/transparentSF/ai/output/weekly/6/19.json
2025-09-12 09:51:11,149 - INFO - Successfully stored file in GCS: transparentsf/weekly/6/23.json
2025-09-12 09:51:11,149 - INFO - Successfully migrated: /Users/simongoldman/Documents/TransparentSF_from_git/transparentSF/ai/output/weekly/6/23.json
2025-09-12 09:51:11,433 - INFO - Successfully stored file in GCS: transparentsf/weekly/6/9.json
2025-09-12 09:51:11,433 - INFO - Successfully migrated: /Users/simongoldman/Documents/TransparentSF_from_git/transparentSF/ai/output/weekly/6/9.json
2025-09-12 09:51:11,886 - INFO - Successfully stored file in GCS: transparentsf/weekly/6/2.json
2025-09-12 09:51:11,886 - INFO - Successfully migrated: /Users/simongoldman/Documents/TransparentSF_from_git/transparentSF/ai/output/weekly/6/2.md
2025-09-12 09:51:12,190 - INFO - Successfully stored file in GCS: transparentsf/weekly/1/16.json
2025-09-12 09:51:12,191 - INFO - Successfully migrated: /Users/simongoldman/Documents/TransparentSF_from_git/transparentSF/ai/output/weekly/1/16.json
2025-09-12 09:51:12,499 - INFO - Successfully stored file in GCS: transparentsf/weekly/1/1.json
2025-09-12 09:51:12,500 - INFO - Successfully migrated: /Users/simongoldman/Documents/TransparentSF_from_git/transparentSF/ai/output/weekly/1/1.md
2025-09-12 09:51:12,796 - INFO - Successfully stored file in GCS: transparentsf/weekly/1/19.json
2025-09-12 09:51:12,796 - INFO - Successfully migrated: /Users/simongoldman/Documents/TransparentSF_from_git/transparentSF/ai/output/weekly/1/19.md
2025-09-12 09:51:13,071 - INFO - Successfully stored file in GCS: transparentsf/weekly/1/29.json
2025-09-12 09:51:13,071 - INFO - Successfully migrated: /Users/simongoldman/Documents/TransparentSF_from_git/transparentSF/ai/output/weekly/1/29.md
2025-09-12 09:51:13,359 - INFO - Successfully stored file in GCS: transparentsf/weekly/1/4.json
2025-09-12 09:51:13,359 - INFO - Successfully migrated: /Users/simongoldman/Documents/TransparentSF_from_git/transparentSF/ai/output/weekly/1/4.md
2025-09-12 09:51:13,724 - INFO - Successfully stored file in GCS: transparentsf/weekly/1/16.json
2025-09-12 09:51:13,724 - INFO - Successfully migrated: /Users/simongoldman/Documents/TransparentSF_from_git/transparentSF/ai/output/weekly/1/16.md
2025-09-12 09:51:14,025 - INFO - Successfully stored file in GCS: transparentsf/weekly/1/22.json
2025-09-12 09:51:14,025 - INFO - Successfully migrated: /Users/simongoldman/Documents/TransparentSF_from_git/transparentSF/ai/output/weekly/1/22.md
2025-09-12 09:51:14,305 - INFO - Successfully stored file in GCS: transparentsf/weekly/1/30.json
2025-09-12 09:51:14,305 - INFO - Successfully migrated: /Users/simongoldman/Documents/TransparentSF_from_git/transparentSF/ai/output/weekly/1/30.json
2025-09-12 09:51:14,587 - INFO - Successfully stored file in GCS: transparentsf/weekly/1/1.json
2025-09-12 09:51:14,587 - INFO - Successfully migrated: /Users/simongoldman/Documents/TransparentSF_from_git/transparentSF/ai/output/weekly/1/1.json
2025-09-12 09:51:14,889 - INFO - Successfully stored file in GCS: transparentsf/weekly/1/23.json
2025-09-12 09:51:14,889 - INFO - Successfully migrated: /Users/simongoldman/Documents/TransparentSF_from_git/transparentSF/ai/output/weekly/1/23.md
2025-09-12 09:51:15,177 - INFO - Successfully stored file in GCS: transparentsf/weekly/1/2.json
2025-09-12 09:51:15,178 - INFO - Successfully migrated: /Users/simongoldman/Documents/TransparentSF_from_git/transparentSF/ai/output/weekly/1/2.json
2025-09-12 09:51:15,553 - INFO - Successfully stored file in GCS: transparentsf/weekly/1/24.json
2025-09-12 09:51:15,553 - INFO - Successfully migrated: /Users/simongoldman/Documents/TransparentSF_from_git/transparentSF/ai/output/weekly/1/24.md
2025-09-12 09:51:15,840 - INFO - Successfully stored file in GCS: transparentsf/weekly/1/9.json
2025-09-12 09:51:15,840 - INFO - Successfully migrated: /Users/simongoldman/Documents/TransparentSF_from_git/transparentSF/ai/output/weekly/1/9.md
2025-09-12 09:51:16,111 - INFO - Successfully stored file in GCS: transparentsf/weekly/1/34.json
2025-09-12 09:51:16,111 - INFO - Successfully migrated: /Users/simongoldman/Documents/TransparentSF_from_git/transparentSF/ai/output/weekly/1/34.md
2025-09-12 09:51:16,400 - INFO - Successfully stored file in GCS: transparentsf/weekly/1/24.json
2025-09-12 09:51:16,400 - INFO - Successfully migrated: /Users/simongoldman/Documents/TransparentSF_from_git/transparentSF/ai/output/weekly/1/24.json
2025-09-12 09:51:16,679 - INFO - Successfully stored file in GCS: transparentsf/weekly/1/30.json
2025-09-12 09:51:16,679 - INFO - Successfully migrated: /Users/simongoldman/Documents/TransparentSF_from_git/transparentSF/ai/output/weekly/1/30.md
2025-09-12 09:51:16,984 - INFO - Successfully stored file in GCS: transparentsf/weekly/1/15.json
2025-09-12 09:51:16,984 - INFO - Successfully migrated: /Users/simongoldman/Documents/TransparentSF_from_git/transparentSF/ai/output/weekly/1/15.md
2025-09-12 09:51:17,266 - INFO - Successfully stored file in GCS: transparentsf/weekly/1/29.json
2025-09-12 09:51:17,266 - INFO - Successfully migrated: /Users/simongoldman/Documents/TransparentSF_from_git/transparentSF/ai/output/weekly/1/29.json
2025-09-12 09:51:17,547 - INFO - Successfully stored file in GCS: transparentsf/weekly/1/8.json
2025-09-12 09:51:17,548 - INFO - Successfully migrated: /Users/simongoldman/Documents/TransparentSF_from_git/transparentSF/ai/output/weekly/1/8.md
2025-09-12 09:51:17,851 - INFO - Successfully stored file in GCS: transparentsf/weekly/1/3.json
2025-09-12 09:51:17,851 - INFO - Successfully migrated: /Users/simongoldman/Documents/TransparentSF_from_git/transparentSF/ai/output/weekly/1/3.json
2025-09-12 09:51:18,175 - INFO - Successfully stored file in GCS: transparentsf/weekly/1/34.json
2025-09-12 09:51:18,175 - INFO - Successfully migrated: /Users/simongoldman/Documents/TransparentSF_from_git/transparentSF/ai/output/weekly/1/34.json
2025-09-12 09:51:18,455 - INFO - Successfully stored file in GCS: transparentsf/weekly/1/8.json
2025-09-12 09:51:18,455 - INFO - Successfully migrated: /Users/simongoldman/Documents/TransparentSF_from_git/transparentSF/ai/output/weekly/1/8.json
2025-09-12 09:51:18,762 - INFO - Successfully stored file in GCS: transparentsf/weekly/1/22.json
2025-09-12 09:51:18,763 - INFO - Successfully migrated: /Users/simongoldman/Documents/TransparentSF_from_git/transparentSF/ai/output/weekly/1/22.json
2025-09-12 09:51:19,058 - INFO - Successfully stored file in GCS: transparentsf/weekly/1/3.json
2025-09-12 09:51:19,058 - INFO - Successfully migrated: /Users/simongoldman/Documents/TransparentSF_from_git/transparentSF/ai/output/weekly/1/3.md
2025-09-12 09:51:19,354 - INFO - Successfully stored file in GCS: transparentsf/weekly/1/4.json
2025-09-12 09:51:19,354 - INFO - Successfully migrated: /Users/simongoldman/Documents/TransparentSF_from_git/transparentSF/ai/output/weekly/1/4.json
2025-09-12 09:51:19,747 - INFO - Successfully stored file in GCS: transparentsf/weekly/1/15.json
2025-09-12 09:51:19,747 - INFO - Successfully migrated: /Users/simongoldman/Documents/TransparentSF_from_git/transparentSF/ai/output/weekly/1/15.json
2025-09-12 09:51:20,036 - INFO - Successfully stored file in GCS: transparentsf/weekly/1/19.json
2025-09-12 09:51:20,037 - INFO - Successfully migrated: /Users/simongoldman/Documents/TransparentSF_from_git/transparentSF/ai/output/weekly/1/19.json
2025-09-12 09:51:20,317 - INFO - Successfully stored file in GCS: transparentsf/weekly/1/23.json
2025-09-12 09:51:20,317 - INFO - Successfully migrated: /Users/simongoldman/Documents/TransparentSF_from_git/transparentSF/ai/output/weekly/1/23.json
2025-09-12 09:51:20,612 - INFO - Successfully stored file in GCS: transparentsf/weekly/1/9.json
2025-09-12 09:51:20,612 - INFO - Successfully migrated: /Users/simongoldman/Documents/TransparentSF_from_git/transparentSF/ai/output/weekly/1/9.json
2025-09-12 09:51:20,890 - INFO - Successfully stored file in GCS: transparentsf/weekly/1/2.json
2025-09-12 09:51:20,891 - INFO - Successfully migrated: /Users/simongoldman/Documents/TransparentSF_from_git/transparentSF/ai/output/weekly/1/2.md
2025-09-12 09:51:21,177 - INFO - Successfully stored file in GCS: transparentsf/weekly/10/16.json
2025-09-12 09:51:21,177 - INFO - Successfully migrated: /Users/simongoldman/Documents/TransparentSF_from_git/transparentSF/ai/output/weekly/10/16.json
2025-09-12 09:51:21,461 - INFO - Successfully stored file in GCS: transparentsf/weekly/10/1.json
2025-09-12 09:51:21,461 - INFO - Successfully migrated: /Users/simongoldman/Documents/TransparentSF_from_git/transparentSF/ai/output/weekly/10/1.md
2025-09-12 09:51:21,748 - INFO - Successfully stored file in GCS: transparentsf/weekly/10/19.json
2025-09-12 09:51:21,748 - INFO - Successfully migrated: /Users/simongoldman/Documents/TransparentSF_from_git/transparentSF/ai/output/weekly/10/19.md
2025-09-12 09:51:22,128 - INFO - Successfully stored file in GCS: transparentsf/weekly/10/29.json
2025-09-12 09:51:22,128 - INFO - Successfully migrated: /Users/simongoldman/Documents/TransparentSF_from_git/transparentSF/ai/output/weekly/10/29.md
2025-09-12 09:51:22,398 - INFO - Successfully stored file in GCS: transparentsf/weekly/10/4.json
2025-09-12 09:51:22,399 - INFO - Successfully migrated: /Users/simongoldman/Documents/TransparentSF_from_git/transparentSF/ai/output/weekly/10/4.md
2025-09-12 09:51:22,698 - INFO - Successfully stored file in GCS: transparentsf/weekly/10/16.json
2025-09-12 09:51:22,698 - INFO - Successfully migrated: /Users/simongoldman/Documents/TransparentSF_from_git/transparentSF/ai/output/weekly/10/16.md
2025-09-12 09:51:22,983 - INFO - Successfully stored file in GCS: transparentsf/weekly/10/22.json
2025-09-12 09:51:22,984 - INFO - Successfully migrated: /Users/simongoldman/Documents/TransparentSF_from_git/transparentSF/ai/output/weekly/10/22.md
2025-09-12 09:51:23,267 - INFO - Successfully stored file in GCS: transparentsf/weekly/10/30.json
2025-09-12 09:51:23,268 - INFO - Successfully migrated: /Users/simongoldman/Documents/TransparentSF_from_git/transparentSF/ai/output/weekly/10/30.json
2025-09-12 09:51:23,556 - INFO - Successfully stored file in GCS: transparentsf/weekly/10/1.json
2025-09-12 09:51:23,557 - INFO - Successfully migrated: /Users/simongoldman/Documents/TransparentSF_from_git/transparentSF/ai/output/weekly/10/1.json
2025-09-12 09:51:23,946 - INFO - Successfully stored file in GCS: transparentsf/weekly/10/23.json
2025-09-12 09:51:23,946 - INFO - Successfully migrated: /Users/simongoldman/Documents/TransparentSF_from_git/transparentSF/ai/output/weekly/10/23.md
2025-09-12 09:51:24,252 - INFO - Successfully stored file in GCS: transparentsf/weekly/10/2.json
2025-09-12 09:51:24,252 - INFO - Successfully migrated: /Users/simongoldman/Documents/TransparentSF_from_git/transparentSF/ai/output/weekly/10/2.json
2025-09-12 09:51:24,545 - INFO - Successfully stored file in GCS: transparentsf/weekly/10/24.json
2025-09-12 09:51:24,546 - INFO - Successfully migrated: /Users/simongoldman/Documents/TransparentSF_from_git/transparentSF/ai/output/weekly/10/24.md
2025-09-12 09:51:24,859 - INFO - Successfully stored file in GCS: transparentsf/weekly/10/9.json
2025-09-12 09:51:24,859 - INFO - Successfully migrated: /Users/simongoldman/Documents/TransparentSF_from_git/transparentSF/ai/output/weekly/10/9.md
2025-09-12 09:51:25,147 - INFO - Successfully stored file in GCS: transparentsf/weekly/10/24.json
2025-09-12 09:51:25,147 - INFO - Successfully migrated: /Users/simongoldman/Documents/TransparentSF_from_git/transparentSF/ai/output/weekly/10/24.json
2025-09-12 09:51:25,515 - INFO - Successfully stored file in GCS: transparentsf/weekly/10/30.json
2025-09-12 09:51:25,515 - INFO - Successfully migrated: /Users/simongoldman/Documents/TransparentSF_from_git/transparentSF/ai/output/weekly/10/30.md
2025-09-12 09:51:25,807 - INFO - Successfully stored file in GCS: transparentsf/weekly/10/15.json
2025-09-12 09:51:25,807 - INFO - Successfully migrated: /Users/simongoldman/Documents/TransparentSF_from_git/transparentSF/ai/output/weekly/10/15.md
2025-09-12 09:51:26,099 - INFO - Successfully stored file in GCS: transparentsf/weekly/10/29.json
2025-09-12 09:51:26,099 - INFO - Successfully migrated: /Users/simongoldman/Documents/TransparentSF_from_git/transparentSF/ai/output/weekly/10/29.json
2025-09-12 09:51:26,381 - INFO - Successfully stored file in GCS: transparentsf/weekly/10/8.json
2025-09-12 09:51:26,381 - INFO - Successfully migrated: /Users/simongoldman/Documents/TransparentSF_from_git/transparentSF/ai/output/weekly/10/8.md
2025-09-12 09:51:26,676 - INFO - Successfully stored file in GCS: transparentsf/weekly/10/3.json
2025-09-12 09:51:26,676 - INFO - Successfully migrated: /Users/simongoldman/Documents/TransparentSF_from_git/transparentSF/ai/output/weekly/10/3.json
2025-09-12 09:51:26,964 - INFO - Successfully stored file in GCS: transparentsf/weekly/10/8.json
2025-09-12 09:51:26,965 - INFO - Successfully migrated: /Users/simongoldman/Documents/TransparentSF_from_git/transparentSF/ai/output/weekly/10/8.json
2025-09-12 09:51:27,257 - INFO - Successfully stored file in GCS: transparentsf/weekly/10/22.json
2025-09-12 09:51:27,257 - INFO - Successfully migrated: /Users/simongoldman/Documents/TransparentSF_from_git/transparentSF/ai/output/weekly/10/22.json
2025-09-12 09:51:27,612 - INFO - Successfully stored file in GCS: transparentsf/weekly/10/3.json
2025-09-12 09:51:27,612 - INFO - Successfully migrated: /Users/simongoldman/Documents/TransparentSF_from_git/transparentSF/ai/output/weekly/10/3.md
2025-09-12 09:51:27,895 - INFO - Successfully stored file in GCS: transparentsf/weekly/10/4.json
2025-09-12 09:51:27,895 - INFO - Successfully migrated: /Users/simongoldman/Documents/TransparentSF_from_git/transparentSF/ai/output/weekly/10/4.json
2025-09-12 09:51:28,184 - INFO - Successfully stored file in GCS: transparentsf/weekly/10/15.json
2025-09-12 09:51:28,184 - INFO - Successfully migrated: /Users/simongoldman/Documents/TransparentSF_from_git/transparentSF/ai/output/weekly/10/15.json
2025-09-12 09:51:28,479 - INFO - Successfully stored file in GCS: transparentsf/weekly/10/19.json
2025-09-12 09:51:28,479 - INFO - Successfully migrated: /Users/simongoldman/Documents/TransparentSF_from_git/transparentSF/ai/output/weekly/10/19.json
2025-09-12 09:51:28,768 - INFO - Successfully stored file in GCS: transparentsf/weekly/10/23.json
2025-09-12 09:51:28,768 - INFO - Successfully migrated: /Users/simongoldman/Documents/TransparentSF_from_git/transparentSF/ai/output/weekly/10/23.json
2025-09-12 09:51:29,041 - INFO - Successfully stored file in GCS: transparentsf/weekly/10/9.json
2025-09-12 09:51:29,042 - INFO - Successfully migrated: /Users/simongoldman/Documents/TransparentSF_from_git/transparentSF/ai/output/weekly/10/9.json
2025-09-12 09:51:29,346 - INFO - Successfully stored file in GCS: transparentsf/weekly/10/2.json
2025-09-12 09:51:29,346 - INFO - Successfully migrated: /Users/simongoldman/Documents/TransparentSF_from_git/transparentSF/ai/output/weekly/10/2.md
2025-09-12 09:51:29,709 - INFO - Successfully stored file in GCS: transparentsf/weekly/8/41.json
2025-09-12 09:51:29,709 - INFO - Successfully migrated: /Users/simongoldman/Documents/TransparentSF_from_git/transparentSF/ai/output/weekly/8/41.json
2025-09-12 09:51:30,014 - INFO - Successfully stored file in GCS: transparentsf/weekly/8/16.json
2025-09-12 09:51:30,014 - INFO - Successfully migrated: /Users/simongoldman/Documents/TransparentSF_from_git/transparentSF/ai/output/weekly/8/16.json
2025-09-12 09:51:30,299 - INFO - Successfully stored file in GCS: transparentsf/weekly/8/1.json
2025-09-12 09:51:30,300 - INFO - Successfully migrated: /Users/simongoldman/Documents/TransparentSF_from_git/transparentSF/ai/output/weekly/8/1.md
2025-09-12 09:51:30,588 - INFO - Successfully stored file in GCS: transparentsf/weekly/8/19.json
2025-09-12 09:51:30,588 - INFO - Successfully migrated: /Users/simongoldman/Documents/TransparentSF_from_git/transparentSF/ai/output/weekly/8/19.md
2025-09-12 09:51:30,875 - INFO - Successfully stored file in GCS: transparentsf/weekly/8/4.json
2025-09-12 09:51:30,875 - INFO - Successfully migrated: /Users/simongoldman/Documents/TransparentSF_from_git/transparentSF/ai/output/weekly/8/4.md
2025-09-12 09:51:31,158 - INFO - Successfully stored file in GCS: transparentsf/weekly/8/16.json
2025-09-12 09:51:31,159 - INFO - Successfully migrated: /Users/simongoldman/Documents/TransparentSF_from_git/transparentSF/ai/output/weekly/8/16.md
2025-09-12 09:51:31,429 - INFO - Successfully stored file in GCS: transparentsf/weekly/8/22.json
2025-09-12 09:51:31,429 - INFO - Successfully migrated: /Users/simongoldman/Documents/TransparentSF_from_git/transparentSF/ai/output/weekly/8/22.md
2025-09-12 09:51:31,808 - INFO - Successfully stored file in GCS: transparentsf/weekly/8/43.json
2025-09-12 09:51:31,809 - INFO - Successfully migrated: /Users/simongoldman/Documents/TransparentSF_from_git/transparentSF/ai/output/weekly/8/43.md
2025-09-12 09:51:32,106 - INFO - Successfully stored file in GCS: transparentsf/weekly/8/30.json
2025-09-12 09:51:32,106 - INFO - Successfully migrated: /Users/simongoldman/Documents/TransparentSF_from_git/transparentSF/ai/output/weekly/8/30.json
2025-09-12 09:51:32,391 - INFO - Successfully stored file in GCS: transparentsf/weekly/8/1.json
2025-09-12 09:51:32,391 - INFO - Successfully migrated: /Users/simongoldman/Documents/TransparentSF_from_git/transparentSF/ai/output/weekly/8/1.json
2025-09-12 09:51:32,680 - INFO - Successfully stored file in GCS: transparentsf/weekly/8/23.json
2025-09-12 09:51:32,681 - INFO - Successfully migrated: /Users/simongoldman/Documents/TransparentSF_from_git/transparentSF/ai/output/weekly/8/23.md
2025-09-12 09:51:32,975 - INFO - Successfully stored file in GCS: transparentsf/weekly/8/2.json
2025-09-12 09:51:32,976 - INFO - Successfully migrated: /Users/simongoldman/Documents/TransparentSF_from_git/transparentSF/ai/output/weekly/8/2.json
2025-09-12 09:51:33,253 - INFO - Successfully stored file in GCS: transparentsf/weekly/8/24.json
2025-09-12 09:51:33,253 - INFO - Successfully migrated: /Users/simongoldman/Documents/TransparentSF_from_git/transparentSF/ai/output/weekly/8/24.md
2025-09-12 09:51:33,541 - INFO - Successfully stored file in GCS: transparentsf/weekly/8/41.json
2025-09-12 09:51:33,541 - INFO - Successfully migrated: /Users/simongoldman/Documents/TransparentSF_from_git/transparentSF/ai/output/weekly/8/41.md
2025-09-12 09:51:33,904 - INFO - Successfully stored file in GCS: transparentsf/weekly/8/9.json
2025-09-12 09:51:33,904 - INFO - Successfully migrated: /Users/simongoldman/Documents/TransparentSF_from_git/transparentSF/ai/output/weekly/8/9.md
2025-09-12 09:51:34,193 - INFO - Successfully stored file in GCS: transparentsf/weekly/8/34.json
2025-09-12 09:51:34,194 - INFO - Successfully migrated: /Users/simongoldman/Documents/TransparentSF_from_git/transparentSF/ai/output/weekly/8/34.md
2025-09-12 09:51:34,474 - INFO - Successfully stored file in GCS: transparentsf/weekly/8/24.json
2025-09-12 09:51:34,474 - INFO - Successfully migrated: /Users/simongoldman/Documents/TransparentSF_from_git/transparentSF/ai/output/weekly/8/24.json
2025-09-12 09:51:34,747 - INFO - Successfully stored file in GCS: transparentsf/weekly/8/30.json
2025-09-12 09:51:34,747 - INFO - Successfully migrated: /Users/simongoldman/Documents/TransparentSF_from_git/transparentSF/ai/output/weekly/8/30.md
2025-09-12 09:51:35,029 - INFO - Successfully stored file in GCS: transparentsf/weekly/8/15.json
2025-09-12 09:51:35,029 - INFO - Successfully migrated: /Users/simongoldman/Documents/TransparentSF_from_git/transparentSF/ai/output/weekly/8/15.md
2025-09-12 09:51:35,299 - INFO - Successfully stored file in GCS: transparentsf/weekly/8/8.json
2025-09-12 09:51:35,299 - INFO - Successfully migrated: /Users/simongoldman/Documents/TransparentSF_from_git/transparentSF/ai/output/weekly/8/8.md
2025-09-12 09:51:35,590 - INFO - Successfully stored file in GCS: transparentsf/weekly/8/3.json
2025-09-12 09:51:35,590 - INFO - Successfully migrated: /Users/simongoldman/Documents/TransparentSF_from_git/transparentSF/ai/output/weekly/8/3.json
2025-09-12 09:51:35,887 - INFO - Successfully stored file in GCS: transparentsf/weekly/8/34.json
2025-09-12 09:51:35,887 - INFO - Successfully migrated: /Users/simongoldman/Documents/TransparentSF_from_git/transparentSF/ai/output/weekly/8/34.json
2025-09-12 09:51:36,171 - INFO - Successfully stored file in GCS: transparentsf/weekly/8/8.json
2025-09-12 09:51:36,172 - INFO - Successfully migrated: /Users/simongoldman/Documents/TransparentSF_from_git/transparentSF/ai/output/weekly/8/8.json
2025-09-12 09:51:36,528 - INFO - Successfully stored file in GCS: transparentsf/weekly/8/22.json
2025-09-12 09:51:36,528 - INFO - Successfully migrated: /Users/simongoldman/Documents/TransparentSF_from_git/transparentSF/ai/output/weekly/8/22.json
2025-09-12 09:51:36,820 - INFO - Successfully stored file in GCS: transparentsf/weekly/8/3.json
2025-09-12 09:51:36,820 - INFO - Successfully migrated: /Users/simongoldman/Documents/TransparentSF_from_git/transparentSF/ai/output/weekly/8/3.md
2025-09-12 09:51:37,112 - INFO - Successfully stored file in GCS: transparentsf/weekly/8/4.json
2025-09-12 09:51:37,112 - INFO - Successfully migrated: /Users/simongoldman/Documents/TransparentSF_from_git/transparentSF/ai/output/weekly/8/4.json
2025-09-12 09:51:37,401 - INFO - Successfully stored file in GCS: transparentsf/weekly/8/43.json
2025-09-12 09:51:37,401 - INFO - Successfully migrated: /Users/simongoldman/Documents/TransparentSF_from_git/transparentSF/ai/output/weekly/8/43.json
2025-09-12 09:51:37,706 - INFO - Successfully stored file in GCS: transparentsf/weekly/8/15.json
2025-09-12 09:51:37,706 - INFO - Successfully migrated: /Users/simongoldman/Documents/TransparentSF_from_git/transparentSF/ai/output/weekly/8/15.json
2025-09-12 09:51:38,004 - INFO - Successfully stored file in GCS: transparentsf/weekly/8/19.json
2025-09-12 09:51:38,004 - INFO - Successfully migrated: /Users/simongoldman/Documents/TransparentSF_from_git/transparentSF/ai/output/weekly/8/19.json
2025-09-12 09:51:38,374 - INFO - Successfully stored file in GCS: transparentsf/weekly/8/23.json
2025-09-12 09:51:38,375 - INFO - Successfully migrated: /Users/simongoldman/Documents/TransparentSF_from_git/transparentSF/ai/output/weekly/8/23.json
2025-09-12 09:51:38,666 - INFO - Successfully stored file in GCS: transparentsf/weekly/8/9.json
2025-09-12 09:51:38,666 - INFO - Successfully migrated: /Users/simongoldman/Documents/TransparentSF_from_git/transparentSF/ai/output/weekly/8/9.json
2025-09-12 09:51:38,952 - INFO - Successfully stored file in GCS: transparentsf/weekly/8/2.json
2025-09-12 09:51:38,952 - INFO - Successfully migrated: /Users/simongoldman/Documents/TransparentSF_from_git/transparentSF/ai/output/weekly/8/2.md
2025-09-12 09:51:39,239 - INFO - Successfully stored file in GCS: transparentsf/weekly/4/16.json
2025-09-12 09:51:39,239 - INFO - Successfully migrated: /Users/simongoldman/Documents/TransparentSF_from_git/transparentSF/ai/output/weekly/4/16.json
2025-09-12 09:51:39,562 - INFO - Successfully stored file in GCS: transparentsf/weekly/4/1.json
2025-09-12 09:51:39,562 - INFO - Successfully migrated: /Users/simongoldman/Documents/TransparentSF_from_git/transparentSF/ai/output/weekly/4/1.md
2025-09-12 09:51:39,851 - INFO - Successfully stored file in GCS: transparentsf/weekly/4/19.json
2025-09-12 09:51:39,851 - INFO - Successfully migrated: /Users/simongoldman/Documents/TransparentSF_from_git/transparentSF/ai/output/weekly/4/19.md
2025-09-12 09:51:40,200 - INFO - Successfully stored file in GCS: transparentsf/weekly/4/4.json
2025-09-12 09:51:40,200 - INFO - Successfully migrated: /Users/simongoldman/Documents/TransparentSF_from_git/transparentSF/ai/output/weekly/4/4.md
2025-09-12 09:51:40,483 - INFO - Successfully stored file in GCS: transparentsf/weekly/4/16.json
2025-09-12 09:51:40,484 - INFO - Successfully migrated: /Users/simongoldman/Documents/TransparentSF_from_git/transparentSF/ai/output/weekly/4/16.md
2025-09-12 09:51:40,777 - INFO - Successfully stored file in GCS: transparentsf/weekly/4/22.json
2025-09-12 09:51:40,777 - INFO - Successfully migrated: /Users/simongoldman/Documents/TransparentSF_from_git/transparentSF/ai/output/weekly/4/22.md
2025-09-12 09:51:41,100 - INFO - Successfully stored file in GCS: transparentsf/weekly/4/30.json
2025-09-12 09:51:41,100 - INFO - Successfully migrated: /Users/simongoldman/Documents/TransparentSF_from_git/transparentSF/ai/output/weekly/4/30.json
2025-09-12 09:51:41,385 - INFO - Successfully stored file in GCS: transparentsf/weekly/4/1.json
2025-09-12 09:51:41,385 - INFO - Successfully migrated: /Users/simongoldman/Documents/TransparentSF_from_git/transparentSF/ai/output/weekly/4/1.json
2025-09-12 09:51:41,673 - INFO - Successfully stored file in GCS: transparentsf/weekly/4/23.json
2025-09-12 09:51:41,673 - INFO - Successfully migrated: /Users/simongoldman/Documents/TransparentSF_from_git/transparentSF/ai/output/weekly/4/23.md
2025-09-12 09:51:42,048 - INFO - Successfully stored file in GCS: transparentsf/weekly/4/2.json
2025-09-12 09:51:42,048 - INFO - Successfully migrated: /Users/simongoldman/Documents/TransparentSF_from_git/transparentSF/ai/output/weekly/4/2.json
2025-09-12 09:51:42,330 - INFO - Successfully stored file in GCS: transparentsf/weekly/4/24.json
2025-09-12 09:51:42,331 - INFO - Successfully migrated: /Users/simongoldman/Documents/TransparentSF_from_git/transparentSF/ai/output/weekly/4/24.md
2025-09-12 09:51:42,610 - INFO - Successfully stored file in GCS: transparentsf/weekly/4/9.json
2025-09-12 09:51:42,611 - INFO - Successfully migrated: /Users/simongoldman/Documents/TransparentSF_from_git/transparentSF/ai/output/weekly/4/9.md
2025-09-12 09:51:42,916 - INFO - Successfully stored file in GCS: transparentsf/weekly/4/24.json
2025-09-12 09:51:42,916 - INFO - Successfully migrated: /Users/simongoldman/Documents/TransparentSF_from_git/transparentSF/ai/output/weekly/4/24.json
2025-09-12 09:51:43,198 - INFO - Successfully stored file in GCS: transparentsf/weekly/4/30.json
2025-09-12 09:51:43,199 - INFO - Successfully migrated: /Users/simongoldman/Documents/TransparentSF_from_git/transparentSF/ai/output/weekly/4/30.md
2025-09-12 09:51:43,474 - INFO - Successfully stored file in GCS: transparentsf/weekly/4/15.json
2025-09-12 09:51:43,474 - INFO - Successfully migrated: /Users/simongoldman/Documents/TransparentSF_from_git/transparentSF/ai/output/weekly/4/15.md
2025-09-12 09:51:43,758 - INFO - Successfully stored file in GCS: transparentsf/weekly/4/8.json
2025-09-12 09:51:43,758 - INFO - Successfully migrated: /Users/simongoldman/Documents/TransparentSF_from_git/transparentSF/ai/output/weekly/4/8.md
2025-09-12 09:51:44,040 - INFO - Successfully stored file in GCS: transparentsf/weekly/4/3.json
2025-09-12 09:51:44,041 - INFO - Successfully migrated: /Users/simongoldman/Documents/TransparentSF_from_git/transparentSF/ai/output/weekly/4/3.json
2025-09-12 09:51:44,389 - INFO - Successfully stored file in GCS: transparentsf/weekly/4/8.json
2025-09-12 09:51:44,390 - INFO - Successfully migrated: /Users/simongoldman/Documents/TransparentSF_from_git/transparentSF/ai/output/weekly/4/8.json
2025-09-12 09:51:44,675 - INFO - Successfully stored file in GCS: transparentsf/weekly/4/22.json
2025-09-12 09:51:44,675 - INFO - Successfully migrated: /Users/simongoldman/Documents/TransparentSF_from_git/transparentSF/ai/output/weekly/4/22.json
2025-09-12 09:51:44,960 - INFO - Successfully stored file in GCS: transparentsf/weekly/4/3.json
2025-09-12 09:51:44,960 - INFO - Successfully migrated: /Users/simongoldman/Documents/TransparentSF_from_git/transparentSF/ai/output/weekly/4/3.md
2025-09-12 09:51:45,233 - INFO - Successfully stored file in GCS: transparentsf/weekly/4/4.json
2025-09-12 09:51:45,233 - INFO - Successfully migrated: /Users/simongoldman/Documents/TransparentSF_from_git/transparentSF/ai/output/weekly/4/4.json
2025-09-12 09:51:45,512 - INFO - Successfully stored file in GCS: transparentsf/weekly/4/15.json
2025-09-12 09:51:45,512 - INFO - Successfully migrated: /Users/simongoldman/Documents/TransparentSF_from_git/transparentSF/ai/output/weekly/4/15.json
2025-09-12 09:51:45,813 - INFO - Successfully stored file in GCS: transparentsf/weekly/4/19.json
2025-09-12 09:51:45,814 - INFO - Successfully migrated: /Users/simongoldman/Documents/TransparentSF_from_git/transparentSF/ai/output/weekly/4/19.json
2025-09-12 09:51:46,098 - INFO - Successfully stored file in GCS: transparentsf/weekly/4/23.json
2025-09-12 09:51:46,098 - INFO - Successfully migrated: /Users/simongoldman/Documents/TransparentSF_from_git/transparentSF/ai/output/weekly/4/23.json
2025-09-12 09:51:46,378 - INFO - Successfully stored file in GCS: transparentsf/weekly/4/9.json
2025-09-12 09:51:46,378 - INFO - Successfully migrated: /Users/simongoldman/Documents/TransparentSF_from_git/transparentSF/ai/output/weekly/4/9.json
2025-09-12 09:51:46,677 - INFO - Successfully stored file in GCS: transparentsf/weekly/4/2.json
2025-09-12 09:51:46,677 - INFO - Successfully migrated: /Users/simongoldman/Documents/TransparentSF_from_git/transparentSF/ai/output/weekly/4/2.md
2025-09-12 09:51:47,015 - INFO - Successfully stored file in GCS: transparentsf/weekly/3/16.json
2025-09-12 09:51:47,015 - INFO - Successfully migrated: /Users/simongoldman/Documents/TransparentSF_from_git/transparentSF/ai/output/weekly/3/16.json
2025-09-12 09:51:47,311 - INFO - Successfully stored file in GCS: transparentsf/weekly/3/1.json
2025-09-12 09:51:47,311 - INFO - Successfully migrated: /Users/simongoldman/Documents/TransparentSF_from_git/transparentSF/ai/output/weekly/3/1.md
2025-09-12 09:51:47,597 - INFO - Successfully stored file in GCS: transparentsf/weekly/3/19.json
2025-09-12 09:51:47,598 - INFO - Successfully migrated: /Users/simongoldman/Documents/TransparentSF_from_git/transparentSF/ai/output/weekly/3/19.md
2025-09-12 09:51:47,879 - INFO - Successfully stored file in GCS: transparentsf/weekly/3/29.json
2025-09-12 09:51:47,879 - INFO - Successfully migrated: /Users/simongoldman/Documents/TransparentSF_from_git/transparentSF/ai/output/weekly/3/29.md
2025-09-12 09:51:48,159 - INFO - Successfully stored file in GCS: transparentsf/weekly/3/4.json
2025-09-12 09:51:48,159 - INFO - Successfully migrated: /Users/simongoldman/Documents/TransparentSF_from_git/transparentSF/ai/output/weekly/3/4.md
2025-09-12 09:51:48,451 - INFO - Successfully stored file in GCS: transparentsf/weekly/3/16.json
2025-09-12 09:51:48,451 - INFO - Successfully migrated: /Users/simongoldman/Documents/TransparentSF_from_git/transparentSF/ai/output/weekly/3/16.md
2025-09-12 09:51:48,735 - INFO - Successfully stored file in GCS: transparentsf/weekly/3/22.json
2025-09-12 09:51:48,735 - INFO - Successfully migrated: /Users/simongoldman/Documents/TransparentSF_from_git/transparentSF/ai/output/weekly/3/22.md
2025-09-12 09:51:49,106 - INFO - Successfully stored file in GCS: transparentsf/weekly/3/30.json
2025-09-12 09:51:49,106 - INFO - Successfully migrated: /Users/simongoldman/Documents/TransparentSF_from_git/transparentSF/ai/output/weekly/3/30.json
2025-09-12 09:51:49,386 - INFO - Successfully stored file in GCS: transparentsf/weekly/3/1.json
2025-09-12 09:51:49,386 - INFO - Successfully migrated: /Users/simongoldman/Documents/TransparentSF_from_git/transparentSF/ai/output/weekly/3/1.json
2025-09-12 09:51:49,664 - INFO - Successfully stored file in GCS: transparentsf/weekly/3/23.json
2025-09-12 09:51:49,664 - INFO - Successfully migrated: /Users/simongoldman/Documents/TransparentSF_from_git/transparentSF/ai/output/weekly/3/23.md
2025-09-12 09:51:49,963 - INFO - Successfully stored file in GCS: transparentsf/weekly/3/2.json
2025-09-12 09:51:49,963 - INFO - Successfully migrated: /Users/simongoldman/Documents/TransparentSF_from_git/transparentSF/ai/output/weekly/3/2.json
2025-09-12 09:51:50,252 - INFO - Successfully stored file in GCS: transparentsf/weekly/3/24.json
2025-09-12 09:51:50,253 - INFO - Successfully migrated: /Users/simongoldman/Documents/TransparentSF_from_git/transparentSF/ai/output/weekly/3/24.md
2025-09-12 09:51:50,533 - INFO - Successfully stored file in GCS: transparentsf/weekly/3/9.json
2025-09-12 09:51:50,533 - INFO - Successfully migrated: /Users/simongoldman/Documents/TransparentSF_from_git/transparentSF/ai/output/weekly/3/9.md
2025-09-12 09:51:50,836 - INFO - Successfully stored file in GCS: transparentsf/weekly/3/34.json
2025-09-12 09:51:50,836 - INFO - Successfully migrated: /Users/simongoldman/Documents/TransparentSF_from_git/transparentSF/ai/output/weekly/3/34.md
2025-09-12 09:51:51,205 - INFO - Successfully stored file in GCS: transparentsf/weekly/3/24.json
2025-09-12 09:51:51,206 - INFO - Successfully migrated: /Users/simongoldman/Documents/TransparentSF_from_git/transparentSF/ai/output/weekly/3/24.json
2025-09-12 09:51:51,484 - INFO - Successfully stored file in GCS: transparentsf/weekly/3/30.json
2025-09-12 09:51:51,485 - INFO - Successfully migrated: /Users/simongoldman/Documents/TransparentSF_from_git/transparentSF/ai/output/weekly/3/30.md
2025-09-12 09:51:51,771 - INFO - Successfully stored file in GCS: transparentsf/weekly/3/15.json
2025-09-12 09:51:51,771 - INFO - Successfully migrated: /Users/simongoldman/Documents/TransparentSF_from_git/transparentSF/ai/output/weekly/3/15.md
2025-09-12 09:51:52,047 - INFO - Successfully stored file in GCS: transparentsf/weekly/3/29.json
2025-09-12 09:51:52,047 - INFO - Successfully migrated: /Users/simongoldman/Documents/TransparentSF_from_git/transparentSF/ai/output/weekly/3/29.json
2025-09-12 09:51:52,334 - INFO - Successfully stored file in GCS: transparentsf/weekly/3/8.json
2025-09-12 09:51:52,334 - INFO - Successfully migrated: /Users/simongoldman/Documents/TransparentSF_from_git/transparentSF/ai/output/weekly/3/8.md
2025-09-12 09:51:52,817 - INFO - Successfully stored file in GCS: transparentsf/weekly/3/3.json
2025-09-12 09:51:52,818 - INFO - Successfully migrated: /Users/simongoldman/Documents/TransparentSF_from_git/transparentSF/ai/output/weekly/3/3.json
2025-09-12 09:51:53,113 - INFO - Successfully stored file in GCS: transparentsf/weekly/3/34.json
2025-09-12 09:51:53,113 - INFO - Successfully migrated: /Users/simongoldman/Documents/TransparentSF_from_git/transparentSF/ai/output/weekly/3/34.json
2025-09-12 09:51:53,389 - INFO - Successfully stored file in GCS: transparentsf/weekly/3/8.json
2025-09-12 09:51:53,389 - INFO - Successfully migrated: /Users/simongoldman/Documents/TransparentSF_from_git/transparentSF/ai/output/weekly/3/8.json
2025-09-12 09:51:53,673 - INFO - Successfully stored file in GCS: transparentsf/weekly/3/22.json
2025-09-12 09:51:53,673 - INFO - Successfully migrated: /Users/simongoldman/Documents/TransparentSF_from_git/transparentSF/ai/output/weekly/3/22.json
2025-09-12 09:51:53,961 - INFO - Successfully stored file in GCS: transparentsf/weekly/3/3.json
2025-09-12 09:51:53,961 - INFO - Successfully migrated: /Users/simongoldman/Documents/TransparentSF_from_git/transparentSF/ai/output/weekly/3/3.md
2025-09-12 09:51:54,244 - INFO - Successfully stored file in GCS: transparentsf/weekly/3/4.json
2025-09-12 09:51:54,244 - INFO - Successfully migrated: /Users/simongoldman/Documents/TransparentSF_from_git/transparentSF/ai/output/weekly/3/4.json
2025-09-12 09:51:54,527 - INFO - Successfully stored file in GCS: transparentsf/weekly/3/15.json
2025-09-12 09:51:54,527 - INFO - Successfully migrated: /Users/simongoldman/Documents/TransparentSF_from_git/transparentSF/ai/output/weekly/3/15.json
2025-09-12 09:51:54,873 - INFO - Successfully stored file in GCS: transparentsf/weekly/3/19.json
2025-09-12 09:51:54,874 - INFO - Successfully migrated: /Users/simongoldman/Documents/TransparentSF_from_git/transparentSF/ai/output/weekly/3/19.json
2025-09-12 09:51:55,152 - INFO - Successfully stored file in GCS: transparentsf/weekly/3/23.json
2025-09-12 09:51:55,153 - INFO - Successfully migrated: /Users/simongoldman/Documents/TransparentSF_from_git/transparentSF/ai/output/weekly/3/23.json
2025-09-12 09:51:55,432 - INFO - Successfully stored file in GCS: transparentsf/weekly/3/9.json
2025-09-12 09:51:55,433 - INFO - Successfully migrated: /Users/simongoldman/Documents/TransparentSF_from_git/transparentSF/ai/output/weekly/3/9.json
2025-09-12 09:51:55,716 - INFO - Successfully stored file in GCS: transparentsf/weekly/3/2.json
2025-09-12 09:51:55,717 - INFO - Successfully migrated: /Users/simongoldman/Documents/TransparentSF_from_git/transparentSF/ai/output/weekly/3/2.md
2025-09-12 09:51:55,989 - INFO - Successfully stored file in GCS: transparentsf/weekly/2/16.json
2025-09-12 09:51:55,989 - INFO - Successfully migrated: /Users/simongoldman/Documents/TransparentSF_from_git/transparentSF/ai/output/weekly/2/16.json
2025-09-12 09:51:56,275 - INFO - Successfully stored file in GCS: transparentsf/weekly/2/1.json
2025-09-12 09:51:56,276 - INFO - Successfully migrated: /Users/simongoldman/Documents/TransparentSF_from_git/transparentSF/ai/output/weekly/2/1.md
2025-09-12 09:51:56,560 - INFO - Successfully stored file in GCS: transparentsf/weekly/2/19.json
2025-09-12 09:51:56,561 - INFO - Successfully migrated: /Users/simongoldman/Documents/TransparentSF_from_git/transparentSF/ai/output/weekly/2/19.md
2025-09-12 09:51:56,834 - INFO - Successfully stored file in GCS: transparentsf/weekly/2/4.json
2025-09-12 09:51:56,834 - INFO - Successfully migrated: /Users/simongoldman/Documents/TransparentSF_from_git/transparentSF/ai/output/weekly/2/4.md
2025-09-12 09:51:57,120 - INFO - Successfully stored file in GCS: transparentsf/weekly/2/16.json
2025-09-12 09:51:57,120 - INFO - Successfully migrated: /Users/simongoldman/Documents/TransparentSF_from_git/transparentSF/ai/output/weekly/2/16.md
2025-09-12 09:51:57,497 - INFO - Successfully stored file in GCS: transparentsf/weekly/2/22.json
2025-09-12 09:51:57,497 - INFO - Successfully migrated: /Users/simongoldman/Documents/TransparentSF_from_git/transparentSF/ai/output/weekly/2/22.md
2025-09-12 09:51:57,786 - INFO - Successfully stored file in GCS: transparentsf/weekly/2/30.json
2025-09-12 09:51:57,786 - INFO - Successfully migrated: /Users/simongoldman/Documents/TransparentSF_from_git/transparentSF/ai/output/weekly/2/30.json
2025-09-12 09:51:58,072 - INFO - Successfully stored file in GCS: transparentsf/weekly/2/1.json
2025-09-12 09:51:58,072 - INFO - Successfully migrated: /Users/simongoldman/Documents/TransparentSF_from_git/transparentSF/ai/output/weekly/2/1.json
2025-09-12 09:51:58,383 - INFO - Successfully stored file in GCS: transparentsf/weekly/2/23.json
2025-09-12 09:51:58,383 - INFO - Successfully migrated: /Users/simongoldman/Documents/TransparentSF_from_git/transparentSF/ai/output/weekly/2/23.md
2025-09-12 09:51:58,666 - INFO - Successfully stored file in GCS: transparentsf/weekly/2/2.json
2025-09-12 09:51:58,666 - INFO - Successfully migrated: /Users/simongoldman/Documents/TransparentSF_from_git/transparentSF/ai/output/weekly/2/2.json
2025-09-12 09:51:58,949 - INFO - Successfully stored file in GCS: transparentsf/weekly/2/24.json
2025-09-12 09:51:58,949 - INFO - Successfully migrated: /Users/simongoldman/Documents/TransparentSF_from_git/transparentSF/ai/output/weekly/2/24.md
2025-09-12 09:51:59,241 - INFO - Successfully stored file in GCS: transparentsf/weekly/2/9.json
2025-09-12 09:51:59,241 - INFO - Successfully migrated: /Users/simongoldman/Documents/TransparentSF_from_git/transparentSF/ai/output/weekly/2/9.md
2025-09-12 09:51:59,680 - INFO - Successfully stored file in GCS: transparentsf/weekly/2/34.json
2025-09-12 09:51:59,680 - INFO - Successfully migrated: /Users/simongoldman/Documents/TransparentSF_from_git/transparentSF/ai/output/weekly/2/34.md
2025-09-12 09:52:00,136 - INFO - Successfully stored file in GCS: transparentsf/weekly/2/24.json
2025-09-12 09:52:00,136 - INFO - Successfully migrated: /Users/simongoldman/Documents/TransparentSF_from_git/transparentSF/ai/output/weekly/2/24.json
2025-09-12 09:52:00,496 - INFO - Successfully stored file in GCS: transparentsf/weekly/2/30.json
2025-09-12 09:52:00,496 - INFO - Successfully migrated: /Users/simongoldman/Documents/TransparentSF_from_git/transparentSF/ai/output/weekly/2/30.md
2025-09-12 09:52:00,790 - INFO - Successfully stored file in GCS: transparentsf/weekly/2/15.json
2025-09-12 09:52:00,790 - INFO - Successfully migrated: /Users/simongoldman/Documents/TransparentSF_from_git/transparentSF/ai/output/weekly/2/15.md
2025-09-12 09:52:01,066 - INFO - Successfully stored file in GCS: transparentsf/weekly/2/8.json
2025-09-12 09:52:01,066 - INFO - Successfully migrated: /Users/simongoldman/Documents/TransparentSF_from_git/transparentSF/ai/output/weekly/2/8.md
2025-09-12 09:52:01,348 - INFO - Successfully stored file in GCS: transparentsf/weekly/2/3.json
2025-09-12 09:52:01,348 - INFO - Successfully migrated: /Users/simongoldman/Documents/TransparentSF_from_git/transparentSF/ai/output/weekly/2/3.json
2025-09-12 09:52:01,689 - INFO - Successfully stored file in GCS: transparentsf/weekly/2/34.json
2025-09-12 09:52:01,690 - INFO - Successfully migrated: /Users/simongoldman/Documents/TransparentSF_from_git/transparentSF/ai/output/weekly/2/34.json
2025-09-12 09:52:01,971 - INFO - Successfully stored file in GCS: transparentsf/weekly/2/8.json
2025-09-12 09:52:01,971 - INFO - Successfully migrated: /Users/simongoldman/Documents/TransparentSF_from_git/transparentSF/ai/output/weekly/2/8.json
2025-09-12 09:52:02,261 - INFO - Successfully stored file in GCS: transparentsf/weekly/2/22.json
2025-09-12 09:52:02,262 - INFO - Successfully migrated: /Users/simongoldman/Documents/TransparentSF_from_git/transparentSF/ai/output/weekly/2/22.json
2025-09-12 09:52:02,557 - INFO - Successfully stored file in GCS: transparentsf/weekly/2/3.json
2025-09-12 09:52:02,557 - INFO - Successfully migrated: /Users/simongoldman/Documents/TransparentSF_from_git/transparentSF/ai/output/weekly/2/3.md
2025-09-12 09:52:02,852 - INFO - Successfully stored file in GCS: transparentsf/weekly/2/4.json
2025-09-12 09:52:02,852 - INFO - Successfully migrated: /Users/simongoldman/Documents/TransparentSF_from_git/transparentSF/ai/output/weekly/2/4.json
2025-09-12 09:52:03,134 - INFO - Successfully stored file in GCS: transparentsf/weekly/2/15.json
2025-09-12 09:52:03,134 - INFO - Successfully migrated: /Users/simongoldman/Documents/TransparentSF_from_git/transparentSF/ai/output/weekly/2/15.json
2025-09-12 09:52:03,421 - INFO - Successfully stored file in GCS: transparentsf/weekly/2/19.json
2025-09-12 09:52:03,421 - INFO - Successfully migrated: /Users/simongoldman/Documents/TransparentSF_from_git/transparentSF/ai/output/weekly/2/19.json
2025-09-12 09:52:03,787 - INFO - Successfully stored file in GCS: transparentsf/weekly/2/23.json
2025-09-12 09:52:03,787 - INFO - Successfully migrated: /Users/simongoldman/Documents/TransparentSF_from_git/transparentSF/ai/output/weekly/2/23.json
2025-09-12 09:52:04,077 - INFO - Successfully stored file in GCS: transparentsf/weekly/2/9.json
2025-09-12 09:52:04,078 - INFO - Successfully migrated: /Users/simongoldman/Documents/TransparentSF_from_git/transparentSF/ai/output/weekly/2/9.json
2025-09-12 09:52:04,384 - INFO - Successfully stored file in GCS: transparentsf/weekly/2/2.json
2025-09-12 09:52:04,385 - INFO - Successfully migrated: /Users/simongoldman/Documents/TransparentSF_from_git/transparentSF/ai/output/weekly/2/2.md
2025-09-12 09:52:04,677 - INFO - Successfully stored file in GCS: transparentsf/weekly/5/16.json
2025-09-12 09:52:04,678 - INFO - Successfully migrated: /Users/simongoldman/Documents/TransparentSF_from_git/transparentSF/ai/output/weekly/5/16.json
2025-09-12 09:52:04,956 - INFO - Successfully stored file in GCS: transparentsf/weekly/5/1.json
2025-09-12 09:52:04,956 - INFO - Successfully migrated: /Users/simongoldman/Documents/TransparentSF_from_git/transparentSF/ai/output/weekly/5/1.md
2025-09-12 09:52:05,252 - INFO - Successfully stored file in GCS: transparentsf/weekly/5/19.json
2025-09-12 09:52:05,252 - INFO - Successfully migrated: /Users/simongoldman/Documents/TransparentSF_from_git/transparentSF/ai/output/weekly/5/19.md
2025-09-12 09:52:05,538 - INFO - Successfully stored file in GCS: transparentsf/weekly/5/4.json
2025-09-12 09:52:05,538 - INFO - Successfully migrated: /Users/simongoldman/Documents/TransparentSF_from_git/transparentSF/ai/output/weekly/5/4.md
2025-09-12 09:52:05,886 - INFO - Successfully stored file in GCS: transparentsf/weekly/5/16.json
2025-09-12 09:52:05,886 - INFO - Successfully migrated: /Users/simongoldman/Documents/TransparentSF_from_git/transparentSF/ai/output/weekly/5/16.md
2025-09-12 09:52:06,236 - INFO - Successfully stored file in GCS: transparentsf/weekly/5/22.json
2025-09-12 09:52:06,236 - INFO - Successfully migrated: /Users/simongoldman/Documents/TransparentSF_from_git/transparentSF/ai/output/weekly/5/22.md
2025-09-12 09:52:06,525 - INFO - Successfully stored file in GCS: transparentsf/weekly/5/30.json
2025-09-12 09:52:06,526 - INFO - Successfully migrated: /Users/simongoldman/Documents/TransparentSF_from_git/transparentSF/ai/output/weekly/5/30.json
2025-09-12 09:52:06,813 - INFO - Successfully stored file in GCS: transparentsf/weekly/5/1.json
2025-09-12 09:52:06,813 - INFO - Successfully migrated: /Users/simongoldman/Documents/TransparentSF_from_git/transparentSF/ai/output/weekly/5/1.json
2025-09-12 09:52:07,104 - INFO - Successfully stored file in GCS: transparentsf/weekly/5/23.json
2025-09-12 09:52:07,104 - INFO - Successfully migrated: /Users/simongoldman/Documents/TransparentSF_from_git/transparentSF/ai/output/weekly/5/23.md
2025-09-12 09:52:07,462 - INFO - Successfully stored file in GCS: transparentsf/weekly/5/2.json
2025-09-12 09:52:07,462 - INFO - Successfully migrated: /Users/simongoldman/Documents/TransparentSF_from_git/transparentSF/ai/output/weekly/5/2.json
2025-09-12 09:52:07,740 - INFO - Successfully stored file in GCS: transparentsf/weekly/5/24.json
2025-09-12 09:52:07,740 - INFO - Successfully migrated: /Users/simongoldman/Documents/TransparentSF_from_git/transparentSF/ai/output/weekly/5/24.md
2025-09-12 09:52:08,024 - INFO - Successfully stored file in GCS: transparentsf/weekly/5/9.json
2025-09-12 09:52:08,024 - INFO - Successfully migrated: /Users/simongoldman/Documents/TransparentSF_from_git/transparentSF/ai/output/weekly/5/9.md
2025-09-12 09:52:08,316 - INFO - Successfully stored file in GCS: transparentsf/weekly/5/34.json
2025-09-12 09:52:08,316 - INFO - Successfully migrated: /Users/simongoldman/Documents/TransparentSF_from_git/transparentSF/ai/output/weekly/5/34.md
2025-09-12 09:52:08,607 - INFO - Successfully stored file in GCS: transparentsf/weekly/5/24.json
2025-09-12 09:52:08,607 - INFO - Successfully migrated: /Users/simongoldman/Documents/TransparentSF_from_git/transparentSF/ai/output/weekly/5/24.json
2025-09-12 09:52:08,919 - INFO - Successfully stored file in GCS: transparentsf/weekly/5/30.json
2025-09-12 09:52:08,920 - INFO - Successfully migrated: /Users/simongoldman/Documents/TransparentSF_from_git/transparentSF/ai/output/weekly/5/30.md
2025-09-12 09:52:09,201 - INFO - Successfully stored file in GCS: transparentsf/weekly/5/15.json
2025-09-12 09:52:09,201 - INFO - Successfully migrated: /Users/simongoldman/Documents/TransparentSF_from_git/transparentSF/ai/output/weekly/5/15.md
2025-09-12 09:52:09,486 - INFO - Successfully stored file in GCS: transparentsf/weekly/5/8.json
2025-09-12 09:52:09,486 - INFO - Successfully migrated: /Users/simongoldman/Documents/TransparentSF_from_git/transparentSF/ai/output/weekly/5/8.md
2025-09-12 09:52:09,775 - INFO - Successfully stored file in GCS: transparentsf/weekly/5/3.json
2025-09-12 09:52:09,776 - INFO - Successfully migrated: /Users/simongoldman/Documents/TransparentSF_from_git/transparentSF/ai/output/weekly/5/3.json
2025-09-12 09:52:10,138 - INFO - Successfully stored file in GCS: transparentsf/weekly/5/34.json
2025-09-12 09:52:10,139 - INFO - Successfully migrated: /Users/simongoldman/Documents/TransparentSF_from_git/transparentSF/ai/output/weekly/5/34.json
2025-09-12 09:52:10,664 - INFO - Successfully stored file in GCS: transparentsf/weekly/5/8.json
2025-09-12 09:52:10,664 - INFO - Successfully migrated: /Users/simongoldman/Documents/TransparentSF_from_git/transparentSF/ai/output/weekly/5/8.json
2025-09-12 09:52:10,950 - INFO - Successfully stored file in GCS: transparentsf/weekly/5/22.json
2025-09-12 09:52:10,950 - INFO - Successfully migrated: /Users/simongoldman/Documents/TransparentSF_from_git/transparentSF/ai/output/weekly/5/22.json
2025-09-12 09:52:11,235 - INFO - Successfully stored file in GCS: transparentsf/weekly/5/3.json
2025-09-12 09:52:11,235 - INFO - Successfully migrated: /Users/simongoldman/Documents/TransparentSF_from_git/transparentSF/ai/output/weekly/5/3.md
2025-09-12 09:52:11,653 - INFO - Successfully stored file in GCS: transparentsf/weekly/5/4.json
2025-09-12 09:52:11,653 - INFO - Successfully migrated: /Users/simongoldman/Documents/TransparentSF_from_git/transparentSF/ai/output/weekly/5/4.json
2025-09-12 09:52:11,945 - INFO - Successfully stored file in GCS: transparentsf/weekly/5/15.json
2025-09-12 09:52:11,945 - INFO - Successfully migrated: /Users/simongoldman/Documents/TransparentSF_from_git/transparentSF/ai/output/weekly/5/15.json
2025-09-12 09:52:12,248 - INFO - Successfully stored file in GCS: transparentsf/weekly/5/19.json
2025-09-12 09:52:12,248 - INFO - Successfully migrated: /Users/simongoldman/Documents/TransparentSF_from_git/transparentSF/ai/output/weekly/5/19.json
2025-09-12 09:52:12,705 - INFO - Successfully stored file in GCS: transparentsf/weekly/5/23.json
2025-09-12 09:52:12,705 - INFO - Successfully migrated: /Users/simongoldman/Documents/TransparentSF_from_git/transparentSF/ai/output/weekly/5/23.json
2025-09-12 09:52:12,985 - INFO - Successfully stored file in GCS: transparentsf/weekly/5/9.json
2025-09-12 09:52:12,985 - INFO - Successfully migrated: /Users/simongoldman/Documents/TransparentSF_from_git/transparentSF/ai/output/weekly/5/9.json
2025-09-12 09:52:13,271 - INFO - Successfully stored file in GCS: transparentsf/weekly/5/2.json
2025-09-12 09:52:13,271 - INFO - Successfully migrated: /Users/simongoldman/Documents/TransparentSF_from_git/transparentSF/ai/output/weekly/5/2.md
2025-09-12 09:52:13,271 - INFO - Migrating reports files...
2025-09-12 09:52:13,565 - INFO - Successfully stored file in GCS: transparentsf/reports/New_Expansion_Test_20250908_000000_raw_response.txt
2025-09-12 09:52:13,565 - INFO - Successfully migrated: /Users/simongoldman/Documents/TransparentSF_from_git/transparentSF/ai/output/reports/New_Expansion_Test_20250908_000000_raw_response.txt
2025-09-12 09:52:13,855 - INFO - Successfully stored file in GCS: transparentsf/reports/monthly_report_3_2025_09_final.html
2025-09-12 09:52:13,855 - INFO - Successfully migrated: /Users/simongoldman/Documents/TransparentSF_from_git/transparentSF/ai/output/reports/monthly_report_3_2025_09_final.html
2025-09-12 09:52:14,129 - INFO - Successfully stored file in GCS: transparentsf/reports/New_Clean_Gpt_40_20250909_000000.html
2025-09-12 09:52:14,129 - INFO - Successfully migrated: /Users/simongoldman/Documents/TransparentSF_from_git/transparentSF/ai/output/reports/New_Clean_Gpt_40_20250909_000000.html
2025-09-12 09:52:14,427 - INFO - Successfully stored file in GCS: transparentsf/reports/monthly_report_11_2025_09_for_proofreading.html
2025-09-12 09:52:14,427 - INFO - Successfully migrated: /Users/simongoldman/Documents/TransparentSF_from_git/transparentSF/ai/output/reports/monthly_report_11_2025_09_for_proofreading.html
2025-09-12 09:52:14,652 - INFO - Successfully stored file in GCS: transparentsf/reports/monthly_report_5_2025_09_raw_response.txt
2025-09-12 09:52:14,652 - INFO - Successfully migrated: /Users/simongoldman/Documents/TransparentSF_from_git/transparentSF/ai/output/reports/monthly_report_5_2025_09_raw_response.txt
2025-09-12 09:52:14,989 - INFO - Successfully stored file in GCS: transparentsf/reports/monthly_report_4_2025_09_revised.html
2025-09-12 09:52:14,989 - INFO - Successfully migrated: /Users/simongoldman/Documents/TransparentSF_from_git/transparentSF/ai/output/reports/monthly_report_4_2025_09_revised.html
2025-09-12 09:52:15,321 - INFO - Successfully stored file in GCS: transparentsf/reports/monthly_report_3_2025_09_email.html
2025-09-12 09:52:15,322 - INFO - Successfully migrated: /Users/simongoldman/Documents/TransparentSF_from_git/transparentSF/ai/output/reports/monthly_report_3_2025_09_email.html
2025-09-12 09:52:15,610 - INFO - Successfully stored file in GCS: transparentsf/reports/monthly_report_11_2025_09_test_final.html
2025-09-12 09:52:15,610 - INFO - Successfully migrated: /Users/simongoldman/Documents/TransparentSF_from_git/transparentSF/ai/output/reports/monthly_report_11_2025_09_test_final.html
2025-09-12 09:52:15,902 - INFO - Successfully stored file in GCS: transparentsf/reports/New_Expansion_Test_20250908_000000_revised.html
2025-09-12 09:52:15,903 - INFO - Successfully migrated: /Users/simongoldman/Documents/TransparentSF_from_git/transparentSF/ai/output/reports/New_Expansion_Test_20250908_000000_revised.html
2025-09-12 09:52:16,194 - INFO - Successfully stored file in GCS: transparentsf/reports/monthly_report_1_2025_09_for_proofreading_revised_email.html
2025-09-12 09:52:16,195 - INFO - Successfully migrated: /Users/simongoldman/Documents/TransparentSF_from_git/transparentSF/ai/output/reports/monthly_report_1_2025_09_for_proofreading_revised_email.html
2025-09-12 09:52:16,479 - INFO - Successfully stored file in GCS: transparentsf/reports/New_Clean_Gpt_40_20250909_000000_email.html
2025-09-12 09:52:16,479 - INFO - Successfully migrated: /Users/simongoldman/Documents/TransparentSF_from_git/transparentSF/ai/output/reports/New_Clean_Gpt_40_20250909_000000_email.html
2025-09-12 09:52:16,758 - INFO - Successfully stored file in GCS: transparentsf/reports/monthly_report_3_2025_09_with_placeholders.html
2025-09-12 09:52:16,758 - INFO - Successfully migrated: /Users/simongoldman/Documents/TransparentSF_from_git/transparentSF/ai/output/reports/monthly_report_3_2025_09_with_placeholders.html
2025-09-12 09:52:17,053 - INFO - Successfully stored file in GCS: transparentsf/reports/New_Expansion_Test_20250908_000000.html
2025-09-12 09:52:17,053 - INFO - Successfully migrated: /Users/simongoldman/Documents/TransparentSF_from_git/transparentSF/ai/output/reports/New_Expansion_Test_20250908_000000.html
2025-09-12 09:52:17,324 - INFO - Successfully stored file in GCS: transparentsf/reports/monthly_report_1_2025_09.html
2025-09-12 09:52:17,324 - INFO - Successfully migrated: /Users/simongoldman/Documents/TransparentSF_from_git/transparentSF/ai/output/reports/monthly_report_1_2025_09.html
2025-09-12 09:52:17,716 - INFO - Successfully stored file in GCS: transparentsf/reports/New_Clean_Gpt_40_20250909_000000_final.html
2025-09-12 09:52:17,716 - INFO - Successfully migrated: /Users/simongoldman/Documents/TransparentSF_from_git/transparentSF/ai/output/reports/New_Clean_Gpt_40_20250909_000000_final.html
2025-09-12 09:52:18,006 - INFO - Successfully stored file in GCS: transparentsf/reports/monthly_report_1_2025_09_for_proofreading_revised_final.html
2025-09-12 09:52:18,006 - INFO - Successfully migrated: /Users/simongoldman/Documents/TransparentSF_from_git/transparentSF/ai/output/reports/monthly_report_1_2025_09_for_proofreading_revised_final.html
2025-09-12 09:52:18,293 - INFO - Successfully stored file in GCS: transparentsf/reports/New_Clean_Gpt_40_20250909_000000_revised.html
2025-09-12 09:52:18,294 - INFO - Successfully migrated: /Users/simongoldman/Documents/TransparentSF_from_git/transparentSF/ai/output/reports/New_Clean_Gpt_40_20250909_000000_revised.html
2025-09-12 09:52:18,582 - INFO - Successfully stored file in GCS: transparentsf/reports/monthly_report_1_2025_09_for_proofreading.html
2025-09-12 09:52:18,582 - INFO - Successfully migrated: /Users/simongoldman/Documents/TransparentSF_from_git/transparentSF/ai/output/reports/monthly_report_1_2025_09_for_proofreading.html
2025-09-12 09:52:18,860 - INFO - Successfully stored file in GCS: transparentsf/reports/Traffic_Clean_-_Grok_4_August_20250908_000000_final.html
2025-09-12 09:52:18,860 - INFO - Successfully migrated: /Users/simongoldman/Documents/TransparentSF_from_git/transparentSF/ai/output/reports/Traffic_Clean_-_Grok_4_August_20250908_000000_final.html
2025-09-12 09:52:19,165 - INFO - Successfully stored file in GCS: transparentsf/reports/monthly_report_2_2025_09_for_proofreading_revised_email.html
2025-09-12 09:52:19,166 - INFO - Successfully migrated: /Users/simongoldman/Documents/TransparentSF_from_git/transparentSF/ai/output/reports/monthly_report_2_2025_09_for_proofreading_revised_email.html
2025-09-12 09:52:19,514 - INFO - Successfully stored file in GCS: transparentsf/reports/Traffic_Clean_-_Grok_4_August_20250908_000000_email.html
2025-09-12 09:52:19,514 - INFO - Successfully migrated: /Users/simongoldman/Documents/TransparentSF_from_git/transparentSF/ai/output/reports/Traffic_Clean_-_Grok_4_August_20250908_000000_email.html
2025-09-12 09:52:19,795 - INFO - Successfully stored file in GCS: transparentsf/reports/Traffic_Clean_-_Grok_4_August_20250908_000000_revised.html
2025-09-12 09:52:19,795 - INFO - Successfully migrated: /Users/simongoldman/Documents/TransparentSF_from_git/transparentSF/ai/output/reports/Traffic_Clean_-_Grok_4_August_20250908_000000_revised.html
2025-09-12 09:52:20,084 - INFO - Successfully stored file in GCS: transparentsf/reports/monthly_report_10_2025_09_for_proofreading.html
2025-09-12 09:52:20,084 - INFO - Successfully migrated: /Users/simongoldman/Documents/TransparentSF_from_git/transparentSF/ai/output/reports/monthly_report_10_2025_09_for_proofreading.html
2025-09-12 09:52:20,466 - INFO - Successfully stored file in GCS: transparentsf/reports/Traffic_Clean_-_Grok_4_August_20250908_000000.html
2025-09-12 09:52:20,466 - INFO - Successfully migrated: /Users/simongoldman/Documents/TransparentSF_from_git/transparentSF/ai/output/reports/Traffic_Clean_-_Grok_4_August_20250908_000000.html
2025-09-12 09:52:20,752 - INFO - Successfully stored file in GCS: transparentsf/reports/monthly_report_2_2025_09_for_proofreading_revised_final.html
2025-09-12 09:52:20,752 - INFO - Successfully migrated: /Users/simongoldman/Documents/TransparentSF_from_git/transparentSF/ai/output/reports/monthly_report_2_2025_09_for_proofreading_revised_final.html
2025-09-12 09:52:21,088 - INFO - Successfully stored file in GCS: transparentsf/reports/monthly_report_2_2025_09_with_placeholders.html
2025-09-12 09:52:21,088 - INFO - Successfully migrated: /Users/simongoldman/Documents/TransparentSF_from_git/transparentSF/ai/output/reports/monthly_report_2_2025_09_with_placeholders.html
2025-09-12 09:52:21,372 - INFO - Successfully stored file in GCS: transparentsf/reports/monthly_report_11_2025_09_for_proofreading_revised_email.html
2025-09-12 09:52:21,373 - INFO - Successfully migrated: /Users/simongoldman/Documents/TransparentSF_from_git/transparentSF/ai/output/reports/monthly_report_11_2025_09_for_proofreading_revised_email.html
2025-09-12 09:52:21,657 - INFO - Successfully stored file in GCS: transparentsf/reports/itation_20250906_000000_revised.html
2025-09-12 09:52:21,657 - INFO - Successfully migrated: /Users/simongoldman/Documents/TransparentSF_from_git/transparentSF/ai/output/reports/itation_20250906_000000_revised.html
2025-09-12 09:52:21,947 - INFO - Successfully stored file in GCS: transparentsf/reports/monthly_report_11_2025_09_final.html
2025-09-12 09:52:21,948 - INFO - Successfully migrated: /Users/simongoldman/Documents/TransparentSF_from_git/transparentSF/ai/output/reports/monthly_report_11_2025_09_final.html
2025-09-12 09:52:22,240 - INFO - Successfully stored file in GCS: transparentsf/reports/monthly_report_1_2025_09_for_proofreading_raw_response.txt
2025-09-12 09:52:22,240 - INFO - Successfully migrated: /Users/simongoldman/Documents/TransparentSF_from_git/transparentSF/ai/output/reports/monthly_report_1_2025_09_for_proofreading_raw_response.txt
2025-09-12 09:52:22,542 - INFO - Successfully stored file in GCS: transparentsf/reports/monthly_report_4_2025_09_with_placeholders.html
2025-09-12 09:52:22,542 - INFO - Successfully migrated: /Users/simongoldman/Documents/TransparentSF_from_git/transparentSF/ai/output/reports/monthly_report_4_2025_09_with_placeholders.html
2025-09-12 09:52:22,822 - INFO - Successfully stored file in GCS: transparentsf/reports/monthly_report_1_2025_09_for_proofreading_revised.html
2025-09-12 09:52:22,823 - INFO - Successfully migrated: /Users/simongoldman/Documents/TransparentSF_from_git/transparentSF/ai/output/reports/monthly_report_1_2025_09_for_proofreading_revised.html
2025-09-12 09:52:23,184 - INFO - Successfully stored file in GCS: transparentsf/reports/monthly_report_3_2025_09_for_proofreading_revised.html
2025-09-12 09:52:23,184 - INFO - Successfully migrated: /Users/simongoldman/Documents/TransparentSF_from_git/transparentSF/ai/output/reports/monthly_report_3_2025_09_for_proofreading_revised.html
2025-09-12 09:52:23,472 - INFO - Successfully stored file in GCS: transparentsf/reports/monthly_report_4_2025_09_raw_response.txt
2025-09-12 09:52:23,473 - INFO - Successfully migrated: /Users/simongoldman/Documents/TransparentSF_from_git/transparentSF/ai/output/reports/monthly_report_4_2025_09_raw_response.txt
2025-09-12 09:52:23,765 - INFO - Successfully stored file in GCS: transparentsf/reports/monthly_report_11_2025_09_email.html
2025-09-12 09:52:23,766 - INFO - Successfully migrated: /Users/simongoldman/Documents/TransparentSF_from_git/transparentSF/ai/output/reports/monthly_report_11_2025_09_email.html
2025-09-12 09:52:24,063 - INFO - Successfully stored file in GCS: transparentsf/reports/monthly_report_11_2025_09_for_proofreading_revised_final.html
2025-09-12 09:52:24,063 - INFO - Successfully migrated: /Users/simongoldman/Documents/TransparentSF_from_git/transparentSF/ai/output/reports/monthly_report_11_2025_09_for_proofreading_revised_final.html
2025-09-12 09:52:24,365 - INFO - Successfully stored file in GCS: transparentsf/reports/monthly_report_2_2025_09_for_proofreading_revised.html
2025-09-12 09:52:24,365 - INFO - Successfully migrated: /Users/simongoldman/Documents/TransparentSF_from_git/transparentSF/ai/output/reports/monthly_report_2_2025_09_for_proofreading_revised.html
2025-09-12 09:52:24,647 - INFO - Successfully stored file in GCS: transparentsf/reports/monthly_report_10_2025_09_final.html
2025-09-12 09:52:24,647 - INFO - Successfully migrated: /Users/simongoldman/Documents/TransparentSF_from_git/transparentSF/ai/output/reports/monthly_report_10_2025_09_final.html
2025-09-12 09:52:24,927 - INFO - Successfully stored file in GCS: transparentsf/reports/monthly_report_10_2025_09_for_proofreading_raw_response.txt
2025-09-12 09:52:24,927 - INFO - Successfully migrated: /Users/simongoldman/Documents/TransparentSF_from_git/transparentSF/ai/output/reports/monthly_report_10_2025_09_for_proofreading_raw_response.txt
2025-09-12 09:52:25,286 - INFO - Successfully stored file in GCS: transparentsf/reports/itation_20250906_000000_raw_response.txt
2025-09-12 09:52:25,286 - INFO - Successfully migrated: /Users/simongoldman/Documents/TransparentSF_from_git/transparentSF/ai/output/reports/itation_20250906_000000_raw_response.txt
2025-09-12 09:52:25,576 - INFO - Successfully stored file in GCS: transparentsf/reports/itation_20250906_000000.html
2025-09-12 09:52:25,576 - INFO - Successfully migrated: /Users/simongoldman/Documents/TransparentSF_from_git/transparentSF/ai/output/reports/itation_20250906_000000.html
2025-09-12 09:52:25,873 - INFO - Successfully stored file in GCS: transparentsf/reports/monthly_report_11_2025_09_for_proofreading_raw_response.txt
2025-09-12 09:52:25,873 - INFO - Successfully migrated: /Users/simongoldman/Documents/TransparentSF_from_git/transparentSF/ai/output/reports/monthly_report_11_2025_09_for_proofreading_raw_response.txt
2025-09-12 09:52:26,202 - INFO - Successfully stored file in GCS: transparentsf/reports/monthly_report_4_2025_09_final.html
2025-09-12 09:52:26,202 - INFO - Successfully migrated: /Users/simongoldman/Documents/TransparentSF_from_git/transparentSF/ai/output/reports/monthly_report_4_2025_09_final.html
2025-09-12 09:52:26,494 - INFO - Successfully stored file in GCS: transparentsf/reports/monthly_report_10_2025_09_email.html
2025-09-12 09:52:26,494 - INFO - Successfully migrated: /Users/simongoldman/Documents/TransparentSF_from_git/transparentSF/ai/output/reports/monthly_report_10_2025_09_email.html
2025-09-12 09:52:26,856 - INFO - Successfully stored file in GCS: transparentsf/reports/monthly_report_2_2025_09_for_proofreading.html
2025-09-12 09:52:26,857 - INFO - Successfully migrated: /Users/simongoldman/Documents/TransparentSF_from_git/transparentSF/ai/output/reports/monthly_report_2_2025_09_for_proofreading.html
2025-09-12 09:52:27,154 - INFO - Successfully stored file in GCS: transparentsf/reports/itation_20250906_000000_email.html
2025-09-12 09:52:27,154 - INFO - Successfully migrated: /Users/simongoldman/Documents/TransparentSF_from_git/transparentSF/ai/output/reports/itation_20250906_000000_email.html
2025-09-12 09:52:27,532 - INFO - Successfully stored file in GCS: transparentsf/reports/monthly_report_10_2025_09_with_placeholders.html
2025-09-12 09:52:27,532 - INFO - Successfully migrated: /Users/simongoldman/Documents/TransparentSF_from_git/transparentSF/ai/output/reports/monthly_report_10_2025_09_with_placeholders.html
2025-09-12 09:52:27,903 - INFO - Successfully stored file in GCS: transparentsf/reports/monthly_report_11_2025_09_test_final2.html
2025-09-12 09:52:27,903 - INFO - Successfully migrated: /Users/simongoldman/Documents/TransparentSF_from_git/transparentSF/ai/output/reports/monthly_report_11_2025_09_test_final2.html
2025-09-12 09:52:28,191 - INFO - Successfully stored file in GCS: transparentsf/reports/monthly_report_1_2025_09_with_placeholders.html
2025-09-12 09:52:28,191 - INFO - Successfully migrated: /Users/simongoldman/Documents/TransparentSF_from_git/transparentSF/ai/output/reports/monthly_report_1_2025_09_with_placeholders.html
2025-09-12 09:52:28,485 - INFO - Successfully stored file in GCS: transparentsf/reports/monthly_report_10_2025_09_for_proofreading_revised.html
2025-09-12 09:52:28,485 - INFO - Successfully migrated: /Users/simongoldman/Documents/TransparentSF_from_git/transparentSF/ai/output/reports/monthly_report_10_2025_09_for_proofreading_revised.html
2025-09-12 09:52:28,777 - INFO - Successfully stored file in GCS: transparentsf/reports/itation_20250906_000000_final.html
2025-09-12 09:52:28,777 - INFO - Successfully migrated: /Users/simongoldman/Documents/TransparentSF_from_git/transparentSF/ai/output/reports/itation_20250906_000000_final.html
2025-09-12 09:52:29,069 - INFO - Successfully stored file in GCS: transparentsf/reports/monthly_report_11_2025_09_for_proofreading_revised.html
2025-09-12 09:52:29,069 - INFO - Successfully migrated: /Users/simongoldman/Documents/TransparentSF_from_git/transparentSF/ai/output/reports/monthly_report_11_2025_09_for_proofreading_revised.html
2025-09-12 09:52:29,353 - INFO - Successfully stored file in GCS: transparentsf/reports/New_Clean_Gpt_40_20250909_000000_revised_email.html
2025-09-12 09:52:29,353 - INFO - Successfully migrated: /Users/simongoldman/Documents/TransparentSF_from_git/transparentSF/ai/output/reports/New_Clean_Gpt_40_20250909_000000_revised_email.html
2025-09-12 09:52:29,632 - INFO - Successfully stored file in GCS: transparentsf/reports/New_Expansion_Test_20250908_000000_final.html
2025-09-12 09:52:29,632 - INFO - Successfully migrated: /Users/simongoldman/Documents/TransparentSF_from_git/transparentSF/ai/output/reports/New_Expansion_Test_20250908_000000_final.html
2025-09-12 09:52:30,000 - INFO - Successfully stored file in GCS: transparentsf/reports/monthly_report_10_2025_09.html
2025-09-12 09:52:30,000 - INFO - Successfully migrated: /Users/simongoldman/Documents/TransparentSF_from_git/transparentSF/ai/output/reports/monthly_report_10_2025_09.html
2025-09-12 09:52:30,295 - INFO - Successfully stored file in GCS: transparentsf/reports/monthly_report_10_2025_09_for_proofreading_revised_final.html
2025-09-12 09:52:30,295 - INFO - Successfully migrated: /Users/simongoldman/Documents/TransparentSF_from_git/transparentSF/ai/output/reports/monthly_report_10_2025_09_for_proofreading_revised_final.html
2025-09-12 09:52:30,569 - INFO - Successfully stored file in GCS: transparentsf/reports/monthly_report_1_2025_09_email.html
2025-09-12 09:52:30,569 - INFO - Successfully migrated: /Users/simongoldman/Documents/TransparentSF_from_git/transparentSF/ai/output/reports/monthly_report_1_2025_09_email.html
2025-09-12 09:52:30,856 - INFO - Successfully stored file in GCS: transparentsf/reports/New_Expansion_Test_20250908_000000_email.html
2025-09-12 09:52:30,856 - INFO - Successfully migrated: /Users/simongoldman/Documents/TransparentSF_from_git/transparentSF/ai/output/reports/New_Expansion_Test_20250908_000000_email.html
2025-09-12 09:52:31,142 - INFO - Successfully stored file in GCS: transparentsf/reports/monthly_report_4_2025_09_for_proofreading.html
2025-09-12 09:52:31,143 - INFO - Successfully migrated: /Users/simongoldman/Documents/TransparentSF_from_git/transparentSF/ai/output/reports/monthly_report_4_2025_09_for_proofreading.html
2025-09-12 09:52:31,459 - INFO - Successfully stored file in GCS: transparentsf/reports/monthly_report_4_2025_09.html
2025-09-12 09:52:31,459 - INFO - Successfully migrated: /Users/simongoldman/Documents/TransparentSF_from_git/transparentSF/ai/output/reports/monthly_report_4_2025_09.html
2025-09-12 09:52:31,751 - INFO - Successfully stored file in GCS: transparentsf/reports/monthly_report_10_2025_09_for_proofreading_revised_email.html
2025-09-12 09:52:31,751 - INFO - Successfully migrated: /Users/simongoldman/Documents/TransparentSF_from_git/transparentSF/ai/output/reports/monthly_report_10_2025_09_for_proofreading_revised_email.html
2025-09-12 09:52:32,103 - INFO - Successfully stored file in GCS: transparentsf/reports/monthly_report_1_2025_09_final.html
2025-09-12 09:52:32,103 - INFO - Successfully migrated: /Users/simongoldman/Documents/TransparentSF_from_git/transparentSF/ai/output/reports/monthly_report_1_2025_09_final.html
2025-09-12 09:52:32,388 - INFO - Successfully stored file in GCS: transparentsf/reports/monthly_report_3_2025_09.html
2025-09-12 09:52:32,388 - INFO - Successfully migrated: /Users/simongoldman/Documents/TransparentSF_from_git/transparentSF/ai/output/reports/monthly_report_3_2025_09.html
2025-09-12 09:52:32,673 - INFO - Successfully stored file in GCS: transparentsf/reports/monthly_report_11_2025_09.html
2025-09-12 09:52:32,673 - INFO - Successfully migrated: /Users/simongoldman/Documents/TransparentSF_from_git/transparentSF/ai/output/reports/monthly_report_11_2025_09.html
2025-09-12 09:52:32,968 - INFO - Successfully stored file in GCS: transparentsf/reports/monthly_report_2_2025_09_final.html
2025-09-12 09:52:32,968 - INFO - Successfully migrated: /Users/simongoldman/Documents/TransparentSF_from_git/transparentSF/ai/output/reports/monthly_report_2_2025_09_final.html
2025-09-12 09:52:33,256 - INFO - Successfully stored file in GCS: transparentsf/reports/monthly_report_3_2025_09_for_proofreading_revised_final.html
2025-09-12 09:52:33,256 - INFO - Successfully migrated: /Users/simongoldman/Documents/TransparentSF_from_git/transparentSF/ai/output/reports/monthly_report_3_2025_09_for_proofreading_revised_final.html
2025-09-12 09:52:33,550 - INFO - Successfully stored file in GCS: transparentsf/reports/monthly_report_3_2025_09_for_proofreading_raw_response.txt
2025-09-12 09:52:33,550 - INFO - Successfully migrated: /Users/simongoldman/Documents/TransparentSF_from_git/transparentSF/ai/output/reports/monthly_report_3_2025_09_for_proofreading_raw_response.txt
2025-09-12 09:52:33,833 - INFO - Successfully stored file in GCS: transparentsf/reports/New_Clean_Gpt_40_20250909_000000_raw_response.txt
2025-09-12 09:52:33,834 - INFO - Successfully migrated: /Users/simongoldman/Documents/TransparentSF_from_git/transparentSF/ai/output/reports/New_Clean_Gpt_40_20250909_000000_raw_response.txt
2025-09-12 09:52:34,195 - INFO - Successfully stored file in GCS: transparentsf/reports/monthly_report_2_2025_09.html
2025-09-12 09:52:34,195 - INFO - Successfully migrated: /Users/simongoldman/Documents/TransparentSF_from_git/transparentSF/ai/output/reports/monthly_report_2_2025_09.html
2025-09-12 09:52:34,434 - INFO - Successfully stored file in GCS: transparentsf/reports/monthly_report_5_2025_09.html
2025-09-12 09:52:34,434 - INFO - Successfully migrated: /Users/simongoldman/Documents/TransparentSF_from_git/transparentSF/ai/output/reports/monthly_report_5_2025_09.html
2025-09-12 09:52:34,726 - INFO - Successfully stored file in GCS: transparentsf/reports/monthly_report_2_2025_09_for_proofreading_raw_response.txt
2025-09-12 09:52:34,726 - INFO - Successfully migrated: /Users/simongoldman/Documents/TransparentSF_from_git/transparentSF/ai/output/reports/monthly_report_2_2025_09_for_proofreading_raw_response.txt
2025-09-12 09:52:35,012 - INFO - Successfully stored file in GCS: transparentsf/reports/monthly_report_2_2025_09_email.html
2025-09-12 09:52:35,012 - INFO - Successfully migrated: /Users/simongoldman/Documents/TransparentSF_from_git/transparentSF/ai/output/reports/monthly_report_2_2025_09_email.html
2025-09-12 09:52:35,301 - INFO - Successfully stored file in GCS: transparentsf/reports/monthly_report_11_2025_09_with_placeholders.html
2025-09-12 09:52:35,301 - INFO - Successfully migrated: /Users/simongoldman/Documents/TransparentSF_from_git/transparentSF/ai/output/reports/monthly_report_11_2025_09_with_placeholders.html
2025-09-12 09:52:35,582 - INFO - Successfully stored file in GCS: transparentsf/reports/monthly_report_3_2025_09_for_proofreading.html
2025-09-12 09:52:35,582 - INFO - Successfully migrated: /Users/simongoldman/Documents/TransparentSF_from_git/transparentSF/ai/output/reports/monthly_report_3_2025_09_for_proofreading.html
2025-09-12 09:52:35,870 - INFO - Successfully stored file in GCS: transparentsf/reports/Traffic_Clean_-_Grok_4_August_20250908_000000_raw_response.txt
2025-09-12 09:52:35,870 - INFO - Successfully migrated: /Users/simongoldman/Documents/TransparentSF_from_git/transparentSF/ai/output/reports/Traffic_Clean_-_Grok_4_August_20250908_000000_raw_response.txt
2025-09-12 09:52:36,157 - INFO - Successfully stored file in GCS: transparentsf/reports/monthly_report_3_2025_09_for_proofreading_revised_email.html
2025-09-12 09:52:36,158 - INFO - Successfully migrated: /Users/simongoldman/Documents/TransparentSF_from_git/transparentSF/ai/output/reports/monthly_report_3_2025_09_for_proofreading_revised_email.html
2025-09-12 09:52:36,158 - INFO - Migrating notes files...
2025-09-12 09:52:36,456 - INFO - Successfully stored file in GCS: transparentsf/notes/combined_notes.txt
2025-09-12 09:52:36,456 - INFO - Successfully migrated: /Users/simongoldman/Documents/TransparentSF_from_git/transparentSF/ai/output/notes/combined_notes.txt
2025-09-12 09:52:36,456 - INFO - ==================================================
2025-09-12 09:52:36,456 - INFO - MIGRATION STATISTICS
2025-09-12 09:52:36,456 - INFO - ==================================================
2025-09-12 09:52:36,456 - INFO - Total files processed: 1698
2025-09-12 09:52:36,456 - INFO - Successful uploads: 1698
2025-09-12 09:52:36,456 - INFO - Failed uploads: 0
2025-09-12 09:52:36,456 - INFO - Skipped files: 0
2025-09-12 09:52:36,456 - INFO - 
2025-09-12 09:52:36,456 - INFO - By file type:
2025-09-12 09:52:36,456 - INFO -   dashboard: 524/524 successful
2025-09-12 09:52:36,456 - INFO -   monthly: 372/372 successful
2025-09-12 09:52:36,456 - INFO -   annual: 375/375 successful
2025-09-12 09:52:36,456 - INFO -   weekly: 350/350 successful
2025-09-12 09:52:36,456 - INFO -   reports: 76/76 successful
2025-09-12 09:52:36,456 - INFO -   notes: 1/1 successful
2025-09-12 09:52:36,456 - INFO - ==================================================
2025-09-12 09:52:36,457 - INFO - Migration completed successfully!
