2025-09-11 12:55:01,459 - INFO - GCS initialized successfully with bucket: tsf_output
2025-09-11 12:55:01,459 - INFO - Storage configuration:
2025-09-11 12:55:01,460 - INFO -   gcs_enabled: True
2025-09-11 12:55:01,460 - INFO -   bucket_name: tsf_output
2025-09-11 12:55:01,460 - INFO -   project_id: euphoric-oath-467718-p3
2025-09-11 12:55:01,460 - INFO -   local_fallback_dir: /Users/simongoldman/Documents/TransparentSF_from_git/transparentSF/ai/tools/../output
2025-09-11 12:55:01,460 - INFO -   gcs_available: True
2025-09-11 12:55:01,460 - INFO - Starting migration process...
2025-09-11 12:55:01,460 - INFO - DRY RUN MODE - No files will actually be migrated
2025-09-11 12:55:01,460 - INFO - Scanning output directory: /Users/simongoldman/Documents/TransparentSF_from_git/transparentSF/ai/output
2025-09-11 12:55:01,465 - INFO - Found 1684 files to migrate:
2025-09-11 12:55:01,465 - INFO -   dashboard: 512 files
2025-09-11 12:55:01,465 - INFO -   monthly: 372 files
2025-09-11 12:55:01,465 - INFO -   annual: 375 files
2025-09-11 12:55:01,465 - INFO -   weekly: 350 files
2025-09-11 12:55:01,465 - INFO -   reports: 74 files
2025-09-11 12:55:01,466 - INFO -   notes: 1 files
2025-09-11 12:55:01,466 - INFO - Migrating dashboard files...
2025-09-11 12:55:01,466 - INFO - Would migrate: /Users/simongoldman/Documents/TransparentSF_from_git/transparentSF/ai/output/dashboard/9/top_level.json
2025-09-11 12:55:01,466 - INFO - Would migrate: /Users/simongoldman/Documents/TransparentSF_from_git/transparentSF/ai/output/dashboard/9/16.json
2025-09-11 12:55:01,466 - INFO - Would migrate: /Users/simongoldman/Documents/TransparentSF_from_git/transparentSF/ai/output/dashboard/9/17.json
2025-09-11 12:55:01,466 - INFO - Would migrate: /Users/simongoldman/Documents/TransparentSF_from_git/transparentSF/ai/output/dashboard/9/40.json
2025-09-11 12:55:01,466 - INFO - Would migrate: /Users/simongoldman/Documents/TransparentSF_from_git/transparentSF/ai/output/dashboard/9/71.json
2025-09-11 12:55:01,466 - INFO - Would migrate: /Users/simongoldman/Documents/TransparentSF_from_git/transparentSF/ai/output/dashboard/9/30.json
2025-09-11 12:55:01,466 - INFO - Would migrate: /Users/simongoldman/Documents/TransparentSF_from_git/transparentSF/ai/output/dashboard/9/70.json
2025-09-11 12:55:01,466 - INFO - Would migrate: /Users/simongoldman/Documents/TransparentSF_from_git/transparentSF/ai/output/dashboard/9/1.json
2025-09-11 12:55:01,466 - INFO - Would migrate: /Users/simongoldman/Documents/TransparentSF_from_git/transparentSF/ai/output/dashboard/9/2.json
2025-09-11 12:55:01,466 - INFO - Would migrate: /Users/simongoldman/Documents/TransparentSF_from_git/transparentSF/ai/output/dashboard/9/12.json
2025-09-11 12:55:01,466 - INFO - Would migrate: /Users/simongoldman/Documents/TransparentSF_from_git/transparentSF/ai/output/dashboard/9/73.json
2025-09-11 12:55:01,466 - INFO - Would migrate: /Users/simongoldman/Documents/TransparentSF_from_git/transparentSF/ai/output/dashboard/9/24.json
2025-09-11 12:55:01,466 - INFO - Would migrate: /Users/simongoldman/Documents/TransparentSF_from_git/transparentSF/ai/output/dashboard/9/72.json
2025-09-11 12:55:01,466 - INFO - Would migrate: /Users/simongoldman/Documents/TransparentSF_from_git/transparentSF/ai/output/dashboard/9/29.json
2025-09-11 12:55:01,466 - INFO - Would migrate: /Users/simongoldman/Documents/TransparentSF_from_git/transparentSF/ai/output/dashboard/9/3.json
2025-09-11 12:55:01,466 - INFO - Would migrate: /Users/simongoldman/Documents/TransparentSF_from_git/transparentSF/ai/output/dashboard/9/34.json
2025-09-11 12:55:01,466 - INFO - Would migrate: /Users/simongoldman/Documents/TransparentSF_from_git/transparentSF/ai/output/dashboard/9/63.json
2025-09-11 12:55:01,466 - INFO - Would migrate: /Users/simongoldman/Documents/TransparentSF_from_git/transparentSF/ai/output/dashboard/9/8.json
2025-09-11 12:55:01,466 - INFO - Would migrate: /Users/simongoldman/Documents/TransparentSF_from_git/transparentSF/ai/output/dashboard/9/22.json
2025-09-11 12:55:01,466 - INFO - Would migrate: /Users/simongoldman/Documents/TransparentSF_from_git/transparentSF/ai/output/dashboard/9/18.json
2025-09-11 12:55:01,467 - INFO - Would migrate: /Users/simongoldman/Documents/TransparentSF_from_git/transparentSF/ai/output/dashboard/9/38.json
2025-09-11 12:55:01,467 - INFO - Would migrate: /Users/simongoldman/Documents/TransparentSF_from_git/transparentSF/ai/output/dashboard/9/4.json
2025-09-11 12:55:01,467 - INFO - Would migrate: /Users/simongoldman/Documents/TransparentSF_from_git/transparentSF/ai/output/dashboard/9/14.json
2025-09-11 12:55:01,467 - INFO - Would migrate: /Users/simongoldman/Documents/TransparentSF_from_git/transparentSF/ai/output/dashboard/9/15.json
2025-09-11 12:55:01,467 - INFO - Would migrate: /Users/simongoldman/Documents/TransparentSF_from_git/transparentSF/ai/output/dashboard/9/19.json
2025-09-11 12:55:01,467 - INFO - Would migrate: /Users/simongoldman/Documents/TransparentSF_from_git/transparentSF/ai/output/dashboard/9/23.json
2025-09-11 12:55:01,467 - INFO - Would migrate: /Users/simongoldman/Documents/TransparentSF_from_git/transparentSF/ai/output/dashboard/9/9.json
2025-09-11 12:55:01,467 - INFO - Would migrate: /Users/simongoldman/Documents/TransparentSF_from_git/transparentSF/ai/output/dashboard/9/35.json
2025-09-11 12:55:01,467 - INFO - Would migrate: /Users/simongoldman/Documents/TransparentSF_from_git/transparentSF/ai/output/dashboard/0/top_level.json
2025-09-11 12:55:01,467 - INFO - Would migrate: /Users/simongoldman/Documents/TransparentSF_from_git/transparentSF/ai/output/dashboard/0/41.json
2025-09-11 12:55:01,467 - INFO - Would migrate: /Users/simongoldman/Documents/TransparentSF_from_git/transparentSF/ai/output/dashboard/0/16.json
2025-09-11 12:55:01,467 - INFO - Would migrate: /Users/simongoldman/Documents/TransparentSF_from_git/transparentSF/ai/output/dashboard/0/6.json
2025-09-11 12:55:01,467 - INFO - Would migrate: /Users/simongoldman/Documents/TransparentSF_from_git/transparentSF/ai/output/dashboard/0/7.json
2025-09-11 12:55:01,467 - INFO - Would migrate: /Users/simongoldman/Documents/TransparentSF_from_git/transparentSF/ai/output/dashboard/0/17.json
2025-09-11 12:55:01,467 - INFO - Would migrate: /Users/simongoldman/Documents/TransparentSF_from_git/transparentSF/ai/output/dashboard/0/40.json
2025-09-11 12:55:01,467 - INFO - Would migrate: /Users/simongoldman/Documents/TransparentSF_from_git/transparentSF/ai/output/dashboard/0/47.json
2025-09-11 12:55:01,467 - INFO - Would migrate: /Users/simongoldman/Documents/TransparentSF_from_git/transparentSF/ai/output/dashboard/0/10.json
2025-09-11 12:55:01,467 - INFO - Would migrate: /Users/simongoldman/Documents/TransparentSF_from_git/transparentSF/ai/output/dashboard/0/51.json
2025-09-11 12:55:01,467 - INFO - Would migrate: /Users/simongoldman/Documents/TransparentSF_from_git/transparentSF/ai/output/dashboard/0/71.json
2025-09-11 12:55:01,467 - INFO - Would migrate: /Users/simongoldman/Documents/TransparentSF_from_git/transparentSF/ai/output/dashboard/0/30.json
2025-09-11 12:55:01,467 - INFO - Would migrate: /Users/simongoldman/Documents/TransparentSF_from_git/transparentSF/ai/output/dashboard/0/31.json
2025-09-11 12:55:01,467 - INFO - Would migrate: /Users/simongoldman/Documents/TransparentSF_from_git/transparentSF/ai/output/dashboard/0/66.json
2025-09-11 12:55:01,467 - INFO - Would migrate: /Users/simongoldman/Documents/TransparentSF_from_git/transparentSF/ai/output/dashboard/0/70.json
2025-09-11 12:55:01,467 - INFO - Would migrate: /Users/simongoldman/Documents/TransparentSF_from_git/transparentSF/ai/output/dashboard/0/1.json
2025-09-11 12:55:01,467 - INFO - Would migrate: /Users/simongoldman/Documents/TransparentSF_from_git/transparentSF/ai/output/dashboard/0/50.json
2025-09-11 12:55:01,467 - INFO - Would migrate: /Users/simongoldman/Documents/TransparentSF_from_git/transparentSF/ai/output/dashboard/0/46.json
2025-09-11 12:55:01,467 - INFO - Would migrate: /Users/simongoldman/Documents/TransparentSF_from_git/transparentSF/ai/output/dashboard/0/2.json
2025-09-11 12:55:01,467 - INFO - Would migrate: /Users/simongoldman/Documents/TransparentSF_from_git/transparentSF/ai/output/dashboard/0/53.json
2025-09-11 12:55:01,467 - INFO - Would migrate: /Users/simongoldman/Documents/TransparentSF_from_git/transparentSF/ai/output/dashboard/0/12.json
2025-09-11 12:55:01,467 - INFO - Would migrate: /Users/simongoldman/Documents/TransparentSF_from_git/transparentSF/ai/output/dashboard/0/45.json
2025-09-11 12:55:01,467 - INFO - Would migrate: /Users/simongoldman/Documents/TransparentSF_from_git/transparentSF/ai/output/dashboard/0/32.json
2025-09-11 12:55:01,467 - INFO - Would migrate: /Users/simongoldman/Documents/TransparentSF_from_git/transparentSF/ai/output/dashboard/0/65.json
2025-09-11 12:55:01,467 - INFO - Would migrate: /Users/simongoldman/Documents/TransparentSF_from_git/transparentSF/ai/output/dashboard/0/73.json
2025-09-11 12:55:01,467 - INFO - Would migrate: /Users/simongoldman/Documents/TransparentSF_from_git/transparentSF/ai/output/dashboard/0/24.json
2025-09-11 12:55:01,467 - INFO - Would migrate: /Users/simongoldman/Documents/TransparentSF_from_git/transparentSF/ai/output/dashboard/0/49.json
2025-09-11 12:55:01,467 - INFO - Would migrate: /Users/simongoldman/Documents/TransparentSF_from_git/transparentSF/ai/output/dashboard/0/48.json
2025-09-11 12:55:01,467 - INFO - Would migrate: /Users/simongoldman/Documents/TransparentSF_from_git/transparentSF/ai/output/dashboard/0/72.json
2025-09-11 12:55:01,467 - INFO - Would migrate: /Users/simongoldman/Documents/TransparentSF_from_git/transparentSF/ai/output/dashboard/0/33.json
2025-09-11 12:55:01,467 - INFO - Would migrate: /Users/simongoldman/Documents/TransparentSF_from_git/transparentSF/ai/output/dashboard/0/44.json
2025-09-11 12:55:01,467 - INFO - Would migrate: /Users/simongoldman/Documents/TransparentSF_from_git/transparentSF/ai/output/dashboard/0/13.json
2025-09-11 12:55:01,467 - INFO - Would migrate: /Users/simongoldman/Documents/TransparentSF_from_git/transparentSF/ai/output/dashboard/0/52.json
2025-09-11 12:55:01,467 - INFO - Would migrate: /Users/simongoldman/Documents/TransparentSF_from_git/transparentSF/ai/output/dashboard/0/29.json
2025-09-11 12:55:01,467 - INFO - Would migrate: /Users/simongoldman/Documents/TransparentSF_from_git/transparentSF/ai/output/dashboard/0/3.json
2025-09-11 12:55:01,467 - INFO - Would migrate: /Users/simongoldman/Documents/TransparentSF_from_git/transparentSF/ai/output/dashboard/0/34.json
2025-09-11 12:55:01,467 - INFO - Would migrate: /Users/simongoldman/Documents/TransparentSF_from_git/transparentSF/ai/output/dashboard/0/63.json
2025-09-11 12:55:01,467 - INFO - Would migrate: /Users/simongoldman/Documents/TransparentSF_from_git/transparentSF/ai/output/dashboard/0/8.json
2025-09-11 12:55:01,467 - INFO - Would migrate: /Users/simongoldman/Documents/TransparentSF_from_git/transparentSF/ai/output/dashboard/0/22.json
2025-09-11 12:55:01,467 - INFO - Would migrate: /Users/simongoldman/Documents/TransparentSF_from_git/transparentSF/ai/output/dashboard/0/18.json
2025-09-11 12:55:01,467 - INFO - Would migrate: /Users/simongoldman/Documents/TransparentSF_from_git/transparentSF/ai/output/dashboard/0/38.json
2025-09-11 12:55:01,467 - INFO - Would migrate: /Users/simongoldman/Documents/TransparentSF_from_git/transparentSF/ai/output/dashboard/0/4.json
2025-09-11 12:55:01,467 - INFO - Would migrate: /Users/simongoldman/Documents/TransparentSF_from_git/transparentSF/ai/output/dashboard/0/14.json
2025-09-11 12:55:01,468 - INFO - Would migrate: /Users/simongoldman/Documents/TransparentSF_from_git/transparentSF/ai/output/dashboard/0/43.json
2025-09-11 12:55:01,468 - INFO - Would migrate: /Users/simongoldman/Documents/TransparentSF_from_git/transparentSF/ai/output/dashboard/0/15.json
2025-09-11 12:55:01,468 - INFO - Would migrate: /Users/simongoldman/Documents/TransparentSF_from_git/transparentSF/ai/output/dashboard/0/5.json
2025-09-11 12:55:01,468 - INFO - Would migrate: /Users/simongoldman/Documents/TransparentSF_from_git/transparentSF/ai/output/dashboard/0/19.json
2025-09-11 12:55:01,468 - INFO - Would migrate: /Users/simongoldman/Documents/TransparentSF_from_git/transparentSF/ai/output/dashboard/0/58.json
2025-09-11 12:55:01,468 - INFO - Would migrate: /Users/simongoldman/Documents/TransparentSF_from_git/transparentSF/ai/output/dashboard/0/23.json
2025-09-11 12:55:01,468 - INFO - Would migrate: /Users/simongoldman/Documents/TransparentSF_from_git/transparentSF/ai/output/dashboard/0/9.json
2025-09-11 12:55:01,468 - INFO - Would migrate: /Users/simongoldman/Documents/TransparentSF_from_git/transparentSF/ai/output/dashboard/0/35.json
2025-09-11 12:55:01,468 - INFO - Would migrate: /Users/simongoldman/Documents/TransparentSF_from_git/transparentSF/ai/output/dashboard/11/top_level.json
2025-09-11 12:55:01,468 - INFO - Would migrate: /Users/simongoldman/Documents/TransparentSF_from_git/transparentSF/ai/output/dashboard/11/16.json
2025-09-11 12:55:01,468 - INFO - Would migrate: /Users/simongoldman/Documents/TransparentSF_from_git/transparentSF/ai/output/dashboard/11/17.json
2025-09-11 12:55:01,468 - INFO - Would migrate: /Users/simongoldman/Documents/TransparentSF_from_git/transparentSF/ai/output/dashboard/11/40.json
2025-09-11 12:55:01,468 - INFO - Would migrate: /Users/simongoldman/Documents/TransparentSF_from_git/transparentSF/ai/output/dashboard/11/71.json
2025-09-11 12:55:01,468 - INFO - Would migrate: /Users/simongoldman/Documents/TransparentSF_from_git/transparentSF/ai/output/dashboard/11/30.json
2025-09-11 12:55:01,468 - INFO - Would migrate: /Users/simongoldman/Documents/TransparentSF_from_git/transparentSF/ai/output/dashboard/11/70.json
2025-09-11 12:55:01,468 - INFO - Would migrate: /Users/simongoldman/Documents/TransparentSF_from_git/transparentSF/ai/output/dashboard/11/1.json
2025-09-11 12:55:01,468 - INFO - Would migrate: /Users/simongoldman/Documents/TransparentSF_from_git/transparentSF/ai/output/dashboard/11/2.json
2025-09-11 12:55:01,468 - INFO - Would migrate: /Users/simongoldman/Documents/TransparentSF_from_git/transparentSF/ai/output/dashboard/11/12.json
2025-09-11 12:55:01,468 - INFO - Would migrate: /Users/simongoldman/Documents/TransparentSF_from_git/transparentSF/ai/output/dashboard/11/73.json
2025-09-11 12:55:01,468 - INFO - Would migrate: /Users/simongoldman/Documents/TransparentSF_from_git/transparentSF/ai/output/dashboard/11/24.json
2025-09-11 12:55:01,468 - INFO - Would migrate: /Users/simongoldman/Documents/TransparentSF_from_git/transparentSF/ai/output/dashboard/11/72.json
2025-09-11 12:55:01,468 - INFO - Would migrate: /Users/simongoldman/Documents/TransparentSF_from_git/transparentSF/ai/output/dashboard/11/29.json
2025-09-11 12:55:01,468 - INFO - Would migrate: /Users/simongoldman/Documents/TransparentSF_from_git/transparentSF/ai/output/dashboard/11/3.json
2025-09-11 12:55:01,468 - INFO - Would migrate: /Users/simongoldman/Documents/TransparentSF_from_git/transparentSF/ai/output/dashboard/11/63.json
2025-09-11 12:55:01,468 - INFO - Would migrate: /Users/simongoldman/Documents/TransparentSF_from_git/transparentSF/ai/output/dashboard/11/8.json
2025-09-11 12:55:01,468 - INFO - Would migrate: /Users/simongoldman/Documents/TransparentSF_from_git/transparentSF/ai/output/dashboard/11/22.json
2025-09-11 12:55:01,468 - INFO - Would migrate: /Users/simongoldman/Documents/TransparentSF_from_git/transparentSF/ai/output/dashboard/11/18.json
2025-09-11 12:55:01,468 - INFO - Would migrate: /Users/simongoldman/Documents/TransparentSF_from_git/transparentSF/ai/output/dashboard/11/38.json
2025-09-11 12:55:01,468 - INFO - Would migrate: /Users/simongoldman/Documents/TransparentSF_from_git/transparentSF/ai/output/dashboard/11/4.json
2025-09-11 12:55:01,468 - INFO - Would migrate: /Users/simongoldman/Documents/TransparentSF_from_git/transparentSF/ai/output/dashboard/11/14.json
2025-09-11 12:55:01,468 - INFO - Would migrate: /Users/simongoldman/Documents/TransparentSF_from_git/transparentSF/ai/output/dashboard/11/15.json
2025-09-11 12:55:01,468 - INFO - Would migrate: /Users/simongoldman/Documents/TransparentSF_from_git/transparentSF/ai/output/dashboard/11/19.json
2025-09-11 12:55:01,468 - INFO - Would migrate: /Users/simongoldman/Documents/TransparentSF_from_git/transparentSF/ai/output/dashboard/11/23.json
2025-09-11 12:55:01,468 - INFO - Would migrate: /Users/simongoldman/Documents/TransparentSF_from_git/transparentSF/ai/output/dashboard/11/9.json
2025-09-11 12:55:01,468 - INFO - Would migrate: /Users/simongoldman/Documents/TransparentSF_from_git/transparentSF/ai/output/dashboard/11/35.json
2025-09-11 12:55:01,468 - INFO - Would migrate: /Users/simongoldman/Documents/TransparentSF_from_git/transparentSF/ai/output/dashboard/7/top_level.json
2025-09-11 12:55:01,468 - INFO - Would migrate: /Users/simongoldman/Documents/TransparentSF_from_git/transparentSF/ai/output/dashboard/7/16.json
2025-09-11 12:55:01,468 - INFO - Would migrate: /Users/simongoldman/Documents/TransparentSF_from_git/transparentSF/ai/output/dashboard/7/17.json
2025-09-11 12:55:01,468 - INFO - Would migrate: /Users/simongoldman/Documents/TransparentSF_from_git/transparentSF/ai/output/dashboard/7/40.json
2025-09-11 12:55:01,468 - INFO - Would migrate: /Users/simongoldman/Documents/TransparentSF_from_git/transparentSF/ai/output/dashboard/7/71.json
2025-09-11 12:55:01,468 - INFO - Would migrate: /Users/simongoldman/Documents/TransparentSF_from_git/transparentSF/ai/output/dashboard/7/30.json
2025-09-11 12:55:01,468 - INFO - Would migrate: /Users/simongoldman/Documents/TransparentSF_from_git/transparentSF/ai/output/dashboard/7/70.json
2025-09-11 12:55:01,468 - INFO - Would migrate: /Users/simongoldman/Documents/TransparentSF_from_git/transparentSF/ai/output/dashboard/7/1.json
2025-09-11 12:55:01,468 - INFO - Would migrate: /Users/simongoldman/Documents/TransparentSF_from_git/transparentSF/ai/output/dashboard/7/2.json
2025-09-11 12:55:01,468 - INFO - Would migrate: /Users/simongoldman/Documents/TransparentSF_from_git/transparentSF/ai/output/dashboard/7/12.json
2025-09-11 12:55:01,468 - INFO - Would migrate: /Users/simongoldman/Documents/TransparentSF_from_git/transparentSF/ai/output/dashboard/7/73.json
2025-09-11 12:55:01,468 - INFO - Would migrate: /Users/simongoldman/Documents/TransparentSF_from_git/transparentSF/ai/output/dashboard/7/24.json
2025-09-11 12:55:01,468 - INFO - Would migrate: /Users/simongoldman/Documents/TransparentSF_from_git/transparentSF/ai/output/dashboard/7/72.json
2025-09-11 12:55:01,468 - INFO - Would migrate: /Users/simongoldman/Documents/TransparentSF_from_git/transparentSF/ai/output/dashboard/7/29.json
2025-09-11 12:55:01,468 - INFO - Would migrate: /Users/simongoldman/Documents/TransparentSF_from_git/transparentSF/ai/output/dashboard/7/3.json
2025-09-11 12:55:01,468 - INFO - Would migrate: /Users/simongoldman/Documents/TransparentSF_from_git/transparentSF/ai/output/dashboard/7/34.json
2025-09-11 12:55:01,468 - INFO - Would migrate: /Users/simongoldman/Documents/TransparentSF_from_git/transparentSF/ai/output/dashboard/7/63.json
2025-09-11 12:55:01,468 - INFO - Would migrate: /Users/simongoldman/Documents/TransparentSF_from_git/transparentSF/ai/output/dashboard/7/8.json
2025-09-11 12:55:01,468 - INFO - Would migrate: /Users/simongoldman/Documents/TransparentSF_from_git/transparentSF/ai/output/dashboard/7/22.json
2025-09-11 12:55:01,469 - INFO - Would migrate: /Users/simongoldman/Documents/TransparentSF_from_git/transparentSF/ai/output/dashboard/7/18.json
2025-09-11 12:55:01,469 - INFO - Would migrate: /Users/simongoldman/Documents/TransparentSF_from_git/transparentSF/ai/output/dashboard/7/38.json
2025-09-11 12:55:01,469 - INFO - Would migrate: /Users/simongoldman/Documents/TransparentSF_from_git/transparentSF/ai/output/dashboard/7/4.json
2025-09-11 12:55:01,469 - INFO - Would migrate: /Users/simongoldman/Documents/TransparentSF_from_git/transparentSF/ai/output/dashboard/7/14.json
2025-09-11 12:55:01,469 - INFO - Would migrate: /Users/simongoldman/Documents/TransparentSF_from_git/transparentSF/ai/output/dashboard/7/15.json
2025-09-11 12:55:01,469 - INFO - Would migrate: /Users/simongoldman/Documents/TransparentSF_from_git/transparentSF/ai/output/dashboard/7/19.json
2025-09-11 12:55:01,469 - INFO - Would migrate: /Users/simongoldman/Documents/TransparentSF_from_git/transparentSF/ai/output/dashboard/7/23.json
2025-09-11 12:55:01,469 - INFO - Would migrate: /Users/simongoldman/Documents/TransparentSF_from_git/transparentSF/ai/output/dashboard/7/9.json
2025-09-11 12:55:01,469 - INFO - Would migrate: /Users/simongoldman/Documents/TransparentSF_from_git/transparentSF/ai/output/dashboard/7/35.json
2025-09-11 12:55:01,469 - INFO - Would migrate: /Users/simongoldman/Documents/TransparentSF_from_git/transparentSF/ai/output/dashboard/6/top_level.json
2025-09-11 12:55:01,469 - INFO - Would migrate: /Users/simongoldman/Documents/TransparentSF_from_git/transparentSF/ai/output/dashboard/6/16.json
2025-09-11 12:55:01,469 - INFO - Would migrate: /Users/simongoldman/Documents/TransparentSF_from_git/transparentSF/ai/output/dashboard/6/17.json
2025-09-11 12:55:01,469 - INFO - Would migrate: /Users/simongoldman/Documents/TransparentSF_from_git/transparentSF/ai/output/dashboard/6/40.json
2025-09-11 12:55:01,469 - INFO - Would migrate: /Users/simongoldman/Documents/TransparentSF_from_git/transparentSF/ai/output/dashboard/6/71.json
2025-09-11 12:55:01,469 - INFO - Would migrate: /Users/simongoldman/Documents/TransparentSF_from_git/transparentSF/ai/output/dashboard/6/30.json
2025-09-11 12:55:01,469 - INFO - Would migrate: /Users/simongoldman/Documents/TransparentSF_from_git/transparentSF/ai/output/dashboard/6/70.json
2025-09-11 12:55:01,469 - INFO - Would migrate: /Users/simongoldman/Documents/TransparentSF_from_git/transparentSF/ai/output/dashboard/6/1.json
2025-09-11 12:55:01,469 - INFO - Would migrate: /Users/simongoldman/Documents/TransparentSF_from_git/transparentSF/ai/output/dashboard/6/2.json
2025-09-11 12:55:01,469 - INFO - Would migrate: /Users/simongoldman/Documents/TransparentSF_from_git/transparentSF/ai/output/dashboard/6/12.json
2025-09-11 12:55:01,469 - INFO - Would migrate: /Users/simongoldman/Documents/TransparentSF_from_git/transparentSF/ai/output/dashboard/6/73.json
2025-09-11 12:55:01,469 - INFO - Would migrate: /Users/simongoldman/Documents/TransparentSF_from_git/transparentSF/ai/output/dashboard/6/24.json
2025-09-11 12:55:01,469 - INFO - Would migrate: /Users/simongoldman/Documents/TransparentSF_from_git/transparentSF/ai/output/dashboard/6/72.json
2025-09-11 12:55:01,469 - INFO - Would migrate: /Users/simongoldman/Documents/TransparentSF_from_git/transparentSF/ai/output/dashboard/6/29.json
2025-09-11 12:55:01,469 - INFO - Would migrate: /Users/simongoldman/Documents/TransparentSF_from_git/transparentSF/ai/output/dashboard/6/3.json
2025-09-11 12:55:01,469 - INFO - Would migrate: /Users/simongoldman/Documents/TransparentSF_from_git/transparentSF/ai/output/dashboard/6/34.json
2025-09-11 12:55:01,469 - INFO - Would migrate: /Users/simongoldman/Documents/TransparentSF_from_git/transparentSF/ai/output/dashboard/6/63.json
2025-09-11 12:55:01,469 - INFO - Would migrate: /Users/simongoldman/Documents/TransparentSF_from_git/transparentSF/ai/output/dashboard/6/8.json
2025-09-11 12:55:01,469 - INFO - Would migrate: /Users/simongoldman/Documents/TransparentSF_from_git/transparentSF/ai/output/dashboard/6/22.json
2025-09-11 12:55:01,469 - INFO - Would migrate: /Users/simongoldman/Documents/TransparentSF_from_git/transparentSF/ai/output/dashboard/6/18.json
2025-09-11 12:55:01,469 - INFO - Would migrate: /Users/simongoldman/Documents/TransparentSF_from_git/transparentSF/ai/output/dashboard/6/38.json
2025-09-11 12:55:01,469 - INFO - Would migrate: /Users/simongoldman/Documents/TransparentSF_from_git/transparentSF/ai/output/dashboard/6/4.json
2025-09-11 12:55:01,469 - INFO - Would migrate: /Users/simongoldman/Documents/TransparentSF_from_git/transparentSF/ai/output/dashboard/6/14.json
2025-09-11 12:55:01,469 - INFO - Would migrate: /Users/simongoldman/Documents/TransparentSF_from_git/transparentSF/ai/output/dashboard/6/15.json
2025-09-11 12:55:01,469 - INFO - Would migrate: /Users/simongoldman/Documents/TransparentSF_from_git/transparentSF/ai/output/dashboard/6/19.json
2025-09-11 12:55:01,469 - INFO - Would migrate: /Users/simongoldman/Documents/TransparentSF_from_git/transparentSF/ai/output/dashboard/6/23.json
2025-09-11 12:55:01,469 - INFO - Would migrate: /Users/simongoldman/Documents/TransparentSF_from_git/transparentSF/ai/output/dashboard/6/9.json
2025-09-11 12:55:01,469 - INFO - Would migrate: /Users/simongoldman/Documents/TransparentSF_from_git/transparentSF/ai/output/dashboard/6/35.json
2025-09-11 12:55:01,469 - INFO - Would migrate: /Users/simongoldman/Documents/TransparentSF_from_git/transparentSF/ai/output/dashboard/1/top_level.json
2025-09-11 12:55:01,469 - INFO - Would migrate: /Users/simongoldman/Documents/TransparentSF_from_git/transparentSF/ai/output/dashboard/1/16.json
2025-09-11 12:55:01,469 - INFO - Would migrate: /Users/simongoldman/Documents/TransparentSF_from_git/transparentSF/ai/output/dashboard/1/17.json
2025-09-11 12:55:01,469 - INFO - Would migrate: /Users/simongoldman/Documents/TransparentSF_from_git/transparentSF/ai/output/dashboard/1/40.json
2025-09-11 12:55:01,469 - INFO - Would migrate: /Users/simongoldman/Documents/TransparentSF_from_git/transparentSF/ai/output/dashboard/1/71.json
2025-09-11 12:55:01,469 - INFO - Would migrate: /Users/simongoldman/Documents/TransparentSF_from_git/transparentSF/ai/output/dashboard/1/30.json
2025-09-11 12:55:01,469 - INFO - Would migrate: /Users/simongoldman/Documents/TransparentSF_from_git/transparentSF/ai/output/dashboard/1/70.json
2025-09-11 12:55:01,469 - INFO - Would migrate: /Users/simongoldman/Documents/TransparentSF_from_git/transparentSF/ai/output/dashboard/1/1.json
2025-09-11 12:55:01,469 - INFO - Would migrate: /Users/simongoldman/Documents/TransparentSF_from_git/transparentSF/ai/output/dashboard/1/2.json
2025-09-11 12:55:01,469 - INFO - Would migrate: /Users/simongoldman/Documents/TransparentSF_from_git/transparentSF/ai/output/dashboard/1/12.json
2025-09-11 12:55:01,469 - INFO - Would migrate: /Users/simongoldman/Documents/TransparentSF_from_git/transparentSF/ai/output/dashboard/1/73.json
2025-09-11 12:55:01,469 - INFO - Would migrate: /Users/simongoldman/Documents/TransparentSF_from_git/transparentSF/ai/output/dashboard/1/24.json
2025-09-11 12:55:01,469 - INFO - Would migrate: /Users/simongoldman/Documents/TransparentSF_from_git/transparentSF/ai/output/dashboard/1/72.json
2025-09-11 12:55:01,469 - INFO - Would migrate: /Users/simongoldman/Documents/TransparentSF_from_git/transparentSF/ai/output/dashboard/1/29.json
2025-09-11 12:55:01,469 - INFO - Would migrate: /Users/simongoldman/Documents/TransparentSF_from_git/transparentSF/ai/output/dashboard/1/3.json
2025-09-11 12:55:01,469 - INFO - Would migrate: /Users/simongoldman/Documents/TransparentSF_from_git/transparentSF/ai/output/dashboard/1/34.json
2025-09-11 12:55:01,469 - INFO - Would migrate: /Users/simongoldman/Documents/TransparentSF_from_git/transparentSF/ai/output/dashboard/1/63.json
2025-09-11 12:55:01,470 - INFO - Would migrate: /Users/simongoldman/Documents/TransparentSF_from_git/transparentSF/ai/output/dashboard/1/8.json
2025-09-11 12:55:01,470 - INFO - Would migrate: /Users/simongoldman/Documents/TransparentSF_from_git/transparentSF/ai/output/dashboard/1/22.json
2025-09-11 12:55:01,470 - INFO - Would migrate: /Users/simongoldman/Documents/TransparentSF_from_git/transparentSF/ai/output/dashboard/1/18.json
2025-09-11 12:55:01,470 - INFO - Would migrate: /Users/simongoldman/Documents/TransparentSF_from_git/transparentSF/ai/output/dashboard/1/38.json
2025-09-11 12:55:01,470 - INFO - Would migrate: /Users/simongoldman/Documents/TransparentSF_from_git/transparentSF/ai/output/dashboard/1/4.json
2025-09-11 12:55:01,470 - INFO - Would migrate: /Users/simongoldman/Documents/TransparentSF_from_git/transparentSF/ai/output/dashboard/1/14.json
2025-09-11 12:55:01,470 - INFO - Would migrate: /Users/simongoldman/Documents/TransparentSF_from_git/transparentSF/ai/output/dashboard/1/15.json
2025-09-11 12:55:01,470 - INFO - Would migrate: /Users/simongoldman/Documents/TransparentSF_from_git/transparentSF/ai/output/dashboard/1/19.json
2025-09-11 12:55:01,470 - INFO - Would migrate: /Users/simongoldman/Documents/TransparentSF_from_git/transparentSF/ai/output/dashboard/1/23.json
2025-09-11 12:55:01,470 - INFO - Would migrate: /Users/simongoldman/Documents/TransparentSF_from_git/transparentSF/ai/output/dashboard/1/9.json
2025-09-11 12:55:01,470 - INFO - Would migrate: /Users/simongoldman/Documents/TransparentSF_from_git/transparentSF/ai/output/dashboard/1/35.json
2025-09-11 12:55:01,470 - INFO - Would migrate: /Users/simongoldman/Documents/TransparentSF_from_git/transparentSF/ai/output/dashboard/10/top_level.json
2025-09-11 12:55:01,470 - INFO - Would migrate: /Users/simongoldman/Documents/TransparentSF_from_git/transparentSF/ai/output/dashboard/10/16.json
2025-09-11 12:55:01,470 - INFO - Would migrate: /Users/simongoldman/Documents/TransparentSF_from_git/transparentSF/ai/output/dashboard/10/17.json
2025-09-11 12:55:01,470 - INFO - Would migrate: /Users/simongoldman/Documents/TransparentSF_from_git/transparentSF/ai/output/dashboard/10/40.json
2025-09-11 12:55:01,470 - INFO - Would migrate: /Users/simongoldman/Documents/TransparentSF_from_git/transparentSF/ai/output/dashboard/10/71.json
2025-09-11 12:55:01,470 - INFO - Would migrate: /Users/simongoldman/Documents/TransparentSF_from_git/transparentSF/ai/output/dashboard/10/30.json
2025-09-11 12:55:01,470 - INFO - Would migrate: /Users/simongoldman/Documents/TransparentSF_from_git/transparentSF/ai/output/dashboard/10/70.json
2025-09-11 12:55:01,470 - INFO - Would migrate: /Users/simongoldman/Documents/TransparentSF_from_git/transparentSF/ai/output/dashboard/10/1.json
2025-09-11 12:55:01,470 - INFO - Would migrate: /Users/simongoldman/Documents/TransparentSF_from_git/transparentSF/ai/output/dashboard/10/2.json
2025-09-11 12:55:01,470 - INFO - Would migrate: /Users/simongoldman/Documents/TransparentSF_from_git/transparentSF/ai/output/dashboard/10/12.json
2025-09-11 12:55:01,470 - INFO - Would migrate: /Users/simongoldman/Documents/TransparentSF_from_git/transparentSF/ai/output/dashboard/10/73.json
2025-09-11 12:55:01,470 - INFO - Would migrate: /Users/simongoldman/Documents/TransparentSF_from_git/transparentSF/ai/output/dashboard/10/24.json
2025-09-11 12:55:01,470 - INFO - Would migrate: /Users/simongoldman/Documents/TransparentSF_from_git/transparentSF/ai/output/dashboard/10/72.json
2025-09-11 12:55:01,470 - INFO - Would migrate: /Users/simongoldman/Documents/TransparentSF_from_git/transparentSF/ai/output/dashboard/10/29.json
2025-09-11 12:55:01,470 - INFO - Would migrate: /Users/simongoldman/Documents/TransparentSF_from_git/transparentSF/ai/output/dashboard/10/3.json
2025-09-11 12:55:01,470 - INFO - Would migrate: /Users/simongoldman/Documents/TransparentSF_from_git/transparentSF/ai/output/dashboard/10/63.json
2025-09-11 12:55:01,470 - INFO - Would migrate: /Users/simongoldman/Documents/TransparentSF_from_git/transparentSF/ai/output/dashboard/10/8.json
2025-09-11 12:55:01,470 - INFO - Would migrate: /Users/simongoldman/Documents/TransparentSF_from_git/transparentSF/ai/output/dashboard/10/22.json
2025-09-11 12:55:01,470 - INFO - Would migrate: /Users/simongoldman/Documents/TransparentSF_from_git/transparentSF/ai/output/dashboard/10/18.json
2025-09-11 12:55:01,470 - INFO - Would migrate: /Users/simongoldman/Documents/TransparentSF_from_git/transparentSF/ai/output/dashboard/10/38.json
2025-09-11 12:55:01,470 - INFO - Would migrate: /Users/simongoldman/Documents/TransparentSF_from_git/transparentSF/ai/output/dashboard/10/4.json
2025-09-11 12:55:01,470 - INFO - Would migrate: /Users/simongoldman/Documents/TransparentSF_from_git/transparentSF/ai/output/dashboard/10/14.json
2025-09-11 12:55:01,470 - INFO - Would migrate: /Users/simongoldman/Documents/TransparentSF_from_git/transparentSF/ai/output/dashboard/10/15.json
2025-09-11 12:55:01,470 - INFO - Would migrate: /Users/simongoldman/Documents/TransparentSF_from_git/transparentSF/ai/output/dashboard/10/19.json
2025-09-11 12:55:01,470 - INFO - Would migrate: /Users/simongoldman/Documents/TransparentSF_from_git/transparentSF/ai/output/dashboard/10/23.json
2025-09-11 12:55:01,470 - INFO - Would migrate: /Users/simongoldman/Documents/TransparentSF_from_git/transparentSF/ai/output/dashboard/10/9.json
2025-09-11 12:55:01,470 - INFO - Would migrate: /Users/simongoldman/Documents/TransparentSF_from_git/transparentSF/ai/output/dashboard/10/35.json
2025-09-11 12:55:01,470 - INFO - Would migrate: /Users/simongoldman/Documents/TransparentSF_from_git/transparentSF/ai/output/dashboard/8/top_level.json
2025-09-11 12:55:01,471 - INFO - Would migrate: /Users/simongoldman/Documents/TransparentSF_from_git/transparentSF/ai/output/dashboard/8/16.json
2025-09-11 12:55:01,471 - INFO - Would migrate: /Users/simongoldman/Documents/TransparentSF_from_git/transparentSF/ai/output/dashboard/8/17.json
2025-09-11 12:55:01,471 - INFO - Would migrate: /Users/simongoldman/Documents/TransparentSF_from_git/transparentSF/ai/output/dashboard/8/40.json
2025-09-11 12:55:01,471 - INFO - Would migrate: /Users/simongoldman/Documents/TransparentSF_from_git/transparentSF/ai/output/dashboard/8/71.json
2025-09-11 12:55:01,471 - INFO - Would migrate: /Users/simongoldman/Documents/TransparentSF_from_git/transparentSF/ai/output/dashboard/8/30.json
2025-09-11 12:55:01,471 - INFO - Would migrate: /Users/simongoldman/Documents/TransparentSF_from_git/transparentSF/ai/output/dashboard/8/70.json
2025-09-11 12:55:01,471 - INFO - Would migrate: /Users/simongoldman/Documents/TransparentSF_from_git/transparentSF/ai/output/dashboard/8/1.json
2025-09-11 12:55:01,471 - INFO - Would migrate: /Users/simongoldman/Documents/TransparentSF_from_git/transparentSF/ai/output/dashboard/8/2.json
2025-09-11 12:55:01,471 - INFO - Would migrate: /Users/simongoldman/Documents/TransparentSF_from_git/transparentSF/ai/output/dashboard/8/12.json
2025-09-11 12:55:01,471 - INFO - Would migrate: /Users/simongoldman/Documents/TransparentSF_from_git/transparentSF/ai/output/dashboard/8/73.json
2025-09-11 12:55:01,471 - INFO - Would migrate: /Users/simongoldman/Documents/TransparentSF_from_git/transparentSF/ai/output/dashboard/8/24.json
2025-09-11 12:55:01,471 - INFO - Would migrate: /Users/simongoldman/Documents/TransparentSF_from_git/transparentSF/ai/output/dashboard/8/72.json
2025-09-11 12:55:01,471 - INFO - Would migrate: /Users/simongoldman/Documents/TransparentSF_from_git/transparentSF/ai/output/dashboard/8/29.json
2025-09-11 12:55:01,471 - INFO - Would migrate: /Users/simongoldman/Documents/TransparentSF_from_git/transparentSF/ai/output/dashboard/8/3.json
2025-09-11 12:55:01,471 - INFO - Would migrate: /Users/simongoldman/Documents/TransparentSF_from_git/transparentSF/ai/output/dashboard/8/34.json
2025-09-11 12:55:01,471 - INFO - Would migrate: /Users/simongoldman/Documents/TransparentSF_from_git/transparentSF/ai/output/dashboard/8/63.json
2025-09-11 12:55:01,471 - INFO - Would migrate: /Users/simongoldman/Documents/TransparentSF_from_git/transparentSF/ai/output/dashboard/8/8.json
2025-09-11 12:55:01,471 - INFO - Would migrate: /Users/simongoldman/Documents/TransparentSF_from_git/transparentSF/ai/output/dashboard/8/22.json
2025-09-11 12:55:01,471 - INFO - Would migrate: /Users/simongoldman/Documents/TransparentSF_from_git/transparentSF/ai/output/dashboard/8/18.json
2025-09-11 12:55:01,471 - INFO - Would migrate: /Users/simongoldman/Documents/TransparentSF_from_git/transparentSF/ai/output/dashboard/8/38.json
2025-09-11 12:55:01,471 - INFO - Would migrate: /Users/simongoldman/Documents/TransparentSF_from_git/transparentSF/ai/output/dashboard/8/4.json
2025-09-11 12:55:01,471 - INFO - Would migrate: /Users/simongoldman/Documents/TransparentSF_from_git/transparentSF/ai/output/dashboard/8/14.json
2025-09-11 12:55:01,471 - INFO - Would migrate: /Users/simongoldman/Documents/TransparentSF_from_git/transparentSF/ai/output/dashboard/8/15.json
2025-09-11 12:55:01,472 - INFO - Would migrate: /Users/simongoldman/Documents/TransparentSF_from_git/transparentSF/ai/output/dashboard/8/19.json
2025-09-11 12:55:01,472 - INFO - Would migrate: /Users/simongoldman/Documents/TransparentSF_from_git/transparentSF/ai/output/dashboard/8/23.json
2025-09-11 12:55:01,472 - INFO - Would migrate: /Users/simongoldman/Documents/TransparentSF_from_git/transparentSF/ai/output/dashboard/8/9.json
2025-09-11 12:55:01,472 - INFO - Would migrate: /Users/simongoldman/Documents/TransparentSF_from_git/transparentSF/ai/output/dashboard/8/35.json
2025-09-11 12:55:01,472 - INFO - Would migrate: /Users/simongoldman/Documents/TransparentSF_from_git/transparentSF/ai/output/dashboard/history/district_5_20250904.json
2025-09-11 12:55:01,472 - INFO - Would migrate: /Users/simongoldman/Documents/TransparentSF_from_git/transparentSF/ai/output/dashboard/history/district_3_20250822.json
2025-09-11 12:55:01,472 - INFO - Would migrate: /Users/simongoldman/Documents/TransparentSF_from_git/transparentSF/ai/output/dashboard/history/district_10_20250821.json
2025-09-11 12:55:01,472 - INFO - Would migrate: /Users/simongoldman/Documents/TransparentSF_from_git/transparentSF/ai/output/dashboard/history/district_11_20250910.json
2025-09-11 12:55:01,472 - INFO - Would migrate: /Users/simongoldman/Documents/TransparentSF_from_git/transparentSF/ai/output/dashboard/history/district_11_20250906.json
2025-09-11 12:55:01,472 - INFO - Would migrate: /Users/simongoldman/Documents/TransparentSF_from_git/transparentSF/ai/output/dashboard/history/district_0_20250819.json
2025-09-11 12:55:01,472 - INFO - Would migrate: /Users/simongoldman/Documents/TransparentSF_from_git/transparentSF/ai/output/dashboard/history/district_2_20250905.json
2025-09-11 12:55:01,472 - INFO - Would migrate: /Users/simongoldman/Documents/TransparentSF_from_git/transparentSF/ai/output/dashboard/history/district_10_20250909.json
2025-09-11 12:55:01,472 - INFO - Would migrate: /Users/simongoldman/Documents/TransparentSF_from_git/transparentSF/ai/output/dashboard/history/district_1_20250904.json
2025-09-11 12:55:01,472 - INFO - Would migrate: /Users/simongoldman/Documents/TransparentSF_from_git/transparentSF/ai/output/dashboard/history/district_7_20250822.json
2025-09-11 12:55:01,472 - INFO - Would migrate: /Users/simongoldman/Documents/TransparentSF_from_git/transparentSF/ai/output/dashboard/history/district_6_20250905.json
2025-09-11 12:55:01,472 - INFO - Would migrate: /Users/simongoldman/Documents/TransparentSF_from_git/transparentSF/ai/output/dashboard/history/district_4_20250819.json
2025-09-11 12:55:01,472 - INFO - Would migrate: /Users/simongoldman/Documents/TransparentSF_from_git/transparentSF/ai/output/dashboard/history/district_5_20250908.json
2025-09-11 12:55:01,472 - INFO - Would migrate: /Users/simongoldman/Documents/TransparentSF_from_git/transparentSF/ai/output/dashboard/history/district_1_20250820.json
2025-09-11 12:55:01,472 - INFO - Would migrate: /Users/simongoldman/Documents/TransparentSF_from_git/transparentSF/ai/output/dashboard/history/district_7_20250906.json
2025-09-11 12:55:01,472 - INFO - Would migrate: /Users/simongoldman/Documents/TransparentSF_from_git/transparentSF/ai/output/dashboard/history/district_8_20250902.json
2025-09-11 12:55:01,472 - INFO - Would migrate: /Users/simongoldman/Documents/TransparentSF_from_git/transparentSF/ai/output/dashboard/history/district_7_20250910.json
2025-09-11 12:55:01,472 - INFO - Would migrate: /Users/simongoldman/Documents/TransparentSF_from_git/transparentSF/ai/output/dashboard/history/district_0_20250907.json
2025-09-11 12:55:01,472 - INFO - Would migrate: /Users/simongoldman/Documents/TransparentSF_from_git/transparentSF/ai/output/dashboard/history/district_6_20250821.json
2025-09-11 12:55:01,472 - INFO - Would migrate: /Users/simongoldman/Documents/TransparentSF_from_git/transparentSF/ai/output/dashboard/history/district_2_20250909.json
2025-09-11 12:55:01,472 - INFO - Would migrate: /Users/simongoldman/Documents/TransparentSF_from_git/transparentSF/ai/output/dashboard/history/district_5_20250820.json
2025-09-11 12:55:01,472 - INFO - Would migrate: /Users/simongoldman/Documents/TransparentSF_from_git/transparentSF/ai/output/dashboard/history/district_3_20250906.json
2025-09-11 12:55:01,472 - INFO - Would migrate: /Users/simongoldman/Documents/TransparentSF_from_git/transparentSF/ai/output/dashboard/history/district_1_20250908.json
2025-09-11 12:55:01,473 - INFO - Would migrate: /Users/simongoldman/Documents/TransparentSF_from_git/transparentSF/ai/output/dashboard/history/district_10_20250905.json
2025-09-11 12:55:01,473 - INFO - Would migrate: /Users/simongoldman/Documents/TransparentSF_from_git/transparentSF/ai/output/dashboard/history/district_11_20250822.json
2025-09-11 12:55:01,473 - INFO - Would migrate: /Users/simongoldman/Documents/TransparentSF_from_git/transparentSF/ai/output/dashboard/history/district_6_20250909.json
2025-09-11 12:55:01,473 - INFO - Would migrate: /Users/simongoldman/Documents/TransparentSF_from_git/transparentSF/ai/output/dashboard/history/district_4_20250907.json
2025-09-11 12:55:01,473 - INFO - Would migrate: /Users/simongoldman/Documents/TransparentSF_from_git/transparentSF/ai/output/dashboard/history/district_2_20250821.json
2025-09-11 12:55:01,473 - INFO - Would migrate: /Users/simongoldman/Documents/TransparentSF_from_git/transparentSF/ai/output/dashboard/history/district_3_20250910.json
2025-09-11 12:55:01,473 - INFO - Would migrate: /Users/simongoldman/Documents/TransparentSF_from_git/transparentSF/ai/output/dashboard/history/district_4_20250906.json
2025-09-11 12:55:01,473 - INFO - Would migrate: /Users/simongoldman/Documents/TransparentSF_from_git/transparentSF/ai/output/dashboard/history/district_2_20250820.json
2025-09-11 12:55:01,473 - INFO - Would migrate: /Users/simongoldman/Documents/TransparentSF_from_git/transparentSF/ai/output/dashboard/history/district_6_20250908.json
2025-09-11 12:55:01,473 - INFO - Would migrate: /Users/simongoldman/Documents/TransparentSF_from_git/transparentSF/ai/output/dashboard/history/district_10_20250904.json
2025-09-11 12:55:01,473 - INFO - Would migrate: /Users/simongoldman/Documents/TransparentSF_from_git/transparentSF/ai/output/dashboard/history/district_1_20250909.json
2025-09-11 12:55:01,473 - INFO - Would migrate: /Users/simongoldman/Documents/TransparentSF_from_git/transparentSF/ai/output/dashboard/history/district_5_20250821.json
2025-09-11 12:55:01,473 - INFO - Would migrate: /Users/simongoldman/Documents/TransparentSF_from_git/transparentSF/ai/output/dashboard/history/district_3_20250907.json
2025-09-11 12:55:01,473 - INFO - Would migrate: /Users/simongoldman/Documents/TransparentSF_from_git/transparentSF/ai/output/dashboard/history/district_4_20250910.json
2025-09-11 12:55:01,473 - INFO - Would migrate: /Users/simongoldman/Documents/TransparentSF_from_git/transparentSF/ai/output/dashboard/history/district_11_20250819.json
2025-09-11 12:55:01,473 - INFO - Would migrate: /Users/simongoldman/Documents/TransparentSF_from_git/transparentSF/ai/output/dashboard/history/district_2_20250908.json
2025-09-11 12:55:01,473 - INFO - Would migrate: /Users/simongoldman/Documents/TransparentSF_from_git/transparentSF/ai/output/dashboard/history/district_0_20250906.json
2025-09-11 12:55:01,473 - INFO - Would migrate: /Users/simongoldman/Documents/TransparentSF_from_git/transparentSF/ai/output/dashboard/history/district_6_20250820.json
2025-09-11 12:55:01,473 - INFO - Would migrate: /Users/simongoldman/Documents/TransparentSF_from_git/transparentSF/ai/output/dashboard/history/district_0_20250910.json
2025-09-11 12:55:01,473 - INFO - Would migrate: /Users/simongoldman/Documents/TransparentSF_from_git/transparentSF/ai/output/dashboard/history/district_8_20250903.json
2025-09-11 12:55:01,473 - INFO - Would migrate: /Users/simongoldman/Documents/TransparentSF_from_git/transparentSF/ai/output/dashboard/history/district_1_20250821.json
2025-09-11 12:55:01,473 - INFO - Would migrate: /Users/simongoldman/Documents/TransparentSF_from_git/transparentSF/ai/output/dashboard/history/district_7_20250907.json
2025-09-11 12:55:01,473 - INFO - Would migrate: /Users/simongoldman/Documents/TransparentSF_from_git/transparentSF/ai/output/dashboard/history/district_5_20250909.json
2025-09-11 12:55:01,473 - INFO - Would migrate: /Users/simongoldman/Documents/TransparentSF_from_git/transparentSF/ai/output/dashboard/history/district_0_20250822.json
2025-09-11 12:55:01,473 - INFO - Would migrate: /Users/simongoldman/Documents/TransparentSF_from_git/transparentSF/ai/output/dashboard/history/district_6_20250904.json
2025-09-11 12:55:01,473 - INFO - Would migrate: /Users/simongoldman/Documents/TransparentSF_from_git/transparentSF/ai/output/dashboard/history/district_1_20250905.json
2025-09-11 12:55:01,473 - INFO - Would migrate: /Users/simongoldman/Documents/TransparentSF_from_git/transparentSF/ai/output/dashboard/history/district_3_20250819.json
2025-09-11 12:55:01,473 - INFO - Would migrate: /Users/simongoldman/Documents/TransparentSF_from_git/transparentSF/ai/output/dashboard/history/district_10_20250908.json
2025-09-11 12:55:01,473 - INFO - Would migrate: /Users/simongoldman/Documents/TransparentSF_from_git/transparentSF/ai/output/dashboard/history/district_4_20250822.json
2025-09-11 12:55:01,473 - INFO - Would migrate: /Users/simongoldman/Documents/TransparentSF_from_git/transparentSF/ai/output/dashboard/history/district_2_20250904.json
2025-09-11 12:55:01,473 - INFO - Would migrate: /Users/simongoldman/Documents/TransparentSF_from_git/transparentSF/ai/output/dashboard/history/district_11_20250907.json
2025-09-11 12:55:01,473 - INFO - Would migrate: /Users/simongoldman/Documents/TransparentSF_from_git/transparentSF/ai/output/dashboard/history/district_10_20250820.json
2025-09-11 12:55:01,473 - INFO - Would migrate: /Users/simongoldman/Documents/TransparentSF_from_git/transparentSF/ai/output/dashboard/history/district_7_20250819.json
2025-09-11 12:55:01,473 - INFO - Would migrate: /Users/simongoldman/Documents/TransparentSF_from_git/transparentSF/ai/output/dashboard/history/district_5_20250905.json
2025-09-11 12:55:01,473 - INFO - Would migrate: /Users/simongoldman/Documents/TransparentSF_from_git/transparentSF/ai/output/dashboard/history/district_8_20250904.json
2025-09-11 12:55:01,473 - INFO - Would migrate: /Users/simongoldman/Documents/TransparentSF_from_git/transparentSF/ai/output/dashboard/history/district_10_20250903.json
2025-09-11 12:55:01,473 - INFO - Would migrate: /Users/simongoldman/Documents/TransparentSF_from_git/transparentSF/ai/output/dashboard/history/district_9_20250819.json
2025-09-11 12:55:01,473 - INFO - Would migrate: /Users/simongoldman/Documents/TransparentSF_from_git/transparentSF/ai/output/dashboard/history/district_5_20250902.json
2025-09-11 12:55:01,473 - INFO - Would migrate: /Users/simongoldman/Documents/TransparentSF_from_git/transparentSF/ai/output/dashboard/history/district_8_20250908.json
2025-09-11 12:55:01,473 - INFO - Would migrate: /Users/simongoldman/Documents/TransparentSF_from_git/transparentSF/ai/output/dashboard/history/district_2_20250903.json
2025-09-11 12:55:01,473 - INFO - Would migrate: /Users/simongoldman/Documents/TransparentSF_from_git/transparentSF/ai/output/dashboard/history/district_8_20250820.json
2025-09-11 12:55:01,473 - INFO - Would migrate: /Users/simongoldman/Documents/TransparentSF_from_git/transparentSF/ai/output/dashboard/history/district_1_20250902.json
2025-09-11 12:55:01,473 - INFO - Would migrate: /Users/simongoldman/Documents/TransparentSF_from_git/transparentSF/ai/output/dashboard/history/district_6_20250903.json
2025-09-11 12:55:01,473 - INFO - Would migrate: /Users/simongoldman/Documents/TransparentSF_from_git/transparentSF/ai/output/dashboard/history/district_9_20250907.json
2025-09-11 12:55:01,473 - INFO - Would migrate: /Users/simongoldman/Documents/TransparentSF_from_git/transparentSF/ai/output/dashboard/history/district_9_20250906.json
2025-09-11 12:55:01,473 - INFO - Would migrate: /Users/simongoldman/Documents/TransparentSF_from_git/transparentSF/ai/output/dashboard/history/district_6_20250902.json
2025-09-11 12:55:01,473 - INFO - Would migrate: /Users/simongoldman/Documents/TransparentSF_from_git/transparentSF/ai/output/dashboard/history/district_9_20250910.json
2025-09-11 12:55:01,473 - INFO - Would migrate: /Users/simongoldman/Documents/TransparentSF_from_git/transparentSF/ai/output/dashboard/history/district_1_20250903.json
2025-09-11 12:55:01,473 - INFO - Would migrate: /Users/simongoldman/Documents/TransparentSF_from_git/transparentSF/ai/output/dashboard/history/district_8_20250821.json
2025-09-11 12:55:01,473 - INFO - Would migrate: /Users/simongoldman/Documents/TransparentSF_from_git/transparentSF/ai/output/dashboard/history/district_2_20250902.json
2025-09-11 12:55:01,473 - INFO - Would migrate: /Users/simongoldman/Documents/TransparentSF_from_git/transparentSF/ai/output/dashboard/history/district_8_20250909.json
2025-09-11 12:55:01,473 - INFO - Would migrate: /Users/simongoldman/Documents/TransparentSF_from_git/transparentSF/ai/output/dashboard/history/district_5_20250903.json
2025-09-11 12:55:01,473 - INFO - Would migrate: /Users/simongoldman/Documents/TransparentSF_from_git/transparentSF/ai/output/dashboard/history/district_10_20250902.json
2025-09-11 12:55:01,473 - INFO - Would migrate: /Users/simongoldman/Documents/TransparentSF_from_git/transparentSF/ai/output/dashboard/history/district_9_20250822.json
2025-09-11 12:55:01,474 - INFO - Would migrate: /Users/simongoldman/Documents/TransparentSF_from_git/transparentSF/ai/output/dashboard/history/district_8_20250905.json
2025-09-11 12:55:01,474 - INFO - Would migrate: /Users/simongoldman/Documents/TransparentSF_from_git/transparentSF/ai/output/dashboard/history/district_4_20250903.json
2025-09-11 12:55:01,474 - INFO - Would migrate: /Users/simongoldman/Documents/TransparentSF_from_git/transparentSF/ai/output/dashboard/history/district_9_20250909.json
2025-09-11 12:55:01,474 - INFO - Would migrate: /Users/simongoldman/Documents/TransparentSF_from_git/transparentSF/ai/output/dashboard/history/district_3_20250902.json
2025-09-11 12:55:01,474 - INFO - Would migrate: /Users/simongoldman/Documents/TransparentSF_from_git/transparentSF/ai/output/dashboard/history/district_8_20250910.json
2025-09-11 12:55:01,474 - INFO - Would migrate: /Users/simongoldman/Documents/TransparentSF_from_git/transparentSF/ai/output/dashboard/history/district_0_20250903.json
2025-09-11 12:55:01,474 - INFO - Would migrate: /Users/simongoldman/Documents/TransparentSF_from_git/transparentSF/ai/output/dashboard/history/district_9_20250821.json
2025-09-11 12:55:01,474 - INFO - Would migrate: /Users/simongoldman/Documents/TransparentSF_from_git/transparentSF/ai/output/dashboard/history/district_8_20250906.json
2025-09-11 12:55:01,474 - INFO - Would migrate: /Users/simongoldman/Documents/TransparentSF_from_git/transparentSF/ai/output/dashboard/history/district_7_20250902.json
2025-09-11 12:55:01,474 - INFO - Would migrate: /Users/simongoldman/Documents/TransparentSF_from_git/transparentSF/ai/output/dashboard/history/district_9_20250905.json
2025-09-11 12:55:01,474 - INFO - Would migrate: /Users/simongoldman/Documents/TransparentSF_from_git/transparentSF/ai/output/dashboard/history/district_8_20250822.json
2025-09-11 12:55:01,474 - INFO - Would migrate: /Users/simongoldman/Documents/TransparentSF_from_git/transparentSF/ai/output/dashboard/history/district_11_20250902.json
2025-09-11 12:55:01,474 - INFO - Would migrate: /Users/simongoldman/Documents/TransparentSF_from_git/transparentSF/ai/output/dashboard/history/district_8_20250819.json
2025-09-11 12:55:01,474 - INFO - Would migrate: /Users/simongoldman/Documents/TransparentSF_from_git/transparentSF/ai/output/dashboard/history/district_11_20250903.json
2025-09-11 12:55:01,474 - INFO - Would migrate: /Users/simongoldman/Documents/TransparentSF_from_git/transparentSF/ai/output/dashboard/history/district_9_20250904.json
2025-09-11 12:55:01,474 - INFO - Would migrate: /Users/simongoldman/Documents/TransparentSF_from_git/transparentSF/ai/output/dashboard/history/district_7_20250903.json
2025-09-11 12:55:01,474 - INFO - Would migrate: /Users/simongoldman/Documents/TransparentSF_from_git/transparentSF/ai/output/dashboard/history/district_8_20250907.json
2025-09-11 12:55:01,474 - INFO - Would migrate: /Users/simongoldman/Documents/TransparentSF_from_git/transparentSF/ai/output/dashboard/history/district_9_20250820.json
2025-09-11 12:55:01,474 - INFO - Would migrate: /Users/simongoldman/Documents/TransparentSF_from_git/transparentSF/ai/output/dashboard/history/district_0_20250902.json
2025-09-11 12:55:01,474 - INFO - Would migrate: /Users/simongoldman/Documents/TransparentSF_from_git/transparentSF/ai/output/dashboard/history/district_3_20250903.json
2025-09-11 12:55:01,474 - INFO - Would migrate: /Users/simongoldman/Documents/TransparentSF_from_git/transparentSF/ai/output/dashboard/history/district_9_20250908.json
2025-09-11 12:55:01,474 - INFO - Would migrate: /Users/simongoldman/Documents/TransparentSF_from_git/transparentSF/ai/output/dashboard/history/district_4_20250902.json
2025-09-11 12:55:01,474 - INFO - Would migrate: /Users/simongoldman/Documents/TransparentSF_from_git/transparentSF/ai/output/dashboard/history/district_4_20250909.json
2025-09-11 12:55:01,474 - INFO - Would migrate: /Users/simongoldman/Documents/TransparentSF_from_git/transparentSF/ai/output/dashboard/history/district_1_20250910.json
2025-09-11 12:55:01,474 - INFO - Would migrate: /Users/simongoldman/Documents/TransparentSF_from_git/transparentSF/ai/output/dashboard/history/district_9_20250903.json
2025-09-11 12:55:01,474 - INFO - Would migrate: /Users/simongoldman/Documents/TransparentSF_from_git/transparentSF/ai/output/dashboard/history/district_0_20250821.json
2025-09-11 12:55:01,474 - INFO - Would migrate: /Users/simongoldman/Documents/TransparentSF_from_git/transparentSF/ai/output/dashboard/history/district_6_20250907.json
2025-09-11 12:55:01,474 - INFO - Would migrate: /Users/simongoldman/Documents/TransparentSF_from_git/transparentSF/ai/output/dashboard/history/district_1_20250906.json
2025-09-11 12:55:01,474 - INFO - Would migrate: /Users/simongoldman/Documents/TransparentSF_from_git/transparentSF/ai/output/dashboard/history/district_7_20250820.json
2025-09-11 12:55:01,474 - INFO - Would migrate: /Users/simongoldman/Documents/TransparentSF_from_git/transparentSF/ai/output/dashboard/history/district_3_20250908.json
2025-09-11 12:55:01,474 - INFO - Would migrate: /Users/simongoldman/Documents/TransparentSF_from_git/transparentSF/ai/output/dashboard/history/district_10_20250819.json
2025-09-11 12:55:01,474 - INFO - Would migrate: /Users/simongoldman/Documents/TransparentSF_from_git/transparentSF/ai/output/dashboard/history/district_4_20250821.json
2025-09-11 12:55:01,474 - INFO - Would migrate: /Users/simongoldman/Documents/TransparentSF_from_git/transparentSF/ai/output/dashboard/history/district_2_20250907.json
2025-09-11 12:55:01,474 - INFO - Would migrate: /Users/simongoldman/Documents/TransparentSF_from_git/transparentSF/ai/output/dashboard/history/district_5_20250910.json
2025-09-11 12:55:01,474 - INFO - Would migrate: /Users/simongoldman/Documents/TransparentSF_from_git/transparentSF/ai/output/dashboard/history/district_11_20250904.json
2025-09-11 12:55:01,474 - INFO - Would migrate: /Users/simongoldman/Documents/TransparentSF_from_git/transparentSF/ai/output/dashboard/history/district_0_20250909.json
2025-09-11 12:55:01,474 - INFO - Would migrate: /Users/simongoldman/Documents/TransparentSF_from_git/transparentSF/ai/output/dashboard/history/district_7_20250908.json
2025-09-11 12:55:01,474 - INFO - Would migrate: /Users/simongoldman/Documents/TransparentSF_from_git/transparentSF/ai/output/dashboard/history/district_5_20250906.json
2025-09-11 12:55:01,474 - INFO - Would migrate: /Users/simongoldman/Documents/TransparentSF_from_git/transparentSF/ai/output/dashboard/history/district_3_20250820.json
2025-09-11 12:55:01,474 - INFO - Would migrate: /Users/simongoldman/Documents/TransparentSF_from_git/transparentSF/ai/output/dashboard/history/district_6_20250819.json
2025-09-11 12:55:01,474 - INFO - Would migrate: /Users/simongoldman/Documents/TransparentSF_from_git/transparentSF/ai/output/dashboard/history/district_4_20250905.json
2025-09-11 12:55:01,474 - INFO - Would migrate: /Users/simongoldman/Documents/TransparentSF_from_git/transparentSF/ai/output/dashboard/history/district_11_20250820.json
2025-09-11 12:55:01,474 - INFO - Would migrate: /Users/simongoldman/Documents/TransparentSF_from_git/transparentSF/ai/output/dashboard/history/district_10_20250907.json
2025-09-11 12:55:01,474 - INFO - Would migrate: /Users/simongoldman/Documents/TransparentSF_from_git/transparentSF/ai/output/dashboard/history/district_5_20250822.json
2025-09-11 12:55:01,474 - INFO - Would migrate: /Users/simongoldman/Documents/TransparentSF_from_git/transparentSF/ai/output/dashboard/history/district_3_20250904.json
2025-09-11 12:55:01,474 - INFO - Would migrate: /Users/simongoldman/Documents/TransparentSF_from_git/transparentSF/ai/output/dashboard/history/district_0_20250905.json
2025-09-11 12:55:01,475 - INFO - Would migrate: /Users/simongoldman/Documents/TransparentSF_from_git/transparentSF/ai/output/dashboard/history/district_11_20250908.json
2025-09-11 12:55:01,475 - INFO - Would migrate: /Users/simongoldman/Documents/TransparentSF_from_git/transparentSF/ai/output/dashboard/history/district_2_20250819.json
2025-09-11 12:55:01,475 - INFO - Would migrate: /Users/simongoldman/Documents/TransparentSF_from_git/transparentSF/ai/output/dashboard/history/district_1_20250822.json
2025-09-11 12:55:01,475 - INFO - Would migrate: /Users/simongoldman/Documents/TransparentSF_from_git/transparentSF/ai/output/dashboard/history/district_7_20250904.json
2025-09-11 12:55:01,475 - INFO - Would migrate: /Users/simongoldman/Documents/TransparentSF_from_git/transparentSF/ai/output/dashboard/history/district_7_20250905.json
2025-09-11 12:55:01,475 - INFO - Would migrate: /Users/simongoldman/Documents/TransparentSF_from_git/transparentSF/ai/output/dashboard/history/district_5_20250819.json
2025-09-11 12:55:01,475 - INFO - Would migrate: /Users/simongoldman/Documents/TransparentSF_from_git/transparentSF/ai/output/dashboard/history/district_11_20250909.json
2025-09-11 12:55:01,475 - INFO - Would migrate: /Users/simongoldman/Documents/TransparentSF_from_git/transparentSF/ai/output/dashboard/history/district_0_20250904.json
2025-09-11 12:55:01,475 - INFO - Would migrate: /Users/simongoldman/Documents/TransparentSF_from_git/transparentSF/ai/output/dashboard/history/district_6_20250822.json
2025-09-11 12:55:01,475 - INFO - Would migrate: /Users/simongoldman/Documents/TransparentSF_from_git/transparentSF/ai/output/dashboard/history/district_1_20250819.json
2025-09-11 12:55:01,475 - INFO - Would migrate: /Users/simongoldman/Documents/TransparentSF_from_git/transparentSF/ai/output/dashboard/history/district_3_20250905.json
2025-09-11 12:55:01,475 - INFO - Would migrate: /Users/simongoldman/Documents/TransparentSF_from_git/transparentSF/ai/output/dashboard/history/district_10_20250906.json
2025-09-11 12:55:01,475 - INFO - Would migrate: /Users/simongoldman/Documents/TransparentSF_from_git/transparentSF/ai/output/dashboard/history/district_11_20250821.json
2025-09-11 12:55:01,475 - INFO - Would migrate: /Users/simongoldman/Documents/TransparentSF_from_git/transparentSF/ai/output/dashboard/history/district_10_20250910.json
2025-09-11 12:55:01,475 - INFO - Would migrate: /Users/simongoldman/Documents/TransparentSF_from_git/transparentSF/ai/output/dashboard/history/district_4_20250904.json
2025-09-11 12:55:01,475 - INFO - Would migrate: /Users/simongoldman/Documents/TransparentSF_from_git/transparentSF/ai/output/dashboard/history/district_2_20250822.json
2025-09-11 12:55:01,475 - INFO - Would migrate: /Users/simongoldman/Documents/TransparentSF_from_git/transparentSF/ai/output/dashboard/history/district_5_20250907.json
2025-09-11 12:55:01,475 - INFO - Would migrate: /Users/simongoldman/Documents/TransparentSF_from_git/transparentSF/ai/output/dashboard/history/district_3_20250821.json
2025-09-11 12:55:01,475 - INFO - Would migrate: /Users/simongoldman/Documents/TransparentSF_from_git/transparentSF/ai/output/dashboard/history/district_2_20250910.json
2025-09-11 12:55:01,475 - INFO - Would migrate: /Users/simongoldman/Documents/TransparentSF_from_git/transparentSF/ai/output/dashboard/history/district_10_20250822.json
2025-09-11 12:55:01,475 - INFO - Would migrate: /Users/simongoldman/Documents/TransparentSF_from_git/transparentSF/ai/output/dashboard/history/district_7_20250909.json
2025-09-11 12:55:01,475 - INFO - Would migrate: /Users/simongoldman/Documents/TransparentSF_from_git/transparentSF/ai/output/dashboard/history/district_0_20250908.json
2025-09-11 12:55:01,475 - INFO - Would migrate: /Users/simongoldman/Documents/TransparentSF_from_git/transparentSF/ai/output/dashboard/history/district_11_20250905.json
2025-09-11 12:55:01,475 - INFO - Would migrate: /Users/simongoldman/Documents/TransparentSF_from_git/transparentSF/ai/output/dashboard/history/district_4_20250820.json
2025-09-11 12:55:01,475 - INFO - Would migrate: /Users/simongoldman/Documents/TransparentSF_from_git/transparentSF/ai/output/dashboard/history/district_2_20250906.json
2025-09-11 12:55:01,475 - INFO - Would migrate: /Users/simongoldman/Documents/TransparentSF_from_git/transparentSF/ai/output/dashboard/history/district_3_20250909.json
2025-09-11 12:55:01,475 - INFO - Would migrate: /Users/simongoldman/Documents/TransparentSF_from_git/transparentSF/ai/output/dashboard/history/district_6_20250910.json
2025-09-11 12:55:01,475 - INFO - Would migrate: /Users/simongoldman/Documents/TransparentSF_from_git/transparentSF/ai/output/dashboard/history/district_1_20250907.json
2025-09-11 12:55:01,475 - INFO - Would migrate: /Users/simongoldman/Documents/TransparentSF_from_git/transparentSF/ai/output/dashboard/history/district_7_20250821.json
2025-09-11 12:55:01,475 - INFO - Would migrate: /Users/simongoldman/Documents/TransparentSF_from_git/transparentSF/ai/output/dashboard/history/district_0_20250820.json
2025-09-11 12:55:01,475 - INFO - Would migrate: /Users/simongoldman/Documents/TransparentSF_from_git/transparentSF/ai/output/dashboard/history/district_6_20250906.json
2025-09-11 12:55:01,475 - INFO - Would migrate: /Users/simongoldman/Documents/TransparentSF_from_git/transparentSF/ai/output/dashboard/history/district_9_20250902.json
2025-09-11 12:55:01,476 - INFO - Would migrate: /Users/simongoldman/Documents/TransparentSF_from_git/transparentSF/ai/output/dashboard/history/district_4_20250908.json
2025-09-11 12:55:01,476 - INFO - Would migrate: /Users/simongoldman/Documents/TransparentSF_from_git/transparentSF/ai/output/dashboard/4/top_level.json
2025-09-11 12:55:01,476 - INFO - Would migrate: /Users/simongoldman/Documents/TransparentSF_from_git/transparentSF/ai/output/dashboard/4/16.json
2025-09-11 12:55:01,476 - INFO - Would migrate: /Users/simongoldman/Documents/TransparentSF_from_git/transparentSF/ai/output/dashboard/4/17.json
2025-09-11 12:55:01,476 - INFO - Would migrate: /Users/simongoldman/Documents/TransparentSF_from_git/transparentSF/ai/output/dashboard/4/40.json
2025-09-11 12:55:01,476 - INFO - Would migrate: /Users/simongoldman/Documents/TransparentSF_from_git/transparentSF/ai/output/dashboard/4/71.json
2025-09-11 12:55:01,476 - INFO - Would migrate: /Users/simongoldman/Documents/TransparentSF_from_git/transparentSF/ai/output/dashboard/4/30.json
2025-09-11 12:55:01,476 - INFO - Would migrate: /Users/simongoldman/Documents/TransparentSF_from_git/transparentSF/ai/output/dashboard/4/70.json
2025-09-11 12:55:01,476 - INFO - Would migrate: /Users/simongoldman/Documents/TransparentSF_from_git/transparentSF/ai/output/dashboard/4/1.json
2025-09-11 12:55:01,476 - INFO - Would migrate: /Users/simongoldman/Documents/TransparentSF_from_git/transparentSF/ai/output/dashboard/4/2.json
2025-09-11 12:55:01,476 - INFO - Would migrate: /Users/simongoldman/Documents/TransparentSF_from_git/transparentSF/ai/output/dashboard/4/12.json
2025-09-11 12:55:01,476 - INFO - Would migrate: /Users/simongoldman/Documents/TransparentSF_from_git/transparentSF/ai/output/dashboard/4/73.json
2025-09-11 12:55:01,476 - INFO - Would migrate: /Users/simongoldman/Documents/TransparentSF_from_git/transparentSF/ai/output/dashboard/4/24.json
2025-09-11 12:55:01,476 - INFO - Would migrate: /Users/simongoldman/Documents/TransparentSF_from_git/transparentSF/ai/output/dashboard/4/72.json
2025-09-11 12:55:01,476 - INFO - Would migrate: /Users/simongoldman/Documents/TransparentSF_from_git/transparentSF/ai/output/dashboard/4/29.json
2025-09-11 12:55:01,476 - INFO - Would migrate: /Users/simongoldman/Documents/TransparentSF_from_git/transparentSF/ai/output/dashboard/4/3.json
2025-09-11 12:55:01,476 - INFO - Would migrate: /Users/simongoldman/Documents/TransparentSF_from_git/transparentSF/ai/output/dashboard/4/63.json
2025-09-11 12:55:01,476 - INFO - Would migrate: /Users/simongoldman/Documents/TransparentSF_from_git/transparentSF/ai/output/dashboard/4/8.json
2025-09-11 12:55:01,476 - INFO - Would migrate: /Users/simongoldman/Documents/TransparentSF_from_git/transparentSF/ai/output/dashboard/4/22.json
2025-09-11 12:55:01,476 - INFO - Would migrate: /Users/simongoldman/Documents/TransparentSF_from_git/transparentSF/ai/output/dashboard/4/18.json
2025-09-11 12:55:01,476 - INFO - Would migrate: /Users/simongoldman/Documents/TransparentSF_from_git/transparentSF/ai/output/dashboard/4/38.json
2025-09-11 12:55:01,476 - INFO - Would migrate: /Users/simongoldman/Documents/TransparentSF_from_git/transparentSF/ai/output/dashboard/4/4.json
2025-09-11 12:55:01,476 - INFO - Would migrate: /Users/simongoldman/Documents/TransparentSF_from_git/transparentSF/ai/output/dashboard/4/14.json
2025-09-11 12:55:01,476 - INFO - Would migrate: /Users/simongoldman/Documents/TransparentSF_from_git/transparentSF/ai/output/dashboard/4/15.json
2025-09-11 12:55:01,476 - INFO - Would migrate: /Users/simongoldman/Documents/TransparentSF_from_git/transparentSF/ai/output/dashboard/4/19.json
2025-09-11 12:55:01,477 - INFO - Would migrate: /Users/simongoldman/Documents/TransparentSF_from_git/transparentSF/ai/output/dashboard/4/23.json
2025-09-11 12:55:01,477 - INFO - Would migrate: /Users/simongoldman/Documents/TransparentSF_from_git/transparentSF/ai/output/dashboard/4/9.json
2025-09-11 12:55:01,477 - INFO - Would migrate: /Users/simongoldman/Documents/TransparentSF_from_git/transparentSF/ai/output/dashboard/4/35.json
2025-09-11 12:55:01,477 - INFO - Would migrate: /Users/simongoldman/Documents/TransparentSF_from_git/transparentSF/ai/output/dashboard/3/top_level.json
2025-09-11 12:55:01,477 - INFO - Would migrate: /Users/simongoldman/Documents/TransparentSF_from_git/transparentSF/ai/output/dashboard/3/16.json
2025-09-11 12:55:01,477 - INFO - Would migrate: /Users/simongoldman/Documents/TransparentSF_from_git/transparentSF/ai/output/dashboard/3/17.json
2025-09-11 12:55:01,477 - INFO - Would migrate: /Users/simongoldman/Documents/TransparentSF_from_git/transparentSF/ai/output/dashboard/3/40.json
2025-09-11 12:55:01,477 - INFO - Would migrate: /Users/simongoldman/Documents/TransparentSF_from_git/transparentSF/ai/output/dashboard/3/71.json
2025-09-11 12:55:01,477 - INFO - Would migrate: /Users/simongoldman/Documents/TransparentSF_from_git/transparentSF/ai/output/dashboard/3/30.json
2025-09-11 12:55:01,477 - INFO - Would migrate: /Users/simongoldman/Documents/TransparentSF_from_git/transparentSF/ai/output/dashboard/3/70.json
2025-09-11 12:55:01,477 - INFO - Would migrate: /Users/simongoldman/Documents/TransparentSF_from_git/transparentSF/ai/output/dashboard/3/1.json
2025-09-11 12:55:01,477 - INFO - Would migrate: /Users/simongoldman/Documents/TransparentSF_from_git/transparentSF/ai/output/dashboard/3/2.json
2025-09-11 12:55:01,477 - INFO - Would migrate: /Users/simongoldman/Documents/TransparentSF_from_git/transparentSF/ai/output/dashboard/3/12.json
2025-09-11 12:55:01,477 - INFO - Would migrate: /Users/simongoldman/Documents/TransparentSF_from_git/transparentSF/ai/output/dashboard/3/73.json
2025-09-11 12:55:01,477 - INFO - Would migrate: /Users/simongoldman/Documents/TransparentSF_from_git/transparentSF/ai/output/dashboard/3/24.json
2025-09-11 12:55:01,477 - INFO - Would migrate: /Users/simongoldman/Documents/TransparentSF_from_git/transparentSF/ai/output/dashboard/3/72.json
2025-09-11 12:55:01,477 - INFO - Would migrate: /Users/simongoldman/Documents/TransparentSF_from_git/transparentSF/ai/output/dashboard/3/29.json
2025-09-11 12:55:01,477 - INFO - Would migrate: /Users/simongoldman/Documents/TransparentSF_from_git/transparentSF/ai/output/dashboard/3/3.json
2025-09-11 12:55:01,477 - INFO - Would migrate: /Users/simongoldman/Documents/TransparentSF_from_git/transparentSF/ai/output/dashboard/3/34.json
2025-09-11 12:55:01,477 - INFO - Would migrate: /Users/simongoldman/Documents/TransparentSF_from_git/transparentSF/ai/output/dashboard/3/63.json
2025-09-11 12:55:01,477 - INFO - Would migrate: /Users/simongoldman/Documents/TransparentSF_from_git/transparentSF/ai/output/dashboard/3/8.json
2025-09-11 12:55:01,477 - INFO - Would migrate: /Users/simongoldman/Documents/TransparentSF_from_git/transparentSF/ai/output/dashboard/3/22.json
2025-09-11 12:55:01,477 - INFO - Would migrate: /Users/simongoldman/Documents/TransparentSF_from_git/transparentSF/ai/output/dashboard/3/18.json
2025-09-11 12:55:01,477 - INFO - Would migrate: /Users/simongoldman/Documents/TransparentSF_from_git/transparentSF/ai/output/dashboard/3/38.json
2025-09-11 12:55:01,477 - INFO - Would migrate: /Users/simongoldman/Documents/TransparentSF_from_git/transparentSF/ai/output/dashboard/3/4.json
2025-09-11 12:55:01,477 - INFO - Would migrate: /Users/simongoldman/Documents/TransparentSF_from_git/transparentSF/ai/output/dashboard/3/14.json
2025-09-11 12:55:01,477 - INFO - Would migrate: /Users/simongoldman/Documents/TransparentSF_from_git/transparentSF/ai/output/dashboard/3/15.json
2025-09-11 12:55:01,477 - INFO - Would migrate: /Users/simongoldman/Documents/TransparentSF_from_git/transparentSF/ai/output/dashboard/3/19.json
2025-09-11 12:55:01,477 - INFO - Would migrate: /Users/simongoldman/Documents/TransparentSF_from_git/transparentSF/ai/output/dashboard/3/23.json
2025-09-11 12:55:01,477 - INFO - Would migrate: /Users/simongoldman/Documents/TransparentSF_from_git/transparentSF/ai/output/dashboard/3/9.json
2025-09-11 12:55:01,477 - INFO - Would migrate: /Users/simongoldman/Documents/TransparentSF_from_git/transparentSF/ai/output/dashboard/3/35.json
2025-09-11 12:55:01,477 - INFO - Would migrate: /Users/simongoldman/Documents/TransparentSF_from_git/transparentSF/ai/output/dashboard/2/top_level.json
2025-09-11 12:55:01,477 - INFO - Would migrate: /Users/simongoldman/Documents/TransparentSF_from_git/transparentSF/ai/output/dashboard/2/16.json
2025-09-11 12:55:01,477 - INFO - Would migrate: /Users/simongoldman/Documents/TransparentSF_from_git/transparentSF/ai/output/dashboard/2/17.json
2025-09-11 12:55:01,478 - INFO - Would migrate: /Users/simongoldman/Documents/TransparentSF_from_git/transparentSF/ai/output/dashboard/2/40.json
2025-09-11 12:55:01,478 - INFO - Would migrate: /Users/simongoldman/Documents/TransparentSF_from_git/transparentSF/ai/output/dashboard/2/71.json
2025-09-11 12:55:01,478 - INFO - Would migrate: /Users/simongoldman/Documents/TransparentSF_from_git/transparentSF/ai/output/dashboard/2/30.json
2025-09-11 12:55:01,478 - INFO - Would migrate: /Users/simongoldman/Documents/TransparentSF_from_git/transparentSF/ai/output/dashboard/2/70.json
2025-09-11 12:55:01,478 - INFO - Would migrate: /Users/simongoldman/Documents/TransparentSF_from_git/transparentSF/ai/output/dashboard/2/1.json
2025-09-11 12:55:01,478 - INFO - Would migrate: /Users/simongoldman/Documents/TransparentSF_from_git/transparentSF/ai/output/dashboard/2/2.json
2025-09-11 12:55:01,478 - INFO - Would migrate: /Users/simongoldman/Documents/TransparentSF_from_git/transparentSF/ai/output/dashboard/2/12.json
2025-09-11 12:55:01,478 - INFO - Would migrate: /Users/simongoldman/Documents/TransparentSF_from_git/transparentSF/ai/output/dashboard/2/73.json
2025-09-11 12:55:01,478 - INFO - Would migrate: /Users/simongoldman/Documents/TransparentSF_from_git/transparentSF/ai/output/dashboard/2/24.json
2025-09-11 12:55:01,478 - INFO - Would migrate: /Users/simongoldman/Documents/TransparentSF_from_git/transparentSF/ai/output/dashboard/2/72.json
2025-09-11 12:55:01,478 - INFO - Would migrate: /Users/simongoldman/Documents/TransparentSF_from_git/transparentSF/ai/output/dashboard/2/29.json
2025-09-11 12:55:01,478 - INFO - Would migrate: /Users/simongoldman/Documents/TransparentSF_from_git/transparentSF/ai/output/dashboard/2/3.json
2025-09-11 12:55:01,478 - INFO - Would migrate: /Users/simongoldman/Documents/TransparentSF_from_git/transparentSF/ai/output/dashboard/2/34.json
2025-09-11 12:55:01,478 - INFO - Would migrate: /Users/simongoldman/Documents/TransparentSF_from_git/transparentSF/ai/output/dashboard/2/63.json
2025-09-11 12:55:01,478 - INFO - Would migrate: /Users/simongoldman/Documents/TransparentSF_from_git/transparentSF/ai/output/dashboard/2/8.json
2025-09-11 12:55:01,478 - INFO - Would migrate: /Users/simongoldman/Documents/TransparentSF_from_git/transparentSF/ai/output/dashboard/2/22.json
2025-09-11 12:55:01,478 - INFO - Would migrate: /Users/simongoldman/Documents/TransparentSF_from_git/transparentSF/ai/output/dashboard/2/18.json
2025-09-11 12:55:01,478 - INFO - Would migrate: /Users/simongoldman/Documents/TransparentSF_from_git/transparentSF/ai/output/dashboard/2/38.json
2025-09-11 12:55:01,478 - INFO - Would migrate: /Users/simongoldman/Documents/TransparentSF_from_git/transparentSF/ai/output/dashboard/2/4.json
2025-09-11 12:55:01,478 - INFO - Would migrate: /Users/simongoldman/Documents/TransparentSF_from_git/transparentSF/ai/output/dashboard/2/14.json
2025-09-11 12:55:01,478 - INFO - Would migrate: /Users/simongoldman/Documents/TransparentSF_from_git/transparentSF/ai/output/dashboard/2/15.json
2025-09-11 12:55:01,479 - INFO - Would migrate: /Users/simongoldman/Documents/TransparentSF_from_git/transparentSF/ai/output/dashboard/2/19.json
2025-09-11 12:55:01,479 - INFO - Would migrate: /Users/simongoldman/Documents/TransparentSF_from_git/transparentSF/ai/output/dashboard/2/23.json
2025-09-11 12:55:01,479 - INFO - Would migrate: /Users/simongoldman/Documents/TransparentSF_from_git/transparentSF/ai/output/dashboard/2/9.json
2025-09-11 12:55:01,479 - INFO - Would migrate: /Users/simongoldman/Documents/TransparentSF_from_git/transparentSF/ai/output/dashboard/2/35.json
2025-09-11 12:55:01,479 - INFO - Would migrate: /Users/simongoldman/Documents/TransparentSF_from_git/transparentSF/ai/output/dashboard/5/top_level.json
2025-09-11 12:55:01,479 - INFO - Would migrate: /Users/simongoldman/Documents/TransparentSF_from_git/transparentSF/ai/output/dashboard/5/16.json
2025-09-11 12:55:01,479 - INFO - Would migrate: /Users/simongoldman/Documents/TransparentSF_from_git/transparentSF/ai/output/dashboard/5/17.json
2025-09-11 12:55:01,479 - INFO - Would migrate: /Users/simongoldman/Documents/TransparentSF_from_git/transparentSF/ai/output/dashboard/5/40.json
2025-09-11 12:55:01,479 - INFO - Would migrate: /Users/simongoldman/Documents/TransparentSF_from_git/transparentSF/ai/output/dashboard/5/71.json
2025-09-11 12:55:01,479 - INFO - Would migrate: /Users/simongoldman/Documents/TransparentSF_from_git/transparentSF/ai/output/dashboard/5/30.json
2025-09-11 12:55:01,479 - INFO - Would migrate: /Users/simongoldman/Documents/TransparentSF_from_git/transparentSF/ai/output/dashboard/5/70.json
2025-09-11 12:55:01,479 - INFO - Would migrate: /Users/simongoldman/Documents/TransparentSF_from_git/transparentSF/ai/output/dashboard/5/1.json
2025-09-11 12:55:01,479 - INFO - Would migrate: /Users/simongoldman/Documents/TransparentSF_from_git/transparentSF/ai/output/dashboard/5/2.json
2025-09-11 12:55:01,479 - INFO - Would migrate: /Users/simongoldman/Documents/TransparentSF_from_git/transparentSF/ai/output/dashboard/5/12.json
2025-09-11 12:55:01,479 - INFO - Would migrate: /Users/simongoldman/Documents/TransparentSF_from_git/transparentSF/ai/output/dashboard/5/73.json
2025-09-11 12:55:01,479 - INFO - Would migrate: /Users/simongoldman/Documents/TransparentSF_from_git/transparentSF/ai/output/dashboard/5/24.json
2025-09-11 12:55:01,479 - INFO - Would migrate: /Users/simongoldman/Documents/TransparentSF_from_git/transparentSF/ai/output/dashboard/5/72.json
2025-09-11 12:55:01,479 - INFO - Would migrate: /Users/simongoldman/Documents/TransparentSF_from_git/transparentSF/ai/output/dashboard/5/29.json
2025-09-11 12:55:01,479 - INFO - Would migrate: /Users/simongoldman/Documents/TransparentSF_from_git/transparentSF/ai/output/dashboard/5/3.json
2025-09-11 12:55:01,479 - INFO - Would migrate: /Users/simongoldman/Documents/TransparentSF_from_git/transparentSF/ai/output/dashboard/5/34.json
2025-09-11 12:55:01,479 - INFO - Would migrate: /Users/simongoldman/Documents/TransparentSF_from_git/transparentSF/ai/output/dashboard/5/63.json
2025-09-11 12:55:01,479 - INFO - Would migrate: /Users/simongoldman/Documents/TransparentSF_from_git/transparentSF/ai/output/dashboard/5/8.json
2025-09-11 12:55:01,479 - INFO - Would migrate: /Users/simongoldman/Documents/TransparentSF_from_git/transparentSF/ai/output/dashboard/5/22.json
2025-09-11 12:55:01,479 - INFO - Would migrate: /Users/simongoldman/Documents/TransparentSF_from_git/transparentSF/ai/output/dashboard/5/18.json
2025-09-11 12:55:01,479 - INFO - Would migrate: /Users/simongoldman/Documents/TransparentSF_from_git/transparentSF/ai/output/dashboard/5/38.json
2025-09-11 12:55:01,479 - INFO - Would migrate: /Users/simongoldman/Documents/TransparentSF_from_git/transparentSF/ai/output/dashboard/5/4.json
2025-09-11 12:55:01,479 - INFO - Would migrate: /Users/simongoldman/Documents/TransparentSF_from_git/transparentSF/ai/output/dashboard/5/14.json
2025-09-11 12:55:01,479 - INFO - Would migrate: /Users/simongoldman/Documents/TransparentSF_from_git/transparentSF/ai/output/dashboard/5/15.json
2025-09-11 12:55:01,479 - INFO - Would migrate: /Users/simongoldman/Documents/TransparentSF_from_git/transparentSF/ai/output/dashboard/5/19.json
2025-09-11 12:55:01,479 - INFO - Would migrate: /Users/simongoldman/Documents/TransparentSF_from_git/transparentSF/ai/output/dashboard/5/23.json
2025-09-11 12:55:01,479 - INFO - Would migrate: /Users/simongoldman/Documents/TransparentSF_from_git/transparentSF/ai/output/dashboard/5/9.json
2025-09-11 12:55:01,479 - INFO - Would migrate: /Users/simongoldman/Documents/TransparentSF_from_git/transparentSF/ai/output/dashboard/5/35.json
2025-09-11 12:55:01,479 - INFO - Migrating monthly files...
2025-09-11 12:55:01,479 - INFO - Would migrate: /Users/simongoldman/Documents/TransparentSF_from_git/transparentSF/ai/output/monthly/9.00000/19.md
2025-09-11 12:55:01,479 - INFO - Would migrate: /Users/simongoldman/Documents/TransparentSF_from_git/transparentSF/ai/output/monthly/9.00000/30.md
2025-09-11 12:55:01,479 - INFO - Would migrate: /Users/simongoldman/Documents/TransparentSF_from_git/transparentSF/ai/output/monthly/11.00000/19.md
2025-09-11 12:55:01,479 - INFO - Would migrate: /Users/simongoldman/Documents/TransparentSF_from_git/transparentSF/ai/output/monthly/11.00000/30.md
2025-09-11 12:55:01,479 - INFO - Would migrate: /Users/simongoldman/Documents/TransparentSF_from_git/transparentSF/ai/output/monthly/1.0/19.md
2025-09-11 12:55:01,479 - INFO - Would migrate: /Users/simongoldman/Documents/TransparentSF_from_git/transparentSF/ai/output/monthly/1.0/30.md
2025-09-11 12:55:01,479 - INFO - Would migrate: /Users/simongoldman/Documents/TransparentSF_from_git/transparentSF/ai/output/monthly/5.0/19.md
2025-09-11 12:55:01,479 - INFO - Would migrate: /Users/simongoldman/Documents/TransparentSF_from_git/transparentSF/ai/output/monthly/5.0/30.md
2025-09-11 12:55:01,479 - INFO - Would migrate: /Users/simongoldman/Documents/TransparentSF_from_git/transparentSF/ai/output/monthly/10.0/19.md
2025-09-11 12:55:01,479 - INFO - Would migrate: /Users/simongoldman/Documents/TransparentSF_from_git/transparentSF/ai/output/monthly/10.0/30.md
2025-09-11 12:55:01,480 - INFO - Would migrate: /Users/simongoldman/Documents/TransparentSF_from_git/transparentSF/ai/output/monthly/8.00000/19.md
2025-09-11 12:55:01,480 - INFO - Would migrate: /Users/simongoldman/Documents/TransparentSF_from_git/transparentSF/ai/output/monthly/8.00000/30.md
2025-09-11 12:55:01,480 - INFO - Would migrate: /Users/simongoldman/Documents/TransparentSF_from_git/transparentSF/ai/output/monthly/8.0/19.md
2025-09-11 12:55:01,480 - INFO - Would migrate: /Users/simongoldman/Documents/TransparentSF_from_git/transparentSF/ai/output/monthly/8.0/30.md
2025-09-11 12:55:01,480 - INFO - Would migrate: /Users/simongoldman/Documents/TransparentSF_from_git/transparentSF/ai/output/monthly/9/69.md
2025-09-11 12:55:01,480 - INFO - Would migrate: /Users/simongoldman/Documents/TransparentSF_from_git/transparentSF/ai/output/monthly/9/38.md
2025-09-11 12:55:01,480 - INFO - Would migrate: /Users/simongoldman/Documents/TransparentSF_from_git/transparentSF/ai/output/monthly/9/18.md
2025-09-11 12:55:01,480 - INFO - Would migrate: /Users/simongoldman/Documents/TransparentSF_from_git/transparentSF/ai/output/monthly/9/1.md
2025-09-11 12:55:01,480 - INFO - Would migrate: /Users/simongoldman/Documents/TransparentSF_from_git/transparentSF/ai/output/monthly/9/19.md
2025-09-11 12:55:01,480 - INFO - Would migrate: /Users/simongoldman/Documents/TransparentSF_from_git/transparentSF/ai/output/monthly/9/29.md
2025-09-11 12:55:01,480 - INFO - Would migrate: /Users/simongoldman/Documents/TransparentSF_from_git/transparentSF/ai/output/monthly/9/4.md
2025-09-11 12:55:01,480 - INFO - Would migrate: /Users/simongoldman/Documents/TransparentSF_from_git/transparentSF/ai/output/monthly/9/16.md
2025-09-11 12:55:01,480 - INFO - Would migrate: /Users/simongoldman/Documents/TransparentSF_from_git/transparentSF/ai/output/monthly/9/22.md
2025-09-11 12:55:01,480 - INFO - Would migrate: /Users/simongoldman/Documents/TransparentSF_from_git/transparentSF/ai/output/monthly/9/12.md
2025-09-11 12:55:01,480 - INFO - Would migrate: /Users/simongoldman/Documents/TransparentSF_from_git/transparentSF/ai/output/monthly/9/17.md
2025-09-11 12:55:01,480 - INFO - Would migrate: /Users/simongoldman/Documents/TransparentSF_from_git/transparentSF/ai/output/monthly/9/23.md
2025-09-11 12:55:01,480 - INFO - Would migrate: /Users/simongoldman/Documents/TransparentSF_from_git/transparentSF/ai/output/monthly/9/72.md
2025-09-11 12:55:01,480 - INFO - Would migrate: /Users/simongoldman/Documents/TransparentSF_from_git/transparentSF/ai/output/monthly/9/24.md
2025-09-11 12:55:01,480 - INFO - Would migrate: /Users/simongoldman/Documents/TransparentSF_from_git/transparentSF/ai/output/monthly/9/9.md
2025-09-11 12:55:01,480 - INFO - Would migrate: /Users/simongoldman/Documents/TransparentSF_from_git/transparentSF/ai/output/monthly/9/34.md
2025-09-11 12:55:01,480 - INFO - Would migrate: /Users/simongoldman/Documents/TransparentSF_from_git/transparentSF/ai/output/monthly/9/14.md
2025-09-11 12:55:01,480 - INFO - Would migrate: /Users/simongoldman/Documents/TransparentSF_from_git/transparentSF/ai/output/monthly/9/71.md
2025-09-11 12:55:01,480 - INFO - Would migrate: /Users/simongoldman/Documents/TransparentSF_from_git/transparentSF/ai/output/monthly/9/30.md
2025-09-11 12:55:01,480 - INFO - Would migrate: /Users/simongoldman/Documents/TransparentSF_from_git/transparentSF/ai/output/monthly/9/15.md
2025-09-11 12:55:01,480 - INFO - Would migrate: /Users/simongoldman/Documents/TransparentSF_from_git/transparentSF/ai/output/monthly/9/40.md
2025-09-11 12:55:01,480 - INFO - Would migrate: /Users/simongoldman/Documents/TransparentSF_from_git/transparentSF/ai/output/monthly/9/8.md
2025-09-11 12:55:01,480 - INFO - Would migrate: /Users/simongoldman/Documents/TransparentSF_from_git/transparentSF/ai/output/monthly/9/35.md
2025-09-11 12:55:01,480 - INFO - Would migrate: /Users/simongoldman/Documents/TransparentSF_from_git/transparentSF/ai/output/monthly/9/3.md
2025-09-11 12:55:01,480 - INFO - Would migrate: /Users/simongoldman/Documents/TransparentSF_from_git/transparentSF/ai/output/monthly/9/2.md
2025-09-11 12:55:01,480 - INFO - Would migrate: /Users/simongoldman/Documents/TransparentSF_from_git/transparentSF/ai/output/monthly/0/5.md
2025-09-11 12:55:01,480 - INFO - Would migrate: /Users/simongoldman/Documents/TransparentSF_from_git/transparentSF/ai/output/monthly/0/69.md
2025-09-11 12:55:01,480 - INFO - Would migrate: /Users/simongoldman/Documents/TransparentSF_from_git/transparentSF/ai/output/monthly/0/38.md
2025-09-11 12:55:01,480 - INFO - Would migrate: /Users/simongoldman/Documents/TransparentSF_from_git/transparentSF/ai/output/monthly/0/18.md
2025-09-11 12:55:01,480 - INFO - Would migrate: /Users/simongoldman/Documents/TransparentSF_from_git/transparentSF/ai/output/monthly/0/49.md
2025-09-11 12:55:01,480 - INFO - Would migrate: /Users/simongoldman/Documents/TransparentSF_from_git/transparentSF/ai/output/monthly/0/1.md
2025-09-11 12:55:01,480 - INFO - Would migrate: /Users/simongoldman/Documents/TransparentSF_from_git/transparentSF/ai/output/monthly/0/19.md
2025-09-11 12:55:01,480 - INFO - Would migrate: /Users/simongoldman/Documents/TransparentSF_from_git/transparentSF/ai/output/monthly/0/48.md
2025-09-11 12:55:01,480 - INFO - Would migrate: /Users/simongoldman/Documents/TransparentSF_from_git/transparentSF/ai/output/monthly/0/58.md
2025-09-11 12:55:01,480 - INFO - Would migrate: /Users/simongoldman/Documents/TransparentSF_from_git/transparentSF/ai/output/monthly/0/29.md
2025-09-11 12:55:01,481 - INFO - Would migrate: /Users/simongoldman/Documents/TransparentSF_from_git/transparentSF/ai/output/monthly/0/4.md
2025-09-11 12:55:01,481 - INFO - Would migrate: /Users/simongoldman/Documents/TransparentSF_from_git/transparentSF/ai/output/monthly/0/47.md
2025-09-11 12:55:01,481 - INFO - Would migrate: /Users/simongoldman/Documents/TransparentSF_from_git/transparentSF/ai/output/monthly/0/16.md
2025-09-11 12:55:01,481 - INFO - Would migrate: /Users/simongoldman/Documents/TransparentSF_from_git/transparentSF/ai/output/monthly/0/22.md
2025-09-11 12:55:01,481 - INFO - Would migrate: /Users/simongoldman/Documents/TransparentSF_from_git/transparentSF/ai/output/monthly/0/63.md
2025-09-11 12:55:01,481 - INFO - Would migrate: /Users/simongoldman/Documents/TransparentSF_from_git/transparentSF/ai/output/monthly/0/32.md
2025-09-11 12:55:01,481 - INFO - Would migrate: /Users/simongoldman/Documents/TransparentSF_from_git/transparentSF/ai/output/monthly/0/12.md
2025-09-11 12:55:01,481 - INFO - Would migrate: /Users/simongoldman/Documents/TransparentSF_from_git/transparentSF/ai/output/monthly/0/43.md
2025-09-11 12:55:01,481 - INFO - Would migrate: /Users/simongoldman/Documents/TransparentSF_from_git/transparentSF/ai/output/monthly/0/53.md
2025-09-11 12:55:01,481 - INFO - Would migrate: /Users/simongoldman/Documents/TransparentSF_from_git/transparentSF/ai/output/monthly/0/13.md
2025-09-11 12:55:01,481 - INFO - Would migrate: /Users/simongoldman/Documents/TransparentSF_from_git/transparentSF/ai/output/monthly/0/52.md
2025-09-11 12:55:01,481 - INFO - Would migrate: /Users/simongoldman/Documents/TransparentSF_from_git/transparentSF/ai/output/monthly/0/66.md
2025-09-11 12:55:01,481 - INFO - Would migrate: /Users/simongoldman/Documents/TransparentSF_from_git/transparentSF/ai/output/monthly/0/46.md
2025-09-11 12:55:01,481 - INFO - Would migrate: /Users/simongoldman/Documents/TransparentSF_from_git/transparentSF/ai/output/monthly/0/17.md
2025-09-11 12:55:01,481 - INFO - Would migrate: /Users/simongoldman/Documents/TransparentSF_from_git/transparentSF/ai/output/monthly/0/23.md
2025-09-11 12:55:01,481 - INFO - Would migrate: /Users/simongoldman/Documents/TransparentSF_from_git/transparentSF/ai/output/monthly/0/72.md
2025-09-11 12:55:01,481 - INFO - Would migrate: /Users/simongoldman/Documents/TransparentSF_from_git/transparentSF/ai/output/monthly/0/33.md
2025-09-11 12:55:01,481 - INFO - Would migrate: /Users/simongoldman/Documents/TransparentSF_from_git/transparentSF/ai/output/monthly/0/24.md
2025-09-11 12:55:01,481 - INFO - Would migrate: /Users/simongoldman/Documents/TransparentSF_from_git/transparentSF/ai/output/monthly/0/41.md
2025-09-11 12:55:01,481 - INFO - Would migrate: /Users/simongoldman/Documents/TransparentSF_from_git/transparentSF/ai/output/monthly/0/10.md
2025-09-11 12:55:01,481 - INFO - Would migrate: /Users/simongoldman/Documents/TransparentSF_from_git/transparentSF/ai/output/monthly/0/51.md
2025-09-11 12:55:01,481 - INFO - Would migrate: /Users/simongoldman/Documents/TransparentSF_from_git/transparentSF/ai/output/monthly/0/9.md
2025-09-11 12:55:01,481 - INFO - Would migrate: /Users/simongoldman/Documents/TransparentSF_from_git/transparentSF/ai/output/monthly/0/34.md
2025-09-11 12:55:01,481 - INFO - Would migrate: /Users/simongoldman/Documents/TransparentSF_from_git/transparentSF/ai/output/monthly/0/14.md
2025-09-11 12:55:01,481 - INFO - Would migrate: /Users/simongoldman/Documents/TransparentSF_from_git/transparentSF/ai/output/monthly/0/45.md
2025-09-11 12:55:01,481 - INFO - Would migrate: /Users/simongoldman/Documents/TransparentSF_from_git/transparentSF/ai/output/monthly/0/71.md
2025-09-11 12:55:01,481 - INFO - Would migrate: /Users/simongoldman/Documents/TransparentSF_from_git/transparentSF/ai/output/monthly/0/30.md
2025-09-11 12:55:01,481 - INFO - Would migrate: /Users/simongoldman/Documents/TransparentSF_from_git/transparentSF/ai/output/monthly/0/15.md
2025-09-11 12:55:01,481 - INFO - Would migrate: /Users/simongoldman/Documents/TransparentSF_from_git/transparentSF/ai/output/monthly/0/44.md
2025-09-11 12:55:01,481 - INFO - Would migrate: /Users/simongoldman/Documents/TransparentSF_from_git/transparentSF/ai/output/monthly/0/31.md
2025-09-11 12:55:01,481 - INFO - Would migrate: /Users/simongoldman/Documents/TransparentSF_from_git/transparentSF/ai/output/monthly/0/40.md
2025-09-11 12:55:01,481 - INFO - Would migrate: /Users/simongoldman/Documents/TransparentSF_from_git/transparentSF/ai/output/monthly/0/50.md
2025-09-11 12:55:01,481 - INFO - Would migrate: /Users/simongoldman/Documents/TransparentSF_from_git/transparentSF/ai/output/monthly/0/8.md
2025-09-11 12:55:01,481 - INFO - Would migrate: /Users/simongoldman/Documents/TransparentSF_from_git/transparentSF/ai/output/monthly/0/35.md
2025-09-11 12:55:01,481 - INFO - Would migrate: /Users/simongoldman/Documents/TransparentSF_from_git/transparentSF/ai/output/monthly/0/3.md
2025-09-11 12:55:01,482 - INFO - Would migrate: /Users/simongoldman/Documents/TransparentSF_from_git/transparentSF/ai/output/monthly/0/7.md
2025-09-11 12:55:01,482 - INFO - Would migrate: /Users/simongoldman/Documents/TransparentSF_from_git/transparentSF/ai/output/monthly/0/6.md
2025-09-11 12:55:01,482 - INFO - Would migrate: /Users/simongoldman/Documents/TransparentSF_from_git/transparentSF/ai/output/monthly/0/2.md
2025-09-11 12:55:01,482 - INFO - Would migrate: /Users/simongoldman/Documents/TransparentSF_from_git/transparentSF/ai/output/monthly/2.0/19.md
2025-09-11 12:55:01,482 - INFO - Would migrate: /Users/simongoldman/Documents/TransparentSF_from_git/transparentSF/ai/output/monthly/2.0/30.md
2025-09-11 12:55:01,482 - INFO - Would migrate: /Users/simongoldman/Documents/TransparentSF_from_git/transparentSF/ai/output/monthly/11/69.md
2025-09-11 12:55:01,482 - INFO - Would migrate: /Users/simongoldman/Documents/TransparentSF_from_git/transparentSF/ai/output/monthly/11/38.md
2025-09-11 12:55:01,482 - INFO - Would migrate: /Users/simongoldman/Documents/TransparentSF_from_git/transparentSF/ai/output/monthly/11/18.md
2025-09-11 12:55:01,482 - INFO - Would migrate: /Users/simongoldman/Documents/TransparentSF_from_git/transparentSF/ai/output/monthly/11/1.md
2025-09-11 12:55:01,482 - INFO - Would migrate: /Users/simongoldman/Documents/TransparentSF_from_git/transparentSF/ai/output/monthly/11/19.md
2025-09-11 12:55:01,482 - INFO - Would migrate: /Users/simongoldman/Documents/TransparentSF_from_git/transparentSF/ai/output/monthly/11/29.md
2025-09-11 12:55:01,482 - INFO - Would migrate: /Users/simongoldman/Documents/TransparentSF_from_git/transparentSF/ai/output/monthly/11/4.md
2025-09-11 12:55:01,482 - INFO - Would migrate: /Users/simongoldman/Documents/TransparentSF_from_git/transparentSF/ai/output/monthly/11/16.md
2025-09-11 12:55:01,482 - INFO - Would migrate: /Users/simongoldman/Documents/TransparentSF_from_git/transparentSF/ai/output/monthly/11/22.md
2025-09-11 12:55:01,482 - INFO - Would migrate: /Users/simongoldman/Documents/TransparentSF_from_git/transparentSF/ai/output/monthly/11/12.md
2025-09-11 12:55:01,482 - INFO - Would migrate: /Users/simongoldman/Documents/TransparentSF_from_git/transparentSF/ai/output/monthly/11/17.md
2025-09-11 12:55:01,482 - INFO - Would migrate: /Users/simongoldman/Documents/TransparentSF_from_git/transparentSF/ai/output/monthly/11/23.md
2025-09-11 12:55:01,482 - INFO - Would migrate: /Users/simongoldman/Documents/TransparentSF_from_git/transparentSF/ai/output/monthly/11/72.md
2025-09-11 12:55:01,482 - INFO - Would migrate: /Users/simongoldman/Documents/TransparentSF_from_git/transparentSF/ai/output/monthly/11/24.md
2025-09-11 12:55:01,482 - INFO - Would migrate: /Users/simongoldman/Documents/TransparentSF_from_git/transparentSF/ai/output/monthly/11/9.md
2025-09-11 12:55:01,482 - INFO - Would migrate: /Users/simongoldman/Documents/TransparentSF_from_git/transparentSF/ai/output/monthly/11/14.md
2025-09-11 12:55:01,482 - INFO - Would migrate: /Users/simongoldman/Documents/TransparentSF_from_git/transparentSF/ai/output/monthly/11/71.md
2025-09-11 12:55:01,482 - INFO - Would migrate: /Users/simongoldman/Documents/TransparentSF_from_git/transparentSF/ai/output/monthly/11/30.md
2025-09-11 12:55:01,482 - INFO - Would migrate: /Users/simongoldman/Documents/TransparentSF_from_git/transparentSF/ai/output/monthly/11/15.md
2025-09-11 12:55:01,482 - INFO - Would migrate: /Users/simongoldman/Documents/TransparentSF_from_git/transparentSF/ai/output/monthly/11/40.md
2025-09-11 12:55:01,482 - INFO - Would migrate: /Users/simongoldman/Documents/TransparentSF_from_git/transparentSF/ai/output/monthly/11/8.md
2025-09-11 12:55:01,482 - INFO - Would migrate: /Users/simongoldman/Documents/TransparentSF_from_git/transparentSF/ai/output/monthly/11/35.md
2025-09-11 12:55:01,482 - INFO - Would migrate: /Users/simongoldman/Documents/TransparentSF_from_git/transparentSF/ai/output/monthly/11/3.md
2025-09-11 12:55:01,482 - INFO - Would migrate: /Users/simongoldman/Documents/TransparentSF_from_git/transparentSF/ai/output/monthly/11/2.md
2025-09-11 12:55:01,482 - INFO - Would migrate: /Users/simongoldman/Documents/TransparentSF_from_git/transparentSF/ai/output/monthly/7/69.md
2025-09-11 12:55:01,482 - INFO - Would migrate: /Users/simongoldman/Documents/TransparentSF_from_git/transparentSF/ai/output/monthly/7/38.md
2025-09-11 12:55:01,482 - INFO - Would migrate: /Users/simongoldman/Documents/TransparentSF_from_git/transparentSF/ai/output/monthly/7/18.md
2025-09-11 12:55:01,482 - INFO - Would migrate: /Users/simongoldman/Documents/TransparentSF_from_git/transparentSF/ai/output/monthly/7/1.md
2025-09-11 12:55:01,482 - INFO - Would migrate: /Users/simongoldman/Documents/TransparentSF_from_git/transparentSF/ai/output/monthly/7/19.md
2025-09-11 12:55:01,482 - INFO - Would migrate: /Users/simongoldman/Documents/TransparentSF_from_git/transparentSF/ai/output/monthly/7/29.md
2025-09-11 12:55:01,482 - INFO - Would migrate: /Users/simongoldman/Documents/TransparentSF_from_git/transparentSF/ai/output/monthly/7/4.md
2025-09-11 12:55:01,482 - INFO - Would migrate: /Users/simongoldman/Documents/TransparentSF_from_git/transparentSF/ai/output/monthly/7/16.md
2025-09-11 12:55:01,482 - INFO - Would migrate: /Users/simongoldman/Documents/TransparentSF_from_git/transparentSF/ai/output/monthly/7/22.md
2025-09-11 12:55:01,482 - INFO - Would migrate: /Users/simongoldman/Documents/TransparentSF_from_git/transparentSF/ai/output/monthly/7/12.md
2025-09-11 12:55:01,482 - INFO - Would migrate: /Users/simongoldman/Documents/TransparentSF_from_git/transparentSF/ai/output/monthly/7/17.md
2025-09-11 12:55:01,482 - INFO - Would migrate: /Users/simongoldman/Documents/TransparentSF_from_git/transparentSF/ai/output/monthly/7/23.md
2025-09-11 12:55:01,482 - INFO - Would migrate: /Users/simongoldman/Documents/TransparentSF_from_git/transparentSF/ai/output/monthly/7/72.md
2025-09-11 12:55:01,482 - INFO - Would migrate: /Users/simongoldman/Documents/TransparentSF_from_git/transparentSF/ai/output/monthly/7/24.md
2025-09-11 12:55:01,482 - INFO - Would migrate: /Users/simongoldman/Documents/TransparentSF_from_git/transparentSF/ai/output/monthly/7/9.md
2025-09-11 12:55:01,482 - INFO - Would migrate: /Users/simongoldman/Documents/TransparentSF_from_git/transparentSF/ai/output/monthly/7/34.md
2025-09-11 12:55:01,483 - INFO - Would migrate: /Users/simongoldman/Documents/TransparentSF_from_git/transparentSF/ai/output/monthly/7/14.md
2025-09-11 12:55:01,483 - INFO - Would migrate: /Users/simongoldman/Documents/TransparentSF_from_git/transparentSF/ai/output/monthly/7/71.md
2025-09-11 12:55:01,483 - INFO - Would migrate: /Users/simongoldman/Documents/TransparentSF_from_git/transparentSF/ai/output/monthly/7/30.md
2025-09-11 12:55:01,483 - INFO - Would migrate: /Users/simongoldman/Documents/TransparentSF_from_git/transparentSF/ai/output/monthly/7/15.md
2025-09-11 12:55:01,483 - INFO - Would migrate: /Users/simongoldman/Documents/TransparentSF_from_git/transparentSF/ai/output/monthly/7/40.md
2025-09-11 12:55:01,483 - INFO - Would migrate: /Users/simongoldman/Documents/TransparentSF_from_git/transparentSF/ai/output/monthly/7/8.md
2025-09-11 12:55:01,483 - INFO - Would migrate: /Users/simongoldman/Documents/TransparentSF_from_git/transparentSF/ai/output/monthly/7/35.md
2025-09-11 12:55:01,483 - INFO - Would migrate: /Users/simongoldman/Documents/TransparentSF_from_git/transparentSF/ai/output/monthly/7/3.md
2025-09-11 12:55:01,483 - INFO - Would migrate: /Users/simongoldman/Documents/TransparentSF_from_git/transparentSF/ai/output/monthly/7/2.md
2025-09-11 12:55:01,483 - INFO - Would migrate: /Users/simongoldman/Documents/TransparentSF_from_git/transparentSF/ai/output/monthly/6/69.md
2025-09-11 12:55:01,559 - INFO - Would migrate: /Users/simongoldman/Documents/TransparentSF_from_git/transparentSF/ai/output/monthly/6/38.md
2025-09-11 12:55:01,559 - INFO - Would migrate: /Users/simongoldman/Documents/TransparentSF_from_git/transparentSF/ai/output/monthly/6/18.md
2025-09-11 12:55:01,559 - INFO - Would migrate: /Users/simongoldman/Documents/TransparentSF_from_git/transparentSF/ai/output/monthly/6/1.md
2025-09-11 12:55:01,559 - INFO - Would migrate: /Users/simongoldman/Documents/TransparentSF_from_git/transparentSF/ai/output/monthly/6/19.md
2025-09-11 12:55:01,559 - INFO - Would migrate: /Users/simongoldman/Documents/TransparentSF_from_git/transparentSF/ai/output/monthly/6/29.md
2025-09-11 12:55:01,559 - INFO - Would migrate: /Users/simongoldman/Documents/TransparentSF_from_git/transparentSF/ai/output/monthly/6/4.md
2025-09-11 12:55:01,559 - INFO - Would migrate: /Users/simongoldman/Documents/TransparentSF_from_git/transparentSF/ai/output/monthly/6/16.md
2025-09-11 12:55:01,559 - INFO - Would migrate: /Users/simongoldman/Documents/TransparentSF_from_git/transparentSF/ai/output/monthly/6/22.md
2025-09-11 12:55:01,559 - INFO - Would migrate: /Users/simongoldman/Documents/TransparentSF_from_git/transparentSF/ai/output/monthly/6/12.md
2025-09-11 12:55:01,560 - INFO - Would migrate: /Users/simongoldman/Documents/TransparentSF_from_git/transparentSF/ai/output/monthly/6/43.md
2025-09-11 12:55:01,560 - INFO - Would migrate: /Users/simongoldman/Documents/TransparentSF_from_git/transparentSF/ai/output/monthly/6/17.md
2025-09-11 12:55:01,560 - INFO - Would migrate: /Users/simongoldman/Documents/TransparentSF_from_git/transparentSF/ai/output/monthly/6/23.md
2025-09-11 12:55:01,560 - INFO - Would migrate: /Users/simongoldman/Documents/TransparentSF_from_git/transparentSF/ai/output/monthly/6/72.md
2025-09-11 12:55:01,560 - INFO - Would migrate: /Users/simongoldman/Documents/TransparentSF_from_git/transparentSF/ai/output/monthly/6/24.md
2025-09-11 12:55:01,560 - INFO - Would migrate: /Users/simongoldman/Documents/TransparentSF_from_git/transparentSF/ai/output/monthly/6/41.md
2025-09-11 12:55:01,560 - INFO - Would migrate: /Users/simongoldman/Documents/TransparentSF_from_git/transparentSF/ai/output/monthly/6/9.md
2025-09-11 12:55:01,560 - INFO - Would migrate: /Users/simongoldman/Documents/TransparentSF_from_git/transparentSF/ai/output/monthly/6/34.md
2025-09-11 12:55:01,560 - INFO - Would migrate: /Users/simongoldman/Documents/TransparentSF_from_git/transparentSF/ai/output/monthly/6/14.md
2025-09-11 12:55:01,560 - INFO - Would migrate: /Users/simongoldman/Documents/TransparentSF_from_git/transparentSF/ai/output/monthly/6/71.md
2025-09-11 12:55:01,560 - INFO - Would migrate: /Users/simongoldman/Documents/TransparentSF_from_git/transparentSF/ai/output/monthly/6/30.md
2025-09-11 12:55:01,560 - INFO - Would migrate: /Users/simongoldman/Documents/TransparentSF_from_git/transparentSF/ai/output/monthly/6/15.md
2025-09-11 12:55:01,560 - INFO - Would migrate: /Users/simongoldman/Documents/TransparentSF_from_git/transparentSF/ai/output/monthly/6/40.md
2025-09-11 12:55:01,560 - INFO - Would migrate: /Users/simongoldman/Documents/TransparentSF_from_git/transparentSF/ai/output/monthly/6/8.md
2025-09-11 12:55:01,560 - INFO - Would migrate: /Users/simongoldman/Documents/TransparentSF_from_git/transparentSF/ai/output/monthly/6/35.md
2025-09-11 12:55:01,560 - INFO - Would migrate: /Users/simongoldman/Documents/TransparentSF_from_git/transparentSF/ai/output/monthly/6/3.md
2025-09-11 12:55:01,560 - INFO - Would migrate: /Users/simongoldman/Documents/TransparentSF_from_git/transparentSF/ai/output/monthly/6/2.md
2025-09-11 12:55:01,560 - INFO - Would migrate: /Users/simongoldman/Documents/TransparentSF_from_git/transparentSF/ai/output/monthly/1/69.md
2025-09-11 12:55:01,560 - INFO - Would migrate: /Users/simongoldman/Documents/TransparentSF_from_git/transparentSF/ai/output/monthly/1/38.md
2025-09-11 12:55:01,560 - INFO - Would migrate: /Users/simongoldman/Documents/TransparentSF_from_git/transparentSF/ai/output/monthly/1/18.md
2025-09-11 12:55:01,560 - INFO - Would migrate: /Users/simongoldman/Documents/TransparentSF_from_git/transparentSF/ai/output/monthly/1/1.md
2025-09-11 12:55:01,560 - INFO - Would migrate: /Users/simongoldman/Documents/TransparentSF_from_git/transparentSF/ai/output/monthly/1/19.md
2025-09-11 12:55:01,560 - INFO - Would migrate: /Users/simongoldman/Documents/TransparentSF_from_git/transparentSF/ai/output/monthly/1/29.md
2025-09-11 12:55:01,560 - INFO - Would migrate: /Users/simongoldman/Documents/TransparentSF_from_git/transparentSF/ai/output/monthly/1/4.md
2025-09-11 12:55:01,560 - INFO - Would migrate: /Users/simongoldman/Documents/TransparentSF_from_git/transparentSF/ai/output/monthly/1/16.md
2025-09-11 12:55:01,560 - INFO - Would migrate: /Users/simongoldman/Documents/TransparentSF_from_git/transparentSF/ai/output/monthly/1/22.md
2025-09-11 12:55:01,560 - INFO - Would migrate: /Users/simongoldman/Documents/TransparentSF_from_git/transparentSF/ai/output/monthly/1/12.md
2025-09-11 12:55:01,560 - INFO - Would migrate: /Users/simongoldman/Documents/TransparentSF_from_git/transparentSF/ai/output/monthly/1/17.md
2025-09-11 12:55:01,560 - INFO - Would migrate: /Users/simongoldman/Documents/TransparentSF_from_git/transparentSF/ai/output/monthly/1/23.md
2025-09-11 12:55:01,560 - INFO - Would migrate: /Users/simongoldman/Documents/TransparentSF_from_git/transparentSF/ai/output/monthly/1/72.md
2025-09-11 12:55:01,560 - INFO - Would migrate: /Users/simongoldman/Documents/TransparentSF_from_git/transparentSF/ai/output/monthly/1/24.md
2025-09-11 12:55:01,560 - INFO - Would migrate: /Users/simongoldman/Documents/TransparentSF_from_git/transparentSF/ai/output/monthly/1/9.md
2025-09-11 12:55:01,560 - INFO - Would migrate: /Users/simongoldman/Documents/TransparentSF_from_git/transparentSF/ai/output/monthly/1/34.md
2025-09-11 12:55:01,560 - INFO - Would migrate: /Users/simongoldman/Documents/TransparentSF_from_git/transparentSF/ai/output/monthly/1/14.md
2025-09-11 12:55:01,560 - INFO - Would migrate: /Users/simongoldman/Documents/TransparentSF_from_git/transparentSF/ai/output/monthly/1/71.md
2025-09-11 12:55:01,560 - INFO - Would migrate: /Users/simongoldman/Documents/TransparentSF_from_git/transparentSF/ai/output/monthly/1/30.md
2025-09-11 12:55:01,560 - INFO - Would migrate: /Users/simongoldman/Documents/TransparentSF_from_git/transparentSF/ai/output/monthly/1/15.md
2025-09-11 12:55:01,560 - INFO - Would migrate: /Users/simongoldman/Documents/TransparentSF_from_git/transparentSF/ai/output/monthly/1/40.md
2025-09-11 12:55:01,560 - INFO - Would migrate: /Users/simongoldman/Documents/TransparentSF_from_git/transparentSF/ai/output/monthly/1/8.md
2025-09-11 12:55:01,560 - INFO - Would migrate: /Users/simongoldman/Documents/TransparentSF_from_git/transparentSF/ai/output/monthly/1/35.md
2025-09-11 12:55:01,560 - INFO - Would migrate: /Users/simongoldman/Documents/TransparentSF_from_git/transparentSF/ai/output/monthly/1/3.md
2025-09-11 12:55:01,560 - INFO - Would migrate: /Users/simongoldman/Documents/TransparentSF_from_git/transparentSF/ai/output/monthly/1/2.md
2025-09-11 12:55:01,560 - INFO - Would migrate: /Users/simongoldman/Documents/TransparentSF_from_git/transparentSF/ai/output/monthly/10.00000/19.md
2025-09-11 12:55:01,560 - INFO - Would migrate: /Users/simongoldman/Documents/TransparentSF_from_git/transparentSF/ai/output/monthly/10.00000/30.md
2025-09-11 12:55:01,560 - INFO - Would migrate: /Users/simongoldman/Documents/TransparentSF_from_git/transparentSF/ai/output/monthly/10/69.md
2025-09-11 12:55:01,560 - INFO - Would migrate: /Users/simongoldman/Documents/TransparentSF_from_git/transparentSF/ai/output/monthly/10/38.md
2025-09-11 12:55:01,560 - INFO - Would migrate: /Users/simongoldman/Documents/TransparentSF_from_git/transparentSF/ai/output/monthly/10/18.md
2025-09-11 12:55:01,560 - INFO - Would migrate: /Users/simongoldman/Documents/TransparentSF_from_git/transparentSF/ai/output/monthly/10/1.md
2025-09-11 12:55:01,560 - INFO - Would migrate: /Users/simongoldman/Documents/TransparentSF_from_git/transparentSF/ai/output/monthly/10/19.md
2025-09-11 12:55:01,560 - INFO - Would migrate: /Users/simongoldman/Documents/TransparentSF_from_git/transparentSF/ai/output/monthly/10/29.md
2025-09-11 12:55:01,560 - INFO - Would migrate: /Users/simongoldman/Documents/TransparentSF_from_git/transparentSF/ai/output/monthly/10/4.md
2025-09-11 12:55:01,560 - INFO - Would migrate: /Users/simongoldman/Documents/TransparentSF_from_git/transparentSF/ai/output/monthly/10/16.md
2025-09-11 12:55:01,561 - INFO - Would migrate: /Users/simongoldman/Documents/TransparentSF_from_git/transparentSF/ai/output/monthly/10/22.md
2025-09-11 12:55:01,561 - INFO - Would migrate: /Users/simongoldman/Documents/TransparentSF_from_git/transparentSF/ai/output/monthly/10/12.md
2025-09-11 12:55:01,561 - INFO - Would migrate: /Users/simongoldman/Documents/TransparentSF_from_git/transparentSF/ai/output/monthly/10/17.md
2025-09-11 12:55:01,561 - INFO - Would migrate: /Users/simongoldman/Documents/TransparentSF_from_git/transparentSF/ai/output/monthly/10/23.md
2025-09-11 12:55:01,561 - INFO - Would migrate: /Users/simongoldman/Documents/TransparentSF_from_git/transparentSF/ai/output/monthly/10/72.md
2025-09-11 12:55:01,561 - INFO - Would migrate: /Users/simongoldman/Documents/TransparentSF_from_git/transparentSF/ai/output/monthly/10/24.md
2025-09-11 12:55:01,561 - INFO - Would migrate: /Users/simongoldman/Documents/TransparentSF_from_git/transparentSF/ai/output/monthly/10/9.md
2025-09-11 12:55:01,561 - INFO - Would migrate: /Users/simongoldman/Documents/TransparentSF_from_git/transparentSF/ai/output/monthly/10/14.md
2025-09-11 12:55:01,561 - INFO - Would migrate: /Users/simongoldman/Documents/TransparentSF_from_git/transparentSF/ai/output/monthly/10/71.md
2025-09-11 12:55:01,561 - INFO - Would migrate: /Users/simongoldman/Documents/TransparentSF_from_git/transparentSF/ai/output/monthly/10/30.md
2025-09-11 12:55:01,561 - INFO - Would migrate: /Users/simongoldman/Documents/TransparentSF_from_git/transparentSF/ai/output/monthly/10/15.md
2025-09-11 12:55:01,561 - INFO - Would migrate: /Users/simongoldman/Documents/TransparentSF_from_git/transparentSF/ai/output/monthly/10/40.md
2025-09-11 12:55:01,561 - INFO - Would migrate: /Users/simongoldman/Documents/TransparentSF_from_git/transparentSF/ai/output/monthly/10/8.md
2025-09-11 12:55:01,561 - INFO - Would migrate: /Users/simongoldman/Documents/TransparentSF_from_git/transparentSF/ai/output/monthly/10/35.md
2025-09-11 12:55:01,561 - INFO - Would migrate: /Users/simongoldman/Documents/TransparentSF_from_git/transparentSF/ai/output/monthly/10/3.md
2025-09-11 12:55:01,561 - INFO - Would migrate: /Users/simongoldman/Documents/TransparentSF_from_git/transparentSF/ai/output/monthly/10/2.md
2025-09-11 12:55:01,561 - INFO - Would migrate: /Users/simongoldman/Documents/TransparentSF_from_git/transparentSF/ai/output/monthly/8/69.md
2025-09-11 12:55:01,561 - INFO - Would migrate: /Users/simongoldman/Documents/TransparentSF_from_git/transparentSF/ai/output/monthly/8/38.md
2025-09-11 12:55:01,561 - INFO - Would migrate: /Users/simongoldman/Documents/TransparentSF_from_git/transparentSF/ai/output/monthly/8/18.md
2025-09-11 12:55:01,561 - INFO - Would migrate: /Users/simongoldman/Documents/TransparentSF_from_git/transparentSF/ai/output/monthly/8/1.md
2025-09-11 12:55:01,561 - INFO - Would migrate: /Users/simongoldman/Documents/TransparentSF_from_git/transparentSF/ai/output/monthly/8/19.md
2025-09-11 12:55:01,561 - INFO - Would migrate: /Users/simongoldman/Documents/TransparentSF_from_git/transparentSF/ai/output/monthly/8/29.md
2025-09-11 12:55:01,561 - INFO - Would migrate: /Users/simongoldman/Documents/TransparentSF_from_git/transparentSF/ai/output/monthly/8/4.md
2025-09-11 12:55:01,561 - INFO - Would migrate: /Users/simongoldman/Documents/TransparentSF_from_git/transparentSF/ai/output/monthly/8/16.md
2025-09-11 12:55:01,561 - INFO - Would migrate: /Users/simongoldman/Documents/TransparentSF_from_git/transparentSF/ai/output/monthly/8/22.md
2025-09-11 12:55:01,561 - INFO - Would migrate: /Users/simongoldman/Documents/TransparentSF_from_git/transparentSF/ai/output/monthly/8/12.md
2025-09-11 12:55:01,561 - INFO - Would migrate: /Users/simongoldman/Documents/TransparentSF_from_git/transparentSF/ai/output/monthly/8/43.md
2025-09-11 12:55:01,561 - INFO - Would migrate: /Users/simongoldman/Documents/TransparentSF_from_git/transparentSF/ai/output/monthly/8/17.md
2025-09-11 12:55:01,561 - INFO - Would migrate: /Users/simongoldman/Documents/TransparentSF_from_git/transparentSF/ai/output/monthly/8/23.md
2025-09-11 12:55:01,561 - INFO - Would migrate: /Users/simongoldman/Documents/TransparentSF_from_git/transparentSF/ai/output/monthly/8/72.md
2025-09-11 12:55:01,561 - INFO - Would migrate: /Users/simongoldman/Documents/TransparentSF_from_git/transparentSF/ai/output/monthly/8/24.md
2025-09-11 12:55:01,561 - INFO - Would migrate: /Users/simongoldman/Documents/TransparentSF_from_git/transparentSF/ai/output/monthly/8/41.md
2025-09-11 12:55:01,561 - INFO - Would migrate: /Users/simongoldman/Documents/TransparentSF_from_git/transparentSF/ai/output/monthly/8/9.md
2025-09-11 12:55:01,561 - INFO - Would migrate: /Users/simongoldman/Documents/TransparentSF_from_git/transparentSF/ai/output/monthly/8/34.md
2025-09-11 12:55:01,561 - INFO - Would migrate: /Users/simongoldman/Documents/TransparentSF_from_git/transparentSF/ai/output/monthly/8/14.md
2025-09-11 12:55:01,561 - INFO - Would migrate: /Users/simongoldman/Documents/TransparentSF_from_git/transparentSF/ai/output/monthly/8/71.md
2025-09-11 12:55:01,561 - INFO - Would migrate: /Users/simongoldman/Documents/TransparentSF_from_git/transparentSF/ai/output/monthly/8/30.md
2025-09-11 12:55:01,561 - INFO - Would migrate: /Users/simongoldman/Documents/TransparentSF_from_git/transparentSF/ai/output/monthly/8/15.md
2025-09-11 12:55:01,561 - INFO - Would migrate: /Users/simongoldman/Documents/TransparentSF_from_git/transparentSF/ai/output/monthly/8/40.md
2025-09-11 12:55:01,561 - INFO - Would migrate: /Users/simongoldman/Documents/TransparentSF_from_git/transparentSF/ai/output/monthly/8/8.md
2025-09-11 12:55:01,561 - INFO - Would migrate: /Users/simongoldman/Documents/TransparentSF_from_git/transparentSF/ai/output/monthly/8/35.md
2025-09-11 12:55:01,561 - INFO - Would migrate: /Users/simongoldman/Documents/TransparentSF_from_git/transparentSF/ai/output/monthly/8/3.md
2025-09-11 12:55:01,561 - INFO - Would migrate: /Users/simongoldman/Documents/TransparentSF_from_git/transparentSF/ai/output/monthly/8/2.md
2025-09-11 12:55:01,561 - INFO - Would migrate: /Users/simongoldman/Documents/TransparentSF_from_git/transparentSF/ai/output/monthly/6.0/19.md
2025-09-11 12:55:01,561 - INFO - Would migrate: /Users/simongoldman/Documents/TransparentSF_from_git/transparentSF/ai/output/monthly/6.0/30.md
2025-09-11 12:55:01,561 - INFO - Would migrate: /Users/simongoldman/Documents/TransparentSF_from_git/transparentSF/ai/output/monthly/2.00000/19.md
2025-09-11 12:55:01,561 - INFO - Would migrate: /Users/simongoldman/Documents/TransparentSF_from_git/transparentSF/ai/output/monthly/2.00000/30.md
2025-09-11 12:55:01,561 - INFO - Would migrate: /Users/simongoldman/Documents/TransparentSF_from_git/transparentSF/ai/output/monthly/0.00000/19.md
2025-09-11 12:55:01,561 - INFO - Would migrate: /Users/simongoldman/Documents/TransparentSF_from_git/transparentSF/ai/output/monthly/0.00000/30.md
2025-09-11 12:55:01,561 - INFO - Would migrate: /Users/simongoldman/Documents/TransparentSF_from_git/transparentSF/ai/output/monthly/3.0/19.md
2025-09-11 12:55:01,561 - INFO - Would migrate: /Users/simongoldman/Documents/TransparentSF_from_git/transparentSF/ai/output/monthly/3.0/30.md
2025-09-11 12:55:01,561 - INFO - Would migrate: /Users/simongoldman/Documents/TransparentSF_from_git/transparentSF/ai/output/monthly/9.0/19.md
2025-09-11 12:55:01,561 - INFO - Would migrate: /Users/simongoldman/Documents/TransparentSF_from_git/transparentSF/ai/output/monthly/9.0/30.md
2025-09-11 12:55:01,562 - INFO - Would migrate: /Users/simongoldman/Documents/TransparentSF_from_git/transparentSF/ai/output/monthly/4.00000/19.md
2025-09-11 12:55:01,562 - INFO - Would migrate: /Users/simongoldman/Documents/TransparentSF_from_git/transparentSF/ai/output/monthly/4.00000/30.md
2025-09-11 12:55:01,562 - INFO - Would migrate: /Users/simongoldman/Documents/TransparentSF_from_git/transparentSF/ai/output/monthly/6.00000/19.md
2025-09-11 12:55:01,562 - INFO - Would migrate: /Users/simongoldman/Documents/TransparentSF_from_git/transparentSF/ai/output/monthly/6.00000/30.md
2025-09-11 12:55:01,562 - INFO - Would migrate: /Users/simongoldman/Documents/TransparentSF_from_git/transparentSF/ai/output/monthly/7.0/19.md
2025-09-11 12:55:01,562 - INFO - Would migrate: /Users/simongoldman/Documents/TransparentSF_from_git/transparentSF/ai/output/monthly/7.0/30.md
2025-09-11 12:55:01,562 - INFO - Would migrate: /Users/simongoldman/Documents/TransparentSF_from_git/transparentSF/ai/output/monthly/1.00000/19.md
2025-09-11 12:55:01,562 - INFO - Would migrate: /Users/simongoldman/Documents/TransparentSF_from_git/transparentSF/ai/output/monthly/1.00000/30.md
2025-09-11 12:55:01,562 - INFO - Would migrate: /Users/simongoldman/Documents/TransparentSF_from_git/transparentSF/ai/output/monthly/3.00000/19.md
2025-09-11 12:55:01,562 - INFO - Would migrate: /Users/simongoldman/Documents/TransparentSF_from_git/transparentSF/ai/output/monthly/3.00000/30.md
2025-09-11 12:55:01,562 - INFO - Would migrate: /Users/simongoldman/Documents/TransparentSF_from_git/transparentSF/ai/output/monthly/7.00000/19.md
2025-09-11 12:55:01,562 - INFO - Would migrate: /Users/simongoldman/Documents/TransparentSF_from_git/transparentSF/ai/output/monthly/7.00000/30.md
2025-09-11 12:55:01,562 - INFO - Would migrate: /Users/simongoldman/Documents/TransparentSF_from_git/transparentSF/ai/output/monthly/0.0/19.md
2025-09-11 12:55:01,562 - INFO - Would migrate: /Users/simongoldman/Documents/TransparentSF_from_git/transparentSF/ai/output/monthly/0.0/30.md
2025-09-11 12:55:01,562 - INFO - Would migrate: /Users/simongoldman/Documents/TransparentSF_from_git/transparentSF/ai/output/monthly/4/69.md
2025-09-11 12:55:01,562 - INFO - Would migrate: /Users/simongoldman/Documents/TransparentSF_from_git/transparentSF/ai/output/monthly/4/38.md
2025-09-11 12:55:01,562 - INFO - Would migrate: /Users/simongoldman/Documents/TransparentSF_from_git/transparentSF/ai/output/monthly/4/18.md
2025-09-11 12:55:01,562 - INFO - Would migrate: /Users/simongoldman/Documents/TransparentSF_from_git/transparentSF/ai/output/monthly/4/1.md
2025-09-11 12:55:01,562 - INFO - Would migrate: /Users/simongoldman/Documents/TransparentSF_from_git/transparentSF/ai/output/monthly/4/19.md
2025-09-11 12:55:01,562 - INFO - Would migrate: /Users/simongoldman/Documents/TransparentSF_from_git/transparentSF/ai/output/monthly/4/29.md
2025-09-11 12:55:01,562 - INFO - Would migrate: /Users/simongoldman/Documents/TransparentSF_from_git/transparentSF/ai/output/monthly/4/4.md
2025-09-11 12:55:01,562 - INFO - Would migrate: /Users/simongoldman/Documents/TransparentSF_from_git/transparentSF/ai/output/monthly/4/16.md
2025-09-11 12:55:01,562 - INFO - Would migrate: /Users/simongoldman/Documents/TransparentSF_from_git/transparentSF/ai/output/monthly/4/22.md
2025-09-11 12:55:01,562 - INFO - Would migrate: /Users/simongoldman/Documents/TransparentSF_from_git/transparentSF/ai/output/monthly/4/12.md
2025-09-11 12:55:01,562 - INFO - Would migrate: /Users/simongoldman/Documents/TransparentSF_from_git/transparentSF/ai/output/monthly/4/17.md
2025-09-11 12:55:01,562 - INFO - Would migrate: /Users/simongoldman/Documents/TransparentSF_from_git/transparentSF/ai/output/monthly/4/23.md
2025-09-11 12:55:01,562 - INFO - Would migrate: /Users/simongoldman/Documents/TransparentSF_from_git/transparentSF/ai/output/monthly/4/72.md
2025-09-11 12:55:01,562 - INFO - Would migrate: /Users/simongoldman/Documents/TransparentSF_from_git/transparentSF/ai/output/monthly/4/24.md
2025-09-11 12:55:01,562 - INFO - Would migrate: /Users/simongoldman/Documents/TransparentSF_from_git/transparentSF/ai/output/monthly/4/9.md
2025-09-11 12:55:01,562 - INFO - Would migrate: /Users/simongoldman/Documents/TransparentSF_from_git/transparentSF/ai/output/monthly/4/14.md
2025-09-11 12:55:01,562 - INFO - Would migrate: /Users/simongoldman/Documents/TransparentSF_from_git/transparentSF/ai/output/monthly/4/71.md
2025-09-11 12:55:01,562 - INFO - Would migrate: /Users/simongoldman/Documents/TransparentSF_from_git/transparentSF/ai/output/monthly/4/30.md
2025-09-11 12:55:01,562 - INFO - Would migrate: /Users/simongoldman/Documents/TransparentSF_from_git/transparentSF/ai/output/monthly/4/15.md
2025-09-11 12:55:01,562 - INFO - Would migrate: /Users/simongoldman/Documents/TransparentSF_from_git/transparentSF/ai/output/monthly/4/40.md
2025-09-11 12:55:01,562 - INFO - Would migrate: /Users/simongoldman/Documents/TransparentSF_from_git/transparentSF/ai/output/monthly/4/8.md
2025-09-11 12:55:01,562 - INFO - Would migrate: /Users/simongoldman/Documents/TransparentSF_from_git/transparentSF/ai/output/monthly/4/35.md
2025-09-11 12:55:01,562 - INFO - Would migrate: /Users/simongoldman/Documents/TransparentSF_from_git/transparentSF/ai/output/monthly/4/3.md
2025-09-11 12:55:01,562 - INFO - Would migrate: /Users/simongoldman/Documents/TransparentSF_from_git/transparentSF/ai/output/monthly/4/2.md
2025-09-11 12:55:01,562 - INFO - Would migrate: /Users/simongoldman/Documents/TransparentSF_from_git/transparentSF/ai/output/monthly/3/69.md
2025-09-11 12:55:01,562 - INFO - Would migrate: /Users/simongoldman/Documents/TransparentSF_from_git/transparentSF/ai/output/monthly/3/38.md
2025-09-11 12:55:01,562 - INFO - Would migrate: /Users/simongoldman/Documents/TransparentSF_from_git/transparentSF/ai/output/monthly/3/18.md
2025-09-11 12:55:01,562 - INFO - Would migrate: /Users/simongoldman/Documents/TransparentSF_from_git/transparentSF/ai/output/monthly/3/1.md
2025-09-11 12:55:01,562 - INFO - Would migrate: /Users/simongoldman/Documents/TransparentSF_from_git/transparentSF/ai/output/monthly/3/19.md
2025-09-11 12:55:01,562 - INFO - Would migrate: /Users/simongoldman/Documents/TransparentSF_from_git/transparentSF/ai/output/monthly/3/29.md
2025-09-11 12:55:01,562 - INFO - Would migrate: /Users/simongoldman/Documents/TransparentSF_from_git/transparentSF/ai/output/monthly/3/4.md
2025-09-11 12:55:01,562 - INFO - Would migrate: /Users/simongoldman/Documents/TransparentSF_from_git/transparentSF/ai/output/monthly/3/16.md
2025-09-11 12:55:01,562 - INFO - Would migrate: /Users/simongoldman/Documents/TransparentSF_from_git/transparentSF/ai/output/monthly/3/22.md
2025-09-11 12:55:01,562 - INFO - Would migrate: /Users/simongoldman/Documents/TransparentSF_from_git/transparentSF/ai/output/monthly/3/12.md
2025-09-11 12:55:01,562 - INFO - Would migrate: /Users/simongoldman/Documents/TransparentSF_from_git/transparentSF/ai/output/monthly/3/46.md
2025-09-11 12:55:01,562 - INFO - Would migrate: /Users/simongoldman/Documents/TransparentSF_from_git/transparentSF/ai/output/monthly/3/17.md
2025-09-11 12:55:01,562 - INFO - Would migrate: /Users/simongoldman/Documents/TransparentSF_from_git/transparentSF/ai/output/monthly/3/23.md
2025-09-11 12:55:01,562 - INFO - Would migrate: /Users/simongoldman/Documents/TransparentSF_from_git/transparentSF/ai/output/monthly/3/72.md
2025-09-11 12:55:01,562 - INFO - Would migrate: /Users/simongoldman/Documents/TransparentSF_from_git/transparentSF/ai/output/monthly/3/24.md
2025-09-11 12:55:01,562 - INFO - Would migrate: /Users/simongoldman/Documents/TransparentSF_from_git/transparentSF/ai/output/monthly/3/9.md
2025-09-11 12:55:01,562 - INFO - Would migrate: /Users/simongoldman/Documents/TransparentSF_from_git/transparentSF/ai/output/monthly/3/34.md
2025-09-11 12:55:01,563 - INFO - Would migrate: /Users/simongoldman/Documents/TransparentSF_from_git/transparentSF/ai/output/monthly/3/14.md
2025-09-11 12:55:01,563 - INFO - Would migrate: /Users/simongoldman/Documents/TransparentSF_from_git/transparentSF/ai/output/monthly/3/71.md
2025-09-11 12:55:01,563 - INFO - Would migrate: /Users/simongoldman/Documents/TransparentSF_from_git/transparentSF/ai/output/monthly/3/30.md
2025-09-11 12:55:01,563 - INFO - Would migrate: /Users/simongoldman/Documents/TransparentSF_from_git/transparentSF/ai/output/monthly/3/15.md
2025-09-11 12:55:01,563 - INFO - Would migrate: /Users/simongoldman/Documents/TransparentSF_from_git/transparentSF/ai/output/monthly/3/40.md
2025-09-11 12:55:01,563 - INFO - Would migrate: /Users/simongoldman/Documents/TransparentSF_from_git/transparentSF/ai/output/monthly/3/8.md
2025-09-11 12:55:01,563 - INFO - Would migrate: /Users/simongoldman/Documents/TransparentSF_from_git/transparentSF/ai/output/monthly/3/35.md
2025-09-11 12:55:01,563 - INFO - Would migrate: /Users/simongoldman/Documents/TransparentSF_from_git/transparentSF/ai/output/monthly/3/3.md
2025-09-11 12:55:01,563 - INFO - Would migrate: /Users/simongoldman/Documents/TransparentSF_from_git/transparentSF/ai/output/monthly/3/2.md
2025-09-11 12:55:01,563 - INFO - Would migrate: /Users/simongoldman/Documents/TransparentSF_from_git/transparentSF/ai/output/monthly/11.0/19.md
2025-09-11 12:55:01,563 - INFO - Would migrate: /Users/simongoldman/Documents/TransparentSF_from_git/transparentSF/ai/output/monthly/11.0/30.md
2025-09-11 12:55:01,563 - INFO - Would migrate: /Users/simongoldman/Documents/TransparentSF_from_git/transparentSF/ai/output/monthly/4.0/19.md
2025-09-11 12:55:01,563 - INFO - Would migrate: /Users/simongoldman/Documents/TransparentSF_from_git/transparentSF/ai/output/monthly/4.0/30.md
2025-09-11 12:55:01,563 - INFO - Would migrate: /Users/simongoldman/Documents/TransparentSF_from_git/transparentSF/ai/output/monthly/2/69.md
2025-09-11 12:55:01,563 - INFO - Would migrate: /Users/simongoldman/Documents/TransparentSF_from_git/transparentSF/ai/output/monthly/2/38.md
2025-09-11 12:55:01,563 - INFO - Would migrate: /Users/simongoldman/Documents/TransparentSF_from_git/transparentSF/ai/output/monthly/2/18.md
2025-09-11 12:55:01,563 - INFO - Would migrate: /Users/simongoldman/Documents/TransparentSF_from_git/transparentSF/ai/output/monthly/2/1.md
2025-09-11 12:55:01,563 - INFO - Would migrate: /Users/simongoldman/Documents/TransparentSF_from_git/transparentSF/ai/output/monthly/2/19.md
2025-09-11 12:55:01,563 - INFO - Would migrate: /Users/simongoldman/Documents/TransparentSF_from_git/transparentSF/ai/output/monthly/2/4.md
2025-09-11 12:55:01,563 - INFO - Would migrate: /Users/simongoldman/Documents/TransparentSF_from_git/transparentSF/ai/output/monthly/2/16.md
2025-09-11 12:55:01,563 - INFO - Would migrate: /Users/simongoldman/Documents/TransparentSF_from_git/transparentSF/ai/output/monthly/2/22.md
2025-09-11 12:55:01,563 - INFO - Would migrate: /Users/simongoldman/Documents/TransparentSF_from_git/transparentSF/ai/output/monthly/2/12.md
2025-09-11 12:55:01,563 - INFO - Would migrate: /Users/simongoldman/Documents/TransparentSF_from_git/transparentSF/ai/output/monthly/2/17.md
2025-09-11 12:55:01,563 - INFO - Would migrate: /Users/simongoldman/Documents/TransparentSF_from_git/transparentSF/ai/output/monthly/2/23.md
2025-09-11 12:55:01,563 - INFO - Would migrate: /Users/simongoldman/Documents/TransparentSF_from_git/transparentSF/ai/output/monthly/2/72.md
2025-09-11 12:55:01,563 - INFO - Would migrate: /Users/simongoldman/Documents/TransparentSF_from_git/transparentSF/ai/output/monthly/2/24.md
2025-09-11 12:55:01,563 - INFO - Would migrate: /Users/simongoldman/Documents/TransparentSF_from_git/transparentSF/ai/output/monthly/2/9.md
2025-09-11 12:55:01,563 - INFO - Would migrate: /Users/simongoldman/Documents/TransparentSF_from_git/transparentSF/ai/output/monthly/2/34.md
2025-09-11 12:55:01,563 - INFO - Would migrate: /Users/simongoldman/Documents/TransparentSF_from_git/transparentSF/ai/output/monthly/2/14.md
2025-09-11 12:55:01,563 - INFO - Would migrate: /Users/simongoldman/Documents/TransparentSF_from_git/transparentSF/ai/output/monthly/2/71.md
2025-09-11 12:55:01,563 - INFO - Would migrate: /Users/simongoldman/Documents/TransparentSF_from_git/transparentSF/ai/output/monthly/2/30.md
2025-09-11 12:55:01,563 - INFO - Would migrate: /Users/simongoldman/Documents/TransparentSF_from_git/transparentSF/ai/output/monthly/2/15.md
2025-09-11 12:55:01,563 - INFO - Would migrate: /Users/simongoldman/Documents/TransparentSF_from_git/transparentSF/ai/output/monthly/2/40.md
2025-09-11 12:55:01,563 - INFO - Would migrate: /Users/simongoldman/Documents/TransparentSF_from_git/transparentSF/ai/output/monthly/2/8.md
2025-09-11 12:55:01,563 - INFO - Would migrate: /Users/simongoldman/Documents/TransparentSF_from_git/transparentSF/ai/output/monthly/2/35.md
2025-09-11 12:55:01,563 - INFO - Would migrate: /Users/simongoldman/Documents/TransparentSF_from_git/transparentSF/ai/output/monthly/2/3.md
2025-09-11 12:55:01,563 - INFO - Would migrate: /Users/simongoldman/Documents/TransparentSF_from_git/transparentSF/ai/output/monthly/2/2.md
2025-09-11 12:55:01,563 - INFO - Would migrate: /Users/simongoldman/Documents/TransparentSF_from_git/transparentSF/ai/output/monthly/5/69.md
2025-09-11 12:55:01,564 - INFO - Would migrate: /Users/simongoldman/Documents/TransparentSF_from_git/transparentSF/ai/output/monthly/5/38.md
2025-09-11 12:55:01,564 - INFO - Would migrate: /Users/simongoldman/Documents/TransparentSF_from_git/transparentSF/ai/output/monthly/5/18.md
2025-09-11 12:55:01,564 - INFO - Would migrate: /Users/simongoldman/Documents/TransparentSF_from_git/transparentSF/ai/output/monthly/5/1.md
2025-09-11 12:55:01,564 - INFO - Would migrate: /Users/simongoldman/Documents/TransparentSF_from_git/transparentSF/ai/output/monthly/5/19.md
2025-09-11 12:55:01,564 - INFO - Would migrate: /Users/simongoldman/Documents/TransparentSF_from_git/transparentSF/ai/output/monthly/5/29.md
2025-09-11 12:55:01,564 - INFO - Would migrate: /Users/simongoldman/Documents/TransparentSF_from_git/transparentSF/ai/output/monthly/5/4.md
2025-09-11 12:55:01,564 - INFO - Would migrate: /Users/simongoldman/Documents/TransparentSF_from_git/transparentSF/ai/output/monthly/5/16.md
2025-09-11 12:55:01,564 - INFO - Would migrate: /Users/simongoldman/Documents/TransparentSF_from_git/transparentSF/ai/output/monthly/5/22.md
2025-09-11 12:55:01,564 - INFO - Would migrate: /Users/simongoldman/Documents/TransparentSF_from_git/transparentSF/ai/output/monthly/5/12.md
2025-09-11 12:55:01,564 - INFO - Would migrate: /Users/simongoldman/Documents/TransparentSF_from_git/transparentSF/ai/output/monthly/5/17.md
2025-09-11 12:55:01,564 - INFO - Would migrate: /Users/simongoldman/Documents/TransparentSF_from_git/transparentSF/ai/output/monthly/5/23.md
2025-09-11 12:55:01,564 - INFO - Would migrate: /Users/simongoldman/Documents/TransparentSF_from_git/transparentSF/ai/output/monthly/5/72.md
2025-09-11 12:55:01,564 - INFO - Would migrate: /Users/simongoldman/Documents/TransparentSF_from_git/transparentSF/ai/output/monthly/5/24.md
2025-09-11 12:55:01,564 - INFO - Would migrate: /Users/simongoldman/Documents/TransparentSF_from_git/transparentSF/ai/output/monthly/5/9.md
2025-09-11 12:55:01,564 - INFO - Would migrate: /Users/simongoldman/Documents/TransparentSF_from_git/transparentSF/ai/output/monthly/5/34.md
2025-09-11 12:55:01,564 - INFO - Would migrate: /Users/simongoldman/Documents/TransparentSF_from_git/transparentSF/ai/output/monthly/5/14.md
2025-09-11 12:55:01,564 - INFO - Would migrate: /Users/simongoldman/Documents/TransparentSF_from_git/transparentSF/ai/output/monthly/5/71.md
2025-09-11 12:55:01,564 - INFO - Would migrate: /Users/simongoldman/Documents/TransparentSF_from_git/transparentSF/ai/output/monthly/5/30.md
2025-09-11 12:55:01,564 - INFO - Would migrate: /Users/simongoldman/Documents/TransparentSF_from_git/transparentSF/ai/output/monthly/5/15.md
2025-09-11 12:55:01,564 - INFO - Would migrate: /Users/simongoldman/Documents/TransparentSF_from_git/transparentSF/ai/output/monthly/5/40.md
2025-09-11 12:55:01,564 - INFO - Would migrate: /Users/simongoldman/Documents/TransparentSF_from_git/transparentSF/ai/output/monthly/5/8.md
2025-09-11 12:55:01,564 - INFO - Would migrate: /Users/simongoldman/Documents/TransparentSF_from_git/transparentSF/ai/output/monthly/5/35.md
2025-09-11 12:55:01,564 - INFO - Would migrate: /Users/simongoldman/Documents/TransparentSF_from_git/transparentSF/ai/output/monthly/5/3.md
2025-09-11 12:55:01,564 - INFO - Would migrate: /Users/simongoldman/Documents/TransparentSF_from_git/transparentSF/ai/output/monthly/5/2.md
2025-09-11 12:55:01,564 - INFO - Would migrate: /Users/simongoldman/Documents/TransparentSF_from_git/transparentSF/ai/output/monthly/5.00000/19.md
2025-09-11 12:55:01,564 - INFO - Would migrate: /Users/simongoldman/Documents/TransparentSF_from_git/transparentSF/ai/output/monthly/5.00000/30.md
2025-09-11 12:55:01,564 - INFO - Migrating annual files...
2025-09-11 12:55:01,564 - INFO - Would migrate: /Users/simongoldman/Documents/TransparentSF_from_git/transparentSF/ai/output/annual/9.00000/19.md
2025-09-11 12:55:01,565 - INFO - Would migrate: /Users/simongoldman/Documents/TransparentSF_from_git/transparentSF/ai/output/annual/9.00000/30.md
2025-09-11 12:55:01,565 - INFO - Would migrate: /Users/simongoldman/Documents/TransparentSF_from_git/transparentSF/ai/output/annual/11.00000/19.md
2025-09-11 12:55:01,565 - INFO - Would migrate: /Users/simongoldman/Documents/TransparentSF_from_git/transparentSF/ai/output/annual/11.00000/30.md
2025-09-11 12:55:01,565 - INFO - Would migrate: /Users/simongoldman/Documents/TransparentSF_from_git/transparentSF/ai/output/annual/1.0/19.md
2025-09-11 12:55:01,565 - INFO - Would migrate: /Users/simongoldman/Documents/TransparentSF_from_git/transparentSF/ai/output/annual/1.0/30.md
2025-09-11 12:55:01,565 - INFO - Would migrate: /Users/simongoldman/Documents/TransparentSF_from_git/transparentSF/ai/output/annual/5.0/19.md
2025-09-11 12:55:01,565 - INFO - Would migrate: /Users/simongoldman/Documents/TransparentSF_from_git/transparentSF/ai/output/annual/5.0/30.md
2025-09-11 12:55:01,565 - INFO - Would migrate: /Users/simongoldman/Documents/TransparentSF_from_git/transparentSF/ai/output/annual/10.0/19.md
2025-09-11 12:55:01,565 - INFO - Would migrate: /Users/simongoldman/Documents/TransparentSF_from_git/transparentSF/ai/output/annual/10.0/30.md
2025-09-11 12:55:01,566 - INFO - Would migrate: /Users/simongoldman/Documents/TransparentSF_from_git/transparentSF/ai/output/annual/8.00000/19.md
2025-09-11 12:55:01,566 - INFO - Would migrate: /Users/simongoldman/Documents/TransparentSF_from_git/transparentSF/ai/output/annual/8.00000/30.md
2025-09-11 12:55:01,566 - INFO - Would migrate: /Users/simongoldman/Documents/TransparentSF_from_git/transparentSF/ai/output/annual/8.0/19.md
2025-09-11 12:55:01,566 - INFO - Would migrate: /Users/simongoldman/Documents/TransparentSF_from_git/transparentSF/ai/output/annual/8.0/30.md
2025-09-11 12:55:01,566 - INFO - Would migrate: /Users/simongoldman/Documents/TransparentSF_from_git/transparentSF/ai/output/annual/9/69.md
2025-09-11 12:55:01,566 - INFO - Would migrate: /Users/simongoldman/Documents/TransparentSF_from_git/transparentSF/ai/output/annual/9/38.md
2025-09-11 12:55:01,566 - INFO - Would migrate: /Users/simongoldman/Documents/TransparentSF_from_git/transparentSF/ai/output/annual/9/18.md
2025-09-11 12:55:01,566 - INFO - Would migrate: /Users/simongoldman/Documents/TransparentSF_from_git/transparentSF/ai/output/annual/9/1.md
2025-09-11 12:55:01,566 - INFO - Would migrate: /Users/simongoldman/Documents/TransparentSF_from_git/transparentSF/ai/output/annual/9/19.md
2025-09-11 12:55:01,566 - INFO - Would migrate: /Users/simongoldman/Documents/TransparentSF_from_git/transparentSF/ai/output/annual/9/29.md
2025-09-11 12:55:01,566 - INFO - Would migrate: /Users/simongoldman/Documents/TransparentSF_from_git/transparentSF/ai/output/annual/9/4.md
2025-09-11 12:55:01,566 - INFO - Would migrate: /Users/simongoldman/Documents/TransparentSF_from_git/transparentSF/ai/output/annual/9/16.md
2025-09-11 12:55:01,566 - INFO - Would migrate: /Users/simongoldman/Documents/TransparentSF_from_git/transparentSF/ai/output/annual/9/22.md
2025-09-11 12:55:01,566 - INFO - Would migrate: /Users/simongoldman/Documents/TransparentSF_from_git/transparentSF/ai/output/annual/9/63.md
2025-09-11 12:55:01,566 - INFO - Would migrate: /Users/simongoldman/Documents/TransparentSF_from_git/transparentSF/ai/output/annual/9/12.md
2025-09-11 12:55:01,566 - INFO - Would migrate: /Users/simongoldman/Documents/TransparentSF_from_git/transparentSF/ai/output/annual/9/17.md
2025-09-11 12:55:01,566 - INFO - Would migrate: /Users/simongoldman/Documents/TransparentSF_from_git/transparentSF/ai/output/annual/9/23.md
2025-09-11 12:55:01,566 - INFO - Would migrate: /Users/simongoldman/Documents/TransparentSF_from_git/transparentSF/ai/output/annual/9/24.md
2025-09-11 12:55:01,566 - INFO - Would migrate: /Users/simongoldman/Documents/TransparentSF_from_git/transparentSF/ai/output/annual/9/9.md
2025-09-11 12:55:01,566 - INFO - Would migrate: /Users/simongoldman/Documents/TransparentSF_from_git/transparentSF/ai/output/annual/9/65.md
2025-09-11 12:55:01,566 - INFO - Would migrate: /Users/simongoldman/Documents/TransparentSF_from_git/transparentSF/ai/output/annual/9/34.md
2025-09-11 12:55:01,566 - INFO - Would migrate: /Users/simongoldman/Documents/TransparentSF_from_git/transparentSF/ai/output/annual/9/14.md
2025-09-11 12:55:01,566 - INFO - Would migrate: /Users/simongoldman/Documents/TransparentSF_from_git/transparentSF/ai/output/annual/9/30.md
2025-09-11 12:55:01,566 - INFO - Would migrate: /Users/simongoldman/Documents/TransparentSF_from_git/transparentSF/ai/output/annual/9/15.md
2025-09-11 12:55:01,566 - INFO - Would migrate: /Users/simongoldman/Documents/TransparentSF_from_git/transparentSF/ai/output/annual/9/40.md
2025-09-11 12:55:01,566 - INFO - Would migrate: /Users/simongoldman/Documents/TransparentSF_from_git/transparentSF/ai/output/annual/9/8.md
2025-09-11 12:55:01,566 - INFO - Would migrate: /Users/simongoldman/Documents/TransparentSF_from_git/transparentSF/ai/output/annual/9/35.md
2025-09-11 12:55:01,566 - INFO - Would migrate: /Users/simongoldman/Documents/TransparentSF_from_git/transparentSF/ai/output/annual/9/3.md
2025-09-11 12:55:01,566 - INFO - Would migrate: /Users/simongoldman/Documents/TransparentSF_from_git/transparentSF/ai/output/annual/9/2.md
2025-09-11 12:55:01,566 - INFO - Would migrate: /Users/simongoldman/Documents/TransparentSF_from_git/transparentSF/ai/output/annual/0/5.md
2025-09-11 12:55:01,566 - INFO - Would migrate: /Users/simongoldman/Documents/TransparentSF_from_git/transparentSF/ai/output/annual/0/69.md
2025-09-11 12:55:01,566 - INFO - Would migrate: /Users/simongoldman/Documents/TransparentSF_from_git/transparentSF/ai/output/annual/0/38.md
2025-09-11 12:55:01,566 - INFO - Would migrate: /Users/simongoldman/Documents/TransparentSF_from_git/transparentSF/ai/output/annual/0/18.md
2025-09-11 12:55:01,566 - INFO - Would migrate: /Users/simongoldman/Documents/TransparentSF_from_git/transparentSF/ai/output/annual/0/49.md
2025-09-11 12:55:01,566 - INFO - Would migrate: /Users/simongoldman/Documents/TransparentSF_from_git/transparentSF/ai/output/annual/0/1.md
2025-09-11 12:55:01,567 - INFO - Would migrate: /Users/simongoldman/Documents/TransparentSF_from_git/transparentSF/ai/output/annual/0/19.md
2025-09-11 12:55:01,567 - INFO - Would migrate: /Users/simongoldman/Documents/TransparentSF_from_git/transparentSF/ai/output/annual/0/48.md
2025-09-11 12:55:01,567 - INFO - Would migrate: /Users/simongoldman/Documents/TransparentSF_from_git/transparentSF/ai/output/annual/0/58.md
2025-09-11 12:55:01,567 - INFO - Would migrate: /Users/simongoldman/Documents/TransparentSF_from_git/transparentSF/ai/output/annual/0/29.md
2025-09-11 12:55:01,567 - INFO - Would migrate: /Users/simongoldman/Documents/TransparentSF_from_git/transparentSF/ai/output/annual/0/4.md
2025-09-11 12:55:01,567 - INFO - Would migrate: /Users/simongoldman/Documents/TransparentSF_from_git/transparentSF/ai/output/annual/0/47.md
2025-09-11 12:55:01,567 - INFO - Would migrate: /Users/simongoldman/Documents/TransparentSF_from_git/transparentSF/ai/output/annual/0/16.md
2025-09-11 12:55:01,567 - INFO - Would migrate: /Users/simongoldman/Documents/TransparentSF_from_git/transparentSF/ai/output/annual/0/22.md
2025-09-11 12:55:01,567 - INFO - Would migrate: /Users/simongoldman/Documents/TransparentSF_from_git/transparentSF/ai/output/annual/0/63.md
2025-09-11 12:55:01,567 - INFO - Would migrate: /Users/simongoldman/Documents/TransparentSF_from_git/transparentSF/ai/output/annual/0/32.md
2025-09-11 12:55:01,567 - INFO - Would migrate: /Users/simongoldman/Documents/TransparentSF_from_git/transparentSF/ai/output/annual/0/12.md
2025-09-11 12:55:01,567 - INFO - Would migrate: /Users/simongoldman/Documents/TransparentSF_from_git/transparentSF/ai/output/annual/0/43.md
2025-09-11 12:55:01,567 - INFO - Would migrate: /Users/simongoldman/Documents/TransparentSF_from_git/transparentSF/ai/output/annual/0/53.md
2025-09-11 12:55:01,567 - INFO - Would migrate: /Users/simongoldman/Documents/TransparentSF_from_git/transparentSF/ai/output/annual/0/13.md
2025-09-11 12:55:01,567 - INFO - Would migrate: /Users/simongoldman/Documents/TransparentSF_from_git/transparentSF/ai/output/annual/0/52.md
2025-09-11 12:55:01,567 - INFO - Would migrate: /Users/simongoldman/Documents/TransparentSF_from_git/transparentSF/ai/output/annual/0/66.md
2025-09-11 12:55:01,567 - INFO - Would migrate: /Users/simongoldman/Documents/TransparentSF_from_git/transparentSF/ai/output/annual/0/46.md
2025-09-11 12:55:01,567 - INFO - Would migrate: /Users/simongoldman/Documents/TransparentSF_from_git/transparentSF/ai/output/annual/0/17.md
2025-09-11 12:55:01,567 - INFO - Would migrate: /Users/simongoldman/Documents/TransparentSF_from_git/transparentSF/ai/output/annual/0/23.md
2025-09-11 12:55:01,567 - INFO - Would migrate: /Users/simongoldman/Documents/TransparentSF_from_git/transparentSF/ai/output/annual/0/62.md
2025-09-11 12:55:01,567 - INFO - Would migrate: /Users/simongoldman/Documents/TransparentSF_from_git/transparentSF/ai/output/annual/0/33.md
2025-09-11 12:55:01,567 - INFO - Would migrate: /Users/simongoldman/Documents/TransparentSF_from_git/transparentSF/ai/output/annual/0/24.md
2025-09-11 12:55:01,567 - INFO - Would migrate: /Users/simongoldman/Documents/TransparentSF_from_git/transparentSF/ai/output/annual/0/41.md
2025-09-11 12:55:01,567 - INFO - Would migrate: /Users/simongoldman/Documents/TransparentSF_from_git/transparentSF/ai/output/annual/0/10.md
2025-09-11 12:55:01,567 - INFO - Would migrate: /Users/simongoldman/Documents/TransparentSF_from_git/transparentSF/ai/output/annual/0/51.md
2025-09-11 12:55:01,567 - INFO - Would migrate: /Users/simongoldman/Documents/TransparentSF_from_git/transparentSF/ai/output/annual/0/9.md
2025-09-11 12:55:01,567 - INFO - Would migrate: /Users/simongoldman/Documents/TransparentSF_from_git/transparentSF/ai/output/annual/0/65.md
2025-09-11 12:55:01,567 - INFO - Would migrate: /Users/simongoldman/Documents/TransparentSF_from_git/transparentSF/ai/output/annual/0/34.md
2025-09-11 12:55:01,567 - INFO - Would migrate: /Users/simongoldman/Documents/TransparentSF_from_git/transparentSF/ai/output/annual/0/14.md
2025-09-11 12:55:01,567 - INFO - Would migrate: /Users/simongoldman/Documents/TransparentSF_from_git/transparentSF/ai/output/annual/0/45.md
2025-09-11 12:55:01,567 - INFO - Would migrate: /Users/simongoldman/Documents/TransparentSF_from_git/transparentSF/ai/output/annual/0/30.md
2025-09-11 12:55:01,567 - INFO - Would migrate: /Users/simongoldman/Documents/TransparentSF_from_git/transparentSF/ai/output/annual/0/61.md
2025-09-11 12:55:01,567 - INFO - Would migrate: /Users/simongoldman/Documents/TransparentSF_from_git/transparentSF/ai/output/annual/0/15.md
2025-09-11 12:55:01,567 - INFO - Would migrate: /Users/simongoldman/Documents/TransparentSF_from_git/transparentSF/ai/output/annual/0/44.md
2025-09-11 12:55:01,567 - INFO - Would migrate: /Users/simongoldman/Documents/TransparentSF_from_git/transparentSF/ai/output/annual/0/31.md
2025-09-11 12:55:01,567 - INFO - Would migrate: /Users/simongoldman/Documents/TransparentSF_from_git/transparentSF/ai/output/annual/0/60.md
2025-09-11 12:55:01,567 - INFO - Would migrate: /Users/simongoldman/Documents/TransparentSF_from_git/transparentSF/ai/output/annual/0/40.md
2025-09-11 12:55:01,567 - INFO - Would migrate: /Users/simongoldman/Documents/TransparentSF_from_git/transparentSF/ai/output/annual/0/50.md
2025-09-11 12:55:01,567 - INFO - Would migrate: /Users/simongoldman/Documents/TransparentSF_from_git/transparentSF/ai/output/annual/0/8.md
2025-09-11 12:55:01,567 - INFO - Would migrate: /Users/simongoldman/Documents/TransparentSF_from_git/transparentSF/ai/output/annual/0/35.md
2025-09-11 12:55:01,567 - INFO - Would migrate: /Users/simongoldman/Documents/TransparentSF_from_git/transparentSF/ai/output/annual/0/3.md
2025-09-11 12:55:01,567 - INFO - Would migrate: /Users/simongoldman/Documents/TransparentSF_from_git/transparentSF/ai/output/annual/0/7.md
2025-09-11 12:55:01,567 - INFO - Would migrate: /Users/simongoldman/Documents/TransparentSF_from_git/transparentSF/ai/output/annual/0/6.md
2025-09-11 12:55:01,567 - INFO - Would migrate: /Users/simongoldman/Documents/TransparentSF_from_git/transparentSF/ai/output/annual/0/2.md
2025-09-11 12:55:01,567 - INFO - Would migrate: /Users/simongoldman/Documents/TransparentSF_from_git/transparentSF/ai/output/annual/2.0/19.md
2025-09-11 12:55:01,567 - INFO - Would migrate: /Users/simongoldman/Documents/TransparentSF_from_git/transparentSF/ai/output/annual/2.0/30.md
2025-09-11 12:55:01,567 - INFO - Would migrate: /Users/simongoldman/Documents/TransparentSF_from_git/transparentSF/ai/output/annual/11/69.md
2025-09-11 12:55:01,567 - INFO - Would migrate: /Users/simongoldman/Documents/TransparentSF_from_git/transparentSF/ai/output/annual/11/38.md
2025-09-11 12:55:01,567 - INFO - Would migrate: /Users/simongoldman/Documents/TransparentSF_from_git/transparentSF/ai/output/annual/11/18.md
2025-09-11 12:55:01,568 - INFO - Would migrate: /Users/simongoldman/Documents/TransparentSF_from_git/transparentSF/ai/output/annual/11/1.md
2025-09-11 12:55:01,568 - INFO - Would migrate: /Users/simongoldman/Documents/TransparentSF_from_git/transparentSF/ai/output/annual/11/19.md
2025-09-11 12:55:01,568 - INFO - Would migrate: /Users/simongoldman/Documents/TransparentSF_from_git/transparentSF/ai/output/annual/11/29.md
2025-09-11 12:55:01,568 - INFO - Would migrate: /Users/simongoldman/Documents/TransparentSF_from_git/transparentSF/ai/output/annual/11/4.md
2025-09-11 12:55:01,568 - INFO - Would migrate: /Users/simongoldman/Documents/TransparentSF_from_git/transparentSF/ai/output/annual/11/16.md
2025-09-11 12:55:01,568 - INFO - Would migrate: /Users/simongoldman/Documents/TransparentSF_from_git/transparentSF/ai/output/annual/11/22.md
2025-09-11 12:55:01,568 - INFO - Would migrate: /Users/simongoldman/Documents/TransparentSF_from_git/transparentSF/ai/output/annual/11/63.md
2025-09-11 12:55:01,568 - INFO - Would migrate: /Users/simongoldman/Documents/TransparentSF_from_git/transparentSF/ai/output/annual/11/12.md
2025-09-11 12:55:01,568 - INFO - Would migrate: /Users/simongoldman/Documents/TransparentSF_from_git/transparentSF/ai/output/annual/11/17.md
2025-09-11 12:55:01,568 - INFO - Would migrate: /Users/simongoldman/Documents/TransparentSF_from_git/transparentSF/ai/output/annual/11/23.md
2025-09-11 12:55:01,568 - INFO - Would migrate: /Users/simongoldman/Documents/TransparentSF_from_git/transparentSF/ai/output/annual/11/24.md
2025-09-11 12:55:01,568 - INFO - Would migrate: /Users/simongoldman/Documents/TransparentSF_from_git/transparentSF/ai/output/annual/11/9.md
2025-09-11 12:55:01,568 - INFO - Would migrate: /Users/simongoldman/Documents/TransparentSF_from_git/transparentSF/ai/output/annual/11/65.md
2025-09-11 12:55:01,568 - INFO - Would migrate: /Users/simongoldman/Documents/TransparentSF_from_git/transparentSF/ai/output/annual/11/14.md
2025-09-11 12:55:01,568 - INFO - Would migrate: /Users/simongoldman/Documents/TransparentSF_from_git/transparentSF/ai/output/annual/11/30.md
2025-09-11 12:55:01,568 - INFO - Would migrate: /Users/simongoldman/Documents/TransparentSF_from_git/transparentSF/ai/output/annual/11/15.md
2025-09-11 12:55:01,568 - INFO - Would migrate: /Users/simongoldman/Documents/TransparentSF_from_git/transparentSF/ai/output/annual/11/40.md
2025-09-11 12:55:01,568 - INFO - Would migrate: /Users/simongoldman/Documents/TransparentSF_from_git/transparentSF/ai/output/annual/11/8.md
2025-09-11 12:55:01,568 - INFO - Would migrate: /Users/simongoldman/Documents/TransparentSF_from_git/transparentSF/ai/output/annual/11/35.md
2025-09-11 12:55:01,568 - INFO - Would migrate: /Users/simongoldman/Documents/TransparentSF_from_git/transparentSF/ai/output/annual/11/3.md
2025-09-11 12:55:01,568 - INFO - Would migrate: /Users/simongoldman/Documents/TransparentSF_from_git/transparentSF/ai/output/annual/11/2.md
2025-09-11 12:55:01,568 - INFO - Would migrate: /Users/simongoldman/Documents/TransparentSF_from_git/transparentSF/ai/output/annual/7/69.md
2025-09-11 12:55:01,568 - INFO - Would migrate: /Users/simongoldman/Documents/TransparentSF_from_git/transparentSF/ai/output/annual/7/38.md
2025-09-11 12:55:01,568 - INFO - Would migrate: /Users/simongoldman/Documents/TransparentSF_from_git/transparentSF/ai/output/annual/7/18.md
2025-09-11 12:55:01,568 - INFO - Would migrate: /Users/simongoldman/Documents/TransparentSF_from_git/transparentSF/ai/output/annual/7/1.md
2025-09-11 12:55:01,568 - INFO - Would migrate: /Users/simongoldman/Documents/TransparentSF_from_git/transparentSF/ai/output/annual/7/19.md
2025-09-11 12:55:01,568 - INFO - Would migrate: /Users/simongoldman/Documents/TransparentSF_from_git/transparentSF/ai/output/annual/7/29.md
2025-09-11 12:55:01,568 - INFO - Would migrate: /Users/simongoldman/Documents/TransparentSF_from_git/transparentSF/ai/output/annual/7/4.md
2025-09-11 12:55:01,568 - INFO - Would migrate: /Users/simongoldman/Documents/TransparentSF_from_git/transparentSF/ai/output/annual/7/16.md
2025-09-11 12:55:01,568 - INFO - Would migrate: /Users/simongoldman/Documents/TransparentSF_from_git/transparentSF/ai/output/annual/7/22.md
2025-09-11 12:55:01,568 - INFO - Would migrate: /Users/simongoldman/Documents/TransparentSF_from_git/transparentSF/ai/output/annual/7/63.md
2025-09-11 12:55:01,568 - INFO - Would migrate: /Users/simongoldman/Documents/TransparentSF_from_git/transparentSF/ai/output/annual/7/12.md
2025-09-11 12:55:01,568 - INFO - Would migrate: /Users/simongoldman/Documents/TransparentSF_from_git/transparentSF/ai/output/annual/7/17.md
2025-09-11 12:55:01,568 - INFO - Would migrate: /Users/simongoldman/Documents/TransparentSF_from_git/transparentSF/ai/output/annual/7/23.md
2025-09-11 12:55:01,568 - INFO - Would migrate: /Users/simongoldman/Documents/TransparentSF_from_git/transparentSF/ai/output/annual/7/24.md
2025-09-11 12:55:01,568 - INFO - Would migrate: /Users/simongoldman/Documents/TransparentSF_from_git/transparentSF/ai/output/annual/7/9.md
2025-09-11 12:55:01,568 - INFO - Would migrate: /Users/simongoldman/Documents/TransparentSF_from_git/transparentSF/ai/output/annual/7/65.md
2025-09-11 12:55:01,568 - INFO - Would migrate: /Users/simongoldman/Documents/TransparentSF_from_git/transparentSF/ai/output/annual/7/34.md
2025-09-11 12:55:01,568 - INFO - Would migrate: /Users/simongoldman/Documents/TransparentSF_from_git/transparentSF/ai/output/annual/7/14.md
2025-09-11 12:55:01,569 - INFO - Would migrate: /Users/simongoldman/Documents/TransparentSF_from_git/transparentSF/ai/output/annual/7/30.md
2025-09-11 12:55:01,569 - INFO - Would migrate: /Users/simongoldman/Documents/TransparentSF_from_git/transparentSF/ai/output/annual/7/15.md
2025-09-11 12:55:01,569 - INFO - Would migrate: /Users/simongoldman/Documents/TransparentSF_from_git/transparentSF/ai/output/annual/7/40.md
2025-09-11 12:55:01,569 - INFO - Would migrate: /Users/simongoldman/Documents/TransparentSF_from_git/transparentSF/ai/output/annual/7/8.md
2025-09-11 12:55:01,569 - INFO - Would migrate: /Users/simongoldman/Documents/TransparentSF_from_git/transparentSF/ai/output/annual/7/35.md
2025-09-11 12:55:01,569 - INFO - Would migrate: /Users/simongoldman/Documents/TransparentSF_from_git/transparentSF/ai/output/annual/7/3.md
2025-09-11 12:55:01,569 - INFO - Would migrate: /Users/simongoldman/Documents/TransparentSF_from_git/transparentSF/ai/output/annual/7/2.md
2025-09-11 12:55:01,569 - INFO - Would migrate: /Users/simongoldman/Documents/TransparentSF_from_git/transparentSF/ai/output/annual/6/69.md
2025-09-11 12:55:01,569 - INFO - Would migrate: /Users/simongoldman/Documents/TransparentSF_from_git/transparentSF/ai/output/annual/6/38.md
2025-09-11 12:55:01,569 - INFO - Would migrate: /Users/simongoldman/Documents/TransparentSF_from_git/transparentSF/ai/output/annual/6/18.md
2025-09-11 12:55:01,569 - INFO - Would migrate: /Users/simongoldman/Documents/TransparentSF_from_git/transparentSF/ai/output/annual/6/1.md
2025-09-11 12:55:01,569 - INFO - Would migrate: /Users/simongoldman/Documents/TransparentSF_from_git/transparentSF/ai/output/annual/6/19.md
2025-09-11 12:55:01,569 - INFO - Would migrate: /Users/simongoldman/Documents/TransparentSF_from_git/transparentSF/ai/output/annual/6/29.md
2025-09-11 12:55:01,569 - INFO - Would migrate: /Users/simongoldman/Documents/TransparentSF_from_git/transparentSF/ai/output/annual/6/4.md
2025-09-11 12:55:01,569 - INFO - Would migrate: /Users/simongoldman/Documents/TransparentSF_from_git/transparentSF/ai/output/annual/6/16.md
2025-09-11 12:55:01,569 - INFO - Would migrate: /Users/simongoldman/Documents/TransparentSF_from_git/transparentSF/ai/output/annual/6/22.md
2025-09-11 12:55:01,569 - INFO - Would migrate: /Users/simongoldman/Documents/TransparentSF_from_git/transparentSF/ai/output/annual/6/63.md
2025-09-11 12:55:01,569 - INFO - Would migrate: /Users/simongoldman/Documents/TransparentSF_from_git/transparentSF/ai/output/annual/6/12.md
2025-09-11 12:55:01,569 - INFO - Would migrate: /Users/simongoldman/Documents/TransparentSF_from_git/transparentSF/ai/output/annual/6/43.md
2025-09-11 12:55:01,569 - INFO - Would migrate: /Users/simongoldman/Documents/TransparentSF_from_git/transparentSF/ai/output/annual/6/17.md
2025-09-11 12:55:01,569 - INFO - Would migrate: /Users/simongoldman/Documents/TransparentSF_from_git/transparentSF/ai/output/annual/6/23.md
2025-09-11 12:55:01,569 - INFO - Would migrate: /Users/simongoldman/Documents/TransparentSF_from_git/transparentSF/ai/output/annual/6/24.md
2025-09-11 12:55:01,569 - INFO - Would migrate: /Users/simongoldman/Documents/TransparentSF_from_git/transparentSF/ai/output/annual/6/41.md
2025-09-11 12:55:01,569 - INFO - Would migrate: /Users/simongoldman/Documents/TransparentSF_from_git/transparentSF/ai/output/annual/6/9.md
2025-09-11 12:55:01,569 - INFO - Would migrate: /Users/simongoldman/Documents/TransparentSF_from_git/transparentSF/ai/output/annual/6/65.md
2025-09-11 12:55:01,569 - INFO - Would migrate: /Users/simongoldman/Documents/TransparentSF_from_git/transparentSF/ai/output/annual/6/34.md
2025-09-11 12:55:01,569 - INFO - Would migrate: /Users/simongoldman/Documents/TransparentSF_from_git/transparentSF/ai/output/annual/6/14.md
2025-09-11 12:55:01,569 - INFO - Would migrate: /Users/simongoldman/Documents/TransparentSF_from_git/transparentSF/ai/output/annual/6/30.md
2025-09-11 12:55:01,569 - INFO - Would migrate: /Users/simongoldman/Documents/TransparentSF_from_git/transparentSF/ai/output/annual/6/15.md
2025-09-11 12:55:01,569 - INFO - Would migrate: /Users/simongoldman/Documents/TransparentSF_from_git/transparentSF/ai/output/annual/6/40.md
2025-09-11 12:55:01,569 - INFO - Would migrate: /Users/simongoldman/Documents/TransparentSF_from_git/transparentSF/ai/output/annual/6/8.md
2025-09-11 12:55:01,569 - INFO - Would migrate: /Users/simongoldman/Documents/TransparentSF_from_git/transparentSF/ai/output/annual/6/35.md
2025-09-11 12:55:01,569 - INFO - Would migrate: /Users/simongoldman/Documents/TransparentSF_from_git/transparentSF/ai/output/annual/6/3.md
2025-09-11 12:55:01,569 - INFO - Would migrate: /Users/simongoldman/Documents/TransparentSF_from_git/transparentSF/ai/output/annual/6/2.md
2025-09-11 12:55:01,569 - INFO - Would migrate: /Users/simongoldman/Documents/TransparentSF_from_git/transparentSF/ai/output/annual/1/69.md
2025-09-11 12:55:01,570 - INFO - Would migrate: /Users/simongoldman/Documents/TransparentSF_from_git/transparentSF/ai/output/annual/1/38.md
2025-09-11 12:55:01,570 - INFO - Would migrate: /Users/simongoldman/Documents/TransparentSF_from_git/transparentSF/ai/output/annual/1/18.md
2025-09-11 12:55:01,570 - INFO - Would migrate: /Users/simongoldman/Documents/TransparentSF_from_git/transparentSF/ai/output/annual/1/1.md
2025-09-11 12:55:01,570 - INFO - Would migrate: /Users/simongoldman/Documents/TransparentSF_from_git/transparentSF/ai/output/annual/1/19.md
2025-09-11 12:55:01,570 - INFO - Would migrate: /Users/simongoldman/Documents/TransparentSF_from_git/transparentSF/ai/output/annual/1/29.md
2025-09-11 12:55:01,570 - INFO - Would migrate: /Users/simongoldman/Documents/TransparentSF_from_git/transparentSF/ai/output/annual/1/4.md
2025-09-11 12:55:01,570 - INFO - Would migrate: /Users/simongoldman/Documents/TransparentSF_from_git/transparentSF/ai/output/annual/1/16.md
2025-09-11 12:55:01,570 - INFO - Would migrate: /Users/simongoldman/Documents/TransparentSF_from_git/transparentSF/ai/output/annual/1/22.md
2025-09-11 12:55:01,570 - INFO - Would migrate: /Users/simongoldman/Documents/TransparentSF_from_git/transparentSF/ai/output/annual/1/63.md
2025-09-11 12:55:01,570 - INFO - Would migrate: /Users/simongoldman/Documents/TransparentSF_from_git/transparentSF/ai/output/annual/1/12.md
2025-09-11 12:55:01,570 - INFO - Would migrate: /Users/simongoldman/Documents/TransparentSF_from_git/transparentSF/ai/output/annual/1/17.md
2025-09-11 12:55:01,570 - INFO - Would migrate: /Users/simongoldman/Documents/TransparentSF_from_git/transparentSF/ai/output/annual/1/23.md
2025-09-11 12:55:01,570 - INFO - Would migrate: /Users/simongoldman/Documents/TransparentSF_from_git/transparentSF/ai/output/annual/1/24.md
2025-09-11 12:55:01,570 - INFO - Would migrate: /Users/simongoldman/Documents/TransparentSF_from_git/transparentSF/ai/output/annual/1/9.md
2025-09-11 12:55:01,570 - INFO - Would migrate: /Users/simongoldman/Documents/TransparentSF_from_git/transparentSF/ai/output/annual/1/65.md
2025-09-11 12:55:01,570 - INFO - Would migrate: /Users/simongoldman/Documents/TransparentSF_from_git/transparentSF/ai/output/annual/1/34.md
2025-09-11 12:55:01,570 - INFO - Would migrate: /Users/simongoldman/Documents/TransparentSF_from_git/transparentSF/ai/output/annual/1/14.md
2025-09-11 12:55:01,571 - INFO - Would migrate: /Users/simongoldman/Documents/TransparentSF_from_git/transparentSF/ai/output/annual/1/30.md
2025-09-11 12:55:01,571 - INFO - Would migrate: /Users/simongoldman/Documents/TransparentSF_from_git/transparentSF/ai/output/annual/1/15.md
2025-09-11 12:55:01,571 - INFO - Would migrate: /Users/simongoldman/Documents/TransparentSF_from_git/transparentSF/ai/output/annual/1/40.md
2025-09-11 12:55:01,571 - INFO - Would migrate: /Users/simongoldman/Documents/TransparentSF_from_git/transparentSF/ai/output/annual/1/8.md
2025-09-11 12:55:01,571 - INFO - Would migrate: /Users/simongoldman/Documents/TransparentSF_from_git/transparentSF/ai/output/annual/1/35.md
2025-09-11 12:55:01,571 - INFO - Would migrate: /Users/simongoldman/Documents/TransparentSF_from_git/transparentSF/ai/output/annual/1/3.md
2025-09-11 12:55:01,571 - INFO - Would migrate: /Users/simongoldman/Documents/TransparentSF_from_git/transparentSF/ai/output/annual/1/2.md
2025-09-11 12:55:01,571 - INFO - Would migrate: /Users/simongoldman/Documents/TransparentSF_from_git/transparentSF/ai/output/annual/10.00000/19.md
2025-09-11 12:55:01,571 - INFO - Would migrate: /Users/simongoldman/Documents/TransparentSF_from_git/transparentSF/ai/output/annual/10.00000/30.md
2025-09-11 12:55:01,571 - INFO - Would migrate: /Users/simongoldman/Documents/TransparentSF_from_git/transparentSF/ai/output/annual/10/69.md
2025-09-11 12:55:01,571 - INFO - Would migrate: /Users/simongoldman/Documents/TransparentSF_from_git/transparentSF/ai/output/annual/10/38.md
2025-09-11 12:55:01,571 - INFO - Would migrate: /Users/simongoldman/Documents/TransparentSF_from_git/transparentSF/ai/output/annual/10/18.md
2025-09-11 12:55:01,571 - INFO - Would migrate: /Users/simongoldman/Documents/TransparentSF_from_git/transparentSF/ai/output/annual/10/1.md
2025-09-11 12:55:01,571 - INFO - Would migrate: /Users/simongoldman/Documents/TransparentSF_from_git/transparentSF/ai/output/annual/10/19.md
2025-09-11 12:55:01,571 - INFO - Would migrate: /Users/simongoldman/Documents/TransparentSF_from_git/transparentSF/ai/output/annual/10/29.md
2025-09-11 12:55:01,571 - INFO - Would migrate: /Users/simongoldman/Documents/TransparentSF_from_git/transparentSF/ai/output/annual/10/4.md
2025-09-11 12:55:01,571 - INFO - Would migrate: /Users/simongoldman/Documents/TransparentSF_from_git/transparentSF/ai/output/annual/10/16.md
2025-09-11 12:55:01,571 - INFO - Would migrate: /Users/simongoldman/Documents/TransparentSF_from_git/transparentSF/ai/output/annual/10/22.md
2025-09-11 12:55:01,571 - INFO - Would migrate: /Users/simongoldman/Documents/TransparentSF_from_git/transparentSF/ai/output/annual/10/63.md
2025-09-11 12:55:01,571 - INFO - Would migrate: /Users/simongoldman/Documents/TransparentSF_from_git/transparentSF/ai/output/annual/10/12.md
2025-09-11 12:55:01,571 - INFO - Would migrate: /Users/simongoldman/Documents/TransparentSF_from_git/transparentSF/ai/output/annual/10/17.md
2025-09-11 12:55:01,571 - INFO - Would migrate: /Users/simongoldman/Documents/TransparentSF_from_git/transparentSF/ai/output/annual/10/23.md
2025-09-11 12:55:01,571 - INFO - Would migrate: /Users/simongoldman/Documents/TransparentSF_from_git/transparentSF/ai/output/annual/10/24.md
2025-09-11 12:55:01,571 - INFO - Would migrate: /Users/simongoldman/Documents/TransparentSF_from_git/transparentSF/ai/output/annual/10/9.md
2025-09-11 12:55:01,571 - INFO - Would migrate: /Users/simongoldman/Documents/TransparentSF_from_git/transparentSF/ai/output/annual/10/65.md
2025-09-11 12:55:01,571 - INFO - Would migrate: /Users/simongoldman/Documents/TransparentSF_from_git/transparentSF/ai/output/annual/10/14.md
2025-09-11 12:55:01,571 - INFO - Would migrate: /Users/simongoldman/Documents/TransparentSF_from_git/transparentSF/ai/output/annual/10/30.md
2025-09-11 12:55:01,571 - INFO - Would migrate: /Users/simongoldman/Documents/TransparentSF_from_git/transparentSF/ai/output/annual/10/15.md
2025-09-11 12:55:01,571 - INFO - Would migrate: /Users/simongoldman/Documents/TransparentSF_from_git/transparentSF/ai/output/annual/10/40.md
2025-09-11 12:55:01,571 - INFO - Would migrate: /Users/simongoldman/Documents/TransparentSF_from_git/transparentSF/ai/output/annual/10/8.md
2025-09-11 12:55:01,571 - INFO - Would migrate: /Users/simongoldman/Documents/TransparentSF_from_git/transparentSF/ai/output/annual/10/35.md
2025-09-11 12:55:01,571 - INFO - Would migrate: /Users/simongoldman/Documents/TransparentSF_from_git/transparentSF/ai/output/annual/10/3.md
2025-09-11 12:55:01,571 - INFO - Would migrate: /Users/simongoldman/Documents/TransparentSF_from_git/transparentSF/ai/output/annual/10/2.md
2025-09-11 12:55:01,571 - INFO - Would migrate: /Users/simongoldman/Documents/TransparentSF_from_git/transparentSF/ai/output/annual/8/69.md
2025-09-11 12:55:01,571 - INFO - Would migrate: /Users/simongoldman/Documents/TransparentSF_from_git/transparentSF/ai/output/annual/8/38.md
2025-09-11 12:55:01,572 - INFO - Would migrate: /Users/simongoldman/Documents/TransparentSF_from_git/transparentSF/ai/output/annual/8/18.md
2025-09-11 12:55:01,572 - INFO - Would migrate: /Users/simongoldman/Documents/TransparentSF_from_git/transparentSF/ai/output/annual/8/1.md
2025-09-11 12:55:01,572 - INFO - Would migrate: /Users/simongoldman/Documents/TransparentSF_from_git/transparentSF/ai/output/annual/8/19.md
2025-09-11 12:55:01,572 - INFO - Would migrate: /Users/simongoldman/Documents/TransparentSF_from_git/transparentSF/ai/output/annual/8/29.md
2025-09-11 12:55:01,572 - INFO - Would migrate: /Users/simongoldman/Documents/TransparentSF_from_git/transparentSF/ai/output/annual/8/4.md
2025-09-11 12:55:01,572 - INFO - Would migrate: /Users/simongoldman/Documents/TransparentSF_from_git/transparentSF/ai/output/annual/8/16.md
2025-09-11 12:55:01,572 - INFO - Would migrate: /Users/simongoldman/Documents/TransparentSF_from_git/transparentSF/ai/output/annual/8/22.md
2025-09-11 12:55:01,572 - INFO - Would migrate: /Users/simongoldman/Documents/TransparentSF_from_git/transparentSF/ai/output/annual/8/63.md
2025-09-11 12:55:01,572 - INFO - Would migrate: /Users/simongoldman/Documents/TransparentSF_from_git/transparentSF/ai/output/annual/8/12.md
2025-09-11 12:55:01,572 - INFO - Would migrate: /Users/simongoldman/Documents/TransparentSF_from_git/transparentSF/ai/output/annual/8/43.md
2025-09-11 12:55:01,572 - INFO - Would migrate: /Users/simongoldman/Documents/TransparentSF_from_git/transparentSF/ai/output/annual/8/17.md
2025-09-11 12:55:01,572 - INFO - Would migrate: /Users/simongoldman/Documents/TransparentSF_from_git/transparentSF/ai/output/annual/8/23.md
2025-09-11 12:55:01,572 - INFO - Would migrate: /Users/simongoldman/Documents/TransparentSF_from_git/transparentSF/ai/output/annual/8/24.md
2025-09-11 12:55:01,572 - INFO - Would migrate: /Users/simongoldman/Documents/TransparentSF_from_git/transparentSF/ai/output/annual/8/41.md
2025-09-11 12:55:01,572 - INFO - Would migrate: /Users/simongoldman/Documents/TransparentSF_from_git/transparentSF/ai/output/annual/8/9.md
2025-09-11 12:55:01,572 - INFO - Would migrate: /Users/simongoldman/Documents/TransparentSF_from_git/transparentSF/ai/output/annual/8/65.md
2025-09-11 12:55:01,572 - INFO - Would migrate: /Users/simongoldman/Documents/TransparentSF_from_git/transparentSF/ai/output/annual/8/34.md
2025-09-11 12:55:01,572 - INFO - Would migrate: /Users/simongoldman/Documents/TransparentSF_from_git/transparentSF/ai/output/annual/8/14.md
2025-09-11 12:55:01,572 - INFO - Would migrate: /Users/simongoldman/Documents/TransparentSF_from_git/transparentSF/ai/output/annual/8/30.md
2025-09-11 12:55:01,572 - INFO - Would migrate: /Users/simongoldman/Documents/TransparentSF_from_git/transparentSF/ai/output/annual/8/15.md
2025-09-11 12:55:01,572 - INFO - Would migrate: /Users/simongoldman/Documents/TransparentSF_from_git/transparentSF/ai/output/annual/8/40.md
2025-09-11 12:55:01,572 - INFO - Would migrate: /Users/simongoldman/Documents/TransparentSF_from_git/transparentSF/ai/output/annual/8/8.md
2025-09-11 12:55:01,572 - INFO - Would migrate: /Users/simongoldman/Documents/TransparentSF_from_git/transparentSF/ai/output/annual/8/35.md
2025-09-11 12:55:01,572 - INFO - Would migrate: /Users/simongoldman/Documents/TransparentSF_from_git/transparentSF/ai/output/annual/8/3.md
2025-09-11 12:55:01,572 - INFO - Would migrate: /Users/simongoldman/Documents/TransparentSF_from_git/transparentSF/ai/output/annual/8/2.md
2025-09-11 12:55:01,572 - INFO - Would migrate: /Users/simongoldman/Documents/TransparentSF_from_git/transparentSF/ai/output/annual/6.0/19.md
2025-09-11 12:55:01,572 - INFO - Would migrate: /Users/simongoldman/Documents/TransparentSF_from_git/transparentSF/ai/output/annual/6.0/30.md
2025-09-11 12:55:01,572 - INFO - Would migrate: /Users/simongoldman/Documents/TransparentSF_from_git/transparentSF/ai/output/annual/2.00000/19.md
2025-09-11 12:55:01,572 - INFO - Would migrate: /Users/simongoldman/Documents/TransparentSF_from_git/transparentSF/ai/output/annual/2.00000/30.md
2025-09-11 12:55:01,572 - INFO - Would migrate: /Users/simongoldman/Documents/TransparentSF_from_git/transparentSF/ai/output/annual/0.00000/19.md
2025-09-11 12:55:01,572 - INFO - Would migrate: /Users/simongoldman/Documents/TransparentSF_from_git/transparentSF/ai/output/annual/0.00000/30.md
2025-09-11 12:55:01,572 - INFO - Would migrate: /Users/simongoldman/Documents/TransparentSF_from_git/transparentSF/ai/output/annual/3.0/19.md
2025-09-11 12:55:01,572 - INFO - Would migrate: /Users/simongoldman/Documents/TransparentSF_from_git/transparentSF/ai/output/annual/3.0/30.md
2025-09-11 12:55:01,572 - INFO - Would migrate: /Users/simongoldman/Documents/TransparentSF_from_git/transparentSF/ai/output/annual/9.0/19.md
2025-09-11 12:55:01,572 - INFO - Would migrate: /Users/simongoldman/Documents/TransparentSF_from_git/transparentSF/ai/output/annual/9.0/30.md
2025-09-11 12:55:01,572 - INFO - Would migrate: /Users/simongoldman/Documents/TransparentSF_from_git/transparentSF/ai/output/annual/4.00000/19.md
2025-09-11 12:55:01,572 - INFO - Would migrate: /Users/simongoldman/Documents/TransparentSF_from_git/transparentSF/ai/output/annual/4.00000/30.md
2025-09-11 12:55:01,572 - INFO - Would migrate: /Users/simongoldman/Documents/TransparentSF_from_git/transparentSF/ai/output/annual/6.00000/19.md
2025-09-11 12:55:01,572 - INFO - Would migrate: /Users/simongoldman/Documents/TransparentSF_from_git/transparentSF/ai/output/annual/6.00000/30.md
2025-09-11 12:55:01,572 - INFO - Would migrate: /Users/simongoldman/Documents/TransparentSF_from_git/transparentSF/ai/output/annual/7.0/19.md
2025-09-11 12:55:01,572 - INFO - Would migrate: /Users/simongoldman/Documents/TransparentSF_from_git/transparentSF/ai/output/annual/7.0/30.md
2025-09-11 12:55:01,572 - INFO - Would migrate: /Users/simongoldman/Documents/TransparentSF_from_git/transparentSF/ai/output/annual/1.00000/19.md
2025-09-11 12:55:01,572 - INFO - Would migrate: /Users/simongoldman/Documents/TransparentSF_from_git/transparentSF/ai/output/annual/1.00000/30.md
2025-09-11 12:55:01,572 - INFO - Would migrate: /Users/simongoldman/Documents/TransparentSF_from_git/transparentSF/ai/output/annual/3.00000/19.md
2025-09-11 12:55:01,572 - INFO - Would migrate: /Users/simongoldman/Documents/TransparentSF_from_git/transparentSF/ai/output/annual/3.00000/30.md
2025-09-11 12:55:01,572 - INFO - Would migrate: /Users/simongoldman/Documents/TransparentSF_from_git/transparentSF/ai/output/annual/7.00000/19.md
2025-09-11 12:55:01,572 - INFO - Would migrate: /Users/simongoldman/Documents/TransparentSF_from_git/transparentSF/ai/output/annual/7.00000/30.md
2025-09-11 12:55:01,572 - INFO - Would migrate: /Users/simongoldman/Documents/TransparentSF_from_git/transparentSF/ai/output/annual/0.0/19.md
2025-09-11 12:55:01,572 - INFO - Would migrate: /Users/simongoldman/Documents/TransparentSF_from_git/transparentSF/ai/output/annual/0.0/30.md
2025-09-11 12:55:01,572 - INFO - Would migrate: /Users/simongoldman/Documents/TransparentSF_from_git/transparentSF/ai/output/annual/4/69.md
2025-09-11 12:55:01,572 - INFO - Would migrate: /Users/simongoldman/Documents/TransparentSF_from_git/transparentSF/ai/output/annual/4/38.md
2025-09-11 12:55:01,572 - INFO - Would migrate: /Users/simongoldman/Documents/TransparentSF_from_git/transparentSF/ai/output/annual/4/18.md
2025-09-11 12:55:01,573 - INFO - Would migrate: /Users/simongoldman/Documents/TransparentSF_from_git/transparentSF/ai/output/annual/4/1.md
2025-09-11 12:55:01,573 - INFO - Would migrate: /Users/simongoldman/Documents/TransparentSF_from_git/transparentSF/ai/output/annual/4/19.md
2025-09-11 12:55:01,573 - INFO - Would migrate: /Users/simongoldman/Documents/TransparentSF_from_git/transparentSF/ai/output/annual/4/29.md
2025-09-11 12:55:01,573 - INFO - Would migrate: /Users/simongoldman/Documents/TransparentSF_from_git/transparentSF/ai/output/annual/4/4.md
2025-09-11 12:55:01,573 - INFO - Would migrate: /Users/simongoldman/Documents/TransparentSF_from_git/transparentSF/ai/output/annual/4/16.md
2025-09-11 12:55:01,573 - INFO - Would migrate: /Users/simongoldman/Documents/TransparentSF_from_git/transparentSF/ai/output/annual/4/22.md
2025-09-11 12:55:01,573 - INFO - Would migrate: /Users/simongoldman/Documents/TransparentSF_from_git/transparentSF/ai/output/annual/4/63.md
2025-09-11 12:55:01,573 - INFO - Would migrate: /Users/simongoldman/Documents/TransparentSF_from_git/transparentSF/ai/output/annual/4/12.md
2025-09-11 12:55:01,573 - INFO - Would migrate: /Users/simongoldman/Documents/TransparentSF_from_git/transparentSF/ai/output/annual/4/17.md
2025-09-11 12:55:01,573 - INFO - Would migrate: /Users/simongoldman/Documents/TransparentSF_from_git/transparentSF/ai/output/annual/4/23.md
2025-09-11 12:55:01,573 - INFO - Would migrate: /Users/simongoldman/Documents/TransparentSF_from_git/transparentSF/ai/output/annual/4/24.md
2025-09-11 12:55:01,573 - INFO - Would migrate: /Users/simongoldman/Documents/TransparentSF_from_git/transparentSF/ai/output/annual/4/9.md
2025-09-11 12:55:01,573 - INFO - Would migrate: /Users/simongoldman/Documents/TransparentSF_from_git/transparentSF/ai/output/annual/4/65.md
2025-09-11 12:55:01,573 - INFO - Would migrate: /Users/simongoldman/Documents/TransparentSF_from_git/transparentSF/ai/output/annual/4/14.md
2025-09-11 12:55:01,573 - INFO - Would migrate: /Users/simongoldman/Documents/TransparentSF_from_git/transparentSF/ai/output/annual/4/30.md
2025-09-11 12:55:01,573 - INFO - Would migrate: /Users/simongoldman/Documents/TransparentSF_from_git/transparentSF/ai/output/annual/4/15.md
2025-09-11 12:55:01,573 - INFO - Would migrate: /Users/simongoldman/Documents/TransparentSF_from_git/transparentSF/ai/output/annual/4/40.md
2025-09-11 12:55:01,573 - INFO - Would migrate: /Users/simongoldman/Documents/TransparentSF_from_git/transparentSF/ai/output/annual/4/8.md
2025-09-11 12:55:01,573 - INFO - Would migrate: /Users/simongoldman/Documents/TransparentSF_from_git/transparentSF/ai/output/annual/4/35.md
2025-09-11 12:55:01,573 - INFO - Would migrate: /Users/simongoldman/Documents/TransparentSF_from_git/transparentSF/ai/output/annual/4/3.md
2025-09-11 12:55:01,573 - INFO - Would migrate: /Users/simongoldman/Documents/TransparentSF_from_git/transparentSF/ai/output/annual/4/2.md
2025-09-11 12:55:01,573 - INFO - Would migrate: /Users/simongoldman/Documents/TransparentSF_from_git/transparentSF/ai/output/annual/3/69.md
2025-09-11 12:55:01,573 - INFO - Would migrate: /Users/simongoldman/Documents/TransparentSF_from_git/transparentSF/ai/output/annual/3/38.md
2025-09-11 12:55:01,573 - INFO - Would migrate: /Users/simongoldman/Documents/TransparentSF_from_git/transparentSF/ai/output/annual/3/18.md
2025-09-11 12:55:01,573 - INFO - Would migrate: /Users/simongoldman/Documents/TransparentSF_from_git/transparentSF/ai/output/annual/3/1.md
2025-09-11 12:55:01,573 - INFO - Would migrate: /Users/simongoldman/Documents/TransparentSF_from_git/transparentSF/ai/output/annual/3/19.md
2025-09-11 12:55:01,573 - INFO - Would migrate: /Users/simongoldman/Documents/TransparentSF_from_git/transparentSF/ai/output/annual/3/29.md
2025-09-11 12:55:01,573 - INFO - Would migrate: /Users/simongoldman/Documents/TransparentSF_from_git/transparentSF/ai/output/annual/3/4.md
2025-09-11 12:55:01,573 - INFO - Would migrate: /Users/simongoldman/Documents/TransparentSF_from_git/transparentSF/ai/output/annual/3/16.md
2025-09-11 12:55:01,573 - INFO - Would migrate: /Users/simongoldman/Documents/TransparentSF_from_git/transparentSF/ai/output/annual/3/22.md
2025-09-11 12:55:01,573 - INFO - Would migrate: /Users/simongoldman/Documents/TransparentSF_from_git/transparentSF/ai/output/annual/3/63.md
2025-09-11 12:55:01,573 - INFO - Would migrate: /Users/simongoldman/Documents/TransparentSF_from_git/transparentSF/ai/output/annual/3/12.md
2025-09-11 12:55:01,573 - INFO - Would migrate: /Users/simongoldman/Documents/TransparentSF_from_git/transparentSF/ai/output/annual/3/46.md
2025-09-11 12:55:01,573 - INFO - Would migrate: /Users/simongoldman/Documents/TransparentSF_from_git/transparentSF/ai/output/annual/3/17.md
2025-09-11 12:55:01,573 - INFO - Would migrate: /Users/simongoldman/Documents/TransparentSF_from_git/transparentSF/ai/output/annual/3/23.md
2025-09-11 12:55:01,573 - INFO - Would migrate: /Users/simongoldman/Documents/TransparentSF_from_git/transparentSF/ai/output/annual/3/24.md
2025-09-11 12:55:01,573 - INFO - Would migrate: /Users/simongoldman/Documents/TransparentSF_from_git/transparentSF/ai/output/annual/3/9.md
2025-09-11 12:55:01,573 - INFO - Would migrate: /Users/simongoldman/Documents/TransparentSF_from_git/transparentSF/ai/output/annual/3/65.md
2025-09-11 12:55:01,573 - INFO - Would migrate: /Users/simongoldman/Documents/TransparentSF_from_git/transparentSF/ai/output/annual/3/34.md
2025-09-11 12:55:01,573 - INFO - Would migrate: /Users/simongoldman/Documents/TransparentSF_from_git/transparentSF/ai/output/annual/3/14.md
2025-09-11 12:55:01,573 - INFO - Would migrate: /Users/simongoldman/Documents/TransparentSF_from_git/transparentSF/ai/output/annual/3/30.md
2025-09-11 12:55:01,574 - INFO - Would migrate: /Users/simongoldman/Documents/TransparentSF_from_git/transparentSF/ai/output/annual/3/15.md
2025-09-11 12:55:01,574 - INFO - Would migrate: /Users/simongoldman/Documents/TransparentSF_from_git/transparentSF/ai/output/annual/3/40.md
2025-09-11 12:55:01,574 - INFO - Would migrate: /Users/simongoldman/Documents/TransparentSF_from_git/transparentSF/ai/output/annual/3/8.md
2025-09-11 12:55:01,574 - INFO - Would migrate: /Users/simongoldman/Documents/TransparentSF_from_git/transparentSF/ai/output/annual/3/35.md
2025-09-11 12:55:01,574 - INFO - Would migrate: /Users/simongoldman/Documents/TransparentSF_from_git/transparentSF/ai/output/annual/3/3.md
2025-09-11 12:55:01,574 - INFO - Would migrate: /Users/simongoldman/Documents/TransparentSF_from_git/transparentSF/ai/output/annual/3/2.md
2025-09-11 12:55:01,574 - INFO - Would migrate: /Users/simongoldman/Documents/TransparentSF_from_git/transparentSF/ai/output/annual/11.0/19.md
2025-09-11 12:55:01,574 - INFO - Would migrate: /Users/simongoldman/Documents/TransparentSF_from_git/transparentSF/ai/output/annual/11.0/30.md
2025-09-11 12:55:01,574 - INFO - Would migrate: /Users/simongoldman/Documents/TransparentSF_from_git/transparentSF/ai/output/annual/4.0/19.md
2025-09-11 12:55:01,574 - INFO - Would migrate: /Users/simongoldman/Documents/TransparentSF_from_git/transparentSF/ai/output/annual/4.0/30.md
2025-09-11 12:55:01,574 - INFO - Would migrate: /Users/simongoldman/Documents/TransparentSF_from_git/transparentSF/ai/output/annual/2/69.md
2025-09-11 12:55:01,574 - INFO - Would migrate: /Users/simongoldman/Documents/TransparentSF_from_git/transparentSF/ai/output/annual/2/38.md
2025-09-11 12:55:01,574 - INFO - Would migrate: /Users/simongoldman/Documents/TransparentSF_from_git/transparentSF/ai/output/annual/2/18.md
2025-09-11 12:55:01,574 - INFO - Would migrate: /Users/simongoldman/Documents/TransparentSF_from_git/transparentSF/ai/output/annual/2/1.md
2025-09-11 12:55:01,574 - INFO - Would migrate: /Users/simongoldman/Documents/TransparentSF_from_git/transparentSF/ai/output/annual/2/19.md
2025-09-11 12:55:01,575 - INFO - Would migrate: /Users/simongoldman/Documents/TransparentSF_from_git/transparentSF/ai/output/annual/2/29.md
2025-09-11 12:55:01,575 - INFO - Would migrate: /Users/simongoldman/Documents/TransparentSF_from_git/transparentSF/ai/output/annual/2/4.md
2025-09-11 12:55:01,575 - INFO - Would migrate: /Users/simongoldman/Documents/TransparentSF_from_git/transparentSF/ai/output/annual/2/16.md
2025-09-11 12:55:01,575 - INFO - Would migrate: /Users/simongoldman/Documents/TransparentSF_from_git/transparentSF/ai/output/annual/2/22.md
2025-09-11 12:55:01,575 - INFO - Would migrate: /Users/simongoldman/Documents/TransparentSF_from_git/transparentSF/ai/output/annual/2/63.md
2025-09-11 12:55:01,575 - INFO - Would migrate: /Users/simongoldman/Documents/TransparentSF_from_git/transparentSF/ai/output/annual/2/12.md
2025-09-11 12:55:01,575 - INFO - Would migrate: /Users/simongoldman/Documents/TransparentSF_from_git/transparentSF/ai/output/annual/2/17.md
2025-09-11 12:55:01,575 - INFO - Would migrate: /Users/simongoldman/Documents/TransparentSF_from_git/transparentSF/ai/output/annual/2/23.md
2025-09-11 12:55:01,575 - INFO - Would migrate: /Users/simongoldman/Documents/TransparentSF_from_git/transparentSF/ai/output/annual/2/24.md
2025-09-11 12:55:01,575 - INFO - Would migrate: /Users/simongoldman/Documents/TransparentSF_from_git/transparentSF/ai/output/annual/2/9.md
2025-09-11 12:55:01,575 - INFO - Would migrate: /Users/simongoldman/Documents/TransparentSF_from_git/transparentSF/ai/output/annual/2/65.md
2025-09-11 12:55:01,575 - INFO - Would migrate: /Users/simongoldman/Documents/TransparentSF_from_git/transparentSF/ai/output/annual/2/34.md
2025-09-11 12:55:01,575 - INFO - Would migrate: /Users/simongoldman/Documents/TransparentSF_from_git/transparentSF/ai/output/annual/2/14.md
2025-09-11 12:55:01,575 - INFO - Would migrate: /Users/simongoldman/Documents/TransparentSF_from_git/transparentSF/ai/output/annual/2/30.md
2025-09-11 12:55:01,575 - INFO - Would migrate: /Users/simongoldman/Documents/TransparentSF_from_git/transparentSF/ai/output/annual/2/15.md
2025-09-11 12:55:01,575 - INFO - Would migrate: /Users/simongoldman/Documents/TransparentSF_from_git/transparentSF/ai/output/annual/2/40.md
2025-09-11 12:55:01,575 - INFO - Would migrate: /Users/simongoldman/Documents/TransparentSF_from_git/transparentSF/ai/output/annual/2/8.md
2025-09-11 12:55:01,575 - INFO - Would migrate: /Users/simongoldman/Documents/TransparentSF_from_git/transparentSF/ai/output/annual/2/35.md
2025-09-11 12:55:01,575 - INFO - Would migrate: /Users/simongoldman/Documents/TransparentSF_from_git/transparentSF/ai/output/annual/2/3.md
2025-09-11 12:55:01,575 - INFO - Would migrate: /Users/simongoldman/Documents/TransparentSF_from_git/transparentSF/ai/output/annual/2/2.md
2025-09-11 12:55:01,575 - INFO - Would migrate: /Users/simongoldman/Documents/TransparentSF_from_git/transparentSF/ai/output/annual/5/69.md
2025-09-11 12:55:01,575 - INFO - Would migrate: /Users/simongoldman/Documents/TransparentSF_from_git/transparentSF/ai/output/annual/5/38.md
2025-09-11 12:55:01,575 - INFO - Would migrate: /Users/simongoldman/Documents/TransparentSF_from_git/transparentSF/ai/output/annual/5/18.md
2025-09-11 12:55:01,575 - INFO - Would migrate: /Users/simongoldman/Documents/TransparentSF_from_git/transparentSF/ai/output/annual/5/1.md
2025-09-11 12:55:01,575 - INFO - Would migrate: /Users/simongoldman/Documents/TransparentSF_from_git/transparentSF/ai/output/annual/5/19.md
2025-09-11 12:55:01,575 - INFO - Would migrate: /Users/simongoldman/Documents/TransparentSF_from_git/transparentSF/ai/output/annual/5/29.md
2025-09-11 12:55:01,575 - INFO - Would migrate: /Users/simongoldman/Documents/TransparentSF_from_git/transparentSF/ai/output/annual/5/4.md
2025-09-11 12:55:01,575 - INFO - Would migrate: /Users/simongoldman/Documents/TransparentSF_from_git/transparentSF/ai/output/annual/5/16.md
2025-09-11 12:55:01,575 - INFO - Would migrate: /Users/simongoldman/Documents/TransparentSF_from_git/transparentSF/ai/output/annual/5/22.md
2025-09-11 12:55:01,575 - INFO - Would migrate: /Users/simongoldman/Documents/TransparentSF_from_git/transparentSF/ai/output/annual/5/63.md
2025-09-11 12:55:01,575 - INFO - Would migrate: /Users/simongoldman/Documents/TransparentSF_from_git/transparentSF/ai/output/annual/5/12.md
2025-09-11 12:55:01,575 - INFO - Would migrate: /Users/simongoldman/Documents/TransparentSF_from_git/transparentSF/ai/output/annual/5/17.md
2025-09-11 12:55:01,575 - INFO - Would migrate: /Users/simongoldman/Documents/TransparentSF_from_git/transparentSF/ai/output/annual/5/23.md
2025-09-11 12:55:01,575 - INFO - Would migrate: /Users/simongoldman/Documents/TransparentSF_from_git/transparentSF/ai/output/annual/5/24.md
2025-09-11 12:55:01,575 - INFO - Would migrate: /Users/simongoldman/Documents/TransparentSF_from_git/transparentSF/ai/output/annual/5/9.md
2025-09-11 12:55:01,575 - INFO - Would migrate: /Users/simongoldman/Documents/TransparentSF_from_git/transparentSF/ai/output/annual/5/65.md
2025-09-11 12:55:01,575 - INFO - Would migrate: /Users/simongoldman/Documents/TransparentSF_from_git/transparentSF/ai/output/annual/5/34.md
2025-09-11 12:55:01,575 - INFO - Would migrate: /Users/simongoldman/Documents/TransparentSF_from_git/transparentSF/ai/output/annual/5/14.md
2025-09-11 12:55:01,575 - INFO - Would migrate: /Users/simongoldman/Documents/TransparentSF_from_git/transparentSF/ai/output/annual/5/30.md
2025-09-11 12:55:01,575 - INFO - Would migrate: /Users/simongoldman/Documents/TransparentSF_from_git/transparentSF/ai/output/annual/5/15.md
2025-09-11 12:55:01,575 - INFO - Would migrate: /Users/simongoldman/Documents/TransparentSF_from_git/transparentSF/ai/output/annual/5/40.md
2025-09-11 12:55:01,575 - INFO - Would migrate: /Users/simongoldman/Documents/TransparentSF_from_git/transparentSF/ai/output/annual/5/8.md
2025-09-11 12:55:01,576 - INFO - Would migrate: /Users/simongoldman/Documents/TransparentSF_from_git/transparentSF/ai/output/annual/5/35.md
2025-09-11 12:55:01,576 - INFO - Would migrate: /Users/simongoldman/Documents/TransparentSF_from_git/transparentSF/ai/output/annual/5/3.md
2025-09-11 12:55:01,576 - INFO - Would migrate: /Users/simongoldman/Documents/TransparentSF_from_git/transparentSF/ai/output/annual/5/2.md
2025-09-11 12:55:01,576 - INFO - Would migrate: /Users/simongoldman/Documents/TransparentSF_from_git/transparentSF/ai/output/annual/5.00000/19.md
2025-09-11 12:55:01,576 - INFO - Would migrate: /Users/simongoldman/Documents/TransparentSF_from_git/transparentSF/ai/output/annual/5.00000/30.md
2025-09-11 12:55:01,576 - INFO - Migrating weekly files...
2025-09-11 12:55:01,576 - INFO - Would migrate: /Users/simongoldman/Documents/TransparentSF_from_git/transparentSF/ai/output/weekly/9/16.json
2025-09-11 12:55:01,576 - INFO - Would migrate: /Users/simongoldman/Documents/TransparentSF_from_git/transparentSF/ai/output/weekly/9/1.md
2025-09-11 12:55:01,576 - INFO - Would migrate: /Users/simongoldman/Documents/TransparentSF_from_git/transparentSF/ai/output/weekly/9/19.md
2025-09-11 12:55:01,576 - INFO - Would migrate: /Users/simongoldman/Documents/TransparentSF_from_git/transparentSF/ai/output/weekly/9/29.md
2025-09-11 12:55:01,576 - INFO - Would migrate: /Users/simongoldman/Documents/TransparentSF_from_git/transparentSF/ai/output/weekly/9/4.md
2025-09-11 12:55:01,576 - INFO - Would migrate: /Users/simongoldman/Documents/TransparentSF_from_git/transparentSF/ai/output/weekly/9/16.md
2025-09-11 12:55:01,576 - INFO - Would migrate: /Users/simongoldman/Documents/TransparentSF_from_git/transparentSF/ai/output/weekly/9/22.md
2025-09-11 12:55:01,576 - INFO - Would migrate: /Users/simongoldman/Documents/TransparentSF_from_git/transparentSF/ai/output/weekly/9/30.json
2025-09-11 12:55:01,576 - INFO - Would migrate: /Users/simongoldman/Documents/TransparentSF_from_git/transparentSF/ai/output/weekly/9/1.json
2025-09-11 12:55:01,576 - INFO - Would migrate: /Users/simongoldman/Documents/TransparentSF_from_git/transparentSF/ai/output/weekly/9/23.md
2025-09-11 12:55:01,576 - INFO - Would migrate: /Users/simongoldman/Documents/TransparentSF_from_git/transparentSF/ai/output/weekly/9/2.json
2025-09-11 12:55:01,576 - INFO - Would migrate: /Users/simongoldman/Documents/TransparentSF_from_git/transparentSF/ai/output/weekly/9/24.md
2025-09-11 12:55:01,576 - INFO - Would migrate: /Users/simongoldman/Documents/TransparentSF_from_git/transparentSF/ai/output/weekly/9/9.md
2025-09-11 12:55:01,576 - INFO - Would migrate: /Users/simongoldman/Documents/TransparentSF_from_git/transparentSF/ai/output/weekly/9/34.md
2025-09-11 12:55:01,576 - INFO - Would migrate: /Users/simongoldman/Documents/TransparentSF_from_git/transparentSF/ai/output/weekly/9/24.json
2025-09-11 12:55:01,576 - INFO - Would migrate: /Users/simongoldman/Documents/TransparentSF_from_git/transparentSF/ai/output/weekly/9/30.md
2025-09-11 12:55:01,576 - INFO - Would migrate: /Users/simongoldman/Documents/TransparentSF_from_git/transparentSF/ai/output/weekly/9/15.md
2025-09-11 12:55:01,576 - INFO - Would migrate: /Users/simongoldman/Documents/TransparentSF_from_git/transparentSF/ai/output/weekly/9/29.json
2025-09-11 12:55:01,576 - INFO - Would migrate: /Users/simongoldman/Documents/TransparentSF_from_git/transparentSF/ai/output/weekly/9/8.md
2025-09-11 12:55:01,576 - INFO - Would migrate: /Users/simongoldman/Documents/TransparentSF_from_git/transparentSF/ai/output/weekly/9/3.json
2025-09-11 12:55:01,576 - INFO - Would migrate: /Users/simongoldman/Documents/TransparentSF_from_git/transparentSF/ai/output/weekly/9/34.json
2025-09-11 12:55:01,576 - INFO - Would migrate: /Users/simongoldman/Documents/TransparentSF_from_git/transparentSF/ai/output/weekly/9/8.json
2025-09-11 12:55:01,576 - INFO - Would migrate: /Users/simongoldman/Documents/TransparentSF_from_git/transparentSF/ai/output/weekly/9/22.json
2025-09-11 12:55:01,576 - INFO - Would migrate: /Users/simongoldman/Documents/TransparentSF_from_git/transparentSF/ai/output/weekly/9/3.md
2025-09-11 12:55:01,576 - INFO - Would migrate: /Users/simongoldman/Documents/TransparentSF_from_git/transparentSF/ai/output/weekly/9/4.json
2025-09-11 12:55:01,576 - INFO - Would migrate: /Users/simongoldman/Documents/TransparentSF_from_git/transparentSF/ai/output/weekly/9/15.json
2025-09-11 12:55:01,576 - INFO - Would migrate: /Users/simongoldman/Documents/TransparentSF_from_git/transparentSF/ai/output/weekly/9/19.json
2025-09-11 12:55:01,576 - INFO - Would migrate: /Users/simongoldman/Documents/TransparentSF_from_git/transparentSF/ai/output/weekly/9/23.json
2025-09-11 12:55:01,576 - INFO - Would migrate: /Users/simongoldman/Documents/TransparentSF_from_git/transparentSF/ai/output/weekly/9/9.json
2025-09-11 12:55:01,576 - INFO - Would migrate: /Users/simongoldman/Documents/TransparentSF_from_git/transparentSF/ai/output/weekly/9/2.md
2025-09-11 12:55:01,576 - INFO - Would migrate: /Users/simongoldman/Documents/TransparentSF_from_git/transparentSF/ai/output/weekly/0/5.md
2025-09-11 12:55:01,576 - INFO - Would migrate: /Users/simongoldman/Documents/TransparentSF_from_git/transparentSF/ai/output/weekly/0/38.md
2025-09-11 12:55:01,576 - INFO - Would migrate: /Users/simongoldman/Documents/TransparentSF_from_git/transparentSF/ai/output/weekly/0/1.md
2025-09-11 12:55:01,576 - INFO - Would migrate: /Users/simongoldman/Documents/TransparentSF_from_git/transparentSF/ai/output/weekly/0/19.md
2025-09-11 12:55:01,576 - INFO - Would migrate: /Users/simongoldman/Documents/TransparentSF_from_git/transparentSF/ai/output/weekly/0/29.md
2025-09-11 12:55:01,576 - INFO - Would migrate: /Users/simongoldman/Documents/TransparentSF_from_git/transparentSF/ai/output/weekly/0/4.md
2025-09-11 12:55:01,576 - INFO - Would migrate: /Users/simongoldman/Documents/TransparentSF_from_git/transparentSF/ai/output/weekly/0/16.md
2025-09-11 12:55:01,576 - INFO - Would migrate: /Users/simongoldman/Documents/TransparentSF_from_git/transparentSF/ai/output/weekly/0/22.md
2025-09-11 12:55:01,576 - INFO - Would migrate: /Users/simongoldman/Documents/TransparentSF_from_git/transparentSF/ai/output/weekly/0/63.md
2025-09-11 12:55:01,576 - INFO - Would migrate: /Users/simongoldman/Documents/TransparentSF_from_git/transparentSF/ai/output/weekly/0/32.md
2025-09-11 12:55:01,576 - INFO - Would migrate: /Users/simongoldman/Documents/TransparentSF_from_git/transparentSF/ai/output/weekly/0/43.md
2025-09-11 12:55:01,576 - INFO - Would migrate: /Users/simongoldman/Documents/TransparentSF_from_git/transparentSF/ai/output/weekly/0/13.md
2025-09-11 12:55:01,576 - INFO - Would migrate: /Users/simongoldman/Documents/TransparentSF_from_git/transparentSF/ai/output/weekly/0/23.md
2025-09-11 12:55:01,577 - INFO - Would migrate: /Users/simongoldman/Documents/TransparentSF_from_git/transparentSF/ai/output/weekly/0/33.md
2025-09-11 12:55:01,577 - INFO - Would migrate: /Users/simongoldman/Documents/TransparentSF_from_git/transparentSF/ai/output/weekly/0/24.md
2025-09-11 12:55:01,577 - INFO - Would migrate: /Users/simongoldman/Documents/TransparentSF_from_git/transparentSF/ai/output/weekly/0/41.md
2025-09-11 12:55:01,577 - INFO - Would migrate: /Users/simongoldman/Documents/TransparentSF_from_git/transparentSF/ai/output/weekly/0/10.md
2025-09-11 12:55:01,577 - INFO - Would migrate: /Users/simongoldman/Documents/TransparentSF_from_git/transparentSF/ai/output/weekly/0/9.md
2025-09-11 12:55:01,577 - INFO - Would migrate: /Users/simongoldman/Documents/TransparentSF_from_git/transparentSF/ai/output/weekly/0/34.md
2025-09-11 12:55:01,577 - INFO - Would migrate: /Users/simongoldman/Documents/TransparentSF_from_git/transparentSF/ai/output/weekly/0/30.md
2025-09-11 12:55:01,577 - INFO - Would migrate: /Users/simongoldman/Documents/TransparentSF_from_git/transparentSF/ai/output/weekly/0/15.md
2025-09-11 12:55:01,577 - INFO - Would migrate: /Users/simongoldman/Documents/TransparentSF_from_git/transparentSF/ai/output/weekly/0/40.md
2025-09-11 12:55:01,577 - INFO - Would migrate: /Users/simongoldman/Documents/TransparentSF_from_git/transparentSF/ai/output/weekly/0/8.md
2025-09-11 12:55:01,577 - INFO - Would migrate: /Users/simongoldman/Documents/TransparentSF_from_git/transparentSF/ai/output/weekly/0/35.md
2025-09-11 12:55:01,577 - INFO - Would migrate: /Users/simongoldman/Documents/TransparentSF_from_git/transparentSF/ai/output/weekly/0/3.md
2025-09-11 12:55:01,577 - INFO - Would migrate: /Users/simongoldman/Documents/TransparentSF_from_git/transparentSF/ai/output/weekly/0/7.md
2025-09-11 12:55:01,577 - INFO - Would migrate: /Users/simongoldman/Documents/TransparentSF_from_git/transparentSF/ai/output/weekly/0/6.md
2025-09-11 12:55:01,577 - INFO - Would migrate: /Users/simongoldman/Documents/TransparentSF_from_git/transparentSF/ai/output/weekly/0/2.md
2025-09-11 12:55:01,577 - INFO - Would migrate: /Users/simongoldman/Documents/TransparentSF_from_git/transparentSF/ai/output/weekly/11/16.json
2025-09-11 12:55:01,577 - INFO - Would migrate: /Users/simongoldman/Documents/TransparentSF_from_git/transparentSF/ai/output/weekly/11/1.md
2025-09-11 12:55:01,577 - INFO - Would migrate: /Users/simongoldman/Documents/TransparentSF_from_git/transparentSF/ai/output/weekly/11/19.md
2025-09-11 12:55:01,577 - INFO - Would migrate: /Users/simongoldman/Documents/TransparentSF_from_git/transparentSF/ai/output/weekly/11/29.md
2025-09-11 12:55:01,577 - INFO - Would migrate: /Users/simongoldman/Documents/TransparentSF_from_git/transparentSF/ai/output/weekly/11/4.md
2025-09-11 12:55:01,577 - INFO - Would migrate: /Users/simongoldman/Documents/TransparentSF_from_git/transparentSF/ai/output/weekly/11/16.md
2025-09-11 12:55:01,577 - INFO - Would migrate: /Users/simongoldman/Documents/TransparentSF_from_git/transparentSF/ai/output/weekly/11/22.md
2025-09-11 12:55:01,577 - INFO - Would migrate: /Users/simongoldman/Documents/TransparentSF_from_git/transparentSF/ai/output/weekly/11/30.json
2025-09-11 12:55:01,577 - INFO - Would migrate: /Users/simongoldman/Documents/TransparentSF_from_git/transparentSF/ai/output/weekly/11/1.json
2025-09-11 12:55:01,577 - INFO - Would migrate: /Users/simongoldman/Documents/TransparentSF_from_git/transparentSF/ai/output/weekly/11/23.md
2025-09-11 12:55:01,577 - INFO - Would migrate: /Users/simongoldman/Documents/TransparentSF_from_git/transparentSF/ai/output/weekly/11/2.json
2025-09-11 12:55:01,577 - INFO - Would migrate: /Users/simongoldman/Documents/TransparentSF_from_git/transparentSF/ai/output/weekly/11/24.md
2025-09-11 12:55:01,577 - INFO - Would migrate: /Users/simongoldman/Documents/TransparentSF_from_git/transparentSF/ai/output/weekly/11/9.md
2025-09-11 12:55:01,577 - INFO - Would migrate: /Users/simongoldman/Documents/TransparentSF_from_git/transparentSF/ai/output/weekly/11/24.json
2025-09-11 12:55:01,577 - INFO - Would migrate: /Users/simongoldman/Documents/TransparentSF_from_git/transparentSF/ai/output/weekly/11/30.md
2025-09-11 12:55:01,577 - INFO - Would migrate: /Users/simongoldman/Documents/TransparentSF_from_git/transparentSF/ai/output/weekly/11/15.md
2025-09-11 12:55:01,577 - INFO - Would migrate: /Users/simongoldman/Documents/TransparentSF_from_git/transparentSF/ai/output/weekly/11/29.json
2025-09-11 12:55:01,577 - INFO - Would migrate: /Users/simongoldman/Documents/TransparentSF_from_git/transparentSF/ai/output/weekly/11/8.md
2025-09-11 12:55:01,577 - INFO - Would migrate: /Users/simongoldman/Documents/TransparentSF_from_git/transparentSF/ai/output/weekly/11/3.json
2025-09-11 12:55:01,577 - INFO - Would migrate: /Users/simongoldman/Documents/TransparentSF_from_git/transparentSF/ai/output/weekly/11/8.json
2025-09-11 12:55:01,577 - INFO - Would migrate: /Users/simongoldman/Documents/TransparentSF_from_git/transparentSF/ai/output/weekly/11/22.json
2025-09-11 12:55:01,577 - INFO - Would migrate: /Users/simongoldman/Documents/TransparentSF_from_git/transparentSF/ai/output/weekly/11/3.md
2025-09-11 12:55:01,577 - INFO - Would migrate: /Users/simongoldman/Documents/TransparentSF_from_git/transparentSF/ai/output/weekly/11/4.json
2025-09-11 12:55:01,577 - INFO - Would migrate: /Users/simongoldman/Documents/TransparentSF_from_git/transparentSF/ai/output/weekly/11/15.json
2025-09-11 12:55:01,577 - INFO - Would migrate: /Users/simongoldman/Documents/TransparentSF_from_git/transparentSF/ai/output/weekly/11/19.json
2025-09-11 12:55:01,577 - INFO - Would migrate: /Users/simongoldman/Documents/TransparentSF_from_git/transparentSF/ai/output/weekly/11/23.json
2025-09-11 12:55:01,577 - INFO - Would migrate: /Users/simongoldman/Documents/TransparentSF_from_git/transparentSF/ai/output/weekly/11/9.json
2025-09-11 12:55:01,577 - INFO - Would migrate: /Users/simongoldman/Documents/TransparentSF_from_git/transparentSF/ai/output/weekly/11/2.md
2025-09-11 12:55:01,577 - INFO - Would migrate: /Users/simongoldman/Documents/TransparentSF_from_git/transparentSF/ai/output/weekly/7/16.json
2025-09-11 12:55:01,577 - INFO - Would migrate: /Users/simongoldman/Documents/TransparentSF_from_git/transparentSF/ai/output/weekly/7/1.md
2025-09-11 12:55:01,577 - INFO - Would migrate: /Users/simongoldman/Documents/TransparentSF_from_git/transparentSF/ai/output/weekly/7/19.md
2025-09-11 12:55:01,577 - INFO - Would migrate: /Users/simongoldman/Documents/TransparentSF_from_git/transparentSF/ai/output/weekly/7/4.md
2025-09-11 12:55:01,577 - INFO - Would migrate: /Users/simongoldman/Documents/TransparentSF_from_git/transparentSF/ai/output/weekly/7/16.md
2025-09-11 12:55:01,577 - INFO - Would migrate: /Users/simongoldman/Documents/TransparentSF_from_git/transparentSF/ai/output/weekly/7/22.md
2025-09-11 12:55:01,578 - INFO - Would migrate: /Users/simongoldman/Documents/TransparentSF_from_git/transparentSF/ai/output/weekly/7/30.json
2025-09-11 12:55:01,578 - INFO - Would migrate: /Users/simongoldman/Documents/TransparentSF_from_git/transparentSF/ai/output/weekly/7/1.json
2025-09-11 12:55:01,578 - INFO - Would migrate: /Users/simongoldman/Documents/TransparentSF_from_git/transparentSF/ai/output/weekly/7/23.md
2025-09-11 12:55:01,578 - INFO - Would migrate: /Users/simongoldman/Documents/TransparentSF_from_git/transparentSF/ai/output/weekly/7/2.json
2025-09-11 12:55:01,638 - INFO - Would migrate: /Users/simongoldman/Documents/TransparentSF_from_git/transparentSF/ai/output/weekly/7/24.md
2025-09-11 12:55:01,638 - INFO - Would migrate: /Users/simongoldman/Documents/TransparentSF_from_git/transparentSF/ai/output/weekly/7/9.md
2025-09-11 12:55:01,638 - INFO - Would migrate: /Users/simongoldman/Documents/TransparentSF_from_git/transparentSF/ai/output/weekly/7/34.md
2025-09-11 12:55:01,638 - INFO - Would migrate: /Users/simongoldman/Documents/TransparentSF_from_git/transparentSF/ai/output/weekly/7/24.json
2025-09-11 12:55:01,638 - INFO - Would migrate: /Users/simongoldman/Documents/TransparentSF_from_git/transparentSF/ai/output/weekly/7/30.md
2025-09-11 12:55:01,638 - INFO - Would migrate: /Users/simongoldman/Documents/TransparentSF_from_git/transparentSF/ai/output/weekly/7/15.md
2025-09-11 12:55:01,638 - INFO - Would migrate: /Users/simongoldman/Documents/TransparentSF_from_git/transparentSF/ai/output/weekly/7/8.md
2025-09-11 12:55:01,638 - INFO - Would migrate: /Users/simongoldman/Documents/TransparentSF_from_git/transparentSF/ai/output/weekly/7/3.json
2025-09-11 12:55:01,638 - INFO - Would migrate: /Users/simongoldman/Documents/TransparentSF_from_git/transparentSF/ai/output/weekly/7/34.json
2025-09-11 12:55:01,638 - INFO - Would migrate: /Users/simongoldman/Documents/TransparentSF_from_git/transparentSF/ai/output/weekly/7/8.json
2025-09-11 12:55:01,639 - INFO - Would migrate: /Users/simongoldman/Documents/TransparentSF_from_git/transparentSF/ai/output/weekly/7/22.json
2025-09-11 12:55:01,639 - INFO - Would migrate: /Users/simongoldman/Documents/TransparentSF_from_git/transparentSF/ai/output/weekly/7/3.md
2025-09-11 12:55:01,639 - INFO - Would migrate: /Users/simongoldman/Documents/TransparentSF_from_git/transparentSF/ai/output/weekly/7/4.json
2025-09-11 12:55:01,639 - INFO - Would migrate: /Users/simongoldman/Documents/TransparentSF_from_git/transparentSF/ai/output/weekly/7/15.json
2025-09-11 12:55:01,639 - INFO - Would migrate: /Users/simongoldman/Documents/TransparentSF_from_git/transparentSF/ai/output/weekly/7/19.json
2025-09-11 12:55:01,639 - INFO - Would migrate: /Users/simongoldman/Documents/TransparentSF_from_git/transparentSF/ai/output/weekly/7/23.json
2025-09-11 12:55:01,639 - INFO - Would migrate: /Users/simongoldman/Documents/TransparentSF_from_git/transparentSF/ai/output/weekly/7/9.json
2025-09-11 12:55:01,639 - INFO - Would migrate: /Users/simongoldman/Documents/TransparentSF_from_git/transparentSF/ai/output/weekly/7/2.md
2025-09-11 12:55:01,639 - INFO - Would migrate: /Users/simongoldman/Documents/TransparentSF_from_git/transparentSF/ai/output/weekly/6/41.json
2025-09-11 12:55:01,639 - INFO - Would migrate: /Users/simongoldman/Documents/TransparentSF_from_git/transparentSF/ai/output/weekly/6/16.json
2025-09-11 12:55:01,639 - INFO - Would migrate: /Users/simongoldman/Documents/TransparentSF_from_git/transparentSF/ai/output/weekly/6/1.md
2025-09-11 12:55:01,639 - INFO - Would migrate: /Users/simongoldman/Documents/TransparentSF_from_git/transparentSF/ai/output/weekly/6/19.md
2025-09-11 12:55:01,639 - INFO - Would migrate: /Users/simongoldman/Documents/TransparentSF_from_git/transparentSF/ai/output/weekly/6/29.md
2025-09-11 12:55:01,639 - INFO - Would migrate: /Users/simongoldman/Documents/TransparentSF_from_git/transparentSF/ai/output/weekly/6/4.md
2025-09-11 12:55:01,639 - INFO - Would migrate: /Users/simongoldman/Documents/TransparentSF_from_git/transparentSF/ai/output/weekly/6/16.md
2025-09-11 12:55:01,639 - INFO - Would migrate: /Users/simongoldman/Documents/TransparentSF_from_git/transparentSF/ai/output/weekly/6/22.md
2025-09-11 12:55:01,639 - INFO - Would migrate: /Users/simongoldman/Documents/TransparentSF_from_git/transparentSF/ai/output/weekly/6/43.md
2025-09-11 12:55:01,639 - INFO - Would migrate: /Users/simongoldman/Documents/TransparentSF_from_git/transparentSF/ai/output/weekly/6/30.json
2025-09-11 12:55:01,639 - INFO - Would migrate: /Users/simongoldman/Documents/TransparentSF_from_git/transparentSF/ai/output/weekly/6/1.json
2025-09-11 12:55:01,639 - INFO - Would migrate: /Users/simongoldman/Documents/TransparentSF_from_git/transparentSF/ai/output/weekly/6/23.md
2025-09-11 12:55:01,639 - INFO - Would migrate: /Users/simongoldman/Documents/TransparentSF_from_git/transparentSF/ai/output/weekly/6/2.json
2025-09-11 12:55:01,639 - INFO - Would migrate: /Users/simongoldman/Documents/TransparentSF_from_git/transparentSF/ai/output/weekly/6/24.md
2025-09-11 12:55:01,639 - INFO - Would migrate: /Users/simongoldman/Documents/TransparentSF_from_git/transparentSF/ai/output/weekly/6/41.md
2025-09-11 12:55:01,639 - INFO - Would migrate: /Users/simongoldman/Documents/TransparentSF_from_git/transparentSF/ai/output/weekly/6/9.md
2025-09-11 12:55:01,639 - INFO - Would migrate: /Users/simongoldman/Documents/TransparentSF_from_git/transparentSF/ai/output/weekly/6/34.md
2025-09-11 12:55:01,639 - INFO - Would migrate: /Users/simongoldman/Documents/TransparentSF_from_git/transparentSF/ai/output/weekly/6/24.json
2025-09-11 12:55:01,639 - INFO - Would migrate: /Users/simongoldman/Documents/TransparentSF_from_git/transparentSF/ai/output/weekly/6/30.md
2025-09-11 12:55:01,639 - INFO - Would migrate: /Users/simongoldman/Documents/TransparentSF_from_git/transparentSF/ai/output/weekly/6/15.md
2025-09-11 12:55:01,639 - INFO - Would migrate: /Users/simongoldman/Documents/TransparentSF_from_git/transparentSF/ai/output/weekly/6/29.json
2025-09-11 12:55:01,639 - INFO - Would migrate: /Users/simongoldman/Documents/TransparentSF_from_git/transparentSF/ai/output/weekly/6/8.md
2025-09-11 12:55:01,639 - INFO - Would migrate: /Users/simongoldman/Documents/TransparentSF_from_git/transparentSF/ai/output/weekly/6/3.json
2025-09-11 12:55:01,639 - INFO - Would migrate: /Users/simongoldman/Documents/TransparentSF_from_git/transparentSF/ai/output/weekly/6/34.json
2025-09-11 12:55:01,639 - INFO - Would migrate: /Users/simongoldman/Documents/TransparentSF_from_git/transparentSF/ai/output/weekly/6/8.json
2025-09-11 12:55:01,639 - INFO - Would migrate: /Users/simongoldman/Documents/TransparentSF_from_git/transparentSF/ai/output/weekly/6/22.json
2025-09-11 12:55:01,639 - INFO - Would migrate: /Users/simongoldman/Documents/TransparentSF_from_git/transparentSF/ai/output/weekly/6/3.md
2025-09-11 12:55:01,639 - INFO - Would migrate: /Users/simongoldman/Documents/TransparentSF_from_git/transparentSF/ai/output/weekly/6/4.json
2025-09-11 12:55:01,639 - INFO - Would migrate: /Users/simongoldman/Documents/TransparentSF_from_git/transparentSF/ai/output/weekly/6/43.json
2025-09-11 12:55:01,639 - INFO - Would migrate: /Users/simongoldman/Documents/TransparentSF_from_git/transparentSF/ai/output/weekly/6/15.json
2025-09-11 12:55:01,639 - INFO - Would migrate: /Users/simongoldman/Documents/TransparentSF_from_git/transparentSF/ai/output/weekly/6/19.json
2025-09-11 12:55:01,639 - INFO - Would migrate: /Users/simongoldman/Documents/TransparentSF_from_git/transparentSF/ai/output/weekly/6/23.json
2025-09-11 12:55:01,639 - INFO - Would migrate: /Users/simongoldman/Documents/TransparentSF_from_git/transparentSF/ai/output/weekly/6/9.json
2025-09-11 12:55:01,639 - INFO - Would migrate: /Users/simongoldman/Documents/TransparentSF_from_git/transparentSF/ai/output/weekly/6/2.md
2025-09-11 12:55:01,640 - INFO - Would migrate: /Users/simongoldman/Documents/TransparentSF_from_git/transparentSF/ai/output/weekly/1/16.json
2025-09-11 12:55:01,640 - INFO - Would migrate: /Users/simongoldman/Documents/TransparentSF_from_git/transparentSF/ai/output/weekly/1/1.md
2025-09-11 12:55:01,640 - INFO - Would migrate: /Users/simongoldman/Documents/TransparentSF_from_git/transparentSF/ai/output/weekly/1/19.md
2025-09-11 12:55:01,640 - INFO - Would migrate: /Users/simongoldman/Documents/TransparentSF_from_git/transparentSF/ai/output/weekly/1/29.md
2025-09-11 12:55:01,640 - INFO - Would migrate: /Users/simongoldman/Documents/TransparentSF_from_git/transparentSF/ai/output/weekly/1/4.md
2025-09-11 12:55:01,640 - INFO - Would migrate: /Users/simongoldman/Documents/TransparentSF_from_git/transparentSF/ai/output/weekly/1/16.md
2025-09-11 12:55:01,640 - INFO - Would migrate: /Users/simongoldman/Documents/TransparentSF_from_git/transparentSF/ai/output/weekly/1/22.md
2025-09-11 12:55:01,640 - INFO - Would migrate: /Users/simongoldman/Documents/TransparentSF_from_git/transparentSF/ai/output/weekly/1/30.json
2025-09-11 12:55:01,640 - INFO - Would migrate: /Users/simongoldman/Documents/TransparentSF_from_git/transparentSF/ai/output/weekly/1/1.json
2025-09-11 12:55:01,640 - INFO - Would migrate: /Users/simongoldman/Documents/TransparentSF_from_git/transparentSF/ai/output/weekly/1/23.md
2025-09-11 12:55:01,640 - INFO - Would migrate: /Users/simongoldman/Documents/TransparentSF_from_git/transparentSF/ai/output/weekly/1/2.json
2025-09-11 12:55:01,640 - INFO - Would migrate: /Users/simongoldman/Documents/TransparentSF_from_git/transparentSF/ai/output/weekly/1/24.md
2025-09-11 12:55:01,640 - INFO - Would migrate: /Users/simongoldman/Documents/TransparentSF_from_git/transparentSF/ai/output/weekly/1/9.md
2025-09-11 12:55:01,640 - INFO - Would migrate: /Users/simongoldman/Documents/TransparentSF_from_git/transparentSF/ai/output/weekly/1/34.md
2025-09-11 12:55:01,640 - INFO - Would migrate: /Users/simongoldman/Documents/TransparentSF_from_git/transparentSF/ai/output/weekly/1/24.json
2025-09-11 12:55:01,640 - INFO - Would migrate: /Users/simongoldman/Documents/TransparentSF_from_git/transparentSF/ai/output/weekly/1/30.md
2025-09-11 12:55:01,640 - INFO - Would migrate: /Users/simongoldman/Documents/TransparentSF_from_git/transparentSF/ai/output/weekly/1/15.md
2025-09-11 12:55:01,640 - INFO - Would migrate: /Users/simongoldman/Documents/TransparentSF_from_git/transparentSF/ai/output/weekly/1/29.json
2025-09-11 12:55:01,640 - INFO - Would migrate: /Users/simongoldman/Documents/TransparentSF_from_git/transparentSF/ai/output/weekly/1/8.md
2025-09-11 12:55:01,640 - INFO - Would migrate: /Users/simongoldman/Documents/TransparentSF_from_git/transparentSF/ai/output/weekly/1/3.json
2025-09-11 12:55:01,640 - INFO - Would migrate: /Users/simongoldman/Documents/TransparentSF_from_git/transparentSF/ai/output/weekly/1/34.json
2025-09-11 12:55:01,640 - INFO - Would migrate: /Users/simongoldman/Documents/TransparentSF_from_git/transparentSF/ai/output/weekly/1/8.json
2025-09-11 12:55:01,640 - INFO - Would migrate: /Users/simongoldman/Documents/TransparentSF_from_git/transparentSF/ai/output/weekly/1/22.json
2025-09-11 12:55:01,640 - INFO - Would migrate: /Users/simongoldman/Documents/TransparentSF_from_git/transparentSF/ai/output/weekly/1/3.md
2025-09-11 12:55:01,640 - INFO - Would migrate: /Users/simongoldman/Documents/TransparentSF_from_git/transparentSF/ai/output/weekly/1/4.json
2025-09-11 12:55:01,640 - INFO - Would migrate: /Users/simongoldman/Documents/TransparentSF_from_git/transparentSF/ai/output/weekly/1/15.json
2025-09-11 12:55:01,640 - INFO - Would migrate: /Users/simongoldman/Documents/TransparentSF_from_git/transparentSF/ai/output/weekly/1/19.json
2025-09-11 12:55:01,640 - INFO - Would migrate: /Users/simongoldman/Documents/TransparentSF_from_git/transparentSF/ai/output/weekly/1/23.json
2025-09-11 12:55:01,640 - INFO - Would migrate: /Users/simongoldman/Documents/TransparentSF_from_git/transparentSF/ai/output/weekly/1/9.json
2025-09-11 12:55:01,640 - INFO - Would migrate: /Users/simongoldman/Documents/TransparentSF_from_git/transparentSF/ai/output/weekly/1/2.md
2025-09-11 12:55:01,640 - INFO - Would migrate: /Users/simongoldman/Documents/TransparentSF_from_git/transparentSF/ai/output/weekly/10/16.json
2025-09-11 12:55:01,640 - INFO - Would migrate: /Users/simongoldman/Documents/TransparentSF_from_git/transparentSF/ai/output/weekly/10/1.md
2025-09-11 12:55:01,640 - INFO - Would migrate: /Users/simongoldman/Documents/TransparentSF_from_git/transparentSF/ai/output/weekly/10/19.md
2025-09-11 12:55:01,640 - INFO - Would migrate: /Users/simongoldman/Documents/TransparentSF_from_git/transparentSF/ai/output/weekly/10/29.md
2025-09-11 12:55:01,640 - INFO - Would migrate: /Users/simongoldman/Documents/TransparentSF_from_git/transparentSF/ai/output/weekly/10/4.md
2025-09-11 12:55:01,640 - INFO - Would migrate: /Users/simongoldman/Documents/TransparentSF_from_git/transparentSF/ai/output/weekly/10/16.md
2025-09-11 12:55:01,640 - INFO - Would migrate: /Users/simongoldman/Documents/TransparentSF_from_git/transparentSF/ai/output/weekly/10/22.md
2025-09-11 12:55:01,640 - INFO - Would migrate: /Users/simongoldman/Documents/TransparentSF_from_git/transparentSF/ai/output/weekly/10/30.json
2025-09-11 12:55:01,640 - INFO - Would migrate: /Users/simongoldman/Documents/TransparentSF_from_git/transparentSF/ai/output/weekly/10/1.json
2025-09-11 12:55:01,640 - INFO - Would migrate: /Users/simongoldman/Documents/TransparentSF_from_git/transparentSF/ai/output/weekly/10/23.md
2025-09-11 12:55:01,640 - INFO - Would migrate: /Users/simongoldman/Documents/TransparentSF_from_git/transparentSF/ai/output/weekly/10/2.json
2025-09-11 12:55:01,640 - INFO - Would migrate: /Users/simongoldman/Documents/TransparentSF_from_git/transparentSF/ai/output/weekly/10/24.md
2025-09-11 12:55:01,640 - INFO - Would migrate: /Users/simongoldman/Documents/TransparentSF_from_git/transparentSF/ai/output/weekly/10/9.md
2025-09-11 12:55:01,640 - INFO - Would migrate: /Users/simongoldman/Documents/TransparentSF_from_git/transparentSF/ai/output/weekly/10/24.json
2025-09-11 12:55:01,640 - INFO - Would migrate: /Users/simongoldman/Documents/TransparentSF_from_git/transparentSF/ai/output/weekly/10/30.md
2025-09-11 12:55:01,640 - INFO - Would migrate: /Users/simongoldman/Documents/TransparentSF_from_git/transparentSF/ai/output/weekly/10/15.md
2025-09-11 12:55:01,640 - INFO - Would migrate: /Users/simongoldman/Documents/TransparentSF_from_git/transparentSF/ai/output/weekly/10/29.json
2025-09-11 12:55:01,640 - INFO - Would migrate: /Users/simongoldman/Documents/TransparentSF_from_git/transparentSF/ai/output/weekly/10/8.md
2025-09-11 12:55:01,640 - INFO - Would migrate: /Users/simongoldman/Documents/TransparentSF_from_git/transparentSF/ai/output/weekly/10/3.json
2025-09-11 12:55:01,640 - INFO - Would migrate: /Users/simongoldman/Documents/TransparentSF_from_git/transparentSF/ai/output/weekly/10/8.json
2025-09-11 12:55:01,640 - INFO - Would migrate: /Users/simongoldman/Documents/TransparentSF_from_git/transparentSF/ai/output/weekly/10/22.json
2025-09-11 12:55:01,640 - INFO - Would migrate: /Users/simongoldman/Documents/TransparentSF_from_git/transparentSF/ai/output/weekly/10/3.md
2025-09-11 12:55:01,640 - INFO - Would migrate: /Users/simongoldman/Documents/TransparentSF_from_git/transparentSF/ai/output/weekly/10/4.json
2025-09-11 12:55:01,641 - INFO - Would migrate: /Users/simongoldman/Documents/TransparentSF_from_git/transparentSF/ai/output/weekly/10/15.json
2025-09-11 12:55:01,641 - INFO - Would migrate: /Users/simongoldman/Documents/TransparentSF_from_git/transparentSF/ai/output/weekly/10/19.json
2025-09-11 12:55:01,641 - INFO - Would migrate: /Users/simongoldman/Documents/TransparentSF_from_git/transparentSF/ai/output/weekly/10/23.json
2025-09-11 12:55:01,641 - INFO - Would migrate: /Users/simongoldman/Documents/TransparentSF_from_git/transparentSF/ai/output/weekly/10/9.json
2025-09-11 12:55:01,641 - INFO - Would migrate: /Users/simongoldman/Documents/TransparentSF_from_git/transparentSF/ai/output/weekly/10/2.md
2025-09-11 12:55:01,641 - INFO - Would migrate: /Users/simongoldman/Documents/TransparentSF_from_git/transparentSF/ai/output/weekly/8/41.json
2025-09-11 12:55:01,641 - INFO - Would migrate: /Users/simongoldman/Documents/TransparentSF_from_git/transparentSF/ai/output/weekly/8/16.json
2025-09-11 12:55:01,641 - INFO - Would migrate: /Users/simongoldman/Documents/TransparentSF_from_git/transparentSF/ai/output/weekly/8/1.md
2025-09-11 12:55:01,641 - INFO - Would migrate: /Users/simongoldman/Documents/TransparentSF_from_git/transparentSF/ai/output/weekly/8/19.md
2025-09-11 12:55:01,641 - INFO - Would migrate: /Users/simongoldman/Documents/TransparentSF_from_git/transparentSF/ai/output/weekly/8/4.md
2025-09-11 12:55:01,641 - INFO - Would migrate: /Users/simongoldman/Documents/TransparentSF_from_git/transparentSF/ai/output/weekly/8/16.md
2025-09-11 12:55:01,641 - INFO - Would migrate: /Users/simongoldman/Documents/TransparentSF_from_git/transparentSF/ai/output/weekly/8/22.md
2025-09-11 12:55:01,641 - INFO - Would migrate: /Users/simongoldman/Documents/TransparentSF_from_git/transparentSF/ai/output/weekly/8/43.md
2025-09-11 12:55:01,641 - INFO - Would migrate: /Users/simongoldman/Documents/TransparentSF_from_git/transparentSF/ai/output/weekly/8/30.json
2025-09-11 12:55:01,641 - INFO - Would migrate: /Users/simongoldman/Documents/TransparentSF_from_git/transparentSF/ai/output/weekly/8/1.json
2025-09-11 12:55:01,641 - INFO - Would migrate: /Users/simongoldman/Documents/TransparentSF_from_git/transparentSF/ai/output/weekly/8/23.md
2025-09-11 12:55:01,641 - INFO - Would migrate: /Users/simongoldman/Documents/TransparentSF_from_git/transparentSF/ai/output/weekly/8/2.json
2025-09-11 12:55:01,641 - INFO - Would migrate: /Users/simongoldman/Documents/TransparentSF_from_git/transparentSF/ai/output/weekly/8/24.md
2025-09-11 12:55:01,641 - INFO - Would migrate: /Users/simongoldman/Documents/TransparentSF_from_git/transparentSF/ai/output/weekly/8/41.md
2025-09-11 12:55:01,641 - INFO - Would migrate: /Users/simongoldman/Documents/TransparentSF_from_git/transparentSF/ai/output/weekly/8/9.md
2025-09-11 12:55:01,641 - INFO - Would migrate: /Users/simongoldman/Documents/TransparentSF_from_git/transparentSF/ai/output/weekly/8/34.md
2025-09-11 12:55:01,641 - INFO - Would migrate: /Users/simongoldman/Documents/TransparentSF_from_git/transparentSF/ai/output/weekly/8/24.json
2025-09-11 12:55:01,641 - INFO - Would migrate: /Users/simongoldman/Documents/TransparentSF_from_git/transparentSF/ai/output/weekly/8/30.md
2025-09-11 12:55:01,641 - INFO - Would migrate: /Users/simongoldman/Documents/TransparentSF_from_git/transparentSF/ai/output/weekly/8/15.md
2025-09-11 12:55:01,641 - INFO - Would migrate: /Users/simongoldman/Documents/TransparentSF_from_git/transparentSF/ai/output/weekly/8/8.md
2025-09-11 12:55:01,641 - INFO - Would migrate: /Users/simongoldman/Documents/TransparentSF_from_git/transparentSF/ai/output/weekly/8/3.json
2025-09-11 12:55:01,641 - INFO - Would migrate: /Users/simongoldman/Documents/TransparentSF_from_git/transparentSF/ai/output/weekly/8/34.json
2025-09-11 12:55:01,641 - INFO - Would migrate: /Users/simongoldman/Documents/TransparentSF_from_git/transparentSF/ai/output/weekly/8/8.json
2025-09-11 12:55:01,641 - INFO - Would migrate: /Users/simongoldman/Documents/TransparentSF_from_git/transparentSF/ai/output/weekly/8/22.json
2025-09-11 12:55:01,641 - INFO - Would migrate: /Users/simongoldman/Documents/TransparentSF_from_git/transparentSF/ai/output/weekly/8/3.md
2025-09-11 12:55:01,641 - INFO - Would migrate: /Users/simongoldman/Documents/TransparentSF_from_git/transparentSF/ai/output/weekly/8/4.json
2025-09-11 12:55:01,641 - INFO - Would migrate: /Users/simongoldman/Documents/TransparentSF_from_git/transparentSF/ai/output/weekly/8/43.json
2025-09-11 12:55:01,641 - INFO - Would migrate: /Users/simongoldman/Documents/TransparentSF_from_git/transparentSF/ai/output/weekly/8/15.json
2025-09-11 12:55:01,641 - INFO - Would migrate: /Users/simongoldman/Documents/TransparentSF_from_git/transparentSF/ai/output/weekly/8/19.json
2025-09-11 12:55:01,641 - INFO - Would migrate: /Users/simongoldman/Documents/TransparentSF_from_git/transparentSF/ai/output/weekly/8/23.json
2025-09-11 12:55:01,641 - INFO - Would migrate: /Users/simongoldman/Documents/TransparentSF_from_git/transparentSF/ai/output/weekly/8/9.json
2025-09-11 12:55:01,641 - INFO - Would migrate: /Users/simongoldman/Documents/TransparentSF_from_git/transparentSF/ai/output/weekly/8/2.md
2025-09-11 12:55:01,641 - INFO - Would migrate: /Users/simongoldman/Documents/TransparentSF_from_git/transparentSF/ai/output/weekly/4/16.json
2025-09-11 12:55:01,641 - INFO - Would migrate: /Users/simongoldman/Documents/TransparentSF_from_git/transparentSF/ai/output/weekly/4/1.md
2025-09-11 12:55:01,641 - INFO - Would migrate: /Users/simongoldman/Documents/TransparentSF_from_git/transparentSF/ai/output/weekly/4/19.md
2025-09-11 12:55:01,641 - INFO - Would migrate: /Users/simongoldman/Documents/TransparentSF_from_git/transparentSF/ai/output/weekly/4/4.md
2025-09-11 12:55:01,641 - INFO - Would migrate: /Users/simongoldman/Documents/TransparentSF_from_git/transparentSF/ai/output/weekly/4/16.md
2025-09-11 12:55:01,641 - INFO - Would migrate: /Users/simongoldman/Documents/TransparentSF_from_git/transparentSF/ai/output/weekly/4/22.md
2025-09-11 12:55:01,641 - INFO - Would migrate: /Users/simongoldman/Documents/TransparentSF_from_git/transparentSF/ai/output/weekly/4/30.json
2025-09-11 12:55:01,641 - INFO - Would migrate: /Users/simongoldman/Documents/TransparentSF_from_git/transparentSF/ai/output/weekly/4/1.json
2025-09-11 12:55:01,641 - INFO - Would migrate: /Users/simongoldman/Documents/TransparentSF_from_git/transparentSF/ai/output/weekly/4/23.md
2025-09-11 12:55:01,641 - INFO - Would migrate: /Users/simongoldman/Documents/TransparentSF_from_git/transparentSF/ai/output/weekly/4/2.json
2025-09-11 12:55:01,641 - INFO - Would migrate: /Users/simongoldman/Documents/TransparentSF_from_git/transparentSF/ai/output/weekly/4/24.md
2025-09-11 12:55:01,641 - INFO - Would migrate: /Users/simongoldman/Documents/TransparentSF_from_git/transparentSF/ai/output/weekly/4/9.md
2025-09-11 12:55:01,641 - INFO - Would migrate: /Users/simongoldman/Documents/TransparentSF_from_git/transparentSF/ai/output/weekly/4/24.json
2025-09-11 12:55:01,641 - INFO - Would migrate: /Users/simongoldman/Documents/TransparentSF_from_git/transparentSF/ai/output/weekly/4/30.md
2025-09-11 12:55:01,641 - INFO - Would migrate: /Users/simongoldman/Documents/TransparentSF_from_git/transparentSF/ai/output/weekly/4/15.md
2025-09-11 12:55:01,641 - INFO - Would migrate: /Users/simongoldman/Documents/TransparentSF_from_git/transparentSF/ai/output/weekly/4/8.md
2025-09-11 12:55:01,642 - INFO - Would migrate: /Users/simongoldman/Documents/TransparentSF_from_git/transparentSF/ai/output/weekly/4/3.json
2025-09-11 12:55:01,642 - INFO - Would migrate: /Users/simongoldman/Documents/TransparentSF_from_git/transparentSF/ai/output/weekly/4/8.json
2025-09-11 12:55:01,642 - INFO - Would migrate: /Users/simongoldman/Documents/TransparentSF_from_git/transparentSF/ai/output/weekly/4/22.json
2025-09-11 12:55:01,642 - INFO - Would migrate: /Users/simongoldman/Documents/TransparentSF_from_git/transparentSF/ai/output/weekly/4/3.md
2025-09-11 12:55:01,642 - INFO - Would migrate: /Users/simongoldman/Documents/TransparentSF_from_git/transparentSF/ai/output/weekly/4/4.json
2025-09-11 12:55:01,642 - INFO - Would migrate: /Users/simongoldman/Documents/TransparentSF_from_git/transparentSF/ai/output/weekly/4/15.json
2025-09-11 12:55:01,642 - INFO - Would migrate: /Users/simongoldman/Documents/TransparentSF_from_git/transparentSF/ai/output/weekly/4/19.json
2025-09-11 12:55:01,642 - INFO - Would migrate: /Users/simongoldman/Documents/TransparentSF_from_git/transparentSF/ai/output/weekly/4/23.json
2025-09-11 12:55:01,642 - INFO - Would migrate: /Users/simongoldman/Documents/TransparentSF_from_git/transparentSF/ai/output/weekly/4/9.json
2025-09-11 12:55:01,642 - INFO - Would migrate: /Users/simongoldman/Documents/TransparentSF_from_git/transparentSF/ai/output/weekly/4/2.md
2025-09-11 12:55:01,642 - INFO - Would migrate: /Users/simongoldman/Documents/TransparentSF_from_git/transparentSF/ai/output/weekly/3/16.json
2025-09-11 12:55:01,642 - INFO - Would migrate: /Users/simongoldman/Documents/TransparentSF_from_git/transparentSF/ai/output/weekly/3/1.md
2025-09-11 12:55:01,642 - INFO - Would migrate: /Users/simongoldman/Documents/TransparentSF_from_git/transparentSF/ai/output/weekly/3/19.md
2025-09-11 12:55:01,642 - INFO - Would migrate: /Users/simongoldman/Documents/TransparentSF_from_git/transparentSF/ai/output/weekly/3/29.md
2025-09-11 12:55:01,642 - INFO - Would migrate: /Users/simongoldman/Documents/TransparentSF_from_git/transparentSF/ai/output/weekly/3/4.md
2025-09-11 12:55:01,642 - INFO - Would migrate: /Users/simongoldman/Documents/TransparentSF_from_git/transparentSF/ai/output/weekly/3/16.md
2025-09-11 12:55:01,642 - INFO - Would migrate: /Users/simongoldman/Documents/TransparentSF_from_git/transparentSF/ai/output/weekly/3/22.md
2025-09-11 12:55:01,642 - INFO - Would migrate: /Users/simongoldman/Documents/TransparentSF_from_git/transparentSF/ai/output/weekly/3/30.json
2025-09-11 12:55:01,642 - INFO - Would migrate: /Users/simongoldman/Documents/TransparentSF_from_git/transparentSF/ai/output/weekly/3/1.json
2025-09-11 12:55:01,642 - INFO - Would migrate: /Users/simongoldman/Documents/TransparentSF_from_git/transparentSF/ai/output/weekly/3/23.md
2025-09-11 12:55:01,642 - INFO - Would migrate: /Users/simongoldman/Documents/TransparentSF_from_git/transparentSF/ai/output/weekly/3/2.json
2025-09-11 12:55:01,642 - INFO - Would migrate: /Users/simongoldman/Documents/TransparentSF_from_git/transparentSF/ai/output/weekly/3/24.md
2025-09-11 12:55:01,642 - INFO - Would migrate: /Users/simongoldman/Documents/TransparentSF_from_git/transparentSF/ai/output/weekly/3/9.md
2025-09-11 12:55:01,642 - INFO - Would migrate: /Users/simongoldman/Documents/TransparentSF_from_git/transparentSF/ai/output/weekly/3/34.md
2025-09-11 12:55:01,642 - INFO - Would migrate: /Users/simongoldman/Documents/TransparentSF_from_git/transparentSF/ai/output/weekly/3/24.json
2025-09-11 12:55:01,642 - INFO - Would migrate: /Users/simongoldman/Documents/TransparentSF_from_git/transparentSF/ai/output/weekly/3/30.md
2025-09-11 12:55:01,642 - INFO - Would migrate: /Users/simongoldman/Documents/TransparentSF_from_git/transparentSF/ai/output/weekly/3/15.md
2025-09-11 12:55:01,642 - INFO - Would migrate: /Users/simongoldman/Documents/TransparentSF_from_git/transparentSF/ai/output/weekly/3/29.json
2025-09-11 12:55:01,642 - INFO - Would migrate: /Users/simongoldman/Documents/TransparentSF_from_git/transparentSF/ai/output/weekly/3/8.md
2025-09-11 12:55:01,642 - INFO - Would migrate: /Users/simongoldman/Documents/TransparentSF_from_git/transparentSF/ai/output/weekly/3/3.json
2025-09-11 12:55:01,642 - INFO - Would migrate: /Users/simongoldman/Documents/TransparentSF_from_git/transparentSF/ai/output/weekly/3/34.json
2025-09-11 12:55:01,642 - INFO - Would migrate: /Users/simongoldman/Documents/TransparentSF_from_git/transparentSF/ai/output/weekly/3/8.json
2025-09-11 12:55:01,642 - INFO - Would migrate: /Users/simongoldman/Documents/TransparentSF_from_git/transparentSF/ai/output/weekly/3/22.json
2025-09-11 12:55:01,642 - INFO - Would migrate: /Users/simongoldman/Documents/TransparentSF_from_git/transparentSF/ai/output/weekly/3/3.md
2025-09-11 12:55:01,642 - INFO - Would migrate: /Users/simongoldman/Documents/TransparentSF_from_git/transparentSF/ai/output/weekly/3/4.json
2025-09-11 12:55:01,642 - INFO - Would migrate: /Users/simongoldman/Documents/TransparentSF_from_git/transparentSF/ai/output/weekly/3/15.json
2025-09-11 12:55:01,642 - INFO - Would migrate: /Users/simongoldman/Documents/TransparentSF_from_git/transparentSF/ai/output/weekly/3/19.json
2025-09-11 12:55:01,642 - INFO - Would migrate: /Users/simongoldman/Documents/TransparentSF_from_git/transparentSF/ai/output/weekly/3/23.json
2025-09-11 12:55:01,642 - INFO - Would migrate: /Users/simongoldman/Documents/TransparentSF_from_git/transparentSF/ai/output/weekly/3/9.json
2025-09-11 12:55:01,642 - INFO - Would migrate: /Users/simongoldman/Documents/TransparentSF_from_git/transparentSF/ai/output/weekly/3/2.md
2025-09-11 12:55:01,643 - INFO - Would migrate: /Users/simongoldman/Documents/TransparentSF_from_git/transparentSF/ai/output/weekly/2/16.json
2025-09-11 12:55:01,643 - INFO - Would migrate: /Users/simongoldman/Documents/TransparentSF_from_git/transparentSF/ai/output/weekly/2/1.md
2025-09-11 12:55:01,643 - INFO - Would migrate: /Users/simongoldman/Documents/TransparentSF_from_git/transparentSF/ai/output/weekly/2/19.md
2025-09-11 12:55:01,643 - INFO - Would migrate: /Users/simongoldman/Documents/TransparentSF_from_git/transparentSF/ai/output/weekly/2/4.md
2025-09-11 12:55:01,643 - INFO - Would migrate: /Users/simongoldman/Documents/TransparentSF_from_git/transparentSF/ai/output/weekly/2/16.md
2025-09-11 12:55:01,643 - INFO - Would migrate: /Users/simongoldman/Documents/TransparentSF_from_git/transparentSF/ai/output/weekly/2/22.md
2025-09-11 12:55:01,643 - INFO - Would migrate: /Users/simongoldman/Documents/TransparentSF_from_git/transparentSF/ai/output/weekly/2/30.json
2025-09-11 12:55:01,643 - INFO - Would migrate: /Users/simongoldman/Documents/TransparentSF_from_git/transparentSF/ai/output/weekly/2/1.json
2025-09-11 12:55:01,643 - INFO - Would migrate: /Users/simongoldman/Documents/TransparentSF_from_git/transparentSF/ai/output/weekly/2/23.md
2025-09-11 12:55:01,643 - INFO - Would migrate: /Users/simongoldman/Documents/TransparentSF_from_git/transparentSF/ai/output/weekly/2/2.json
2025-09-11 12:55:01,643 - INFO - Would migrate: /Users/simongoldman/Documents/TransparentSF_from_git/transparentSF/ai/output/weekly/2/24.md
2025-09-11 12:55:01,643 - INFO - Would migrate: /Users/simongoldman/Documents/TransparentSF_from_git/transparentSF/ai/output/weekly/2/9.md
2025-09-11 12:55:01,643 - INFO - Would migrate: /Users/simongoldman/Documents/TransparentSF_from_git/transparentSF/ai/output/weekly/2/34.md
2025-09-11 12:55:01,643 - INFO - Would migrate: /Users/simongoldman/Documents/TransparentSF_from_git/transparentSF/ai/output/weekly/2/24.json
2025-09-11 12:55:01,644 - INFO - Would migrate: /Users/simongoldman/Documents/TransparentSF_from_git/transparentSF/ai/output/weekly/2/30.md
2025-09-11 12:55:01,644 - INFO - Would migrate: /Users/simongoldman/Documents/TransparentSF_from_git/transparentSF/ai/output/weekly/2/15.md
2025-09-11 12:55:01,644 - INFO - Would migrate: /Users/simongoldman/Documents/TransparentSF_from_git/transparentSF/ai/output/weekly/2/8.md
2025-09-11 12:55:01,644 - INFO - Would migrate: /Users/simongoldman/Documents/TransparentSF_from_git/transparentSF/ai/output/weekly/2/3.json
2025-09-11 12:55:01,644 - INFO - Would migrate: /Users/simongoldman/Documents/TransparentSF_from_git/transparentSF/ai/output/weekly/2/34.json
2025-09-11 12:55:01,644 - INFO - Would migrate: /Users/simongoldman/Documents/TransparentSF_from_git/transparentSF/ai/output/weekly/2/8.json
2025-09-11 12:55:01,644 - INFO - Would migrate: /Users/simongoldman/Documents/TransparentSF_from_git/transparentSF/ai/output/weekly/2/22.json
2025-09-11 12:55:01,644 - INFO - Would migrate: /Users/simongoldman/Documents/TransparentSF_from_git/transparentSF/ai/output/weekly/2/3.md
2025-09-11 12:55:01,644 - INFO - Would migrate: /Users/simongoldman/Documents/TransparentSF_from_git/transparentSF/ai/output/weekly/2/4.json
2025-09-11 12:55:01,644 - INFO - Would migrate: /Users/simongoldman/Documents/TransparentSF_from_git/transparentSF/ai/output/weekly/2/15.json
2025-09-11 12:55:01,644 - INFO - Would migrate: /Users/simongoldman/Documents/TransparentSF_from_git/transparentSF/ai/output/weekly/2/19.json
2025-09-11 12:55:01,644 - INFO - Would migrate: /Users/simongoldman/Documents/TransparentSF_from_git/transparentSF/ai/output/weekly/2/23.json
2025-09-11 12:55:01,644 - INFO - Would migrate: /Users/simongoldman/Documents/TransparentSF_from_git/transparentSF/ai/output/weekly/2/9.json
2025-09-11 12:55:01,644 - INFO - Would migrate: /Users/simongoldman/Documents/TransparentSF_from_git/transparentSF/ai/output/weekly/2/2.md
2025-09-11 12:55:01,644 - INFO - Would migrate: /Users/simongoldman/Documents/TransparentSF_from_git/transparentSF/ai/output/weekly/5/16.json
2025-09-11 12:55:01,644 - INFO - Would migrate: /Users/simongoldman/Documents/TransparentSF_from_git/transparentSF/ai/output/weekly/5/1.md
2025-09-11 12:55:01,644 - INFO - Would migrate: /Users/simongoldman/Documents/TransparentSF_from_git/transparentSF/ai/output/weekly/5/19.md
2025-09-11 12:55:01,644 - INFO - Would migrate: /Users/simongoldman/Documents/TransparentSF_from_git/transparentSF/ai/output/weekly/5/4.md
2025-09-11 12:55:01,644 - INFO - Would migrate: /Users/simongoldman/Documents/TransparentSF_from_git/transparentSF/ai/output/weekly/5/16.md
2025-09-11 12:55:01,644 - INFO - Would migrate: /Users/simongoldman/Documents/TransparentSF_from_git/transparentSF/ai/output/weekly/5/22.md
2025-09-11 12:55:01,644 - INFO - Would migrate: /Users/simongoldman/Documents/TransparentSF_from_git/transparentSF/ai/output/weekly/5/30.json
2025-09-11 12:55:01,644 - INFO - Would migrate: /Users/simongoldman/Documents/TransparentSF_from_git/transparentSF/ai/output/weekly/5/1.json
2025-09-11 12:55:01,644 - INFO - Would migrate: /Users/simongoldman/Documents/TransparentSF_from_git/transparentSF/ai/output/weekly/5/23.md
2025-09-11 12:55:01,644 - INFO - Would migrate: /Users/simongoldman/Documents/TransparentSF_from_git/transparentSF/ai/output/weekly/5/2.json
2025-09-11 12:55:01,644 - INFO - Would migrate: /Users/simongoldman/Documents/TransparentSF_from_git/transparentSF/ai/output/weekly/5/24.md
2025-09-11 12:55:01,644 - INFO - Would migrate: /Users/simongoldman/Documents/TransparentSF_from_git/transparentSF/ai/output/weekly/5/9.md
2025-09-11 12:55:01,644 - INFO - Would migrate: /Users/simongoldman/Documents/TransparentSF_from_git/transparentSF/ai/output/weekly/5/34.md
2025-09-11 12:55:01,644 - INFO - Would migrate: /Users/simongoldman/Documents/TransparentSF_from_git/transparentSF/ai/output/weekly/5/24.json
2025-09-11 12:55:01,644 - INFO - Would migrate: /Users/simongoldman/Documents/TransparentSF_from_git/transparentSF/ai/output/weekly/5/30.md
2025-09-11 12:55:01,644 - INFO - Would migrate: /Users/simongoldman/Documents/TransparentSF_from_git/transparentSF/ai/output/weekly/5/15.md
2025-09-11 12:55:01,644 - INFO - Would migrate: /Users/simongoldman/Documents/TransparentSF_from_git/transparentSF/ai/output/weekly/5/8.md
2025-09-11 12:55:01,645 - INFO - Would migrate: /Users/simongoldman/Documents/TransparentSF_from_git/transparentSF/ai/output/weekly/5/3.json
2025-09-11 12:55:01,645 - INFO - Would migrate: /Users/simongoldman/Documents/TransparentSF_from_git/transparentSF/ai/output/weekly/5/34.json
2025-09-11 12:55:01,645 - INFO - Would migrate: /Users/simongoldman/Documents/TransparentSF_from_git/transparentSF/ai/output/weekly/5/8.json
2025-09-11 12:55:01,645 - INFO - Would migrate: /Users/simongoldman/Documents/TransparentSF_from_git/transparentSF/ai/output/weekly/5/22.json
2025-09-11 12:55:01,645 - INFO - Would migrate: /Users/simongoldman/Documents/TransparentSF_from_git/transparentSF/ai/output/weekly/5/3.md
2025-09-11 12:55:01,645 - INFO - Would migrate: /Users/simongoldman/Documents/TransparentSF_from_git/transparentSF/ai/output/weekly/5/4.json
2025-09-11 12:55:01,645 - INFO - Would migrate: /Users/simongoldman/Documents/TransparentSF_from_git/transparentSF/ai/output/weekly/5/15.json
2025-09-11 12:55:01,645 - INFO - Would migrate: /Users/simongoldman/Documents/TransparentSF_from_git/transparentSF/ai/output/weekly/5/19.json
2025-09-11 12:55:01,645 - INFO - Would migrate: /Users/simongoldman/Documents/TransparentSF_from_git/transparentSF/ai/output/weekly/5/23.json
2025-09-11 12:55:01,645 - INFO - Would migrate: /Users/simongoldman/Documents/TransparentSF_from_git/transparentSF/ai/output/weekly/5/9.json
2025-09-11 12:55:01,645 - INFO - Would migrate: /Users/simongoldman/Documents/TransparentSF_from_git/transparentSF/ai/output/weekly/5/2.md
2025-09-11 12:55:01,645 - INFO - Migrating reports files...
2025-09-11 12:55:01,645 - INFO - Would migrate: /Users/simongoldman/Documents/TransparentSF_from_git/transparentSF/ai/output/reports/New_Expansion_Test_20250908_000000_raw_response.txt
2025-09-11 12:55:01,645 - INFO - Would migrate: /Users/simongoldman/Documents/TransparentSF_from_git/transparentSF/ai/output/reports/monthly_report_3_2025_09_final.html
2025-09-11 12:55:01,645 - INFO - Would migrate: /Users/simongoldman/Documents/TransparentSF_from_git/transparentSF/ai/output/reports/New_Clean_Gpt_40_20250909_000000.html
2025-09-11 12:55:01,645 - INFO - Would migrate: /Users/simongoldman/Documents/TransparentSF_from_git/transparentSF/ai/output/reports/monthly_report_11_2025_09_for_proofreading.html
2025-09-11 12:55:01,645 - INFO - Would migrate: /Users/simongoldman/Documents/TransparentSF_from_git/transparentSF/ai/output/reports/monthly_report_4_2025_09_revised.html
2025-09-11 12:55:01,646 - INFO - Would migrate: /Users/simongoldman/Documents/TransparentSF_from_git/transparentSF/ai/output/reports/monthly_report_3_2025_09_email.html
2025-09-11 12:55:01,646 - INFO - Would migrate: /Users/simongoldman/Documents/TransparentSF_from_git/transparentSF/ai/output/reports/monthly_report_11_2025_09_test_final.html
2025-09-11 12:55:01,646 - INFO - Would migrate: /Users/simongoldman/Documents/TransparentSF_from_git/transparentSF/ai/output/reports/New_Expansion_Test_20250908_000000_revised.html
2025-09-11 12:55:01,646 - INFO - Would migrate: /Users/simongoldman/Documents/TransparentSF_from_git/transparentSF/ai/output/reports/monthly_report_1_2025_09_for_proofreading_revised_email.html
2025-09-11 12:55:01,646 - INFO - Would migrate: /Users/simongoldman/Documents/TransparentSF_from_git/transparentSF/ai/output/reports/New_Clean_Gpt_40_20250909_000000_email.html
2025-09-11 12:55:01,646 - INFO - Would migrate: /Users/simongoldman/Documents/TransparentSF_from_git/transparentSF/ai/output/reports/monthly_report_3_2025_09_with_placeholders.html
2025-09-11 12:55:01,646 - INFO - Would migrate: /Users/simongoldman/Documents/TransparentSF_from_git/transparentSF/ai/output/reports/New_Expansion_Test_20250908_000000.html
2025-09-11 12:55:01,646 - INFO - Would migrate: /Users/simongoldman/Documents/TransparentSF_from_git/transparentSF/ai/output/reports/monthly_report_1_2025_09.html
2025-09-11 12:55:01,646 - INFO - Would migrate: /Users/simongoldman/Documents/TransparentSF_from_git/transparentSF/ai/output/reports/New_Clean_Gpt_40_20250909_000000_final.html
2025-09-11 12:55:01,646 - INFO - Would migrate: /Users/simongoldman/Documents/TransparentSF_from_git/transparentSF/ai/output/reports/monthly_report_1_2025_09_for_proofreading_revised_final.html
2025-09-11 12:55:01,646 - INFO - Would migrate: /Users/simongoldman/Documents/TransparentSF_from_git/transparentSF/ai/output/reports/New_Clean_Gpt_40_20250909_000000_revised.html
2025-09-11 12:55:01,646 - INFO - Would migrate: /Users/simongoldman/Documents/TransparentSF_from_git/transparentSF/ai/output/reports/monthly_report_1_2025_09_for_proofreading.html
2025-09-11 12:55:01,646 - INFO - Would migrate: /Users/simongoldman/Documents/TransparentSF_from_git/transparentSF/ai/output/reports/Traffic_Clean_-_Grok_4_August_20250908_000000_final.html
2025-09-11 12:55:01,646 - INFO - Would migrate: /Users/simongoldman/Documents/TransparentSF_from_git/transparentSF/ai/output/reports/monthly_report_2_2025_09_for_proofreading_revised_email.html
2025-09-11 12:55:01,646 - INFO - Would migrate: /Users/simongoldman/Documents/TransparentSF_from_git/transparentSF/ai/output/reports/Traffic_Clean_-_Grok_4_August_20250908_000000_email.html
2025-09-11 12:55:01,646 - INFO - Would migrate: /Users/simongoldman/Documents/TransparentSF_from_git/transparentSF/ai/output/reports/Traffic_Clean_-_Grok_4_August_20250908_000000_revised.html
2025-09-11 12:55:01,646 - INFO - Would migrate: /Users/simongoldman/Documents/TransparentSF_from_git/transparentSF/ai/output/reports/monthly_report_10_2025_09_for_proofreading.html
2025-09-11 12:55:01,646 - INFO - Would migrate: /Users/simongoldman/Documents/TransparentSF_from_git/transparentSF/ai/output/reports/Traffic_Clean_-_Grok_4_August_20250908_000000.html
2025-09-11 12:55:01,646 - INFO - Would migrate: /Users/simongoldman/Documents/TransparentSF_from_git/transparentSF/ai/output/reports/monthly_report_2_2025_09_for_proofreading_revised_final.html
2025-09-11 12:55:01,646 - INFO - Would migrate: /Users/simongoldman/Documents/TransparentSF_from_git/transparentSF/ai/output/reports/monthly_report_2_2025_09_with_placeholders.html
2025-09-11 12:55:01,646 - INFO - Would migrate: /Users/simongoldman/Documents/TransparentSF_from_git/transparentSF/ai/output/reports/monthly_report_11_2025_09_for_proofreading_revised_email.html
2025-09-11 12:55:01,646 - INFO - Would migrate: /Users/simongoldman/Documents/TransparentSF_from_git/transparentSF/ai/output/reports/itation_20250906_000000_revised.html
2025-09-11 12:55:01,646 - INFO - Would migrate: /Users/simongoldman/Documents/TransparentSF_from_git/transparentSF/ai/output/reports/monthly_report_11_2025_09_final.html
2025-09-11 12:55:01,646 - INFO - Would migrate: /Users/simongoldman/Documents/TransparentSF_from_git/transparentSF/ai/output/reports/monthly_report_1_2025_09_for_proofreading_raw_response.txt
2025-09-11 12:55:01,646 - INFO - Would migrate: /Users/simongoldman/Documents/TransparentSF_from_git/transparentSF/ai/output/reports/monthly_report_4_2025_09_with_placeholders.html
2025-09-11 12:55:01,646 - INFO - Would migrate: /Users/simongoldman/Documents/TransparentSF_from_git/transparentSF/ai/output/reports/monthly_report_1_2025_09_for_proofreading_revised.html
2025-09-11 12:55:01,646 - INFO - Would migrate: /Users/simongoldman/Documents/TransparentSF_from_git/transparentSF/ai/output/reports/monthly_report_3_2025_09_for_proofreading_revised.html
2025-09-11 12:55:01,646 - INFO - Would migrate: /Users/simongoldman/Documents/TransparentSF_from_git/transparentSF/ai/output/reports/monthly_report_4_2025_09_raw_response.txt
2025-09-11 12:55:01,646 - INFO - Would migrate: /Users/simongoldman/Documents/TransparentSF_from_git/transparentSF/ai/output/reports/monthly_report_11_2025_09_email.html
2025-09-11 12:55:01,646 - INFO - Would migrate: /Users/simongoldman/Documents/TransparentSF_from_git/transparentSF/ai/output/reports/monthly_report_11_2025_09_for_proofreading_revised_final.html
2025-09-11 12:55:01,646 - INFO - Would migrate: /Users/simongoldman/Documents/TransparentSF_from_git/transparentSF/ai/output/reports/monthly_report_2_2025_09_for_proofreading_revised.html
2025-09-11 12:55:01,646 - INFO - Would migrate: /Users/simongoldman/Documents/TransparentSF_from_git/transparentSF/ai/output/reports/monthly_report_10_2025_09_final.html
2025-09-11 12:55:01,646 - INFO - Would migrate: /Users/simongoldman/Documents/TransparentSF_from_git/transparentSF/ai/output/reports/monthly_report_10_2025_09_for_proofreading_raw_response.txt
2025-09-11 12:55:01,646 - INFO - Would migrate: /Users/simongoldman/Documents/TransparentSF_from_git/transparentSF/ai/output/reports/itation_20250906_000000_raw_response.txt
2025-09-11 12:55:01,646 - INFO - Would migrate: /Users/simongoldman/Documents/TransparentSF_from_git/transparentSF/ai/output/reports/itation_20250906_000000.html
2025-09-11 12:55:01,646 - INFO - Would migrate: /Users/simongoldman/Documents/TransparentSF_from_git/transparentSF/ai/output/reports/monthly_report_11_2025_09_for_proofreading_raw_response.txt
2025-09-11 12:55:01,646 - INFO - Would migrate: /Users/simongoldman/Documents/TransparentSF_from_git/transparentSF/ai/output/reports/monthly_report_4_2025_09_final.html
2025-09-11 12:55:01,646 - INFO - Would migrate: /Users/simongoldman/Documents/TransparentSF_from_git/transparentSF/ai/output/reports/monthly_report_10_2025_09_email.html
2025-09-11 12:55:01,647 - INFO - Would migrate: /Users/simongoldman/Documents/TransparentSF_from_git/transparentSF/ai/output/reports/monthly_report_2_2025_09_for_proofreading.html
2025-09-11 12:55:01,647 - INFO - Would migrate: /Users/simongoldman/Documents/TransparentSF_from_git/transparentSF/ai/output/reports/itation_20250906_000000_email.html
2025-09-11 12:55:01,647 - INFO - Would migrate: /Users/simongoldman/Documents/TransparentSF_from_git/transparentSF/ai/output/reports/monthly_report_10_2025_09_with_placeholders.html
2025-09-11 12:55:01,647 - INFO - Would migrate: /Users/simongoldman/Documents/TransparentSF_from_git/transparentSF/ai/output/reports/monthly_report_11_2025_09_test_final2.html
2025-09-11 12:55:01,647 - INFO - Would migrate: /Users/simongoldman/Documents/TransparentSF_from_git/transparentSF/ai/output/reports/monthly_report_1_2025_09_with_placeholders.html
2025-09-11 12:55:01,647 - INFO - Would migrate: /Users/simongoldman/Documents/TransparentSF_from_git/transparentSF/ai/output/reports/monthly_report_10_2025_09_for_proofreading_revised.html
2025-09-11 12:55:01,647 - INFO - Would migrate: /Users/simongoldman/Documents/TransparentSF_from_git/transparentSF/ai/output/reports/itation_20250906_000000_final.html
2025-09-11 12:55:01,647 - INFO - Would migrate: /Users/simongoldman/Documents/TransparentSF_from_git/transparentSF/ai/output/reports/monthly_report_11_2025_09_for_proofreading_revised.html
2025-09-11 12:55:01,647 - INFO - Would migrate: /Users/simongoldman/Documents/TransparentSF_from_git/transparentSF/ai/output/reports/New_Clean_Gpt_40_20250909_000000_revised_email.html
2025-09-11 12:55:01,647 - INFO - Would migrate: /Users/simongoldman/Documents/TransparentSF_from_git/transparentSF/ai/output/reports/New_Expansion_Test_20250908_000000_final.html
2025-09-11 12:55:01,647 - INFO - Would migrate: /Users/simongoldman/Documents/TransparentSF_from_git/transparentSF/ai/output/reports/monthly_report_10_2025_09.html
2025-09-11 12:55:01,647 - INFO - Would migrate: /Users/simongoldman/Documents/TransparentSF_from_git/transparentSF/ai/output/reports/monthly_report_10_2025_09_for_proofreading_revised_final.html
2025-09-11 12:55:01,647 - INFO - Would migrate: /Users/simongoldman/Documents/TransparentSF_from_git/transparentSF/ai/output/reports/monthly_report_1_2025_09_email.html
2025-09-11 12:55:01,647 - INFO - Would migrate: /Users/simongoldman/Documents/TransparentSF_from_git/transparentSF/ai/output/reports/New_Expansion_Test_20250908_000000_email.html
2025-09-11 12:55:01,647 - INFO - Would migrate: /Users/simongoldman/Documents/TransparentSF_from_git/transparentSF/ai/output/reports/monthly_report_4_2025_09_for_proofreading.html
2025-09-11 12:55:01,647 - INFO - Would migrate: /Users/simongoldman/Documents/TransparentSF_from_git/transparentSF/ai/output/reports/monthly_report_4_2025_09.html
2025-09-11 12:55:01,647 - INFO - Would migrate: /Users/simongoldman/Documents/TransparentSF_from_git/transparentSF/ai/output/reports/monthly_report_10_2025_09_for_proofreading_revised_email.html
2025-09-11 12:55:01,647 - INFO - Would migrate: /Users/simongoldman/Documents/TransparentSF_from_git/transparentSF/ai/output/reports/monthly_report_1_2025_09_final.html
2025-09-11 12:55:01,647 - INFO - Would migrate: /Users/simongoldman/Documents/TransparentSF_from_git/transparentSF/ai/output/reports/monthly_report_3_2025_09.html
2025-09-11 12:55:01,647 - INFO - Would migrate: /Users/simongoldman/Documents/TransparentSF_from_git/transparentSF/ai/output/reports/monthly_report_11_2025_09.html
2025-09-11 12:55:01,647 - INFO - Would migrate: /Users/simongoldman/Documents/TransparentSF_from_git/transparentSF/ai/output/reports/monthly_report_2_2025_09_final.html
2025-09-11 12:55:01,647 - INFO - Would migrate: /Users/simongoldman/Documents/TransparentSF_from_git/transparentSF/ai/output/reports/monthly_report_3_2025_09_for_proofreading_revised_final.html
2025-09-11 12:55:01,648 - INFO - Would migrate: /Users/simongoldman/Documents/TransparentSF_from_git/transparentSF/ai/output/reports/monthly_report_3_2025_09_for_proofreading_raw_response.txt
2025-09-11 12:55:01,648 - INFO - Would migrate: /Users/simongoldman/Documents/TransparentSF_from_git/transparentSF/ai/output/reports/New_Clean_Gpt_40_20250909_000000_raw_response.txt
2025-09-11 12:55:01,648 - INFO - Would migrate: /Users/simongoldman/Documents/TransparentSF_from_git/transparentSF/ai/output/reports/monthly_report_2_2025_09.html
2025-09-11 12:55:01,648 - INFO - Would migrate: /Users/simongoldman/Documents/TransparentSF_from_git/transparentSF/ai/output/reports/monthly_report_2_2025_09_for_proofreading_raw_response.txt
2025-09-11 12:55:01,648 - INFO - Would migrate: /Users/simongoldman/Documents/TransparentSF_from_git/transparentSF/ai/output/reports/monthly_report_2_2025_09_email.html
2025-09-11 12:55:01,648 - INFO - Would migrate: /Users/simongoldman/Documents/TransparentSF_from_git/transparentSF/ai/output/reports/monthly_report_11_2025_09_with_placeholders.html
2025-09-11 12:55:01,648 - INFO - Would migrate: /Users/simongoldman/Documents/TransparentSF_from_git/transparentSF/ai/output/reports/monthly_report_3_2025_09_for_proofreading.html
2025-09-11 12:55:01,648 - INFO - Would migrate: /Users/simongoldman/Documents/TransparentSF_from_git/transparentSF/ai/output/reports/Traffic_Clean_-_Grok_4_August_20250908_000000_raw_response.txt
2025-09-11 12:55:01,648 - INFO - Would migrate: /Users/simongoldman/Documents/TransparentSF_from_git/transparentSF/ai/output/reports/monthly_report_3_2025_09_for_proofreading_revised_email.html
2025-09-11 12:55:01,648 - INFO - Migrating notes files...
2025-09-11 12:55:01,648 - INFO - Would migrate: /Users/simongoldman/Documents/TransparentSF_from_git/transparentSF/ai/output/notes/combined_notes.txt
2025-09-11 12:55:01,648 - INFO - ==================================================
2025-09-11 12:55:01,648 - INFO - MIGRATION STATISTICS
2025-09-11 12:55:01,648 - INFO - ==================================================
2025-09-11 12:55:01,648 - INFO - Total files processed: 1684
2025-09-11 12:55:01,648 - INFO - Successful uploads: 0
2025-09-11 12:55:01,648 - INFO - Failed uploads: 0
2025-09-11 12:55:01,648 - INFO - Skipped files: 1684
2025-09-11 12:55:01,648 - INFO - 
2025-09-11 12:55:01,648 - INFO - By file type:
2025-09-11 12:55:01,649 - INFO -   dashboard: 0/512 successful
2025-09-11 12:55:01,649 - INFO -   monthly: 0/372 successful
2025-09-11 12:55:01,649 - INFO -   annual: 0/375 successful
2025-09-11 12:55:01,649 - INFO -   weekly: 0/350 successful
2025-09-11 12:55:01,649 - INFO -   reports: 0/74 successful
2025-09-11 12:55:01,649 - INFO -   notes: 0/1 successful
2025-09-11 12:55:01,649 - INFO - ==================================================
2025-09-11 12:55:01,649 - INFO - Migration completed successfully!
2025-09-11 12:56:13,410 - INFO - GCS initialized successfully with bucket: tsf_output
2025-09-11 12:56:13,410 - INFO - Storage configuration:
2025-09-11 12:56:13,410 - INFO -   gcs_enabled: True
2025-09-11 12:56:13,410 - INFO -   bucket_name: tsf_output
2025-09-11 12:56:13,411 - INFO -   project_id: euphoric-oath-467718-p3
2025-09-11 12:56:13,411 - INFO -   local_fallback_dir: /Users/simongoldman/Documents/TransparentSF_from_git/transparentSF/ai/tools/../output
2025-09-11 12:56:13,411 - INFO -   gcs_available: True
2025-09-11 12:56:13,411 - INFO - Starting migration process...
2025-09-11 12:56:13,411 - INFO - Scanning output directory: /Users/simongoldman/Documents/TransparentSF_from_git/transparentSF/ai/output
2025-09-11 12:56:13,421 - INFO - Found 1684 files to migrate:
2025-09-11 12:56:13,421 - INFO -   dashboard: 512 files
2025-09-11 12:56:13,421 - INFO -   monthly: 372 files
2025-09-11 12:56:13,422 - INFO -   annual: 375 files
2025-09-11 12:56:13,422 - INFO -   weekly: 350 files
2025-09-11 12:56:13,422 - INFO -   reports: 74 files
2025-09-11 12:56:13,422 - INFO -   notes: 1 files
2025-09-11 12:56:13,422 - INFO - Migrating dashboard files...
2025-09-11 12:56:14,036 - INFO - Successfully stored file in GCS: transparentsf/dashboard/9/top_level.json
2025-09-11 12:56:14,036 - INFO - Successfully migrated: /Users/simongoldman/Documents/TransparentSF_from_git/transparentSF/ai/output/dashboard/9/top_level.json
2025-09-11 12:56:14,342 - INFO - Successfully stored file in GCS: transparentsf/dashboard/9/16.json
2025-09-11 12:56:14,342 - INFO - Successfully migrated: /Users/simongoldman/Documents/TransparentSF_from_git/transparentSF/ai/output/dashboard/9/16.json
2025-09-11 12:56:14,563 - INFO - Successfully stored file in GCS: transparentsf/dashboard/9/17.json
2025-09-11 12:56:14,563 - INFO - Successfully migrated: /Users/simongoldman/Documents/TransparentSF_from_git/transparentSF/ai/output/dashboard/9/17.json
2025-09-11 12:56:14,855 - INFO - Successfully stored file in GCS: transparentsf/dashboard/9/40.json
2025-09-11 12:56:14,855 - INFO - Successfully migrated: /Users/simongoldman/Documents/TransparentSF_from_git/transparentSF/ai/output/dashboard/9/40.json
2025-09-11 12:56:15,070 - INFO - Successfully stored file in GCS: transparentsf/dashboard/9/71.json
2025-09-11 12:56:15,070 - INFO - Successfully migrated: /Users/simongoldman/Documents/TransparentSF_from_git/transparentSF/ai/output/dashboard/9/71.json
2025-09-11 12:56:15,302 - INFO - Successfully stored file in GCS: transparentsf/dashboard/9/30.json
2025-09-11 12:56:15,302 - INFO - Successfully migrated: /Users/simongoldman/Documents/TransparentSF_from_git/transparentSF/ai/output/dashboard/9/30.json
2025-09-11 12:56:15,539 - INFO - Successfully stored file in GCS: transparentsf/dashboard/9/70.json
2025-09-11 12:56:15,539 - INFO - Successfully migrated: /Users/simongoldman/Documents/TransparentSF_from_git/transparentSF/ai/output/dashboard/9/70.json
2025-09-11 12:56:15,761 - INFO - Successfully stored file in GCS: transparentsf/dashboard/9/1.json
2025-09-11 12:56:15,761 - INFO - Successfully migrated: /Users/simongoldman/Documents/TransparentSF_from_git/transparentSF/ai/output/dashboard/9/1.json
2025-09-11 12:56:15,986 - INFO - Successfully stored file in GCS: transparentsf/dashboard/9/2.json
2025-09-11 12:56:15,986 - INFO - Successfully migrated: /Users/simongoldman/Documents/TransparentSF_from_git/transparentSF/ai/output/dashboard/9/2.json
2025-09-11 12:56:16,213 - INFO - Successfully stored file in GCS: transparentsf/dashboard/9/12.json
2025-09-11 12:56:16,213 - INFO - Successfully migrated: /Users/simongoldman/Documents/TransparentSF_from_git/transparentSF/ai/output/dashboard/9/12.json
2025-09-11 12:56:16,432 - INFO - Successfully stored file in GCS: transparentsf/dashboard/9/73.json
2025-09-11 12:56:16,433 - INFO - Successfully migrated: /Users/simongoldman/Documents/TransparentSF_from_git/transparentSF/ai/output/dashboard/9/73.json
2025-09-11 12:56:16,698 - INFO - Successfully stored file in GCS: transparentsf/dashboard/9/24.json
2025-09-11 12:56:16,698 - INFO - Successfully migrated: /Users/simongoldman/Documents/TransparentSF_from_git/transparentSF/ai/output/dashboard/9/24.json
2025-09-11 12:56:16,924 - INFO - Successfully stored file in GCS: transparentsf/dashboard/9/72.json
2025-09-11 12:56:16,924 - INFO - Successfully migrated: /Users/simongoldman/Documents/TransparentSF_from_git/transparentSF/ai/output/dashboard/9/72.json
2025-09-11 12:56:17,161 - INFO - Successfully stored file in GCS: transparentsf/dashboard/9/29.json
2025-09-11 12:56:17,161 - INFO - Successfully migrated: /Users/simongoldman/Documents/TransparentSF_from_git/transparentSF/ai/output/dashboard/9/29.json
2025-09-11 12:56:17,390 - INFO - Successfully stored file in GCS: transparentsf/dashboard/9/3.json
2025-09-11 12:56:17,391 - INFO - Successfully migrated: /Users/simongoldman/Documents/TransparentSF_from_git/transparentSF/ai/output/dashboard/9/3.json
2025-09-11 12:56:17,639 - INFO - Successfully stored file in GCS: transparentsf/dashboard/9/34.json
2025-09-11 12:56:17,639 - INFO - Successfully migrated: /Users/simongoldman/Documents/TransparentSF_from_git/transparentSF/ai/output/dashboard/9/34.json
2025-09-11 12:56:17,857 - INFO - Successfully stored file in GCS: transparentsf/dashboard/9/63.json
2025-09-11 12:56:17,857 - INFO - Successfully migrated: /Users/simongoldman/Documents/TransparentSF_from_git/transparentSF/ai/output/dashboard/9/63.json
2025-09-11 12:56:18,085 - INFO - Successfully stored file in GCS: transparentsf/dashboard/9/8.json
2025-09-11 12:56:18,086 - INFO - Successfully migrated: /Users/simongoldman/Documents/TransparentSF_from_git/transparentSF/ai/output/dashboard/9/8.json
2025-09-11 12:56:18,385 - INFO - Successfully stored file in GCS: transparentsf/dashboard/9/22.json
2025-09-11 12:56:18,385 - INFO - Successfully migrated: /Users/simongoldman/Documents/TransparentSF_from_git/transparentSF/ai/output/dashboard/9/22.json
2025-09-11 12:56:18,607 - INFO - Successfully stored file in GCS: transparentsf/dashboard/9/18.json
2025-09-11 12:56:18,607 - INFO - Successfully migrated: /Users/simongoldman/Documents/TransparentSF_from_git/transparentSF/ai/output/dashboard/9/18.json
2025-09-11 12:56:18,951 - INFO - Successfully stored file in GCS: transparentsf/dashboard/9/38.json
2025-09-11 12:56:18,951 - INFO - Successfully migrated: /Users/simongoldman/Documents/TransparentSF_from_git/transparentSF/ai/output/dashboard/9/38.json
2025-09-11 12:56:19,174 - INFO - Successfully stored file in GCS: transparentsf/dashboard/9/4.json
2025-09-11 12:56:19,174 - INFO - Successfully migrated: /Users/simongoldman/Documents/TransparentSF_from_git/transparentSF/ai/output/dashboard/9/4.json
2025-09-11 12:56:19,400 - INFO - Successfully stored file in GCS: transparentsf/dashboard/9/14.json
2025-09-11 12:56:19,401 - INFO - Successfully migrated: /Users/simongoldman/Documents/TransparentSF_from_git/transparentSF/ai/output/dashboard/9/14.json
2025-09-11 12:56:19,644 - INFO - Successfully stored file in GCS: transparentsf/dashboard/9/15.json
2025-09-11 12:56:19,644 - INFO - Successfully migrated: /Users/simongoldman/Documents/TransparentSF_from_git/transparentSF/ai/output/dashboard/9/15.json
2025-09-11 12:56:19,871 - INFO - Successfully stored file in GCS: transparentsf/dashboard/9/19.json
2025-09-11 12:56:19,871 - INFO - Successfully migrated: /Users/simongoldman/Documents/TransparentSF_from_git/transparentSF/ai/output/dashboard/9/19.json
2025-09-11 12:56:20,097 - INFO - Successfully stored file in GCS: transparentsf/dashboard/9/23.json
2025-09-11 12:56:20,097 - INFO - Successfully migrated: /Users/simongoldman/Documents/TransparentSF_from_git/transparentSF/ai/output/dashboard/9/23.json
2025-09-11 12:56:20,386 - INFO - Successfully stored file in GCS: transparentsf/dashboard/9/9.json
2025-09-11 12:56:20,386 - INFO - Successfully migrated: /Users/simongoldman/Documents/TransparentSF_from_git/transparentSF/ai/output/dashboard/9/9.json
2025-09-11 12:56:20,612 - INFO - Successfully stored file in GCS: transparentsf/dashboard/9/35.json
2025-09-11 12:56:20,612 - INFO - Successfully migrated: /Users/simongoldman/Documents/TransparentSF_from_git/transparentSF/ai/output/dashboard/9/35.json
2025-09-11 12:56:20,974 - INFO - Successfully stored file in GCS: transparentsf/dashboard/0/top_level.json
2025-09-11 12:56:20,974 - INFO - Successfully migrated: /Users/simongoldman/Documents/TransparentSF_from_git/transparentSF/ai/output/dashboard/0/top_level.json
2025-09-11 12:56:21,215 - INFO - Successfully stored file in GCS: transparentsf/dashboard/0/41.json
2025-09-11 12:56:21,216 - INFO - Successfully migrated: /Users/simongoldman/Documents/TransparentSF_from_git/transparentSF/ai/output/dashboard/0/41.json
2025-09-11 12:56:21,444 - INFO - Successfully stored file in GCS: transparentsf/dashboard/0/16.json
2025-09-11 12:56:21,445 - INFO - Successfully migrated: /Users/simongoldman/Documents/TransparentSF_from_git/transparentSF/ai/output/dashboard/0/16.json
2025-09-11 12:56:21,700 - INFO - Successfully stored file in GCS: transparentsf/dashboard/0/6.json
2025-09-11 12:56:21,700 - INFO - Successfully migrated: /Users/simongoldman/Documents/TransparentSF_from_git/transparentSF/ai/output/dashboard/0/6.json
2025-09-11 12:56:21,927 - INFO - Successfully stored file in GCS: transparentsf/dashboard/0/7.json
2025-09-11 12:56:21,927 - INFO - Successfully migrated: /Users/simongoldman/Documents/TransparentSF_from_git/transparentSF/ai/output/dashboard/0/7.json
2025-09-11 12:56:22,174 - INFO - Successfully stored file in GCS: transparentsf/dashboard/0/17.json
2025-09-11 12:56:22,174 - INFO - Successfully migrated: /Users/simongoldman/Documents/TransparentSF_from_git/transparentSF/ai/output/dashboard/0/17.json
2025-09-11 12:56:22,391 - INFO - Successfully stored file in GCS: transparentsf/dashboard/0/40.json
2025-09-11 12:56:22,391 - INFO - Successfully migrated: /Users/simongoldman/Documents/TransparentSF_from_git/transparentSF/ai/output/dashboard/0/40.json
2025-09-11 12:56:22,618 - INFO - Successfully stored file in GCS: transparentsf/dashboard/0/47.json
2025-09-11 12:56:22,618 - INFO - Successfully migrated: /Users/simongoldman/Documents/TransparentSF_from_git/transparentSF/ai/output/dashboard/0/47.json
2025-09-11 12:56:22,845 - INFO - Successfully stored file in GCS: transparentsf/dashboard/0/10.json
2025-09-11 12:56:22,845 - INFO - Successfully migrated: /Users/simongoldman/Documents/TransparentSF_from_git/transparentSF/ai/output/dashboard/0/10.json
2025-09-11 12:56:23,060 - INFO - Successfully stored file in GCS: transparentsf/dashboard/0/51.json
2025-09-11 12:56:23,060 - INFO - Successfully migrated: /Users/simongoldman/Documents/TransparentSF_from_git/transparentSF/ai/output/dashboard/0/51.json
2025-09-11 12:56:23,354 - INFO - Successfully stored file in GCS: transparentsf/dashboard/0/71.json
2025-09-11 12:56:23,354 - INFO - Successfully migrated: /Users/simongoldman/Documents/TransparentSF_from_git/transparentSF/ai/output/dashboard/0/71.json
2025-09-11 12:56:23,575 - INFO - Successfully stored file in GCS: transparentsf/dashboard/0/30.json
2025-09-11 12:56:23,575 - INFO - Successfully migrated: /Users/simongoldman/Documents/TransparentSF_from_git/transparentSF/ai/output/dashboard/0/30.json
2025-09-11 12:56:23,797 - INFO - Successfully stored file in GCS: transparentsf/dashboard/0/31.json
2025-09-11 12:56:23,797 - INFO - Successfully migrated: /Users/simongoldman/Documents/TransparentSF_from_git/transparentSF/ai/output/dashboard/0/31.json
2025-09-11 12:56:24,028 - INFO - Successfully stored file in GCS: transparentsf/dashboard/0/66.json
2025-09-11 12:56:24,028 - INFO - Successfully migrated: /Users/simongoldman/Documents/TransparentSF_from_git/transparentSF/ai/output/dashboard/0/66.json
2025-09-11 12:56:24,246 - INFO - Successfully stored file in GCS: transparentsf/dashboard/0/70.json
2025-09-11 12:56:24,247 - INFO - Successfully migrated: /Users/simongoldman/Documents/TransparentSF_from_git/transparentSF/ai/output/dashboard/0/70.json
2025-09-11 12:56:24,466 - INFO - Successfully stored file in GCS: transparentsf/dashboard/0/1.json
2025-09-11 12:56:24,466 - INFO - Successfully migrated: /Users/simongoldman/Documents/TransparentSF_from_git/transparentSF/ai/output/dashboard/0/1.json
2025-09-11 12:56:24,685 - INFO - Successfully stored file in GCS: transparentsf/dashboard/0/50.json
2025-09-11 12:56:24,708 - INFO - Successfully migrated: /Users/simongoldman/Documents/TransparentSF_from_git/transparentSF/ai/output/dashboard/0/50.json
2025-09-11 12:56:24,932 - INFO - Successfully stored file in GCS: transparentsf/dashboard/0/46.json
2025-09-11 12:56:24,947 - INFO - Successfully migrated: /Users/simongoldman/Documents/TransparentSF_from_git/transparentSF/ai/output/dashboard/0/46.json
2025-09-11 12:56:25,161 - INFO - Successfully stored file in GCS: transparentsf/dashboard/0/2.json
2025-09-11 12:56:25,161 - INFO - Successfully migrated: /Users/simongoldman/Documents/TransparentSF_from_git/transparentSF/ai/output/dashboard/0/2.json
2025-09-11 12:56:25,379 - INFO - Successfully stored file in GCS: transparentsf/dashboard/0/53.json
2025-09-11 12:56:25,379 - INFO - Successfully migrated: /Users/simongoldman/Documents/TransparentSF_from_git/transparentSF/ai/output/dashboard/0/53.json
2025-09-11 12:56:25,641 - INFO - Successfully stored file in GCS: transparentsf/dashboard/0/12.json
2025-09-11 12:56:25,641 - INFO - Successfully migrated: /Users/simongoldman/Documents/TransparentSF_from_git/transparentSF/ai/output/dashboard/0/12.json
2025-09-11 12:56:25,858 - INFO - Successfully stored file in GCS: transparentsf/dashboard/0/45.json
2025-09-11 12:56:25,858 - INFO - Successfully migrated: /Users/simongoldman/Documents/TransparentSF_from_git/transparentSF/ai/output/dashboard/0/45.json
2025-09-11 12:56:26,081 - INFO - Successfully stored file in GCS: transparentsf/dashboard/0/32.json
2025-09-11 12:56:26,081 - INFO - Successfully migrated: /Users/simongoldman/Documents/TransparentSF_from_git/transparentSF/ai/output/dashboard/0/32.json
2025-09-11 12:56:26,304 - INFO - Successfully stored file in GCS: transparentsf/dashboard/0/65.json
2025-09-11 12:56:26,304 - INFO - Successfully migrated: /Users/simongoldman/Documents/TransparentSF_from_git/transparentSF/ai/output/dashboard/0/65.json
2025-09-11 12:56:26,528 - INFO - Successfully stored file in GCS: transparentsf/dashboard/0/73.json
2025-09-11 12:56:26,528 - INFO - Successfully migrated: /Users/simongoldman/Documents/TransparentSF_from_git/transparentSF/ai/output/dashboard/0/73.json
2025-09-11 12:56:26,749 - INFO - Successfully stored file in GCS: transparentsf/dashboard/0/24.json
2025-09-11 12:56:26,750 - INFO - Successfully migrated: /Users/simongoldman/Documents/TransparentSF_from_git/transparentSF/ai/output/dashboard/0/24.json
2025-09-11 12:56:27,001 - INFO - Successfully stored file in GCS: transparentsf/dashboard/0/49.json
2025-09-11 12:56:27,001 - INFO - Successfully migrated: /Users/simongoldman/Documents/TransparentSF_from_git/transparentSF/ai/output/dashboard/0/49.json
2025-09-11 12:56:27,222 - INFO - Successfully stored file in GCS: transparentsf/dashboard/0/48.json
2025-09-11 12:56:27,222 - INFO - Successfully migrated: /Users/simongoldman/Documents/TransparentSF_from_git/transparentSF/ai/output/dashboard/0/48.json
2025-09-11 12:56:27,461 - INFO - Successfully stored file in GCS: transparentsf/dashboard/0/72.json
2025-09-11 12:56:27,461 - INFO - Successfully migrated: /Users/simongoldman/Documents/TransparentSF_from_git/transparentSF/ai/output/dashboard/0/72.json
2025-09-11 12:56:27,679 - INFO - Successfully stored file in GCS: transparentsf/dashboard/0/33.json
2025-09-11 12:56:27,680 - INFO - Successfully migrated: /Users/simongoldman/Documents/TransparentSF_from_git/transparentSF/ai/output/dashboard/0/33.json
2025-09-11 12:56:27,902 - INFO - Successfully stored file in GCS: transparentsf/dashboard/0/44.json
2025-09-11 12:56:27,903 - INFO - Successfully migrated: /Users/simongoldman/Documents/TransparentSF_from_git/transparentSF/ai/output/dashboard/0/44.json
2025-09-11 12:56:28,167 - INFO - Successfully stored file in GCS: transparentsf/dashboard/0/13.json
2025-09-11 12:56:28,168 - INFO - Successfully migrated: /Users/simongoldman/Documents/TransparentSF_from_git/transparentSF/ai/output/dashboard/0/13.json
2025-09-11 12:56:28,402 - INFO - Successfully stored file in GCS: transparentsf/dashboard/0/52.json
2025-09-11 12:56:28,402 - INFO - Successfully migrated: /Users/simongoldman/Documents/TransparentSF_from_git/transparentSF/ai/output/dashboard/0/52.json
2025-09-11 12:56:28,660 - INFO - Successfully stored file in GCS: transparentsf/dashboard/0/29.json
2025-09-11 12:56:28,660 - INFO - Successfully migrated: /Users/simongoldman/Documents/TransparentSF_from_git/transparentSF/ai/output/dashboard/0/29.json
2025-09-11 12:56:28,880 - INFO - Successfully stored file in GCS: transparentsf/dashboard/0/3.json
2025-09-11 12:56:28,880 - INFO - Successfully migrated: /Users/simongoldman/Documents/TransparentSF_from_git/transparentSF/ai/output/dashboard/0/3.json
2025-09-11 12:56:29,136 - INFO - Successfully stored file in GCS: transparentsf/dashboard/0/34.json
2025-09-11 12:56:29,138 - INFO - Successfully migrated: /Users/simongoldman/Documents/TransparentSF_from_git/transparentSF/ai/output/dashboard/0/34.json
2025-09-11 12:56:29,421 - INFO - Successfully stored file in GCS: transparentsf/dashboard/0/63.json
2025-09-11 12:56:29,421 - INFO - Successfully migrated: /Users/simongoldman/Documents/TransparentSF_from_git/transparentSF/ai/output/dashboard/0/63.json
2025-09-11 12:56:29,652 - INFO - Successfully stored file in GCS: transparentsf/dashboard/0/8.json
2025-09-11 12:56:29,652 - INFO - Successfully migrated: /Users/simongoldman/Documents/TransparentSF_from_git/transparentSF/ai/output/dashboard/0/8.json
2025-09-11 12:56:29,874 - INFO - Successfully stored file in GCS: transparentsf/dashboard/0/22.json
2025-09-11 12:56:29,874 - INFO - Successfully migrated: /Users/simongoldman/Documents/TransparentSF_from_git/transparentSF/ai/output/dashboard/0/22.json
2025-09-11 12:56:30,119 - INFO - Successfully stored file in GCS: transparentsf/dashboard/0/18.json
2025-09-11 12:56:30,119 - INFO - Successfully migrated: /Users/simongoldman/Documents/TransparentSF_from_git/transparentSF/ai/output/dashboard/0/18.json
2025-09-11 12:56:30,336 - INFO - Successfully stored file in GCS: transparentsf/dashboard/0/38.json
2025-09-11 12:56:30,337 - INFO - Successfully migrated: /Users/simongoldman/Documents/TransparentSF_from_git/transparentSF/ai/output/dashboard/0/38.json
2025-09-11 12:56:30,556 - INFO - Successfully stored file in GCS: transparentsf/dashboard/0/4.json
2025-09-11 12:56:30,556 - INFO - Successfully migrated: /Users/simongoldman/Documents/TransparentSF_from_git/transparentSF/ai/output/dashboard/0/4.json
2025-09-11 12:56:30,790 - INFO - Successfully stored file in GCS: transparentsf/dashboard/0/14.json
2025-09-11 12:56:30,790 - INFO - Successfully migrated: /Users/simongoldman/Documents/TransparentSF_from_git/transparentSF/ai/output/dashboard/0/14.json
2025-09-11 12:56:31,048 - INFO - Successfully stored file in GCS: transparentsf/dashboard/0/43.json
2025-09-11 12:56:31,050 - INFO - Successfully migrated: /Users/simongoldman/Documents/TransparentSF_from_git/transparentSF/ai/output/dashboard/0/43.json
2025-09-11 12:56:31,312 - INFO - Successfully stored file in GCS: transparentsf/dashboard/0/15.json
2025-09-11 12:56:31,312 - INFO - Successfully migrated: /Users/simongoldman/Documents/TransparentSF_from_git/transparentSF/ai/output/dashboard/0/15.json
2025-09-11 12:56:31,536 - INFO - Successfully stored file in GCS: transparentsf/dashboard/0/5.json
2025-09-11 12:56:31,537 - INFO - Successfully migrated: /Users/simongoldman/Documents/TransparentSF_from_git/transparentSF/ai/output/dashboard/0/5.json
2025-09-11 12:56:31,764 - INFO - Successfully stored file in GCS: transparentsf/dashboard/0/19.json
2025-09-11 12:56:31,765 - INFO - Successfully migrated: /Users/simongoldman/Documents/TransparentSF_from_git/transparentSF/ai/output/dashboard/0/19.json
2025-09-11 12:56:32,058 - INFO - Successfully stored file in GCS: transparentsf/dashboard/0/58.json
2025-09-11 12:56:32,058 - INFO - Successfully migrated: /Users/simongoldman/Documents/TransparentSF_from_git/transparentSF/ai/output/dashboard/0/58.json
2025-09-11 12:56:32,366 - INFO - Successfully stored file in GCS: transparentsf/dashboard/0/23.json
2025-09-11 12:56:32,366 - INFO - Successfully migrated: /Users/simongoldman/Documents/TransparentSF_from_git/transparentSF/ai/output/dashboard/0/23.json
2025-09-11 12:56:32,606 - INFO - Successfully stored file in GCS: transparentsf/dashboard/0/9.json
2025-09-11 12:56:32,606 - INFO - Successfully migrated: /Users/simongoldman/Documents/TransparentSF_from_git/transparentSF/ai/output/dashboard/0/9.json
2025-09-11 12:56:32,826 - INFO - Successfully stored file in GCS: transparentsf/dashboard/0/35.json
2025-09-11 12:56:32,826 - INFO - Successfully migrated: /Users/simongoldman/Documents/TransparentSF_from_git/transparentSF/ai/output/dashboard/0/35.json
2025-09-11 12:56:33,079 - INFO - Successfully stored file in GCS: transparentsf/dashboard/11/top_level.json
2025-09-11 12:56:33,079 - INFO - Successfully migrated: /Users/simongoldman/Documents/TransparentSF_from_git/transparentSF/ai/output/dashboard/11/top_level.json
2025-09-11 12:56:33,293 - INFO - Successfully stored file in GCS: transparentsf/dashboard/11/16.json
2025-09-11 12:56:33,293 - INFO - Successfully migrated: /Users/simongoldman/Documents/TransparentSF_from_git/transparentSF/ai/output/dashboard/11/16.json
2025-09-11 12:56:33,523 - INFO - Successfully stored file in GCS: transparentsf/dashboard/11/17.json
2025-09-11 12:56:33,523 - INFO - Successfully migrated: /Users/simongoldman/Documents/TransparentSF_from_git/transparentSF/ai/output/dashboard/11/17.json
2025-09-11 12:56:33,736 - INFO - Successfully stored file in GCS: transparentsf/dashboard/11/40.json
2025-09-11 12:56:33,736 - INFO - Successfully migrated: /Users/simongoldman/Documents/TransparentSF_from_git/transparentSF/ai/output/dashboard/11/40.json
2025-09-11 12:56:33,980 - INFO - Successfully stored file in GCS: transparentsf/dashboard/11/71.json
2025-09-11 12:56:33,980 - INFO - Successfully migrated: /Users/simongoldman/Documents/TransparentSF_from_git/transparentSF/ai/output/dashboard/11/71.json
2025-09-11 12:56:34,211 - INFO - Successfully stored file in GCS: transparentsf/dashboard/11/30.json
2025-09-11 12:56:34,211 - INFO - Successfully migrated: /Users/simongoldman/Documents/TransparentSF_from_git/transparentSF/ai/output/dashboard/11/30.json
2025-09-11 12:56:34,435 - INFO - Successfully stored file in GCS: transparentsf/dashboard/11/70.json
2025-09-11 12:56:34,435 - INFO - Successfully migrated: /Users/simongoldman/Documents/TransparentSF_from_git/transparentSF/ai/output/dashboard/11/70.json
2025-09-11 12:56:34,650 - INFO - Successfully stored file in GCS: transparentsf/dashboard/11/1.json
2025-09-11 12:56:34,650 - INFO - Successfully migrated: /Users/simongoldman/Documents/TransparentSF_from_git/transparentSF/ai/output/dashboard/11/1.json
2025-09-11 12:56:34,873 - INFO - Successfully stored file in GCS: transparentsf/dashboard/11/2.json
2025-09-11 12:56:34,873 - INFO - Successfully migrated: /Users/simongoldman/Documents/TransparentSF_from_git/transparentSF/ai/output/dashboard/11/2.json
2025-09-11 12:56:35,131 - INFO - Successfully stored file in GCS: transparentsf/dashboard/11/12.json
2025-09-11 12:56:35,131 - INFO - Successfully migrated: /Users/simongoldman/Documents/TransparentSF_from_git/transparentSF/ai/output/dashboard/11/12.json
2025-09-11 12:56:35,351 - INFO - Successfully stored file in GCS: transparentsf/dashboard/11/73.json
2025-09-11 12:56:35,351 - INFO - Successfully migrated: /Users/simongoldman/Documents/TransparentSF_from_git/transparentSF/ai/output/dashboard/11/73.json
2025-09-11 12:56:35,577 - INFO - Successfully stored file in GCS: transparentsf/dashboard/11/24.json
2025-09-11 12:56:35,577 - INFO - Successfully migrated: /Users/simongoldman/Documents/TransparentSF_from_git/transparentSF/ai/output/dashboard/11/24.json
2025-09-11 12:56:35,807 - INFO - Successfully stored file in GCS: transparentsf/dashboard/11/72.json
2025-09-11 12:56:35,808 - INFO - Successfully migrated: /Users/simongoldman/Documents/TransparentSF_from_git/transparentSF/ai/output/dashboard/11/72.json
2025-09-11 12:56:36,047 - INFO - Successfully stored file in GCS: transparentsf/dashboard/11/29.json
2025-09-11 12:56:36,047 - INFO - Successfully migrated: /Users/simongoldman/Documents/TransparentSF_from_git/transparentSF/ai/output/dashboard/11/29.json
2025-09-11 12:56:36,279 - INFO - Successfully stored file in GCS: transparentsf/dashboard/11/3.json
2025-09-11 12:56:36,279 - INFO - Successfully migrated: /Users/simongoldman/Documents/TransparentSF_from_git/transparentSF/ai/output/dashboard/11/3.json
2025-09-11 12:56:36,526 - INFO - Successfully stored file in GCS: transparentsf/dashboard/11/63.json
2025-09-11 12:56:36,527 - INFO - Successfully migrated: /Users/simongoldman/Documents/TransparentSF_from_git/transparentSF/ai/output/dashboard/11/63.json
2025-09-11 12:56:36,876 - INFO - Successfully stored file in GCS: transparentsf/dashboard/11/8.json
2025-09-11 12:56:36,876 - INFO - Successfully migrated: /Users/simongoldman/Documents/TransparentSF_from_git/transparentSF/ai/output/dashboard/11/8.json
2025-09-11 12:56:37,180 - INFO - Successfully stored file in GCS: transparentsf/dashboard/11/22.json
2025-09-11 12:56:37,180 - INFO - Successfully migrated: /Users/simongoldman/Documents/TransparentSF_from_git/transparentSF/ai/output/dashboard/11/22.json
2025-09-11 12:56:37,411 - INFO - Successfully stored file in GCS: transparentsf/dashboard/11/18.json
2025-09-11 12:56:37,412 - INFO - Successfully migrated: /Users/simongoldman/Documents/TransparentSF_from_git/transparentSF/ai/output/dashboard/11/18.json
2025-09-11 12:56:37,620 - INFO - Successfully stored file in GCS: transparentsf/dashboard/11/38.json
2025-09-11 12:56:37,620 - INFO - Successfully migrated: /Users/simongoldman/Documents/TransparentSF_from_git/transparentSF/ai/output/dashboard/11/38.json
2025-09-11 12:56:37,839 - INFO - Successfully stored file in GCS: transparentsf/dashboard/11/4.json
2025-09-11 12:56:37,839 - INFO - Successfully migrated: /Users/simongoldman/Documents/TransparentSF_from_git/transparentSF/ai/output/dashboard/11/4.json
2025-09-11 12:56:38,101 - INFO - Successfully stored file in GCS: transparentsf/dashboard/11/14.json
2025-09-11 12:56:38,101 - INFO - Successfully migrated: /Users/simongoldman/Documents/TransparentSF_from_git/transparentSF/ai/output/dashboard/11/14.json
2025-09-11 12:56:38,330 - INFO - Successfully stored file in GCS: transparentsf/dashboard/11/15.json
2025-09-11 12:56:38,330 - INFO - Successfully migrated: /Users/simongoldman/Documents/TransparentSF_from_git/transparentSF/ai/output/dashboard/11/15.json
2025-09-11 12:56:38,548 - INFO - Successfully stored file in GCS: transparentsf/dashboard/11/19.json
2025-09-11 12:56:38,548 - INFO - Successfully migrated: /Users/simongoldman/Documents/TransparentSF_from_git/transparentSF/ai/output/dashboard/11/19.json
2025-09-11 12:56:38,818 - INFO - Successfully stored file in GCS: transparentsf/dashboard/11/23.json
2025-09-11 12:56:38,818 - INFO - Successfully migrated: /Users/simongoldman/Documents/TransparentSF_from_git/transparentSF/ai/output/dashboard/11/23.json
2025-09-11 12:56:39,055 - INFO - Successfully stored file in GCS: transparentsf/dashboard/11/9.json
2025-09-11 12:56:39,056 - INFO - Successfully migrated: /Users/simongoldman/Documents/TransparentSF_from_git/transparentSF/ai/output/dashboard/11/9.json
2025-09-11 12:56:39,278 - INFO - Successfully stored file in GCS: transparentsf/dashboard/11/35.json
2025-09-11 12:56:39,278 - INFO - Successfully migrated: /Users/simongoldman/Documents/TransparentSF_from_git/transparentSF/ai/output/dashboard/11/35.json
2025-09-11 12:56:39,551 - INFO - Successfully stored file in GCS: transparentsf/dashboard/7/top_level.json
2025-09-11 12:56:39,551 - INFO - Successfully migrated: /Users/simongoldman/Documents/TransparentSF_from_git/transparentSF/ai/output/dashboard/7/top_level.json
2025-09-11 12:56:39,800 - INFO - Successfully stored file in GCS: transparentsf/dashboard/7/16.json
2025-09-11 12:56:39,801 - INFO - Successfully migrated: /Users/simongoldman/Documents/TransparentSF_from_git/transparentSF/ai/output/dashboard/7/16.json
2025-09-11 12:56:40,049 - INFO - Successfully stored file in GCS: transparentsf/dashboard/7/17.json
2025-09-11 12:56:40,049 - INFO - Successfully migrated: /Users/simongoldman/Documents/TransparentSF_from_git/transparentSF/ai/output/dashboard/7/17.json
2025-09-11 12:56:40,353 - INFO - Successfully stored file in GCS: transparentsf/dashboard/7/40.json
2025-09-11 12:56:40,353 - INFO - Successfully migrated: /Users/simongoldman/Documents/TransparentSF_from_git/transparentSF/ai/output/dashboard/7/40.json
2025-09-11 12:56:40,590 - INFO - Successfully stored file in GCS: transparentsf/dashboard/7/71.json
2025-09-11 12:56:40,590 - INFO - Successfully migrated: /Users/simongoldman/Documents/TransparentSF_from_git/transparentSF/ai/output/dashboard/7/71.json
2025-09-11 12:56:40,816 - INFO - Successfully stored file in GCS: transparentsf/dashboard/7/30.json
2025-09-11 12:56:40,816 - INFO - Successfully migrated: /Users/simongoldman/Documents/TransparentSF_from_git/transparentSF/ai/output/dashboard/7/30.json
2025-09-11 12:56:41,076 - INFO - Successfully stored file in GCS: transparentsf/dashboard/7/70.json
2025-09-11 12:56:41,076 - INFO - Successfully migrated: /Users/simongoldman/Documents/TransparentSF_from_git/transparentSF/ai/output/dashboard/7/70.json
2025-09-11 12:56:41,294 - INFO - Successfully stored file in GCS: transparentsf/dashboard/7/1.json
2025-09-11 12:56:41,294 - INFO - Successfully migrated: /Users/simongoldman/Documents/TransparentSF_from_git/transparentSF/ai/output/dashboard/7/1.json
2025-09-11 12:56:41,518 - INFO - Successfully stored file in GCS: transparentsf/dashboard/7/2.json
2025-09-11 12:56:41,518 - INFO - Successfully migrated: /Users/simongoldman/Documents/TransparentSF_from_git/transparentSF/ai/output/dashboard/7/2.json
2025-09-11 12:56:41,745 - INFO - Successfully stored file in GCS: transparentsf/dashboard/7/12.json
2025-09-11 12:56:41,745 - INFO - Successfully migrated: /Users/simongoldman/Documents/TransparentSF_from_git/transparentSF/ai/output/dashboard/7/12.json
2025-09-11 12:56:41,985 - INFO - Successfully stored file in GCS: transparentsf/dashboard/7/73.json
2025-09-11 12:56:41,985 - INFO - Successfully migrated: /Users/simongoldman/Documents/TransparentSF_from_git/transparentSF/ai/output/dashboard/7/73.json
2025-09-11 12:56:42,206 - INFO - Successfully stored file in GCS: transparentsf/dashboard/7/24.json
2025-09-11 12:56:42,207 - INFO - Successfully migrated: /Users/simongoldman/Documents/TransparentSF_from_git/transparentSF/ai/output/dashboard/7/24.json
2025-09-11 12:56:42,453 - INFO - Successfully stored file in GCS: transparentsf/dashboard/7/72.json
2025-09-11 12:56:42,454 - INFO - Successfully migrated: /Users/simongoldman/Documents/TransparentSF_from_git/transparentSF/ai/output/dashboard/7/72.json
2025-09-11 12:56:42,674 - INFO - Successfully stored file in GCS: transparentsf/dashboard/7/29.json
2025-09-11 12:56:42,674 - INFO - Successfully migrated: /Users/simongoldman/Documents/TransparentSF_from_git/transparentSF/ai/output/dashboard/7/29.json
2025-09-11 12:56:42,902 - INFO - Successfully stored file in GCS: transparentsf/dashboard/7/3.json
2025-09-11 12:56:42,902 - INFO - Successfully migrated: /Users/simongoldman/Documents/TransparentSF_from_git/transparentSF/ai/output/dashboard/7/3.json
2025-09-11 12:56:43,219 - INFO - Successfully stored file in GCS: transparentsf/dashboard/7/34.json
2025-09-11 12:56:43,220 - INFO - Successfully migrated: /Users/simongoldman/Documents/TransparentSF_from_git/transparentSF/ai/output/dashboard/7/34.json
2025-09-11 12:56:43,438 - INFO - Successfully stored file in GCS: transparentsf/dashboard/7/63.json
2025-09-11 12:56:43,439 - INFO - Successfully migrated: /Users/simongoldman/Documents/TransparentSF_from_git/transparentSF/ai/output/dashboard/7/63.json
2025-09-11 12:56:43,702 - INFO - Successfully stored file in GCS: transparentsf/dashboard/7/8.json
2025-09-11 12:56:43,702 - INFO - Successfully migrated: /Users/simongoldman/Documents/TransparentSF_from_git/transparentSF/ai/output/dashboard/7/8.json
2025-09-11 12:56:43,922 - INFO - Successfully stored file in GCS: transparentsf/dashboard/7/22.json
2025-09-11 12:56:43,922 - INFO - Successfully migrated: /Users/simongoldman/Documents/TransparentSF_from_git/transparentSF/ai/output/dashboard/7/22.json
2025-09-11 12:56:44,198 - INFO - Successfully stored file in GCS: transparentsf/dashboard/7/18.json
2025-09-11 12:56:44,198 - INFO - Successfully migrated: /Users/simongoldman/Documents/TransparentSF_from_git/transparentSF/ai/output/dashboard/7/18.json
2025-09-11 12:56:44,450 - INFO - Successfully stored file in GCS: transparentsf/dashboard/7/38.json
2025-09-11 12:56:44,450 - INFO - Successfully migrated: /Users/simongoldman/Documents/TransparentSF_from_git/transparentSF/ai/output/dashboard/7/38.json
2025-09-11 12:56:44,763 - INFO - Successfully stored file in GCS: transparentsf/dashboard/7/4.json
2025-09-11 12:56:44,763 - INFO - Successfully migrated: /Users/simongoldman/Documents/TransparentSF_from_git/transparentSF/ai/output/dashboard/7/4.json
2025-09-11 12:56:45,002 - INFO - Successfully stored file in GCS: transparentsf/dashboard/7/14.json
2025-09-11 12:56:45,002 - INFO - Successfully migrated: /Users/simongoldman/Documents/TransparentSF_from_git/transparentSF/ai/output/dashboard/7/14.json
2025-09-11 12:56:45,230 - INFO - Successfully stored file in GCS: transparentsf/dashboard/7/15.json
2025-09-11 12:56:45,231 - INFO - Successfully migrated: /Users/simongoldman/Documents/TransparentSF_from_git/transparentSF/ai/output/dashboard/7/15.json
2025-09-11 12:56:45,460 - INFO - Successfully stored file in GCS: transparentsf/dashboard/7/19.json
2025-09-11 12:56:45,460 - INFO - Successfully migrated: /Users/simongoldman/Documents/TransparentSF_from_git/transparentSF/ai/output/dashboard/7/19.json
2025-09-11 12:56:45,697 - INFO - Successfully stored file in GCS: transparentsf/dashboard/7/23.json
2025-09-11 12:56:45,697 - INFO - Successfully migrated: /Users/simongoldman/Documents/TransparentSF_from_git/transparentSF/ai/output/dashboard/7/23.json
2025-09-11 12:56:45,988 - INFO - Successfully stored file in GCS: transparentsf/dashboard/7/9.json
2025-09-11 12:56:45,988 - INFO - Successfully migrated: /Users/simongoldman/Documents/TransparentSF_from_git/transparentSF/ai/output/dashboard/7/9.json
2025-09-11 12:56:46,292 - INFO - Successfully stored file in GCS: transparentsf/dashboard/7/35.json
2025-09-11 12:56:46,293 - INFO - Successfully migrated: /Users/simongoldman/Documents/TransparentSF_from_git/transparentSF/ai/output/dashboard/7/35.json
2025-09-11 12:56:46,557 - INFO - Successfully stored file in GCS: transparentsf/dashboard/6/top_level.json
2025-09-11 12:56:46,557 - INFO - Successfully migrated: /Users/simongoldman/Documents/TransparentSF_from_git/transparentSF/ai/output/dashboard/6/top_level.json
2025-09-11 12:56:46,828 - INFO - Successfully stored file in GCS: transparentsf/dashboard/6/16.json
2025-09-11 12:56:46,829 - INFO - Successfully migrated: /Users/simongoldman/Documents/TransparentSF_from_git/transparentSF/ai/output/dashboard/6/16.json
2025-09-11 12:56:47,058 - INFO - Successfully stored file in GCS: transparentsf/dashboard/6/17.json
2025-09-11 12:56:47,059 - INFO - Successfully migrated: /Users/simongoldman/Documents/TransparentSF_from_git/transparentSF/ai/output/dashboard/6/17.json
2025-09-11 12:56:47,316 - INFO - Successfully stored file in GCS: transparentsf/dashboard/6/40.json
2025-09-11 12:56:47,316 - INFO - Successfully migrated: /Users/simongoldman/Documents/TransparentSF_from_git/transparentSF/ai/output/dashboard/6/40.json
2025-09-11 12:56:47,542 - INFO - Successfully stored file in GCS: transparentsf/dashboard/6/71.json
2025-09-11 12:56:47,542 - INFO - Successfully migrated: /Users/simongoldman/Documents/TransparentSF_from_git/transparentSF/ai/output/dashboard/6/71.json
2025-09-11 12:56:47,792 - INFO - Successfully stored file in GCS: transparentsf/dashboard/6/30.json
2025-09-11 12:56:47,793 - INFO - Successfully migrated: /Users/simongoldman/Documents/TransparentSF_from_git/transparentSF/ai/output/dashboard/6/30.json
2025-09-11 12:56:48,016 - INFO - Successfully stored file in GCS: transparentsf/dashboard/6/70.json
2025-09-11 12:56:48,016 - INFO - Successfully migrated: /Users/simongoldman/Documents/TransparentSF_from_git/transparentSF/ai/output/dashboard/6/70.json
2025-09-11 12:56:48,238 - INFO - Successfully stored file in GCS: transparentsf/dashboard/6/1.json
2025-09-11 12:56:48,239 - INFO - Successfully migrated: /Users/simongoldman/Documents/TransparentSF_from_git/transparentSF/ai/output/dashboard/6/1.json
2025-09-11 12:56:48,455 - INFO - Successfully stored file in GCS: transparentsf/dashboard/6/2.json
2025-09-11 12:56:48,456 - INFO - Successfully migrated: /Users/simongoldman/Documents/TransparentSF_from_git/transparentSF/ai/output/dashboard/6/2.json
2025-09-11 12:56:48,681 - INFO - Successfully stored file in GCS: transparentsf/dashboard/6/12.json
2025-09-11 12:56:48,682 - INFO - Successfully migrated: /Users/simongoldman/Documents/TransparentSF_from_git/transparentSF/ai/output/dashboard/6/12.json
2025-09-11 12:56:48,925 - INFO - Successfully stored file in GCS: transparentsf/dashboard/6/73.json
2025-09-11 12:56:48,925 - INFO - Successfully migrated: /Users/simongoldman/Documents/TransparentSF_from_git/transparentSF/ai/output/dashboard/6/73.json
2025-09-11 12:56:49,149 - INFO - Successfully stored file in GCS: transparentsf/dashboard/6/24.json
2025-09-11 12:56:49,149 - INFO - Successfully migrated: /Users/simongoldman/Documents/TransparentSF_from_git/transparentSF/ai/output/dashboard/6/24.json
2025-09-11 12:56:49,466 - INFO - Successfully stored file in GCS: transparentsf/dashboard/6/72.json
2025-09-11 12:56:49,466 - INFO - Successfully migrated: /Users/simongoldman/Documents/TransparentSF_from_git/transparentSF/ai/output/dashboard/6/72.json
2025-09-11 12:56:49,774 - INFO - Successfully stored file in GCS: transparentsf/dashboard/6/29.json
2025-09-11 12:56:49,774 - INFO - Successfully migrated: /Users/simongoldman/Documents/TransparentSF_from_git/transparentSF/ai/output/dashboard/6/29.json
2025-09-11 12:56:49,995 - INFO - Successfully stored file in GCS: transparentsf/dashboard/6/3.json
2025-09-11 12:56:49,995 - INFO - Successfully migrated: /Users/simongoldman/Documents/TransparentSF_from_git/transparentSF/ai/output/dashboard/6/3.json
2025-09-11 12:56:50,222 - INFO - Successfully stored file in GCS: transparentsf/dashboard/6/34.json
2025-09-11 12:56:50,222 - INFO - Successfully migrated: /Users/simongoldman/Documents/TransparentSF_from_git/transparentSF/ai/output/dashboard/6/34.json
2025-09-11 12:56:50,463 - INFO - Successfully stored file in GCS: transparentsf/dashboard/6/63.json
2025-09-11 12:56:50,463 - INFO - Successfully migrated: /Users/simongoldman/Documents/TransparentSF_from_git/transparentSF/ai/output/dashboard/6/63.json
2025-09-11 12:56:50,792 - INFO - Successfully stored file in GCS: transparentsf/dashboard/6/8.json
2025-09-11 12:56:50,792 - INFO - Successfully migrated: /Users/simongoldman/Documents/TransparentSF_from_git/transparentSF/ai/output/dashboard/6/8.json
2025-09-11 12:56:51,018 - INFO - Successfully stored file in GCS: transparentsf/dashboard/6/22.json
2025-09-11 12:56:51,018 - INFO - Successfully migrated: /Users/simongoldman/Documents/TransparentSF_from_git/transparentSF/ai/output/dashboard/6/22.json
2025-09-11 12:56:51,240 - INFO - Successfully stored file in GCS: transparentsf/dashboard/6/18.json
2025-09-11 12:56:51,240 - INFO - Successfully migrated: /Users/simongoldman/Documents/TransparentSF_from_git/transparentSF/ai/output/dashboard/6/18.json
2025-09-11 12:56:51,500 - INFO - Successfully stored file in GCS: transparentsf/dashboard/6/38.json
2025-09-11 12:56:51,501 - INFO - Successfully migrated: /Users/simongoldman/Documents/TransparentSF_from_git/transparentSF/ai/output/dashboard/6/38.json
2025-09-11 12:56:51,776 - INFO - Successfully stored file in GCS: transparentsf/dashboard/6/4.json
2025-09-11 12:56:51,776 - INFO - Successfully migrated: /Users/simongoldman/Documents/TransparentSF_from_git/transparentSF/ai/output/dashboard/6/4.json
2025-09-11 12:56:52,131 - INFO - Successfully stored file in GCS: transparentsf/dashboard/6/14.json
2025-09-11 12:56:52,131 - INFO - Successfully migrated: /Users/simongoldman/Documents/TransparentSF_from_git/transparentSF/ai/output/dashboard/6/14.json
2025-09-11 12:56:52,350 - INFO - Successfully stored file in GCS: transparentsf/dashboard/6/15.json
2025-09-11 12:56:52,351 - INFO - Successfully migrated: /Users/simongoldman/Documents/TransparentSF_from_git/transparentSF/ai/output/dashboard/6/15.json
2025-09-11 12:56:52,567 - INFO - Successfully stored file in GCS: transparentsf/dashboard/6/19.json
2025-09-11 12:56:52,567 - INFO - Successfully migrated: /Users/simongoldman/Documents/TransparentSF_from_git/transparentSF/ai/output/dashboard/6/19.json
2025-09-11 12:56:52,797 - INFO - Successfully stored file in GCS: transparentsf/dashboard/6/23.json
2025-09-11 12:56:52,797 - INFO - Successfully migrated: /Users/simongoldman/Documents/TransparentSF_from_git/transparentSF/ai/output/dashboard/6/23.json
2025-09-11 12:56:53,027 - INFO - Successfully stored file in GCS: transparentsf/dashboard/6/9.json
2025-09-11 12:56:53,027 - INFO - Successfully migrated: /Users/simongoldman/Documents/TransparentSF_from_git/transparentSF/ai/output/dashboard/6/9.json
2025-09-11 12:56:53,256 - INFO - Successfully stored file in GCS: transparentsf/dashboard/6/35.json
2025-09-11 12:56:53,260 - INFO - Successfully migrated: /Users/simongoldman/Documents/TransparentSF_from_git/transparentSF/ai/output/dashboard/6/35.json
2025-09-11 12:56:53,548 - INFO - Successfully stored file in GCS: transparentsf/dashboard/1/top_level.json
2025-09-11 12:56:53,548 - INFO - Successfully migrated: /Users/simongoldman/Documents/TransparentSF_from_git/transparentSF/ai/output/dashboard/1/top_level.json
2025-09-11 12:56:53,781 - INFO - Successfully stored file in GCS: transparentsf/dashboard/1/16.json
2025-09-11 12:56:53,781 - INFO - Successfully migrated: /Users/simongoldman/Documents/TransparentSF_from_git/transparentSF/ai/output/dashboard/1/16.json
2025-09-11 12:56:54,020 - INFO - Successfully stored file in GCS: transparentsf/dashboard/1/17.json
2025-09-11 12:56:54,021 - INFO - Successfully migrated: /Users/simongoldman/Documents/TransparentSF_from_git/transparentSF/ai/output/dashboard/1/17.json
2025-09-11 12:56:54,250 - INFO - Successfully stored file in GCS: transparentsf/dashboard/1/40.json
2025-09-11 12:56:54,250 - INFO - Successfully migrated: /Users/simongoldman/Documents/TransparentSF_from_git/transparentSF/ai/output/dashboard/1/40.json
2025-09-11 12:56:54,586 - INFO - Successfully stored file in GCS: transparentsf/dashboard/1/71.json
2025-09-11 12:56:54,587 - INFO - Successfully migrated: /Users/simongoldman/Documents/TransparentSF_from_git/transparentSF/ai/output/dashboard/1/71.json
2025-09-11 12:56:54,817 - INFO - Successfully stored file in GCS: transparentsf/dashboard/1/30.json
2025-09-11 12:56:54,817 - INFO - Successfully migrated: /Users/simongoldman/Documents/TransparentSF_from_git/transparentSF/ai/output/dashboard/1/30.json
2025-09-11 12:56:55,047 - INFO - Successfully stored file in GCS: transparentsf/dashboard/1/70.json
2025-09-11 12:56:55,047 - INFO - Successfully migrated: /Users/simongoldman/Documents/TransparentSF_from_git/transparentSF/ai/output/dashboard/1/70.json
2025-09-11 12:56:55,257 - INFO - Successfully stored file in GCS: transparentsf/dashboard/1/1.json
2025-09-11 12:56:55,258 - INFO - Successfully migrated: /Users/simongoldman/Documents/TransparentSF_from_git/transparentSF/ai/output/dashboard/1/1.json
2025-09-11 12:56:55,507 - INFO - Successfully stored file in GCS: transparentsf/dashboard/1/2.json
2025-09-11 12:56:55,507 - INFO - Successfully migrated: /Users/simongoldman/Documents/TransparentSF_from_git/transparentSF/ai/output/dashboard/1/2.json
2025-09-11 12:56:55,737 - INFO - Successfully stored file in GCS: transparentsf/dashboard/1/12.json
2025-09-11 12:56:55,738 - INFO - Successfully migrated: /Users/simongoldman/Documents/TransparentSF_from_git/transparentSF/ai/output/dashboard/1/12.json
2025-09-11 12:56:56,003 - INFO - Successfully stored file in GCS: transparentsf/dashboard/1/73.json
2025-09-11 12:56:56,003 - INFO - Successfully migrated: /Users/simongoldman/Documents/TransparentSF_from_git/transparentSF/ai/output/dashboard/1/73.json
2025-09-11 12:56:56,225 - INFO - Successfully stored file in GCS: transparentsf/dashboard/1/24.json
2025-09-11 12:56:56,225 - INFO - Successfully migrated: /Users/simongoldman/Documents/TransparentSF_from_git/transparentSF/ai/output/dashboard/1/24.json
2025-09-11 12:56:56,532 - INFO - Successfully stored file in GCS: transparentsf/dashboard/1/72.json
2025-09-11 12:56:56,533 - INFO - Successfully migrated: /Users/simongoldman/Documents/TransparentSF_from_git/transparentSF/ai/output/dashboard/1/72.json
2025-09-11 12:56:56,840 - INFO - Successfully stored file in GCS: transparentsf/dashboard/1/29.json
2025-09-11 12:56:56,841 - INFO - Successfully migrated: /Users/simongoldman/Documents/TransparentSF_from_git/transparentSF/ai/output/dashboard/1/29.json
2025-09-11 12:56:57,067 - INFO - Successfully stored file in GCS: transparentsf/dashboard/1/3.json
2025-09-11 12:56:57,067 - INFO - Successfully migrated: /Users/simongoldman/Documents/TransparentSF_from_git/transparentSF/ai/output/dashboard/1/3.json
2025-09-11 12:56:57,289 - INFO - Successfully stored file in GCS: transparentsf/dashboard/1/34.json
2025-09-11 12:56:57,290 - INFO - Successfully migrated: /Users/simongoldman/Documents/TransparentSF_from_git/transparentSF/ai/output/dashboard/1/34.json
2025-09-11 12:56:57,558 - INFO - Successfully stored file in GCS: transparentsf/dashboard/1/63.json
2025-09-11 12:56:57,559 - INFO - Successfully migrated: /Users/simongoldman/Documents/TransparentSF_from_git/transparentSF/ai/output/dashboard/1/63.json
2025-09-11 12:56:57,785 - INFO - Successfully stored file in GCS: transparentsf/dashboard/1/8.json
2025-09-11 12:56:57,786 - INFO - Successfully migrated: /Users/simongoldman/Documents/TransparentSF_from_git/transparentSF/ai/output/dashboard/1/8.json
2025-09-11 12:56:58,007 - INFO - Successfully stored file in GCS: transparentsf/dashboard/1/22.json
2025-09-11 12:56:58,007 - INFO - Successfully migrated: /Users/simongoldman/Documents/TransparentSF_from_git/transparentSF/ai/output/dashboard/1/22.json
2025-09-11 12:56:58,250 - INFO - Successfully stored file in GCS: transparentsf/dashboard/1/18.json
2025-09-11 12:56:58,251 - INFO - Successfully migrated: /Users/simongoldman/Documents/TransparentSF_from_git/transparentSF/ai/output/dashboard/1/18.json
2025-09-11 12:56:58,475 - INFO - Successfully stored file in GCS: transparentsf/dashboard/1/38.json
2025-09-11 12:56:58,475 - INFO - Successfully migrated: /Users/simongoldman/Documents/TransparentSF_from_git/transparentSF/ai/output/dashboard/1/38.json
2025-09-11 12:56:58,688 - INFO - Successfully stored file in GCS: transparentsf/dashboard/1/4.json
2025-09-11 12:56:58,688 - INFO - Successfully migrated: /Users/simongoldman/Documents/TransparentSF_from_git/transparentSF/ai/output/dashboard/1/4.json
2025-09-11 12:56:58,911 - INFO - Successfully stored file in GCS: transparentsf/dashboard/1/14.json
2025-09-11 12:56:58,911 - INFO - Successfully migrated: /Users/simongoldman/Documents/TransparentSF_from_git/transparentSF/ai/output/dashboard/1/14.json
2025-09-11 12:56:59,143 - INFO - Successfully stored file in GCS: transparentsf/dashboard/1/15.json
2025-09-11 12:56:59,143 - INFO - Successfully migrated: /Users/simongoldman/Documents/TransparentSF_from_git/transparentSF/ai/output/dashboard/1/15.json
2025-09-11 12:56:59,370 - INFO - Successfully stored file in GCS: transparentsf/dashboard/1/19.json
2025-09-11 12:56:59,371 - INFO - Successfully migrated: /Users/simongoldman/Documents/TransparentSF_from_git/transparentSF/ai/output/dashboard/1/19.json
2025-09-11 12:56:59,583 - INFO - Successfully stored file in GCS: transparentsf/dashboard/1/23.json
2025-09-11 12:56:59,583 - INFO - Successfully migrated: /Users/simongoldman/Documents/TransparentSF_from_git/transparentSF/ai/output/dashboard/1/23.json
2025-09-11 12:56:59,819 - INFO - Successfully stored file in GCS: transparentsf/dashboard/1/9.json
2025-09-11 12:56:59,819 - INFO - Successfully migrated: /Users/simongoldman/Documents/TransparentSF_from_git/transparentSF/ai/output/dashboard/1/9.json
2025-09-11 12:57:00,071 - INFO - Successfully stored file in GCS: transparentsf/dashboard/1/35.json
2025-09-11 12:57:00,072 - INFO - Successfully migrated: /Users/simongoldman/Documents/TransparentSF_from_git/transparentSF/ai/output/dashboard/1/35.json
2025-09-11 12:57:00,436 - INFO - Successfully stored file in GCS: transparentsf/dashboard/10/top_level.json
2025-09-11 12:57:00,436 - INFO - Successfully migrated: /Users/simongoldman/Documents/TransparentSF_from_git/transparentSF/ai/output/dashboard/10/top_level.json
2025-09-11 12:57:00,654 - INFO - Successfully stored file in GCS: transparentsf/dashboard/10/16.json
2025-09-11 12:57:00,654 - INFO - Successfully migrated: /Users/simongoldman/Documents/TransparentSF_from_git/transparentSF/ai/output/dashboard/10/16.json
2025-09-11 12:57:00,879 - INFO - Successfully stored file in GCS: transparentsf/dashboard/10/17.json
2025-09-11 12:57:00,880 - INFO - Successfully migrated: /Users/simongoldman/Documents/TransparentSF_from_git/transparentSF/ai/output/dashboard/10/17.json
2025-09-11 12:57:01,116 - INFO - Successfully stored file in GCS: transparentsf/dashboard/10/40.json
2025-09-11 12:57:01,116 - INFO - Successfully migrated: /Users/simongoldman/Documents/TransparentSF_from_git/transparentSF/ai/output/dashboard/10/40.json
2025-09-11 12:57:01,333 - INFO - Successfully stored file in GCS: transparentsf/dashboard/10/71.json
2025-09-11 12:57:01,333 - INFO - Successfully migrated: /Users/simongoldman/Documents/TransparentSF_from_git/transparentSF/ai/output/dashboard/10/71.json
2025-09-11 12:57:01,652 - INFO - Successfully stored file in GCS: transparentsf/dashboard/10/30.json
2025-09-11 12:57:01,652 - INFO - Successfully migrated: /Users/simongoldman/Documents/TransparentSF_from_git/transparentSF/ai/output/dashboard/10/30.json
2025-09-11 12:57:01,874 - INFO - Successfully stored file in GCS: transparentsf/dashboard/10/70.json
2025-09-11 12:57:01,874 - INFO - Successfully migrated: /Users/simongoldman/Documents/TransparentSF_from_git/transparentSF/ai/output/dashboard/10/70.json
2025-09-11 12:57:02,098 - INFO - Successfully stored file in GCS: transparentsf/dashboard/10/1.json
2025-09-11 12:57:02,098 - INFO - Successfully migrated: /Users/simongoldman/Documents/TransparentSF_from_git/transparentSF/ai/output/dashboard/10/1.json
2025-09-11 12:57:02,323 - INFO - Successfully stored file in GCS: transparentsf/dashboard/10/2.json
2025-09-11 12:57:02,323 - INFO - Successfully migrated: /Users/simongoldman/Documents/TransparentSF_from_git/transparentSF/ai/output/dashboard/10/2.json
2025-09-11 12:57:02,536 - INFO - Successfully stored file in GCS: transparentsf/dashboard/10/12.json
2025-09-11 12:57:02,536 - INFO - Successfully migrated: /Users/simongoldman/Documents/TransparentSF_from_git/transparentSF/ai/output/dashboard/10/12.json
2025-09-11 12:57:02,744 - INFO - Successfully stored file in GCS: transparentsf/dashboard/10/73.json
2025-09-11 12:57:02,744 - INFO - Successfully migrated: /Users/simongoldman/Documents/TransparentSF_from_git/transparentSF/ai/output/dashboard/10/73.json
2025-09-11 12:57:02,972 - INFO - Successfully stored file in GCS: transparentsf/dashboard/10/24.json
2025-09-11 12:57:02,973 - INFO - Successfully migrated: /Users/simongoldman/Documents/TransparentSF_from_git/transparentSF/ai/output/dashboard/10/24.json
2025-09-11 12:57:03,205 - INFO - Successfully stored file in GCS: transparentsf/dashboard/10/72.json
2025-09-11 12:57:03,205 - INFO - Successfully migrated: /Users/simongoldman/Documents/TransparentSF_from_git/transparentSF/ai/output/dashboard/10/72.json
2025-09-11 12:57:03,433 - INFO - Successfully stored file in GCS: transparentsf/dashboard/10/29.json
2025-09-11 12:57:03,433 - INFO - Successfully migrated: /Users/simongoldman/Documents/TransparentSF_from_git/transparentSF/ai/output/dashboard/10/29.json
2025-09-11 12:57:03,669 - INFO - Successfully stored file in GCS: transparentsf/dashboard/10/3.json
2025-09-11 12:57:03,670 - INFO - Successfully migrated: /Users/simongoldman/Documents/TransparentSF_from_git/transparentSF/ai/output/dashboard/10/3.json
2025-09-11 12:57:03,896 - INFO - Successfully stored file in GCS: transparentsf/dashboard/10/63.json
2025-09-11 12:57:03,896 - INFO - Successfully migrated: /Users/simongoldman/Documents/TransparentSF_from_git/transparentSF/ai/output/dashboard/10/63.json
2025-09-11 12:57:04,129 - INFO - Successfully stored file in GCS: transparentsf/dashboard/10/8.json
2025-09-11 12:57:04,129 - INFO - Successfully migrated: /Users/simongoldman/Documents/TransparentSF_from_git/transparentSF/ai/output/dashboard/10/8.json
2025-09-11 12:57:04,367 - INFO - Successfully stored file in GCS: transparentsf/dashboard/10/22.json
2025-09-11 12:57:04,367 - INFO - Successfully migrated: /Users/simongoldman/Documents/TransparentSF_from_git/transparentSF/ai/output/dashboard/10/22.json
2025-09-11 12:57:04,587 - INFO - Successfully stored file in GCS: transparentsf/dashboard/10/18.json
2025-09-11 12:57:04,588 - INFO - Successfully migrated: /Users/simongoldman/Documents/TransparentSF_from_git/transparentSF/ai/output/dashboard/10/18.json
2025-09-11 12:57:04,809 - INFO - Successfully stored file in GCS: transparentsf/dashboard/10/38.json
2025-09-11 12:57:04,810 - INFO - Successfully migrated: /Users/simongoldman/Documents/TransparentSF_from_git/transparentSF/ai/output/dashboard/10/38.json
2025-09-11 12:57:05,049 - INFO - Successfully stored file in GCS: transparentsf/dashboard/10/4.json
2025-09-11 12:57:05,050 - INFO - Successfully migrated: /Users/simongoldman/Documents/TransparentSF_from_git/transparentSF/ai/output/dashboard/10/4.json
2025-09-11 12:57:05,271 - INFO - Successfully stored file in GCS: transparentsf/dashboard/10/14.json
2025-09-11 12:57:05,271 - INFO - Successfully migrated: /Users/simongoldman/Documents/TransparentSF_from_git/transparentSF/ai/output/dashboard/10/14.json
2025-09-11 12:57:05,489 - INFO - Successfully stored file in GCS: transparentsf/dashboard/10/15.json
2025-09-11 12:57:05,489 - INFO - Successfully migrated: /Users/simongoldman/Documents/TransparentSF_from_git/transparentSF/ai/output/dashboard/10/15.json
2025-09-11 12:57:05,716 - INFO - Successfully stored file in GCS: transparentsf/dashboard/10/19.json
2025-09-11 12:57:05,716 - INFO - Successfully migrated: /Users/simongoldman/Documents/TransparentSF_from_git/transparentSF/ai/output/dashboard/10/19.json
2025-09-11 12:57:05,932 - INFO - Successfully stored file in GCS: transparentsf/dashboard/10/23.json
2025-09-11 12:57:05,932 - INFO - Successfully migrated: /Users/simongoldman/Documents/TransparentSF_from_git/transparentSF/ai/output/dashboard/10/23.json
2025-09-11 12:57:06,270 - INFO - Successfully stored file in GCS: transparentsf/dashboard/10/9.json
2025-09-11 12:57:06,270 - INFO - Successfully migrated: /Users/simongoldman/Documents/TransparentSF_from_git/transparentSF/ai/output/dashboard/10/9.json
2025-09-11 12:57:06,504 - INFO - Successfully stored file in GCS: transparentsf/dashboard/10/35.json
2025-09-11 12:57:06,505 - INFO - Successfully migrated: /Users/simongoldman/Documents/TransparentSF_from_git/transparentSF/ai/output/dashboard/10/35.json
2025-09-11 12:57:06,763 - INFO - Successfully stored file in GCS: transparentsf/dashboard/8/top_level.json
2025-09-11 12:57:06,764 - INFO - Successfully migrated: /Users/simongoldman/Documents/TransparentSF_from_git/transparentSF/ai/output/dashboard/8/top_level.json
2025-09-11 12:57:07,035 - INFO - Successfully stored file in GCS: transparentsf/dashboard/8/16.json
2025-09-11 12:57:07,035 - INFO - Successfully migrated: /Users/simongoldman/Documents/TransparentSF_from_git/transparentSF/ai/output/dashboard/8/16.json
2025-09-11 12:57:07,274 - INFO - Successfully stored file in GCS: transparentsf/dashboard/8/17.json
2025-09-11 12:57:07,274 - INFO - Successfully migrated: /Users/simongoldman/Documents/TransparentSF_from_git/transparentSF/ai/output/dashboard/8/17.json
2025-09-11 12:57:07,596 - INFO - Successfully stored file in GCS: transparentsf/dashboard/8/40.json
2025-09-11 12:57:07,596 - INFO - Successfully migrated: /Users/simongoldman/Documents/TransparentSF_from_git/transparentSF/ai/output/dashboard/8/40.json
2025-09-11 12:57:07,847 - INFO - Successfully stored file in GCS: transparentsf/dashboard/8/71.json
2025-09-11 12:57:07,847 - INFO - Successfully migrated: /Users/simongoldman/Documents/TransparentSF_from_git/transparentSF/ai/output/dashboard/8/71.json
2025-09-11 12:57:08,108 - INFO - Successfully stored file in GCS: transparentsf/dashboard/8/30.json
2025-09-11 12:57:08,108 - INFO - Successfully migrated: /Users/simongoldman/Documents/TransparentSF_from_git/transparentSF/ai/output/dashboard/8/30.json
2025-09-11 12:57:08,338 - INFO - Successfully stored file in GCS: transparentsf/dashboard/8/70.json
2025-09-11 12:57:08,338 - INFO - Successfully migrated: /Users/simongoldman/Documents/TransparentSF_from_git/transparentSF/ai/output/dashboard/8/70.json
2025-09-11 12:57:08,620 - INFO - Successfully stored file in GCS: transparentsf/dashboard/8/1.json
2025-09-11 12:57:08,620 - INFO - Successfully migrated: /Users/simongoldman/Documents/TransparentSF_from_git/transparentSF/ai/output/dashboard/8/1.json
2025-09-11 12:57:08,917 - INFO - Successfully stored file in GCS: transparentsf/dashboard/8/2.json
2025-09-11 12:57:08,917 - INFO - Successfully migrated: /Users/simongoldman/Documents/TransparentSF_from_git/transparentSF/ai/output/dashboard/8/2.json
2025-09-11 12:57:09,147 - INFO - Successfully stored file in GCS: transparentsf/dashboard/8/12.json
2025-09-11 12:57:09,147 - INFO - Successfully migrated: /Users/simongoldman/Documents/TransparentSF_from_git/transparentSF/ai/output/dashboard/8/12.json
2025-09-11 12:57:09,367 - INFO - Successfully stored file in GCS: transparentsf/dashboard/8/73.json
2025-09-11 12:57:09,367 - INFO - Successfully migrated: /Users/simongoldman/Documents/TransparentSF_from_git/transparentSF/ai/output/dashboard/8/73.json
2025-09-11 12:57:09,598 - INFO - Successfully stored file in GCS: transparentsf/dashboard/8/24.json
2025-09-11 12:57:09,598 - INFO - Successfully migrated: /Users/simongoldman/Documents/TransparentSF_from_git/transparentSF/ai/output/dashboard/8/24.json
2025-09-11 12:57:09,875 - INFO - Successfully stored file in GCS: transparentsf/dashboard/8/72.json
2025-09-11 12:57:09,875 - INFO - Successfully migrated: /Users/simongoldman/Documents/TransparentSF_from_git/transparentSF/ai/output/dashboard/8/72.json
2025-09-11 12:57:10,151 - INFO - Successfully stored file in GCS: transparentsf/dashboard/8/29.json
2025-09-11 12:57:10,151 - INFO - Successfully migrated: /Users/simongoldman/Documents/TransparentSF_from_git/transparentSF/ai/output/dashboard/8/29.json
2025-09-11 12:57:10,390 - INFO - Successfully stored file in GCS: transparentsf/dashboard/8/3.json
2025-09-11 12:57:10,390 - INFO - Successfully migrated: /Users/simongoldman/Documents/TransparentSF_from_git/transparentSF/ai/output/dashboard/8/3.json
2025-09-11 12:57:10,640 - INFO - Successfully stored file in GCS: transparentsf/dashboard/8/34.json
2025-09-11 12:57:10,641 - INFO - Successfully migrated: /Users/simongoldman/Documents/TransparentSF_from_git/transparentSF/ai/output/dashboard/8/34.json
2025-09-11 12:57:10,884 - INFO - Successfully stored file in GCS: transparentsf/dashboard/8/63.json
2025-09-11 12:57:10,885 - INFO - Successfully migrated: /Users/simongoldman/Documents/TransparentSF_from_git/transparentSF/ai/output/dashboard/8/63.json
2025-09-11 12:57:11,145 - INFO - Successfully stored file in GCS: transparentsf/dashboard/8/8.json
2025-09-11 12:57:11,145 - INFO - Successfully migrated: /Users/simongoldman/Documents/TransparentSF_from_git/transparentSF/ai/output/dashboard/8/8.json
2025-09-11 12:57:11,384 - INFO - Successfully stored file in GCS: transparentsf/dashboard/8/22.json
2025-09-11 12:57:11,384 - INFO - Successfully migrated: /Users/simongoldman/Documents/TransparentSF_from_git/transparentSF/ai/output/dashboard/8/22.json
2025-09-11 12:57:11,625 - INFO - Successfully stored file in GCS: transparentsf/dashboard/8/18.json
2025-09-11 12:57:11,625 - INFO - Successfully migrated: /Users/simongoldman/Documents/TransparentSF_from_git/transparentSF/ai/output/dashboard/8/18.json
2025-09-11 12:57:11,897 - INFO - Successfully stored file in GCS: transparentsf/dashboard/8/38.json
2025-09-11 12:57:11,897 - INFO - Successfully migrated: /Users/simongoldman/Documents/TransparentSF_from_git/transparentSF/ai/output/dashboard/8/38.json
2025-09-11 12:57:12,143 - INFO - Successfully stored file in GCS: transparentsf/dashboard/8/4.json
2025-09-11 12:57:12,143 - INFO - Successfully migrated: /Users/simongoldman/Documents/TransparentSF_from_git/transparentSF/ai/output/dashboard/8/4.json
2025-09-11 12:57:12,370 - INFO - Successfully stored file in GCS: transparentsf/dashboard/8/14.json
2025-09-11 12:57:12,370 - INFO - Successfully migrated: /Users/simongoldman/Documents/TransparentSF_from_git/transparentSF/ai/output/dashboard/8/14.json
2025-09-11 12:57:12,621 - INFO - Successfully stored file in GCS: transparentsf/dashboard/8/15.json
2025-09-11 12:57:12,622 - INFO - Successfully migrated: /Users/simongoldman/Documents/TransparentSF_from_git/transparentSF/ai/output/dashboard/8/15.json
2025-09-11 12:57:12,844 - INFO - Successfully stored file in GCS: transparentsf/dashboard/8/19.json
2025-09-11 12:57:12,844 - INFO - Successfully migrated: /Users/simongoldman/Documents/TransparentSF_from_git/transparentSF/ai/output/dashboard/8/19.json
2025-09-11 12:57:13,070 - INFO - Successfully stored file in GCS: transparentsf/dashboard/8/23.json
2025-09-11 12:57:13,070 - INFO - Successfully migrated: /Users/simongoldman/Documents/TransparentSF_from_git/transparentSF/ai/output/dashboard/8/23.json
2025-09-11 12:57:13,293 - INFO - Successfully stored file in GCS: transparentsf/dashboard/8/9.json
2025-09-11 12:57:13,293 - INFO - Successfully migrated: /Users/simongoldman/Documents/TransparentSF_from_git/transparentSF/ai/output/dashboard/8/9.json
2025-09-11 12:57:13,526 - INFO - Successfully stored file in GCS: transparentsf/dashboard/8/35.json
2025-09-11 12:57:13,526 - INFO - Successfully migrated: /Users/simongoldman/Documents/TransparentSF_from_git/transparentSF/ai/output/dashboard/8/35.json
2025-09-11 12:57:13,742 - INFO - Successfully stored file in GCS: transparentsf/dashboard/history/district_5_20250904.json
2025-09-11 12:57:13,742 - INFO - Successfully migrated: /Users/simongoldman/Documents/TransparentSF_from_git/transparentSF/ai/output/dashboard/history/district_5_20250904.json
2025-09-11 12:57:14,010 - INFO - Successfully stored file in GCS: transparentsf/dashboard/history/district_3_20250822.json
2025-09-11 12:57:14,011 - INFO - Successfully migrated: /Users/simongoldman/Documents/TransparentSF_from_git/transparentSF/ai/output/dashboard/history/district_3_20250822.json
2025-09-11 12:57:14,268 - INFO - Successfully stored file in GCS: transparentsf/dashboard/history/district_10_20250821.json
2025-09-11 12:57:14,269 - INFO - Successfully migrated: /Users/simongoldman/Documents/TransparentSF_from_git/transparentSF/ai/output/dashboard/history/district_10_20250821.json
2025-09-11 12:57:14,539 - INFO - Successfully stored file in GCS: transparentsf/dashboard/history/district_11_20250910.json
2025-09-11 12:57:14,539 - INFO - Successfully migrated: /Users/simongoldman/Documents/TransparentSF_from_git/transparentSF/ai/output/dashboard/history/district_11_20250910.json
2025-09-11 12:57:14,865 - INFO - Successfully stored file in GCS: transparentsf/dashboard/history/district_11_20250906.json
2025-09-11 12:57:14,865 - INFO - Successfully migrated: /Users/simongoldman/Documents/TransparentSF_from_git/transparentSF/ai/output/dashboard/history/district_11_20250906.json
2025-09-11 12:57:15,107 - INFO - Successfully stored file in GCS: transparentsf/dashboard/history/district_0_20250819.json
2025-09-11 12:57:15,108 - INFO - Successfully migrated: /Users/simongoldman/Documents/TransparentSF_from_git/transparentSF/ai/output/dashboard/history/district_0_20250819.json
2025-09-11 12:57:15,343 - INFO - Successfully stored file in GCS: transparentsf/dashboard/history/district_2_20250905.json
2025-09-11 12:57:15,343 - INFO - Successfully migrated: /Users/simongoldman/Documents/TransparentSF_from_git/transparentSF/ai/output/dashboard/history/district_2_20250905.json
2025-09-11 12:57:15,587 - INFO - Successfully stored file in GCS: transparentsf/dashboard/history/district_10_20250909.json
2025-09-11 12:57:15,587 - INFO - Successfully migrated: /Users/simongoldman/Documents/TransparentSF_from_git/transparentSF/ai/output/dashboard/history/district_10_20250909.json
2025-09-11 12:57:15,827 - INFO - Successfully stored file in GCS: transparentsf/dashboard/history/district_1_20250904.json
2025-09-11 12:57:15,828 - INFO - Successfully migrated: /Users/simongoldman/Documents/TransparentSF_from_git/transparentSF/ai/output/dashboard/history/district_1_20250904.json
2025-09-11 12:57:16,165 - INFO - Successfully stored file in GCS: transparentsf/dashboard/history/district_7_20250822.json
2025-09-11 12:57:16,165 - INFO - Successfully migrated: /Users/simongoldman/Documents/TransparentSF_from_git/transparentSF/ai/output/dashboard/history/district_7_20250822.json
2025-09-11 12:57:16,416 - INFO - Successfully stored file in GCS: transparentsf/dashboard/history/district_6_20250905.json
2025-09-11 12:57:16,417 - INFO - Successfully migrated: /Users/simongoldman/Documents/TransparentSF_from_git/transparentSF/ai/output/dashboard/history/district_6_20250905.json
2025-09-11 12:57:16,690 - INFO - Successfully stored file in GCS: transparentsf/dashboard/history/district_4_20250819.json
2025-09-11 12:57:16,690 - INFO - Successfully migrated: /Users/simongoldman/Documents/TransparentSF_from_git/transparentSF/ai/output/dashboard/history/district_4_20250819.json
2025-09-11 12:57:16,934 - INFO - Successfully stored file in GCS: transparentsf/dashboard/history/district_5_20250908.json
2025-09-11 12:57:16,935 - INFO - Successfully migrated: /Users/simongoldman/Documents/TransparentSF_from_git/transparentSF/ai/output/dashboard/history/district_5_20250908.json
2025-09-11 12:57:17,172 - INFO - Successfully stored file in GCS: transparentsf/dashboard/history/district_1_20250820.json
2025-09-11 12:57:17,172 - INFO - Successfully migrated: /Users/simongoldman/Documents/TransparentSF_from_git/transparentSF/ai/output/dashboard/history/district_1_20250820.json
2025-09-11 12:57:17,438 - INFO - Successfully stored file in GCS: transparentsf/dashboard/history/district_7_20250906.json
2025-09-11 12:57:17,438 - INFO - Successfully migrated: /Users/simongoldman/Documents/TransparentSF_from_git/transparentSF/ai/output/dashboard/history/district_7_20250906.json
2025-09-11 12:57:17,720 - INFO - Successfully stored file in GCS: transparentsf/dashboard/history/district_8_20250902.json
2025-09-11 12:57:17,720 - INFO - Successfully migrated: /Users/simongoldman/Documents/TransparentSF_from_git/transparentSF/ai/output/dashboard/history/district_8_20250902.json
2025-09-11 12:57:18,002 - INFO - Successfully stored file in GCS: transparentsf/dashboard/history/district_7_20250910.json
2025-09-11 12:57:18,003 - INFO - Successfully migrated: /Users/simongoldman/Documents/TransparentSF_from_git/transparentSF/ai/output/dashboard/history/district_7_20250910.json
2025-09-11 12:57:18,371 - INFO - Successfully stored file in GCS: transparentsf/dashboard/history/district_0_20250907.json
2025-09-11 12:57:18,371 - INFO - Successfully migrated: /Users/simongoldman/Documents/TransparentSF_from_git/transparentSF/ai/output/dashboard/history/district_0_20250907.json
2025-09-11 12:57:18,775 - INFO - Successfully stored file in GCS: transparentsf/dashboard/history/district_6_20250821.json
2025-09-11 12:57:18,775 - INFO - Successfully migrated: /Users/simongoldman/Documents/TransparentSF_from_git/transparentSF/ai/output/dashboard/history/district_6_20250821.json
2025-09-11 12:57:19,029 - INFO - Successfully stored file in GCS: transparentsf/dashboard/history/district_2_20250909.json
2025-09-11 12:57:19,029 - INFO - Successfully migrated: /Users/simongoldman/Documents/TransparentSF_from_git/transparentSF/ai/output/dashboard/history/district_2_20250909.json
2025-09-11 12:57:19,255 - INFO - Successfully stored file in GCS: transparentsf/dashboard/history/district_5_20250820.json
2025-09-11 12:57:19,255 - INFO - Successfully migrated: /Users/simongoldman/Documents/TransparentSF_from_git/transparentSF/ai/output/dashboard/history/district_5_20250820.json
2025-09-11 12:57:19,558 - INFO - Successfully stored file in GCS: transparentsf/dashboard/history/district_3_20250906.json
2025-09-11 12:57:19,559 - INFO - Successfully migrated: /Users/simongoldman/Documents/TransparentSF_from_git/transparentSF/ai/output/dashboard/history/district_3_20250906.json
2025-09-11 12:57:19,786 - INFO - Successfully stored file in GCS: transparentsf/dashboard/history/district_1_20250908.json
2025-09-11 12:57:19,786 - INFO - Successfully migrated: /Users/simongoldman/Documents/TransparentSF_from_git/transparentSF/ai/output/dashboard/history/district_1_20250908.json
2025-09-11 12:57:20,019 - INFO - Successfully stored file in GCS: transparentsf/dashboard/history/district_10_20250905.json
2025-09-11 12:57:20,020 - INFO - Successfully migrated: /Users/simongoldman/Documents/TransparentSF_from_git/transparentSF/ai/output/dashboard/history/district_10_20250905.json
2025-09-11 12:57:20,281 - INFO - Successfully stored file in GCS: transparentsf/dashboard/history/district_11_20250822.json
2025-09-11 12:57:20,281 - INFO - Successfully migrated: /Users/simongoldman/Documents/TransparentSF_from_git/transparentSF/ai/output/dashboard/history/district_11_20250822.json
2025-09-11 12:57:20,601 - INFO - Successfully stored file in GCS: transparentsf/dashboard/history/district_6_20250909.json
2025-09-11 12:57:20,601 - INFO - Successfully migrated: /Users/simongoldman/Documents/TransparentSF_from_git/transparentSF/ai/output/dashboard/history/district_6_20250909.json
2025-09-11 12:57:20,928 - INFO - Successfully stored file in GCS: transparentsf/dashboard/history/district_4_20250907.json
2025-09-11 12:57:20,928 - INFO - Successfully migrated: /Users/simongoldman/Documents/TransparentSF_from_git/transparentSF/ai/output/dashboard/history/district_4_20250907.json
2025-09-11 12:57:21,180 - INFO - Successfully stored file in GCS: transparentsf/dashboard/history/district_2_20250821.json
2025-09-11 12:57:21,181 - INFO - Successfully migrated: /Users/simongoldman/Documents/TransparentSF_from_git/transparentSF/ai/output/dashboard/history/district_2_20250821.json
2025-09-11 12:57:21,479 - INFO - Successfully stored file in GCS: transparentsf/dashboard/history/district_3_20250910.json
2025-09-11 12:57:21,479 - INFO - Successfully migrated: /Users/simongoldman/Documents/TransparentSF_from_git/transparentSF/ai/output/dashboard/history/district_3_20250910.json
2025-09-11 12:57:21,751 - INFO - Successfully stored file in GCS: transparentsf/dashboard/history/district_4_20250906.json
2025-09-11 12:57:21,751 - INFO - Successfully migrated: /Users/simongoldman/Documents/TransparentSF_from_git/transparentSF/ai/output/dashboard/history/district_4_20250906.json
2025-09-11 12:57:22,038 - INFO - Successfully stored file in GCS: transparentsf/dashboard/history/district_2_20250820.json
2025-09-11 12:57:22,038 - INFO - Successfully migrated: /Users/simongoldman/Documents/TransparentSF_from_git/transparentSF/ai/output/dashboard/history/district_2_20250820.json
2025-09-11 12:57:22,270 - INFO - Successfully stored file in GCS: transparentsf/dashboard/history/district_6_20250908.json
2025-09-11 12:57:22,270 - INFO - Successfully migrated: /Users/simongoldman/Documents/TransparentSF_from_git/transparentSF/ai/output/dashboard/history/district_6_20250908.json
2025-09-11 12:57:22,571 - INFO - Successfully stored file in GCS: transparentsf/dashboard/history/district_10_20250904.json
2025-09-11 12:57:22,571 - INFO - Successfully migrated: /Users/simongoldman/Documents/TransparentSF_from_git/transparentSF/ai/output/dashboard/history/district_10_20250904.json
2025-09-11 12:57:22,809 - INFO - Successfully stored file in GCS: transparentsf/dashboard/history/district_1_20250909.json
2025-09-11 12:57:22,809 - INFO - Successfully migrated: /Users/simongoldman/Documents/TransparentSF_from_git/transparentSF/ai/output/dashboard/history/district_1_20250909.json
2025-09-11 12:57:23,059 - INFO - Successfully stored file in GCS: transparentsf/dashboard/history/district_5_20250821.json
2025-09-11 12:57:23,059 - INFO - Successfully migrated: /Users/simongoldman/Documents/TransparentSF_from_git/transparentSF/ai/output/dashboard/history/district_5_20250821.json
2025-09-11 12:57:23,385 - INFO - Successfully stored file in GCS: transparentsf/dashboard/history/district_3_20250907.json
2025-09-11 12:57:23,386 - INFO - Successfully migrated: /Users/simongoldman/Documents/TransparentSF_from_git/transparentSF/ai/output/dashboard/history/district_3_20250907.json
2025-09-11 12:57:23,683 - INFO - Successfully stored file in GCS: transparentsf/dashboard/history/district_4_20250910.json
2025-09-11 12:57:23,683 - INFO - Successfully migrated: /Users/simongoldman/Documents/TransparentSF_from_git/transparentSF/ai/output/dashboard/history/district_4_20250910.json
2025-09-11 12:57:23,918 - INFO - Successfully stored file in GCS: transparentsf/dashboard/history/district_11_20250819.json
2025-09-11 12:57:23,918 - INFO - Successfully migrated: /Users/simongoldman/Documents/TransparentSF_from_git/transparentSF/ai/output/dashboard/history/district_11_20250819.json
2025-09-11 12:57:24,174 - INFO - Successfully stored file in GCS: transparentsf/dashboard/history/district_2_20250908.json
2025-09-11 12:57:24,174 - INFO - Successfully migrated: /Users/simongoldman/Documents/TransparentSF_from_git/transparentSF/ai/output/dashboard/history/district_2_20250908.json
2025-09-11 12:57:24,595 - INFO - Successfully stored file in GCS: transparentsf/dashboard/history/district_0_20250906.json
2025-09-11 12:57:24,595 - INFO - Successfully migrated: /Users/simongoldman/Documents/TransparentSF_from_git/transparentSF/ai/output/dashboard/history/district_0_20250906.json
2025-09-11 12:57:24,977 - INFO - Successfully stored file in GCS: transparentsf/dashboard/history/district_6_20250820.json
2025-09-11 12:57:24,978 - INFO - Successfully migrated: /Users/simongoldman/Documents/TransparentSF_from_git/transparentSF/ai/output/dashboard/history/district_6_20250820.json
2025-09-11 12:57:25,417 - INFO - Successfully stored file in GCS: transparentsf/dashboard/history/district_0_20250910.json
2025-09-11 12:57:25,417 - INFO - Successfully migrated: /Users/simongoldman/Documents/TransparentSF_from_git/transparentSF/ai/output/dashboard/history/district_0_20250910.json
2025-09-11 12:57:25,657 - INFO - Successfully stored file in GCS: transparentsf/dashboard/history/district_8_20250903.json
2025-09-11 12:57:25,658 - INFO - Successfully migrated: /Users/simongoldman/Documents/TransparentSF_from_git/transparentSF/ai/output/dashboard/history/district_8_20250903.json
2025-09-11 12:57:25,909 - INFO - Successfully stored file in GCS: transparentsf/dashboard/history/district_1_20250821.json
2025-09-11 12:57:25,910 - INFO - Successfully migrated: /Users/simongoldman/Documents/TransparentSF_from_git/transparentSF/ai/output/dashboard/history/district_1_20250821.json
2025-09-11 12:57:26,219 - INFO - Successfully stored file in GCS: transparentsf/dashboard/history/district_7_20250907.json
2025-09-11 12:57:26,219 - INFO - Successfully migrated: /Users/simongoldman/Documents/TransparentSF_from_git/transparentSF/ai/output/dashboard/history/district_7_20250907.json
2025-09-11 12:57:26,461 - INFO - Successfully stored file in GCS: transparentsf/dashboard/history/district_5_20250909.json
2025-09-11 12:57:26,462 - INFO - Successfully migrated: /Users/simongoldman/Documents/TransparentSF_from_git/transparentSF/ai/output/dashboard/history/district_5_20250909.json
2025-09-11 12:57:26,869 - INFO - Successfully stored file in GCS: transparentsf/dashboard/history/district_0_20250822.json
2025-09-11 12:57:26,869 - INFO - Successfully migrated: /Users/simongoldman/Documents/TransparentSF_from_git/transparentSF/ai/output/dashboard/history/district_0_20250822.json
2025-09-11 12:57:27,277 - INFO - Successfully stored file in GCS: transparentsf/dashboard/history/district_6_20250904.json
2025-09-11 12:57:27,277 - INFO - Successfully migrated: /Users/simongoldman/Documents/TransparentSF_from_git/transparentSF/ai/output/dashboard/history/district_6_20250904.json
2025-09-11 12:57:27,515 - INFO - Successfully stored file in GCS: transparentsf/dashboard/history/district_1_20250905.json
2025-09-11 12:57:27,515 - INFO - Successfully migrated: /Users/simongoldman/Documents/TransparentSF_from_git/transparentSF/ai/output/dashboard/history/district_1_20250905.json
2025-09-11 12:57:27,782 - INFO - Successfully stored file in GCS: transparentsf/dashboard/history/district_3_20250819.json
2025-09-11 12:57:27,782 - INFO - Successfully migrated: /Users/simongoldman/Documents/TransparentSF_from_git/transparentSF/ai/output/dashboard/history/district_3_20250819.json
2025-09-11 12:57:28,074 - INFO - Successfully stored file in GCS: transparentsf/dashboard/history/district_10_20250908.json
2025-09-11 12:57:28,075 - INFO - Successfully migrated: /Users/simongoldman/Documents/TransparentSF_from_git/transparentSF/ai/output/dashboard/history/district_10_20250908.json
2025-09-11 12:57:28,347 - INFO - Successfully stored file in GCS: transparentsf/dashboard/history/district_4_20250822.json
2025-09-11 12:57:28,347 - INFO - Successfully migrated: /Users/simongoldman/Documents/TransparentSF_from_git/transparentSF/ai/output/dashboard/history/district_4_20250822.json
2025-09-11 12:57:28,620 - INFO - Successfully stored file in GCS: transparentsf/dashboard/history/district_2_20250904.json
2025-09-11 12:57:28,620 - INFO - Successfully migrated: /Users/simongoldman/Documents/TransparentSF_from_git/transparentSF/ai/output/dashboard/history/district_2_20250904.json
2025-09-11 12:57:28,895 - INFO - Successfully stored file in GCS: transparentsf/dashboard/history/district_11_20250907.json
2025-09-11 12:57:28,895 - INFO - Successfully migrated: /Users/simongoldman/Documents/TransparentSF_from_git/transparentSF/ai/output/dashboard/history/district_11_20250907.json
2025-09-11 12:57:29,131 - INFO - Successfully stored file in GCS: transparentsf/dashboard/history/district_10_20250820.json
2025-09-11 12:57:29,131 - INFO - Successfully migrated: /Users/simongoldman/Documents/TransparentSF_from_git/transparentSF/ai/output/dashboard/history/district_10_20250820.json
2025-09-11 12:57:29,370 - INFO - Successfully stored file in GCS: transparentsf/dashboard/history/district_7_20250819.json
2025-09-11 12:57:29,371 - INFO - Successfully migrated: /Users/simongoldman/Documents/TransparentSF_from_git/transparentSF/ai/output/dashboard/history/district_7_20250819.json
2025-09-11 12:57:29,609 - INFO - Successfully stored file in GCS: transparentsf/dashboard/history/district_5_20250905.json
2025-09-11 12:57:29,609 - INFO - Successfully migrated: /Users/simongoldman/Documents/TransparentSF_from_git/transparentSF/ai/output/dashboard/history/district_5_20250905.json
2025-09-11 12:57:29,855 - INFO - Successfully stored file in GCS: transparentsf/dashboard/history/district_8_20250904.json
2025-09-11 12:57:29,855 - INFO - Successfully migrated: /Users/simongoldman/Documents/TransparentSF_from_git/transparentSF/ai/output/dashboard/history/district_8_20250904.json
2025-09-11 12:57:30,091 - INFO - Successfully stored file in GCS: transparentsf/dashboard/history/district_10_20250903.json
2025-09-11 12:57:30,091 - INFO - Successfully migrated: /Users/simongoldman/Documents/TransparentSF_from_git/transparentSF/ai/output/dashboard/history/district_10_20250903.json
2025-09-11 12:57:30,342 - INFO - Successfully stored file in GCS: transparentsf/dashboard/history/district_9_20250819.json
2025-09-11 12:57:30,342 - INFO - Successfully migrated: /Users/simongoldman/Documents/TransparentSF_from_git/transparentSF/ai/output/dashboard/history/district_9_20250819.json
2025-09-11 12:57:30,614 - INFO - Successfully stored file in GCS: transparentsf/dashboard/history/district_5_20250902.json
2025-09-11 12:57:30,614 - INFO - Successfully migrated: /Users/simongoldman/Documents/TransparentSF_from_git/transparentSF/ai/output/dashboard/history/district_5_20250902.json
2025-09-11 12:57:30,879 - INFO - Successfully stored file in GCS: transparentsf/dashboard/history/district_8_20250908.json
2025-09-11 12:57:30,879 - INFO - Successfully migrated: /Users/simongoldman/Documents/TransparentSF_from_git/transparentSF/ai/output/dashboard/history/district_8_20250908.json
2025-09-11 12:57:31,111 - INFO - Successfully stored file in GCS: transparentsf/dashboard/history/district_2_20250903.json
2025-09-11 12:57:31,111 - INFO - Successfully migrated: /Users/simongoldman/Documents/TransparentSF_from_git/transparentSF/ai/output/dashboard/history/district_2_20250903.json
2025-09-11 12:57:31,356 - INFO - Successfully stored file in GCS: transparentsf/dashboard/history/district_8_20250820.json
2025-09-11 12:57:31,356 - INFO - Successfully migrated: /Users/simongoldman/Documents/TransparentSF_from_git/transparentSF/ai/output/dashboard/history/district_8_20250820.json
2025-09-11 12:57:31,617 - INFO - Successfully stored file in GCS: transparentsf/dashboard/history/district_1_20250902.json
2025-09-11 12:57:31,618 - INFO - Successfully migrated: /Users/simongoldman/Documents/TransparentSF_from_git/transparentSF/ai/output/dashboard/history/district_1_20250902.json
2025-09-11 12:57:31,871 - INFO - Successfully stored file in GCS: transparentsf/dashboard/history/district_6_20250903.json
2025-09-11 12:57:31,874 - INFO - Successfully migrated: /Users/simongoldman/Documents/TransparentSF_from_git/transparentSF/ai/output/dashboard/history/district_6_20250903.json
2025-09-11 12:57:32,143 - INFO - Successfully stored file in GCS: transparentsf/dashboard/history/district_9_20250907.json
2025-09-11 12:57:32,144 - INFO - Successfully migrated: /Users/simongoldman/Documents/TransparentSF_from_git/transparentSF/ai/output/dashboard/history/district_9_20250907.json
2025-09-11 12:57:32,405 - INFO - Successfully stored file in GCS: transparentsf/dashboard/history/district_9_20250906.json
2025-09-11 12:57:32,405 - INFO - Successfully migrated: /Users/simongoldman/Documents/TransparentSF_from_git/transparentSF/ai/output/dashboard/history/district_9_20250906.json
2025-09-11 12:57:32,664 - INFO - Successfully stored file in GCS: transparentsf/dashboard/history/district_6_20250902.json
2025-09-11 12:57:32,664 - INFO - Successfully migrated: /Users/simongoldman/Documents/TransparentSF_from_git/transparentSF/ai/output/dashboard/history/district_6_20250902.json
2025-09-11 12:57:32,960 - INFO - Successfully stored file in GCS: transparentsf/dashboard/history/district_9_20250910.json
2025-09-11 12:57:32,960 - INFO - Successfully migrated: /Users/simongoldman/Documents/TransparentSF_from_git/transparentSF/ai/output/dashboard/history/district_9_20250910.json
2025-09-11 12:57:33,182 - INFO - Successfully stored file in GCS: transparentsf/dashboard/history/district_1_20250903.json
2025-09-11 12:57:33,183 - INFO - Successfully migrated: /Users/simongoldman/Documents/TransparentSF_from_git/transparentSF/ai/output/dashboard/history/district_1_20250903.json
2025-09-11 12:57:33,419 - INFO - Successfully stored file in GCS: transparentsf/dashboard/history/district_8_20250821.json
2025-09-11 12:57:33,419 - INFO - Successfully migrated: /Users/simongoldman/Documents/TransparentSF_from_git/transparentSF/ai/output/dashboard/history/district_8_20250821.json
2025-09-11 12:57:33,681 - INFO - Successfully stored file in GCS: transparentsf/dashboard/history/district_2_20250902.json
2025-09-11 12:57:33,681 - INFO - Successfully migrated: /Users/simongoldman/Documents/TransparentSF_from_git/transparentSF/ai/output/dashboard/history/district_2_20250902.json
2025-09-11 12:57:33,920 - INFO - Successfully stored file in GCS: transparentsf/dashboard/history/district_8_20250909.json
2025-09-11 12:57:33,920 - INFO - Successfully migrated: /Users/simongoldman/Documents/TransparentSF_from_git/transparentSF/ai/output/dashboard/history/district_8_20250909.json
2025-09-11 12:57:34,153 - INFO - Successfully stored file in GCS: transparentsf/dashboard/history/district_5_20250903.json
2025-09-11 12:57:34,153 - INFO - Successfully migrated: /Users/simongoldman/Documents/TransparentSF_from_git/transparentSF/ai/output/dashboard/history/district_5_20250903.json
2025-09-11 12:57:34,415 - INFO - Successfully stored file in GCS: transparentsf/dashboard/history/district_10_20250902.json
2025-09-11 12:57:34,415 - INFO - Successfully migrated: /Users/simongoldman/Documents/TransparentSF_from_git/transparentSF/ai/output/dashboard/history/district_10_20250902.json
2025-09-11 12:57:34,689 - INFO - Successfully stored file in GCS: transparentsf/dashboard/history/district_9_20250822.json
2025-09-11 12:57:34,690 - INFO - Successfully migrated: /Users/simongoldman/Documents/TransparentSF_from_git/transparentSF/ai/output/dashboard/history/district_9_20250822.json
2025-09-11 12:57:34,917 - INFO - Successfully stored file in GCS: transparentsf/dashboard/history/district_8_20250905.json
2025-09-11 12:57:34,918 - INFO - Successfully migrated: /Users/simongoldman/Documents/TransparentSF_from_git/transparentSF/ai/output/dashboard/history/district_8_20250905.json
2025-09-11 12:57:35,144 - INFO - Successfully stored file in GCS: transparentsf/dashboard/history/district_4_20250903.json
2025-09-11 12:57:35,144 - INFO - Successfully migrated: /Users/simongoldman/Documents/TransparentSF_from_git/transparentSF/ai/output/dashboard/history/district_4_20250903.json
2025-09-11 12:57:35,373 - INFO - Successfully stored file in GCS: transparentsf/dashboard/history/district_9_20250909.json
2025-09-11 12:57:35,373 - INFO - Successfully migrated: /Users/simongoldman/Documents/TransparentSF_from_git/transparentSF/ai/output/dashboard/history/district_9_20250909.json
2025-09-11 12:57:35,650 - INFO - Successfully stored file in GCS: transparentsf/dashboard/history/district_3_20250902.json
2025-09-11 12:57:35,650 - INFO - Successfully migrated: /Users/simongoldman/Documents/TransparentSF_from_git/transparentSF/ai/output/dashboard/history/district_3_20250902.json
2025-09-11 12:57:35,932 - INFO - Successfully stored file in GCS: transparentsf/dashboard/history/district_8_20250910.json
2025-09-11 12:57:35,932 - INFO - Successfully migrated: /Users/simongoldman/Documents/TransparentSF_from_git/transparentSF/ai/output/dashboard/history/district_8_20250910.json
2025-09-11 12:57:36,165 - INFO - Successfully stored file in GCS: transparentsf/dashboard/history/district_0_20250903.json
2025-09-11 12:57:36,165 - INFO - Successfully migrated: /Users/simongoldman/Documents/TransparentSF_from_git/transparentSF/ai/output/dashboard/history/district_0_20250903.json
2025-09-11 12:57:36,443 - INFO - Successfully stored file in GCS: transparentsf/dashboard/history/district_9_20250821.json
2025-09-11 12:57:36,443 - INFO - Successfully migrated: /Users/simongoldman/Documents/TransparentSF_from_git/transparentSF/ai/output/dashboard/history/district_9_20250821.json
2025-09-11 12:57:36,721 - INFO - Successfully stored file in GCS: transparentsf/dashboard/history/district_8_20250906.json
2025-09-11 12:57:36,721 - INFO - Successfully migrated: /Users/simongoldman/Documents/TransparentSF_from_git/transparentSF/ai/output/dashboard/history/district_8_20250906.json
2025-09-11 12:57:37,089 - INFO - Successfully stored file in GCS: transparentsf/dashboard/history/district_7_20250902.json
2025-09-11 12:57:37,089 - INFO - Successfully migrated: /Users/simongoldman/Documents/TransparentSF_from_git/transparentSF/ai/output/dashboard/history/district_7_20250902.json
2025-09-11 12:57:37,323 - INFO - Successfully stored file in GCS: transparentsf/dashboard/history/district_9_20250905.json
2025-09-11 12:57:37,323 - INFO - Successfully migrated: /Users/simongoldman/Documents/TransparentSF_from_git/transparentSF/ai/output/dashboard/history/district_9_20250905.json
2025-09-11 12:57:37,701 - INFO - Successfully stored file in GCS: transparentsf/dashboard/history/district_8_20250822.json
2025-09-11 12:57:37,702 - INFO - Successfully migrated: /Users/simongoldman/Documents/TransparentSF_from_git/transparentSF/ai/output/dashboard/history/district_8_20250822.json
2025-09-11 12:57:37,955 - INFO - Successfully stored file in GCS: transparentsf/dashboard/history/district_11_20250902.json
2025-09-11 12:57:37,955 - INFO - Successfully migrated: /Users/simongoldman/Documents/TransparentSF_from_git/transparentSF/ai/output/dashboard/history/district_11_20250902.json
2025-09-11 12:57:38,198 - INFO - Successfully stored file in GCS: transparentsf/dashboard/history/district_8_20250819.json
2025-09-11 12:57:38,198 - INFO - Successfully migrated: /Users/simongoldman/Documents/TransparentSF_from_git/transparentSF/ai/output/dashboard/history/district_8_20250819.json
2025-09-11 12:57:38,439 - INFO - Successfully stored file in GCS: transparentsf/dashboard/history/district_11_20250903.json
2025-09-11 12:57:38,439 - INFO - Successfully migrated: /Users/simongoldman/Documents/TransparentSF_from_git/transparentSF/ai/output/dashboard/history/district_11_20250903.json
2025-09-11 12:57:38,671 - INFO - Successfully stored file in GCS: transparentsf/dashboard/history/district_9_20250904.json
2025-09-11 12:57:38,671 - INFO - Successfully migrated: /Users/simongoldman/Documents/TransparentSF_from_git/transparentSF/ai/output/dashboard/history/district_9_20250904.json
2025-09-11 12:57:38,917 - INFO - Successfully stored file in GCS: transparentsf/dashboard/history/district_7_20250903.json
2025-09-11 12:57:38,918 - INFO - Successfully migrated: /Users/simongoldman/Documents/TransparentSF_from_git/transparentSF/ai/output/dashboard/history/district_7_20250903.json
2025-09-11 12:57:39,208 - INFO - Successfully stored file in GCS: transparentsf/dashboard/history/district_8_20250907.json
2025-09-11 12:57:39,208 - INFO - Successfully migrated: /Users/simongoldman/Documents/TransparentSF_from_git/transparentSF/ai/output/dashboard/history/district_8_20250907.json
2025-09-11 12:57:39,439 - INFO - Successfully stored file in GCS: transparentsf/dashboard/history/district_9_20250820.json
2025-09-11 12:57:39,439 - INFO - Successfully migrated: /Users/simongoldman/Documents/TransparentSF_from_git/transparentSF/ai/output/dashboard/history/district_9_20250820.json
2025-09-11 12:57:39,749 - INFO - Successfully stored file in GCS: transparentsf/dashboard/history/district_0_20250902.json
2025-09-11 12:57:39,749 - INFO - Successfully migrated: /Users/simongoldman/Documents/TransparentSF_from_git/transparentSF/ai/output/dashboard/history/district_0_20250902.json
2025-09-11 12:57:40,071 - INFO - Successfully stored file in GCS: transparentsf/dashboard/history/district_3_20250903.json
2025-09-11 12:57:40,071 - INFO - Successfully migrated: /Users/simongoldman/Documents/TransparentSF_from_git/transparentSF/ai/output/dashboard/history/district_3_20250903.json
2025-09-11 12:57:40,355 - INFO - Successfully stored file in GCS: transparentsf/dashboard/history/district_9_20250908.json
2025-09-11 12:57:40,355 - INFO - Successfully migrated: /Users/simongoldman/Documents/TransparentSF_from_git/transparentSF/ai/output/dashboard/history/district_9_20250908.json
2025-09-11 12:57:40,629 - INFO - Successfully stored file in GCS: transparentsf/dashboard/history/district_4_20250902.json
2025-09-11 12:57:40,629 - INFO - Successfully migrated: /Users/simongoldman/Documents/TransparentSF_from_git/transparentSF/ai/output/dashboard/history/district_4_20250902.json
2025-09-11 12:57:40,865 - INFO - Successfully stored file in GCS: transparentsf/dashboard/history/district_4_20250909.json
2025-09-11 12:57:40,866 - INFO - Successfully migrated: /Users/simongoldman/Documents/TransparentSF_from_git/transparentSF/ai/output/dashboard/history/district_4_20250909.json
2025-09-11 12:57:41,131 - INFO - Successfully stored file in GCS: transparentsf/dashboard/history/district_1_20250910.json
2025-09-11 12:57:41,131 - INFO - Successfully migrated: /Users/simongoldman/Documents/TransparentSF_from_git/transparentSF/ai/output/dashboard/history/district_1_20250910.json
2025-09-11 12:57:41,360 - INFO - Successfully stored file in GCS: transparentsf/dashboard/history/district_9_20250903.json
2025-09-11 12:57:41,360 - INFO - Successfully migrated: /Users/simongoldman/Documents/TransparentSF_from_git/transparentSF/ai/output/dashboard/history/district_9_20250903.json
2025-09-11 12:57:41,592 - INFO - Successfully stored file in GCS: transparentsf/dashboard/history/district_0_20250821.json
2025-09-11 12:57:41,592 - INFO - Successfully migrated: /Users/simongoldman/Documents/TransparentSF_from_git/transparentSF/ai/output/dashboard/history/district_0_20250821.json
2025-09-11 12:57:41,851 - INFO - Successfully stored file in GCS: transparentsf/dashboard/history/district_6_20250907.json
2025-09-11 12:57:41,853 - INFO - Successfully migrated: /Users/simongoldman/Documents/TransparentSF_from_git/transparentSF/ai/output/dashboard/history/district_6_20250907.json
2025-09-11 12:57:42,198 - INFO - Successfully stored file in GCS: transparentsf/dashboard/history/district_1_20250906.json
2025-09-11 12:57:42,198 - INFO - Successfully migrated: /Users/simongoldman/Documents/TransparentSF_from_git/transparentSF/ai/output/dashboard/history/district_1_20250906.json
2025-09-11 12:57:42,448 - INFO - Successfully stored file in GCS: transparentsf/dashboard/history/district_7_20250820.json
2025-09-11 12:57:42,448 - INFO - Successfully migrated: /Users/simongoldman/Documents/TransparentSF_from_git/transparentSF/ai/output/dashboard/history/district_7_20250820.json
2025-09-11 12:57:42,664 - INFO - Successfully stored file in GCS: transparentsf/dashboard/history/district_3_20250908.json
2025-09-11 12:57:42,665 - INFO - Successfully migrated: /Users/simongoldman/Documents/TransparentSF_from_git/transparentSF/ai/output/dashboard/history/district_3_20250908.json
2025-09-11 12:57:42,887 - INFO - Successfully stored file in GCS: transparentsf/dashboard/history/district_10_20250819.json
2025-09-11 12:57:42,887 - INFO - Successfully migrated: /Users/simongoldman/Documents/TransparentSF_from_git/transparentSF/ai/output/dashboard/history/district_10_20250819.json
2025-09-11 12:57:43,110 - INFO - Successfully stored file in GCS: transparentsf/dashboard/history/district_4_20250821.json
2025-09-11 12:57:43,110 - INFO - Successfully migrated: /Users/simongoldman/Documents/TransparentSF_from_git/transparentSF/ai/output/dashboard/history/district_4_20250821.json
2025-09-11 12:57:43,373 - INFO - Successfully stored file in GCS: transparentsf/dashboard/history/district_2_20250907.json
2025-09-11 12:57:43,373 - INFO - Successfully migrated: /Users/simongoldman/Documents/TransparentSF_from_git/transparentSF/ai/output/dashboard/history/district_2_20250907.json
2025-09-11 12:57:43,638 - INFO - Successfully stored file in GCS: transparentsf/dashboard/history/district_5_20250910.json
2025-09-11 12:57:43,638 - INFO - Successfully migrated: /Users/simongoldman/Documents/TransparentSF_from_git/transparentSF/ai/output/dashboard/history/district_5_20250910.json
2025-09-11 12:57:43,857 - INFO - Successfully stored file in GCS: transparentsf/dashboard/history/district_11_20250904.json
2025-09-11 12:57:43,857 - INFO - Successfully migrated: /Users/simongoldman/Documents/TransparentSF_from_git/transparentSF/ai/output/dashboard/history/district_11_20250904.json
2025-09-11 12:57:44,151 - INFO - Successfully stored file in GCS: transparentsf/dashboard/history/district_0_20250909.json
2025-09-11 12:57:44,151 - INFO - Successfully migrated: /Users/simongoldman/Documents/TransparentSF_from_git/transparentSF/ai/output/dashboard/history/district_0_20250909.json
2025-09-11 12:57:44,562 - INFO - Successfully stored file in GCS: transparentsf/dashboard/history/district_7_20250908.json
2025-09-11 12:57:44,562 - INFO - Successfully migrated: /Users/simongoldman/Documents/TransparentSF_from_git/transparentSF/ai/output/dashboard/history/district_7_20250908.json
2025-09-11 12:57:44,831 - INFO - Successfully stored file in GCS: transparentsf/dashboard/history/district_5_20250906.json
2025-09-11 12:57:44,832 - INFO - Successfully migrated: /Users/simongoldman/Documents/TransparentSF_from_git/transparentSF/ai/output/dashboard/history/district_5_20250906.json
2025-09-11 12:57:45,172 - INFO - Successfully stored file in GCS: transparentsf/dashboard/history/district_3_20250820.json
2025-09-11 12:57:45,172 - INFO - Successfully migrated: /Users/simongoldman/Documents/TransparentSF_from_git/transparentSF/ai/output/dashboard/history/district_3_20250820.json
2025-09-11 12:57:45,482 - INFO - Successfully stored file in GCS: transparentsf/dashboard/history/district_6_20250819.json
2025-09-11 12:57:45,483 - INFO - Successfully migrated: /Users/simongoldman/Documents/TransparentSF_from_git/transparentSF/ai/output/dashboard/history/district_6_20250819.json
2025-09-11 12:57:45,714 - INFO - Successfully stored file in GCS: transparentsf/dashboard/history/district_4_20250905.json
2025-09-11 12:57:45,714 - INFO - Successfully migrated: /Users/simongoldman/Documents/TransparentSF_from_git/transparentSF/ai/output/dashboard/history/district_4_20250905.json
2025-09-11 12:57:45,960 - INFO - Successfully stored file in GCS: transparentsf/dashboard/history/district_11_20250820.json
2025-09-11 12:57:45,960 - INFO - Successfully migrated: /Users/simongoldman/Documents/TransparentSF_from_git/transparentSF/ai/output/dashboard/history/district_11_20250820.json
2025-09-11 12:57:46,219 - INFO - Successfully stored file in GCS: transparentsf/dashboard/history/district_10_20250907.json
2025-09-11 12:57:46,219 - INFO - Successfully migrated: /Users/simongoldman/Documents/TransparentSF_from_git/transparentSF/ai/output/dashboard/history/district_10_20250907.json
2025-09-11 12:57:46,487 - INFO - Successfully stored file in GCS: transparentsf/dashboard/history/district_5_20250822.json
2025-09-11 12:57:46,487 - INFO - Successfully migrated: /Users/simongoldman/Documents/TransparentSF_from_git/transparentSF/ai/output/dashboard/history/district_5_20250822.json
2025-09-11 12:57:46,714 - INFO - Successfully stored file in GCS: transparentsf/dashboard/history/district_3_20250904.json
2025-09-11 12:57:46,714 - INFO - Successfully migrated: /Users/simongoldman/Documents/TransparentSF_from_git/transparentSF/ai/output/dashboard/history/district_3_20250904.json
2025-09-11 12:57:46,955 - INFO - Successfully stored file in GCS: transparentsf/dashboard/history/district_0_20250905.json
2025-09-11 12:57:46,955 - INFO - Successfully migrated: /Users/simongoldman/Documents/TransparentSF_from_git/transparentSF/ai/output/dashboard/history/district_0_20250905.json
2025-09-11 12:57:47,185 - INFO - Successfully stored file in GCS: transparentsf/dashboard/history/district_11_20250908.json
2025-09-11 12:57:47,185 - INFO - Successfully migrated: /Users/simongoldman/Documents/TransparentSF_from_git/transparentSF/ai/output/dashboard/history/district_11_20250908.json
2025-09-11 12:57:47,426 - INFO - Successfully stored file in GCS: transparentsf/dashboard/history/district_2_20250819.json
2025-09-11 12:57:47,426 - INFO - Successfully migrated: /Users/simongoldman/Documents/TransparentSF_from_git/transparentSF/ai/output/dashboard/history/district_2_20250819.json
2025-09-11 12:57:47,692 - INFO - Successfully stored file in GCS: transparentsf/dashboard/history/district_1_20250822.json
2025-09-11 12:57:47,692 - INFO - Successfully migrated: /Users/simongoldman/Documents/TransparentSF_from_git/transparentSF/ai/output/dashboard/history/district_1_20250822.json
2025-09-11 12:57:47,939 - INFO - Successfully stored file in GCS: transparentsf/dashboard/history/district_7_20250904.json
2025-09-11 12:57:47,939 - INFO - Successfully migrated: /Users/simongoldman/Documents/TransparentSF_from_git/transparentSF/ai/output/dashboard/history/district_7_20250904.json
2025-09-11 12:57:48,171 - INFO - Successfully stored file in GCS: transparentsf/dashboard/history/district_7_20250905.json
2025-09-11 12:57:48,171 - INFO - Successfully migrated: /Users/simongoldman/Documents/TransparentSF_from_git/transparentSF/ai/output/dashboard/history/district_7_20250905.json
2025-09-11 12:57:48,390 - INFO - Successfully stored file in GCS: transparentsf/dashboard/history/district_5_20250819.json
2025-09-11 12:57:48,391 - INFO - Successfully migrated: /Users/simongoldman/Documents/TransparentSF_from_git/transparentSF/ai/output/dashboard/history/district_5_20250819.json
2025-09-11 12:57:48,620 - INFO - Successfully stored file in GCS: transparentsf/dashboard/history/district_11_20250909.json
2025-09-11 12:57:48,621 - INFO - Successfully migrated: /Users/simongoldman/Documents/TransparentSF_from_git/transparentSF/ai/output/dashboard/history/district_11_20250909.json
2025-09-11 12:57:48,861 - INFO - Successfully stored file in GCS: transparentsf/dashboard/history/district_0_20250904.json
2025-09-11 12:57:48,862 - INFO - Successfully migrated: /Users/simongoldman/Documents/TransparentSF_from_git/transparentSF/ai/output/dashboard/history/district_0_20250904.json
2025-09-11 12:57:49,270 - INFO - Successfully stored file in GCS: transparentsf/dashboard/history/district_6_20250822.json
2025-09-11 12:57:49,270 - INFO - Successfully migrated: /Users/simongoldman/Documents/TransparentSF_from_git/transparentSF/ai/output/dashboard/history/district_6_20250822.json
2025-09-11 12:57:49,498 - INFO - Successfully stored file in GCS: transparentsf/dashboard/history/district_1_20250819.json
2025-09-11 12:57:49,498 - INFO - Successfully migrated: /Users/simongoldman/Documents/TransparentSF_from_git/transparentSF/ai/output/dashboard/history/district_1_20250819.json
2025-09-11 12:57:49,781 - INFO - Successfully stored file in GCS: transparentsf/dashboard/history/district_3_20250905.json
2025-09-11 12:57:49,782 - INFO - Successfully migrated: /Users/simongoldman/Documents/TransparentSF_from_git/transparentSF/ai/output/dashboard/history/district_3_20250905.json
2025-09-11 12:57:50,091 - INFO - Successfully stored file in GCS: transparentsf/dashboard/history/district_10_20250906.json
2025-09-11 12:57:50,091 - INFO - Successfully migrated: /Users/simongoldman/Documents/TransparentSF_from_git/transparentSF/ai/output/dashboard/history/district_10_20250906.json
2025-09-11 12:57:50,319 - INFO - Successfully stored file in GCS: transparentsf/dashboard/history/district_11_20250821.json
2025-09-11 12:57:50,319 - INFO - Successfully migrated: /Users/simongoldman/Documents/TransparentSF_from_git/transparentSF/ai/output/dashboard/history/district_11_20250821.json
2025-09-11 12:57:50,685 - INFO - Successfully stored file in GCS: transparentsf/dashboard/history/district_10_20250910.json
2025-09-11 12:57:50,685 - INFO - Successfully migrated: /Users/simongoldman/Documents/TransparentSF_from_git/transparentSF/ai/output/dashboard/history/district_10_20250910.json
2025-09-11 12:57:50,912 - INFO - Successfully stored file in GCS: transparentsf/dashboard/history/district_4_20250904.json
2025-09-11 12:57:50,912 - INFO - Successfully migrated: /Users/simongoldman/Documents/TransparentSF_from_git/transparentSF/ai/output/dashboard/history/district_4_20250904.json
2025-09-11 12:57:51,170 - INFO - Successfully stored file in GCS: transparentsf/dashboard/history/district_2_20250822.json
2025-09-11 12:57:51,171 - INFO - Successfully migrated: /Users/simongoldman/Documents/TransparentSF_from_git/transparentSF/ai/output/dashboard/history/district_2_20250822.json
2025-09-11 12:57:51,422 - INFO - Successfully stored file in GCS: transparentsf/dashboard/history/district_5_20250907.json
2025-09-11 12:57:51,422 - INFO - Successfully migrated: /Users/simongoldman/Documents/TransparentSF_from_git/transparentSF/ai/output/dashboard/history/district_5_20250907.json
2025-09-11 12:57:51,650 - INFO - Successfully stored file in GCS: transparentsf/dashboard/history/district_3_20250821.json
2025-09-11 12:57:51,650 - INFO - Successfully migrated: /Users/simongoldman/Documents/TransparentSF_from_git/transparentSF/ai/output/dashboard/history/district_3_20250821.json
2025-09-11 12:57:51,936 - INFO - Successfully stored file in GCS: transparentsf/dashboard/history/district_2_20250910.json
2025-09-11 12:57:51,936 - INFO - Successfully migrated: /Users/simongoldman/Documents/TransparentSF_from_git/transparentSF/ai/output/dashboard/history/district_2_20250910.json
2025-09-11 12:57:52,202 - INFO - Successfully stored file in GCS: transparentsf/dashboard/history/district_10_20250822.json
2025-09-11 12:57:52,202 - INFO - Successfully migrated: /Users/simongoldman/Documents/TransparentSF_from_git/transparentSF/ai/output/dashboard/history/district_10_20250822.json
2025-09-11 12:57:52,441 - INFO - Successfully stored file in GCS: transparentsf/dashboard/history/district_7_20250909.json
2025-09-11 12:57:52,441 - INFO - Successfully migrated: /Users/simongoldman/Documents/TransparentSF_from_git/transparentSF/ai/output/dashboard/history/district_7_20250909.json
2025-09-11 12:57:52,686 - INFO - Successfully stored file in GCS: transparentsf/dashboard/history/district_0_20250908.json
2025-09-11 12:57:52,686 - INFO - Successfully migrated: /Users/simongoldman/Documents/TransparentSF_from_git/transparentSF/ai/output/dashboard/history/district_0_20250908.json
2025-09-11 12:57:52,922 - INFO - Successfully stored file in GCS: transparentsf/dashboard/history/district_11_20250905.json
2025-09-11 12:57:52,922 - INFO - Successfully migrated: /Users/simongoldman/Documents/TransparentSF_from_git/transparentSF/ai/output/dashboard/history/district_11_20250905.json
2025-09-11 12:57:53,150 - INFO - Successfully stored file in GCS: transparentsf/dashboard/history/district_4_20250820.json
2025-09-11 12:57:53,151 - INFO - Successfully migrated: /Users/simongoldman/Documents/TransparentSF_from_git/transparentSF/ai/output/dashboard/history/district_4_20250820.json
2025-09-11 12:57:53,412 - INFO - Successfully stored file in GCS: transparentsf/dashboard/history/district_2_20250906.json
2025-09-11 12:57:53,412 - INFO - Successfully migrated: /Users/simongoldman/Documents/TransparentSF_from_git/transparentSF/ai/output/dashboard/history/district_2_20250906.json
2025-09-11 12:57:53,648 - INFO - Successfully stored file in GCS: transparentsf/dashboard/history/district_3_20250909.json
2025-09-11 12:57:53,648 - INFO - Successfully migrated: /Users/simongoldman/Documents/TransparentSF_from_git/transparentSF/ai/output/dashboard/history/district_3_20250909.json
2025-09-11 12:57:53,909 - INFO - Successfully stored file in GCS: transparentsf/dashboard/history/district_6_20250910.json
2025-09-11 12:57:53,910 - INFO - Successfully migrated: /Users/simongoldman/Documents/TransparentSF_from_git/transparentSF/ai/output/dashboard/history/district_6_20250910.json
2025-09-11 12:57:54,168 - INFO - Successfully stored file in GCS: transparentsf/dashboard/history/district_1_20250907.json
2025-09-11 12:57:54,168 - INFO - Successfully migrated: /Users/simongoldman/Documents/TransparentSF_from_git/transparentSF/ai/output/dashboard/history/district_1_20250907.json
2025-09-11 12:57:54,393 - INFO - Successfully stored file in GCS: transparentsf/dashboard/history/district_7_20250821.json
2025-09-11 12:57:54,393 - INFO - Successfully migrated: /Users/simongoldman/Documents/TransparentSF_from_git/transparentSF/ai/output/dashboard/history/district_7_20250821.json
2025-09-11 12:57:54,641 - INFO - Successfully stored file in GCS: transparentsf/dashboard/history/district_0_20250820.json
2025-09-11 12:57:54,641 - INFO - Successfully migrated: /Users/simongoldman/Documents/TransparentSF_from_git/transparentSF/ai/output/dashboard/history/district_0_20250820.json
2025-09-11 12:57:54,909 - INFO - Successfully stored file in GCS: transparentsf/dashboard/history/district_6_20250906.json
2025-09-11 12:57:54,912 - INFO - Successfully migrated: /Users/simongoldman/Documents/TransparentSF_from_git/transparentSF/ai/output/dashboard/history/district_6_20250906.json
2025-09-11 12:57:55,209 - INFO - Successfully stored file in GCS: transparentsf/dashboard/history/district_9_20250902.json
2025-09-11 12:57:55,209 - INFO - Successfully migrated: /Users/simongoldman/Documents/TransparentSF_from_git/transparentSF/ai/output/dashboard/history/district_9_20250902.json
2025-09-11 12:57:55,430 - INFO - Successfully stored file in GCS: transparentsf/dashboard/history/district_4_20250908.json
2025-09-11 12:57:55,431 - INFO - Successfully migrated: /Users/simongoldman/Documents/TransparentSF_from_git/transparentSF/ai/output/dashboard/history/district_4_20250908.json
2025-09-11 12:57:55,684 - INFO - Successfully stored file in GCS: transparentsf/dashboard/4/top_level.json
2025-09-11 12:57:55,685 - INFO - Successfully migrated: /Users/simongoldman/Documents/TransparentSF_from_git/transparentSF/ai/output/dashboard/4/top_level.json
2025-09-11 12:57:55,910 - INFO - Successfully stored file in GCS: transparentsf/dashboard/4/16.json
2025-09-11 12:57:55,910 - INFO - Successfully migrated: /Users/simongoldman/Documents/TransparentSF_from_git/transparentSF/ai/output/dashboard/4/16.json
2025-09-11 12:57:56,136 - INFO - Successfully stored file in GCS: transparentsf/dashboard/4/17.json
2025-09-11 12:57:56,137 - INFO - Successfully migrated: /Users/simongoldman/Documents/TransparentSF_from_git/transparentSF/ai/output/dashboard/4/17.json
2025-09-11 12:57:56,363 - INFO - Successfully stored file in GCS: transparentsf/dashboard/4/40.json
2025-09-11 12:57:56,363 - INFO - Successfully migrated: /Users/simongoldman/Documents/TransparentSF_from_git/transparentSF/ai/output/dashboard/4/40.json
2025-09-11 12:57:56,584 - INFO - Successfully stored file in GCS: transparentsf/dashboard/4/71.json
2025-09-11 12:57:56,585 - INFO - Successfully migrated: /Users/simongoldman/Documents/TransparentSF_from_git/transparentSF/ai/output/dashboard/4/71.json
2025-09-11 12:57:56,812 - INFO - Successfully stored file in GCS: transparentsf/dashboard/4/30.json
2025-09-11 12:57:56,812 - INFO - Successfully migrated: /Users/simongoldman/Documents/TransparentSF_from_git/transparentSF/ai/output/dashboard/4/30.json
2025-09-11 12:57:57,030 - INFO - Successfully stored file in GCS: transparentsf/dashboard/4/70.json
2025-09-11 12:57:57,031 - INFO - Successfully migrated: /Users/simongoldman/Documents/TransparentSF_from_git/transparentSF/ai/output/dashboard/4/70.json
2025-09-11 12:57:57,284 - INFO - Successfully stored file in GCS: transparentsf/dashboard/4/1.json
2025-09-11 12:57:57,284 - INFO - Successfully migrated: /Users/simongoldman/Documents/TransparentSF_from_git/transparentSF/ai/output/dashboard/4/1.json
2025-09-11 12:57:57,525 - INFO - Successfully stored file in GCS: transparentsf/dashboard/4/2.json
2025-09-11 12:57:57,525 - INFO - Successfully migrated: /Users/simongoldman/Documents/TransparentSF_from_git/transparentSF/ai/output/dashboard/4/2.json
2025-09-11 12:57:57,756 - INFO - Successfully stored file in GCS: transparentsf/dashboard/4/12.json
2025-09-11 12:57:57,756 - INFO - Successfully migrated: /Users/simongoldman/Documents/TransparentSF_from_git/transparentSF/ai/output/dashboard/4/12.json
2025-09-11 12:57:57,973 - INFO - Successfully stored file in GCS: transparentsf/dashboard/4/73.json
2025-09-11 12:57:57,974 - INFO - Successfully migrated: /Users/simongoldman/Documents/TransparentSF_from_git/transparentSF/ai/output/dashboard/4/73.json
2025-09-11 12:57:58,228 - INFO - Successfully stored file in GCS: transparentsf/dashboard/4/24.json
2025-09-11 12:57:58,228 - INFO - Successfully migrated: /Users/simongoldman/Documents/TransparentSF_from_git/transparentSF/ai/output/dashboard/4/24.json
2025-09-11 12:57:58,447 - INFO - Successfully stored file in GCS: transparentsf/dashboard/4/72.json
2025-09-11 12:57:58,447 - INFO - Successfully migrated: /Users/simongoldman/Documents/TransparentSF_from_git/transparentSF/ai/output/dashboard/4/72.json
2025-09-11 12:57:58,668 - INFO - Successfully stored file in GCS: transparentsf/dashboard/4/29.json
2025-09-11 12:57:58,668 - INFO - Successfully migrated: /Users/simongoldman/Documents/TransparentSF_from_git/transparentSF/ai/output/dashboard/4/29.json
2025-09-11 12:57:58,894 - INFO - Successfully stored file in GCS: transparentsf/dashboard/4/3.json
2025-09-11 12:57:58,895 - INFO - Successfully migrated: /Users/simongoldman/Documents/TransparentSF_from_git/transparentSF/ai/output/dashboard/4/3.json
2025-09-11 12:57:59,114 - INFO - Successfully stored file in GCS: transparentsf/dashboard/4/63.json
2025-09-11 12:57:59,115 - INFO - Successfully migrated: /Users/simongoldman/Documents/TransparentSF_from_git/transparentSF/ai/output/dashboard/4/63.json
2025-09-11 12:57:59,330 - INFO - Successfully stored file in GCS: transparentsf/dashboard/4/8.json
2025-09-11 12:57:59,331 - INFO - Successfully migrated: /Users/simongoldman/Documents/TransparentSF_from_git/transparentSF/ai/output/dashboard/4/8.json
2025-09-11 12:57:59,564 - INFO - Successfully stored file in GCS: transparentsf/dashboard/4/22.json
2025-09-11 12:57:59,564 - INFO - Successfully migrated: /Users/simongoldman/Documents/TransparentSF_from_git/transparentSF/ai/output/dashboard/4/22.json
2025-09-11 12:57:59,806 - INFO - Successfully stored file in GCS: transparentsf/dashboard/4/18.json
2025-09-11 12:57:59,807 - INFO - Successfully migrated: /Users/simongoldman/Documents/TransparentSF_from_git/transparentSF/ai/output/dashboard/4/18.json
2025-09-11 12:58:00,083 - INFO - Successfully stored file in GCS: transparentsf/dashboard/4/38.json
2025-09-11 12:58:00,083 - INFO - Successfully migrated: /Users/simongoldman/Documents/TransparentSF_from_git/transparentSF/ai/output/dashboard/4/38.json
2025-09-11 12:58:00,309 - INFO - Successfully stored file in GCS: transparentsf/dashboard/4/4.json
2025-09-11 12:58:00,309 - INFO - Successfully migrated: /Users/simongoldman/Documents/TransparentSF_from_git/transparentSF/ai/output/dashboard/4/4.json
2025-09-11 12:58:00,530 - INFO - Successfully stored file in GCS: transparentsf/dashboard/4/14.json
2025-09-11 12:58:00,530 - INFO - Successfully migrated: /Users/simongoldman/Documents/TransparentSF_from_git/transparentSF/ai/output/dashboard/4/14.json
2025-09-11 12:58:00,750 - INFO - Successfully stored file in GCS: transparentsf/dashboard/4/15.json
2025-09-11 12:58:00,751 - INFO - Successfully migrated: /Users/simongoldman/Documents/TransparentSF_from_git/transparentSF/ai/output/dashboard/4/15.json
2025-09-11 12:58:00,969 - INFO - Successfully stored file in GCS: transparentsf/dashboard/4/19.json
2025-09-11 12:58:00,969 - INFO - Successfully migrated: /Users/simongoldman/Documents/TransparentSF_from_git/transparentSF/ai/output/dashboard/4/19.json
2025-09-11 12:58:01,190 - INFO - Successfully stored file in GCS: transparentsf/dashboard/4/23.json
2025-09-11 12:58:01,190 - INFO - Successfully migrated: /Users/simongoldman/Documents/TransparentSF_from_git/transparentSF/ai/output/dashboard/4/23.json
2025-09-11 12:58:01,415 - INFO - Successfully stored file in GCS: transparentsf/dashboard/4/9.json
2025-09-11 12:58:01,415 - INFO - Successfully migrated: /Users/simongoldman/Documents/TransparentSF_from_git/transparentSF/ai/output/dashboard/4/9.json
2025-09-11 12:58:01,637 - INFO - Successfully stored file in GCS: transparentsf/dashboard/4/35.json
2025-09-11 12:58:01,638 - INFO - Successfully migrated: /Users/simongoldman/Documents/TransparentSF_from_git/transparentSF/ai/output/dashboard/4/35.json
2025-09-11 12:58:01,926 - INFO - Successfully stored file in GCS: transparentsf/dashboard/3/top_level.json
2025-09-11 12:58:01,926 - INFO - Successfully migrated: /Users/simongoldman/Documents/TransparentSF_from_git/transparentSF/ai/output/dashboard/3/top_level.json
2025-09-11 12:58:02,148 - INFO - Successfully stored file in GCS: transparentsf/dashboard/3/16.json
2025-09-11 12:58:02,149 - INFO - Successfully migrated: /Users/simongoldman/Documents/TransparentSF_from_git/transparentSF/ai/output/dashboard/3/16.json
2025-09-11 12:58:02,411 - INFO - Successfully stored file in GCS: transparentsf/dashboard/3/17.json
2025-09-11 12:58:02,411 - INFO - Successfully migrated: /Users/simongoldman/Documents/TransparentSF_from_git/transparentSF/ai/output/dashboard/3/17.json
2025-09-11 12:58:02,643 - INFO - Successfully stored file in GCS: transparentsf/dashboard/3/40.json
2025-09-11 12:58:02,643 - INFO - Successfully migrated: /Users/simongoldman/Documents/TransparentSF_from_git/transparentSF/ai/output/dashboard/3/40.json
2025-09-11 12:58:02,861 - INFO - Successfully stored file in GCS: transparentsf/dashboard/3/71.json
2025-09-11 12:58:02,861 - INFO - Successfully migrated: /Users/simongoldman/Documents/TransparentSF_from_git/transparentSF/ai/output/dashboard/3/71.json
2025-09-11 12:58:03,083 - INFO - Successfully stored file in GCS: transparentsf/dashboard/3/30.json
2025-09-11 12:58:03,084 - INFO - Successfully migrated: /Users/simongoldman/Documents/TransparentSF_from_git/transparentSF/ai/output/dashboard/3/30.json
2025-09-11 12:58:03,297 - INFO - Successfully stored file in GCS: transparentsf/dashboard/3/70.json
2025-09-11 12:58:03,297 - INFO - Successfully migrated: /Users/simongoldman/Documents/TransparentSF_from_git/transparentSF/ai/output/dashboard/3/70.json
2025-09-11 12:58:03,508 - INFO - Successfully stored file in GCS: transparentsf/dashboard/3/1.json
2025-09-11 12:58:03,508 - INFO - Successfully migrated: /Users/simongoldman/Documents/TransparentSF_from_git/transparentSF/ai/output/dashboard/3/1.json
2025-09-11 12:58:03,736 - INFO - Successfully stored file in GCS: transparentsf/dashboard/3/2.json
2025-09-11 12:58:03,736 - INFO - Successfully migrated: /Users/simongoldman/Documents/TransparentSF_from_git/transparentSF/ai/output/dashboard/3/2.json
2025-09-11 12:58:03,955 - INFO - Successfully stored file in GCS: transparentsf/dashboard/3/12.json
2025-09-11 12:58:03,955 - INFO - Successfully migrated: /Users/simongoldman/Documents/TransparentSF_from_git/transparentSF/ai/output/dashboard/3/12.json
2025-09-11 12:58:04,186 - INFO - Successfully stored file in GCS: transparentsf/dashboard/3/73.json
2025-09-11 12:58:04,186 - INFO - Successfully migrated: /Users/simongoldman/Documents/TransparentSF_from_git/transparentSF/ai/output/dashboard/3/73.json
2025-09-11 12:58:04,413 - INFO - Successfully stored file in GCS: transparentsf/dashboard/3/24.json
2025-09-11 12:58:04,413 - INFO - Successfully migrated: /Users/simongoldman/Documents/TransparentSF_from_git/transparentSF/ai/output/dashboard/3/24.json
2025-09-11 12:58:04,628 - INFO - Successfully stored file in GCS: transparentsf/dashboard/3/72.json
2025-09-11 12:58:04,628 - INFO - Successfully migrated: /Users/simongoldman/Documents/TransparentSF_from_git/transparentSF/ai/output/dashboard/3/72.json
2025-09-11 12:58:04,837 - INFO - Successfully stored file in GCS: transparentsf/dashboard/3/29.json
2025-09-11 12:58:04,838 - INFO - Successfully migrated: /Users/simongoldman/Documents/TransparentSF_from_git/transparentSF/ai/output/dashboard/3/29.json
2025-09-11 12:58:05,069 - INFO - Successfully stored file in GCS: transparentsf/dashboard/3/3.json
2025-09-11 12:58:05,069 - INFO - Successfully migrated: /Users/simongoldman/Documents/TransparentSF_from_git/transparentSF/ai/output/dashboard/3/3.json
2025-09-11 12:58:05,324 - INFO - Successfully stored file in GCS: transparentsf/dashboard/3/34.json
2025-09-11 12:58:05,325 - INFO - Successfully migrated: /Users/simongoldman/Documents/TransparentSF_from_git/transparentSF/ai/output/dashboard/3/34.json
2025-09-11 12:58:05,550 - INFO - Successfully stored file in GCS: transparentsf/dashboard/3/63.json
2025-09-11 12:58:05,550 - INFO - Successfully migrated: /Users/simongoldman/Documents/TransparentSF_from_git/transparentSF/ai/output/dashboard/3/63.json
2025-09-11 12:58:05,774 - INFO - Successfully stored file in GCS: transparentsf/dashboard/3/8.json
2025-09-11 12:58:05,774 - INFO - Successfully migrated: /Users/simongoldman/Documents/TransparentSF_from_git/transparentSF/ai/output/dashboard/3/8.json
2025-09-11 12:58:05,986 - INFO - Successfully stored file in GCS: transparentsf/dashboard/3/22.json
2025-09-11 12:58:05,987 - INFO - Successfully migrated: /Users/simongoldman/Documents/TransparentSF_from_git/transparentSF/ai/output/dashboard/3/22.json
2025-09-11 12:58:06,215 - INFO - Successfully stored file in GCS: transparentsf/dashboard/3/18.json
2025-09-11 12:58:06,215 - INFO - Successfully migrated: /Users/simongoldman/Documents/TransparentSF_from_git/transparentSF/ai/output/dashboard/3/18.json
2025-09-11 12:58:06,440 - INFO - Successfully stored file in GCS: transparentsf/dashboard/3/38.json
2025-09-11 12:58:06,440 - INFO - Successfully migrated: /Users/simongoldman/Documents/TransparentSF_from_git/transparentSF/ai/output/dashboard/3/38.json
2025-09-11 12:58:06,661 - INFO - Successfully stored file in GCS: transparentsf/dashboard/3/4.json
2025-09-11 12:58:06,661 - INFO - Successfully migrated: /Users/simongoldman/Documents/TransparentSF_from_git/transparentSF/ai/output/dashboard/3/4.json
2025-09-11 12:58:06,884 - INFO - Successfully stored file in GCS: transparentsf/dashboard/3/14.json
2025-09-11 12:58:06,885 - INFO - Successfully migrated: /Users/simongoldman/Documents/TransparentSF_from_git/transparentSF/ai/output/dashboard/3/14.json
2025-09-11 12:58:07,128 - INFO - Successfully stored file in GCS: transparentsf/dashboard/3/15.json
2025-09-11 12:58:07,128 - INFO - Successfully migrated: /Users/simongoldman/Documents/TransparentSF_from_git/transparentSF/ai/output/dashboard/3/15.json
2025-09-11 12:58:07,359 - INFO - Successfully stored file in GCS: transparentsf/dashboard/3/19.json
2025-09-11 12:58:07,359 - INFO - Successfully migrated: /Users/simongoldman/Documents/TransparentSF_from_git/transparentSF/ai/output/dashboard/3/19.json
2025-09-11 12:58:07,703 - INFO - Successfully stored file in GCS: transparentsf/dashboard/3/23.json
2025-09-11 12:58:07,703 - INFO - Successfully migrated: /Users/simongoldman/Documents/TransparentSF_from_git/transparentSF/ai/output/dashboard/3/23.json
2025-09-11 12:58:07,930 - INFO - Successfully stored file in GCS: transparentsf/dashboard/3/9.json
2025-09-11 12:58:07,930 - INFO - Successfully migrated: /Users/simongoldman/Documents/TransparentSF_from_git/transparentSF/ai/output/dashboard/3/9.json
2025-09-11 12:58:08,143 - INFO - Successfully stored file in GCS: transparentsf/dashboard/3/35.json
2025-09-11 12:58:08,143 - INFO - Successfully migrated: /Users/simongoldman/Documents/TransparentSF_from_git/transparentSF/ai/output/dashboard/3/35.json
2025-09-11 12:58:08,399 - INFO - Successfully stored file in GCS: transparentsf/dashboard/2/top_level.json
2025-09-11 12:58:08,400 - INFO - Successfully migrated: /Users/simongoldman/Documents/TransparentSF_from_git/transparentSF/ai/output/dashboard/2/top_level.json
2025-09-11 12:58:08,609 - INFO - Successfully stored file in GCS: transparentsf/dashboard/2/16.json
2025-09-11 12:58:08,609 - INFO - Successfully migrated: /Users/simongoldman/Documents/TransparentSF_from_git/transparentSF/ai/output/dashboard/2/16.json
2025-09-11 12:58:09,035 - INFO - Successfully stored file in GCS: transparentsf/dashboard/2/17.json
2025-09-11 12:58:09,036 - INFO - Successfully migrated: /Users/simongoldman/Documents/TransparentSF_from_git/transparentSF/ai/output/dashboard/2/17.json
2025-09-11 12:58:09,273 - INFO - Successfully stored file in GCS: transparentsf/dashboard/2/40.json
2025-09-11 12:58:09,273 - INFO - Successfully migrated: /Users/simongoldman/Documents/TransparentSF_from_git/transparentSF/ai/output/dashboard/2/40.json
2025-09-11 12:58:09,484 - INFO - Successfully stored file in GCS: transparentsf/dashboard/2/71.json
2025-09-11 12:58:09,484 - INFO - Successfully migrated: /Users/simongoldman/Documents/TransparentSF_from_git/transparentSF/ai/output/dashboard/2/71.json
2025-09-11 12:58:09,758 - INFO - Successfully stored file in GCS: transparentsf/dashboard/2/30.json
2025-09-11 12:58:09,758 - INFO - Successfully migrated: /Users/simongoldman/Documents/TransparentSF_from_git/transparentSF/ai/output/dashboard/2/30.json
2025-09-11 12:58:09,978 - INFO - Successfully stored file in GCS: transparentsf/dashboard/2/70.json
2025-09-11 12:58:09,978 - INFO - Successfully migrated: /Users/simongoldman/Documents/TransparentSF_from_git/transparentSF/ai/output/dashboard/2/70.json
2025-09-11 12:58:10,201 - INFO - Successfully stored file in GCS: transparentsf/dashboard/2/1.json
2025-09-11 12:58:10,201 - INFO - Successfully migrated: /Users/simongoldman/Documents/TransparentSF_from_git/transparentSF/ai/output/dashboard/2/1.json
2025-09-11 12:58:10,454 - INFO - Successfully stored file in GCS: transparentsf/dashboard/2/2.json
2025-09-11 12:58:10,454 - INFO - Successfully migrated: /Users/simongoldman/Documents/TransparentSF_from_git/transparentSF/ai/output/dashboard/2/2.json
2025-09-11 12:58:10,685 - INFO - Successfully stored file in GCS: transparentsf/dashboard/2/12.json
2025-09-11 12:58:10,685 - INFO - Successfully migrated: /Users/simongoldman/Documents/TransparentSF_from_git/transparentSF/ai/output/dashboard/2/12.json
2025-09-11 12:58:10,891 - INFO - Successfully stored file in GCS: transparentsf/dashboard/2/73.json
2025-09-11 12:58:10,892 - INFO - Successfully migrated: /Users/simongoldman/Documents/TransparentSF_from_git/transparentSF/ai/output/dashboard/2/73.json
2025-09-11 12:58:11,105 - INFO - Successfully stored file in GCS: transparentsf/dashboard/2/24.json
2025-09-11 12:58:11,106 - INFO - Successfully migrated: /Users/simongoldman/Documents/TransparentSF_from_git/transparentSF/ai/output/dashboard/2/24.json
2025-09-11 12:58:11,331 - INFO - Successfully stored file in GCS: transparentsf/dashboard/2/72.json
2025-09-11 12:58:11,331 - INFO - Successfully migrated: /Users/simongoldman/Documents/TransparentSF_from_git/transparentSF/ai/output/dashboard/2/72.json
2025-09-11 12:58:11,553 - INFO - Successfully stored file in GCS: transparentsf/dashboard/2/29.json
2025-09-11 12:58:11,553 - INFO - Successfully migrated: /Users/simongoldman/Documents/TransparentSF_from_git/transparentSF/ai/output/dashboard/2/29.json
2025-09-11 12:58:11,784 - INFO - Successfully stored file in GCS: transparentsf/dashboard/2/3.json
2025-09-11 12:58:11,784 - INFO - Successfully migrated: /Users/simongoldman/Documents/TransparentSF_from_git/transparentSF/ai/output/dashboard/2/3.json
2025-09-11 12:58:12,009 - INFO - Successfully stored file in GCS: transparentsf/dashboard/2/34.json
2025-09-11 12:58:12,009 - INFO - Successfully migrated: /Users/simongoldman/Documents/TransparentSF_from_git/transparentSF/ai/output/dashboard/2/34.json
2025-09-11 12:58:12,236 - INFO - Successfully stored file in GCS: transparentsf/dashboard/2/63.json
2025-09-11 12:58:12,236 - INFO - Successfully migrated: /Users/simongoldman/Documents/TransparentSF_from_git/transparentSF/ai/output/dashboard/2/63.json
2025-09-11 12:58:12,520 - INFO - Successfully stored file in GCS: transparentsf/dashboard/2/8.json
2025-09-11 12:58:12,520 - INFO - Successfully migrated: /Users/simongoldman/Documents/TransparentSF_from_git/transparentSF/ai/output/dashboard/2/8.json
2025-09-11 12:58:12,741 - INFO - Successfully stored file in GCS: transparentsf/dashboard/2/22.json
2025-09-11 12:58:12,741 - INFO - Successfully migrated: /Users/simongoldman/Documents/TransparentSF_from_git/transparentSF/ai/output/dashboard/2/22.json
2025-09-11 12:58:12,975 - INFO - Successfully stored file in GCS: transparentsf/dashboard/2/18.json
2025-09-11 12:58:12,975 - INFO - Successfully migrated: /Users/simongoldman/Documents/TransparentSF_from_git/transparentSF/ai/output/dashboard/2/18.json
2025-09-11 12:58:13,197 - INFO - Successfully stored file in GCS: transparentsf/dashboard/2/38.json
2025-09-11 12:58:13,197 - INFO - Successfully migrated: /Users/simongoldman/Documents/TransparentSF_from_git/transparentSF/ai/output/dashboard/2/38.json
2025-09-11 12:58:13,419 - INFO - Successfully stored file in GCS: transparentsf/dashboard/2/4.json
2025-09-11 12:58:13,420 - INFO - Successfully migrated: /Users/simongoldman/Documents/TransparentSF_from_git/transparentSF/ai/output/dashboard/2/4.json
2025-09-11 12:58:13,638 - INFO - Successfully stored file in GCS: transparentsf/dashboard/2/14.json
2025-09-11 12:58:13,639 - INFO - Successfully migrated: /Users/simongoldman/Documents/TransparentSF_from_git/transparentSF/ai/output/dashboard/2/14.json
2025-09-11 12:58:13,859 - INFO - Successfully stored file in GCS: transparentsf/dashboard/2/15.json
2025-09-11 12:58:13,860 - INFO - Successfully migrated: /Users/simongoldman/Documents/TransparentSF_from_git/transparentSF/ai/output/dashboard/2/15.json
2025-09-11 12:58:14,076 - INFO - Successfully stored file in GCS: transparentsf/dashboard/2/19.json
2025-09-11 12:58:14,076 - INFO - Successfully migrated: /Users/simongoldman/Documents/TransparentSF_from_git/transparentSF/ai/output/dashboard/2/19.json
2025-09-11 12:58:14,303 - INFO - Successfully stored file in GCS: transparentsf/dashboard/2/23.json
2025-09-11 12:58:14,304 - INFO - Successfully migrated: /Users/simongoldman/Documents/TransparentSF_from_git/transparentSF/ai/output/dashboard/2/23.json
2025-09-11 12:58:14,531 - INFO - Successfully stored file in GCS: transparentsf/dashboard/2/9.json
2025-09-11 12:58:14,532 - INFO - Successfully migrated: /Users/simongoldman/Documents/TransparentSF_from_git/transparentSF/ai/output/dashboard/2/9.json
2025-09-11 12:58:14,776 - INFO - Successfully stored file in GCS: transparentsf/dashboard/2/35.json
2025-09-11 12:58:14,776 - INFO - Successfully migrated: /Users/simongoldman/Documents/TransparentSF_from_git/transparentSF/ai/output/dashboard/2/35.json
2025-09-11 12:58:15,043 - INFO - Successfully stored file in GCS: transparentsf/dashboard/5/top_level.json
2025-09-11 12:58:15,043 - INFO - Successfully migrated: /Users/simongoldman/Documents/TransparentSF_from_git/transparentSF/ai/output/dashboard/5/top_level.json
2025-09-11 12:58:15,267 - INFO - Successfully stored file in GCS: transparentsf/dashboard/5/16.json
2025-09-11 12:58:15,267 - INFO - Successfully migrated: /Users/simongoldman/Documents/TransparentSF_from_git/transparentSF/ai/output/dashboard/5/16.json
2025-09-11 12:58:15,495 - INFO - Successfully stored file in GCS: transparentsf/dashboard/5/17.json
2025-09-11 12:58:15,496 - INFO - Successfully migrated: /Users/simongoldman/Documents/TransparentSF_from_git/transparentSF/ai/output/dashboard/5/17.json
2025-09-11 12:58:15,713 - INFO - Successfully stored file in GCS: transparentsf/dashboard/5/40.json
2025-09-11 12:58:15,713 - INFO - Successfully migrated: /Users/simongoldman/Documents/TransparentSF_from_git/transparentSF/ai/output/dashboard/5/40.json
2025-09-11 12:58:15,921 - INFO - Successfully stored file in GCS: transparentsf/dashboard/5/71.json
2025-09-11 12:58:15,922 - INFO - Successfully migrated: /Users/simongoldman/Documents/TransparentSF_from_git/transparentSF/ai/output/dashboard/5/71.json
2025-09-11 12:58:16,136 - INFO - Successfully stored file in GCS: transparentsf/dashboard/5/30.json
2025-09-11 12:58:16,136 - INFO - Successfully migrated: /Users/simongoldman/Documents/TransparentSF_from_git/transparentSF/ai/output/dashboard/5/30.json
2025-09-11 12:58:16,510 - INFO - Successfully stored file in GCS: transparentsf/dashboard/5/70.json
2025-09-11 12:58:16,510 - INFO - Successfully migrated: /Users/simongoldman/Documents/TransparentSF_from_git/transparentSF/ai/output/dashboard/5/70.json
2025-09-11 12:58:16,737 - INFO - Successfully stored file in GCS: transparentsf/dashboard/5/1.json
2025-09-11 12:58:16,738 - INFO - Successfully migrated: /Users/simongoldman/Documents/TransparentSF_from_git/transparentSF/ai/output/dashboard/5/1.json
2025-09-11 12:58:16,980 - INFO - Successfully stored file in GCS: transparentsf/dashboard/5/2.json
2025-09-11 12:58:16,980 - INFO - Successfully migrated: /Users/simongoldman/Documents/TransparentSF_from_git/transparentSF/ai/output/dashboard/5/2.json
2025-09-11 12:58:17,201 - INFO - Successfully stored file in GCS: transparentsf/dashboard/5/12.json
2025-09-11 12:58:17,202 - INFO - Successfully migrated: /Users/simongoldman/Documents/TransparentSF_from_git/transparentSF/ai/output/dashboard/5/12.json
2025-09-11 12:58:17,424 - INFO - Successfully stored file in GCS: transparentsf/dashboard/5/73.json
2025-09-11 12:58:17,425 - INFO - Successfully migrated: /Users/simongoldman/Documents/TransparentSF_from_git/transparentSF/ai/output/dashboard/5/73.json
2025-09-11 12:58:17,649 - INFO - Successfully stored file in GCS: transparentsf/dashboard/5/24.json
2025-09-11 12:58:17,649 - INFO - Successfully migrated: /Users/simongoldman/Documents/TransparentSF_from_git/transparentSF/ai/output/dashboard/5/24.json
2025-09-11 12:58:17,901 - INFO - Successfully stored file in GCS: transparentsf/dashboard/5/72.json
2025-09-11 12:58:17,901 - INFO - Successfully migrated: /Users/simongoldman/Documents/TransparentSF_from_git/transparentSF/ai/output/dashboard/5/72.json
2025-09-11 12:58:18,124 - INFO - Successfully stored file in GCS: transparentsf/dashboard/5/29.json
2025-09-11 12:58:18,124 - INFO - Successfully migrated: /Users/simongoldman/Documents/TransparentSF_from_git/transparentSF/ai/output/dashboard/5/29.json
2025-09-11 12:58:18,361 - INFO - Successfully stored file in GCS: transparentsf/dashboard/5/3.json
2025-09-11 12:58:18,362 - INFO - Successfully migrated: /Users/simongoldman/Documents/TransparentSF_from_git/transparentSF/ai/output/dashboard/5/3.json
2025-09-11 12:58:18,585 - INFO - Successfully stored file in GCS: transparentsf/dashboard/5/34.json
2025-09-11 12:58:18,586 - INFO - Successfully migrated: /Users/simongoldman/Documents/TransparentSF_from_git/transparentSF/ai/output/dashboard/5/34.json
2025-09-11 12:58:18,807 - INFO - Successfully stored file in GCS: transparentsf/dashboard/5/63.json
2025-09-11 12:58:18,807 - INFO - Successfully migrated: /Users/simongoldman/Documents/TransparentSF_from_git/transparentSF/ai/output/dashboard/5/63.json
2025-09-11 12:58:19,032 - INFO - Successfully stored file in GCS: transparentsf/dashboard/5/8.json
2025-09-11 12:58:19,033 - INFO - Successfully migrated: /Users/simongoldman/Documents/TransparentSF_from_git/transparentSF/ai/output/dashboard/5/8.json
2025-09-11 12:58:19,263 - INFO - Successfully stored file in GCS: transparentsf/dashboard/5/22.json
2025-09-11 12:58:19,263 - INFO - Successfully migrated: /Users/simongoldman/Documents/TransparentSF_from_git/transparentSF/ai/output/dashboard/5/22.json
2025-09-11 12:58:19,502 - INFO - Successfully stored file in GCS: transparentsf/dashboard/5/18.json
2025-09-11 12:58:19,502 - INFO - Successfully migrated: /Users/simongoldman/Documents/TransparentSF_from_git/transparentSF/ai/output/dashboard/5/18.json
2025-09-11 12:58:19,728 - INFO - Successfully stored file in GCS: transparentsf/dashboard/5/38.json
2025-09-11 12:58:19,728 - INFO - Successfully migrated: /Users/simongoldman/Documents/TransparentSF_from_git/transparentSF/ai/output/dashboard/5/38.json
2025-09-11 12:58:19,949 - INFO - Successfully stored file in GCS: transparentsf/dashboard/5/4.json
2025-09-11 12:58:19,950 - INFO - Successfully migrated: /Users/simongoldman/Documents/TransparentSF_from_git/transparentSF/ai/output/dashboard/5/4.json
2025-09-11 12:58:20,177 - INFO - Successfully stored file in GCS: transparentsf/dashboard/5/14.json
2025-09-11 12:58:20,178 - INFO - Successfully migrated: /Users/simongoldman/Documents/TransparentSF_from_git/transparentSF/ai/output/dashboard/5/14.json
2025-09-11 12:58:20,394 - INFO - Successfully stored file in GCS: transparentsf/dashboard/5/15.json
2025-09-11 12:58:20,394 - INFO - Successfully migrated: /Users/simongoldman/Documents/TransparentSF_from_git/transparentSF/ai/output/dashboard/5/15.json
2025-09-11 12:58:20,614 - INFO - Successfully stored file in GCS: transparentsf/dashboard/5/19.json
2025-09-11 12:58:20,614 - INFO - Successfully migrated: /Users/simongoldman/Documents/TransparentSF_from_git/transparentSF/ai/output/dashboard/5/19.json
2025-09-11 12:58:20,830 - INFO - Successfully stored file in GCS: transparentsf/dashboard/5/23.json
2025-09-11 12:58:20,830 - INFO - Successfully migrated: /Users/simongoldman/Documents/TransparentSF_from_git/transparentSF/ai/output/dashboard/5/23.json
2025-09-11 12:58:21,058 - INFO - Successfully stored file in GCS: transparentsf/dashboard/5/9.json
2025-09-11 12:58:21,058 - INFO - Successfully migrated: /Users/simongoldman/Documents/TransparentSF_from_git/transparentSF/ai/output/dashboard/5/9.json
2025-09-11 12:58:21,275 - INFO - Successfully stored file in GCS: transparentsf/dashboard/5/35.json
2025-09-11 12:58:21,275 - INFO - Successfully migrated: /Users/simongoldman/Documents/TransparentSF_from_git/transparentSF/ai/output/dashboard/5/35.json
2025-09-11 12:58:21,275 - INFO - Migrating monthly files...
2025-09-11 12:58:21,502 - INFO - Successfully stored file in GCS: transparentsf/monthly/9.00000/19.json
2025-09-11 12:58:21,502 - INFO - Successfully migrated: /Users/simongoldman/Documents/TransparentSF_from_git/transparentSF/ai/output/monthly/9.00000/19.md
2025-09-11 12:58:21,745 - INFO - Successfully stored file in GCS: transparentsf/monthly/9.00000/30.json
2025-09-11 12:58:21,746 - INFO - Successfully migrated: /Users/simongoldman/Documents/TransparentSF_from_git/transparentSF/ai/output/monthly/9.00000/30.md
2025-09-11 12:58:21,975 - INFO - Successfully stored file in GCS: transparentsf/monthly/11.00000/19.json
2025-09-11 12:58:21,975 - INFO - Successfully migrated: /Users/simongoldman/Documents/TransparentSF_from_git/transparentSF/ai/output/monthly/11.00000/19.md
2025-09-11 12:58:22,206 - INFO - Successfully stored file in GCS: transparentsf/monthly/11.00000/30.json
2025-09-11 12:58:22,206 - INFO - Successfully migrated: /Users/simongoldman/Documents/TransparentSF_from_git/transparentSF/ai/output/monthly/11.00000/30.md
2025-09-11 12:58:22,438 - INFO - Successfully stored file in GCS: transparentsf/monthly/1.0/19.json
2025-09-11 12:58:22,438 - INFO - Successfully migrated: /Users/simongoldman/Documents/TransparentSF_from_git/transparentSF/ai/output/monthly/1.0/19.md
2025-09-11 12:58:22,656 - INFO - Successfully stored file in GCS: transparentsf/monthly/1.0/30.json
2025-09-11 12:58:22,656 - INFO - Successfully migrated: /Users/simongoldman/Documents/TransparentSF_from_git/transparentSF/ai/output/monthly/1.0/30.md
2025-09-11 12:58:22,959 - INFO - Successfully stored file in GCS: transparentsf/monthly/5.0/19.json
2025-09-11 12:58:22,959 - INFO - Successfully migrated: /Users/simongoldman/Documents/TransparentSF_from_git/transparentSF/ai/output/monthly/5.0/19.md
2025-09-11 12:58:23,183 - INFO - Successfully stored file in GCS: transparentsf/monthly/5.0/30.json
2025-09-11 12:58:23,183 - INFO - Successfully migrated: /Users/simongoldman/Documents/TransparentSF_from_git/transparentSF/ai/output/monthly/5.0/30.md
2025-09-11 12:58:23,411 - INFO - Successfully stored file in GCS: transparentsf/monthly/10.0/19.json
2025-09-11 12:58:23,411 - INFO - Successfully migrated: /Users/simongoldman/Documents/TransparentSF_from_git/transparentSF/ai/output/monthly/10.0/19.md
2025-09-11 12:58:23,657 - INFO - Successfully stored file in GCS: transparentsf/monthly/10.0/30.json
2025-09-11 12:58:23,657 - INFO - Successfully migrated: /Users/simongoldman/Documents/TransparentSF_from_git/transparentSF/ai/output/monthly/10.0/30.md
2025-09-11 12:58:23,892 - INFO - Successfully stored file in GCS: transparentsf/monthly/8.00000/19.json
2025-09-11 12:58:23,892 - INFO - Successfully migrated: /Users/simongoldman/Documents/TransparentSF_from_git/transparentSF/ai/output/monthly/8.00000/19.md
2025-09-11 12:58:24,124 - INFO - Successfully stored file in GCS: transparentsf/monthly/8.00000/30.json
2025-09-11 12:58:24,124 - INFO - Successfully migrated: /Users/simongoldman/Documents/TransparentSF_from_git/transparentSF/ai/output/monthly/8.00000/30.md
2025-09-11 12:58:24,360 - INFO - Successfully stored file in GCS: transparentsf/monthly/8.0/19.json
2025-09-11 12:58:24,360 - INFO - Successfully migrated: /Users/simongoldman/Documents/TransparentSF_from_git/transparentSF/ai/output/monthly/8.0/19.md
2025-09-11 12:58:24,585 - INFO - Successfully stored file in GCS: transparentsf/monthly/8.0/30.json
2025-09-11 12:58:24,585 - INFO - Successfully migrated: /Users/simongoldman/Documents/TransparentSF_from_git/transparentSF/ai/output/monthly/8.0/30.md
2025-09-11 12:58:24,803 - INFO - Successfully stored file in GCS: transparentsf/monthly/9/69.json
2025-09-11 12:58:24,804 - INFO - Successfully migrated: /Users/simongoldman/Documents/TransparentSF_from_git/transparentSF/ai/output/monthly/9/69.md
2025-09-11 12:58:25,032 - INFO - Successfully stored file in GCS: transparentsf/monthly/9/38.json
2025-09-11 12:58:25,032 - INFO - Successfully migrated: /Users/simongoldman/Documents/TransparentSF_from_git/transparentSF/ai/output/monthly/9/38.md
2025-09-11 12:58:25,246 - INFO - Successfully stored file in GCS: transparentsf/monthly/9/18.json
2025-09-11 12:58:25,246 - INFO - Successfully migrated: /Users/simongoldman/Documents/TransparentSF_from_git/transparentSF/ai/output/monthly/9/18.md
2025-09-11 12:58:25,462 - INFO - Successfully stored file in GCS: transparentsf/monthly/9/1.json
2025-09-11 12:58:25,463 - INFO - Successfully migrated: /Users/simongoldman/Documents/TransparentSF_from_git/transparentSF/ai/output/monthly/9/1.md
2025-09-11 12:58:25,692 - INFO - Successfully stored file in GCS: transparentsf/monthly/9/19.json
2025-09-11 12:58:25,692 - INFO - Successfully migrated: /Users/simongoldman/Documents/TransparentSF_from_git/transparentSF/ai/output/monthly/9/19.md
2025-09-11 12:58:25,905 - INFO - Successfully stored file in GCS: transparentsf/monthly/9/29.json
2025-09-11 12:58:25,905 - INFO - Successfully migrated: /Users/simongoldman/Documents/TransparentSF_from_git/transparentSF/ai/output/monthly/9/29.md
2025-09-11 12:58:26,239 - INFO - Successfully stored file in GCS: transparentsf/monthly/9/4.json
2025-09-11 12:58:26,239 - INFO - Successfully migrated: /Users/simongoldman/Documents/TransparentSF_from_git/transparentSF/ai/output/monthly/9/4.md
2025-09-11 12:58:26,467 - INFO - Successfully stored file in GCS: transparentsf/monthly/9/16.json
2025-09-11 12:58:26,468 - INFO - Successfully migrated: /Users/simongoldman/Documents/TransparentSF_from_git/transparentSF/ai/output/monthly/9/16.md
2025-09-11 12:58:26,696 - INFO - Successfully stored file in GCS: transparentsf/monthly/9/22.json
2025-09-11 12:58:26,696 - INFO - Successfully migrated: /Users/simongoldman/Documents/TransparentSF_from_git/transparentSF/ai/output/monthly/9/22.md
2025-09-11 12:58:26,923 - INFO - Successfully stored file in GCS: transparentsf/monthly/9/12.json
2025-09-11 12:58:26,923 - INFO - Successfully migrated: /Users/simongoldman/Documents/TransparentSF_from_git/transparentSF/ai/output/monthly/9/12.md
2025-09-11 12:58:27,143 - INFO - Successfully stored file in GCS: transparentsf/monthly/9/17.json
2025-09-11 12:58:27,143 - INFO - Successfully migrated: /Users/simongoldman/Documents/TransparentSF_from_git/transparentSF/ai/output/monthly/9/17.md
2025-09-11 12:58:27,367 - INFO - Successfully stored file in GCS: transparentsf/monthly/9/23.json
2025-09-11 12:58:27,367 - INFO - Successfully migrated: /Users/simongoldman/Documents/TransparentSF_from_git/transparentSF/ai/output/monthly/9/23.md
2025-09-11 12:58:27,590 - INFO - Successfully stored file in GCS: transparentsf/monthly/9/72.json
2025-09-11 12:58:27,591 - INFO - Successfully migrated: /Users/simongoldman/Documents/TransparentSF_from_git/transparentSF/ai/output/monthly/9/72.md
2025-09-11 12:58:27,824 - INFO - Successfully stored file in GCS: transparentsf/monthly/9/24.json
2025-09-11 12:58:27,825 - INFO - Successfully migrated: /Users/simongoldman/Documents/TransparentSF_from_git/transparentSF/ai/output/monthly/9/24.md
2025-09-11 12:58:28,050 - INFO - Successfully stored file in GCS: transparentsf/monthly/9/9.json
2025-09-11 12:58:28,051 - INFO - Successfully migrated: /Users/simongoldman/Documents/TransparentSF_from_git/transparentSF/ai/output/monthly/9/9.md
2025-09-11 12:58:28,301 - INFO - Successfully stored file in GCS: transparentsf/monthly/9/34.json
2025-09-11 12:58:28,301 - INFO - Successfully migrated: /Users/simongoldman/Documents/TransparentSF_from_git/transparentSF/ai/output/monthly/9/34.md
2025-09-11 12:58:28,526 - INFO - Successfully stored file in GCS: transparentsf/monthly/9/14.json
2025-09-11 12:58:28,527 - INFO - Successfully migrated: /Users/simongoldman/Documents/TransparentSF_from_git/transparentSF/ai/output/monthly/9/14.md
2025-09-11 12:58:28,796 - INFO - Successfully stored file in GCS: transparentsf/monthly/9/71.json
2025-09-11 12:58:28,796 - INFO - Successfully migrated: /Users/simongoldman/Documents/TransparentSF_from_git/transparentSF/ai/output/monthly/9/71.md
2025-09-11 12:58:29,114 - INFO - Successfully stored file in GCS: transparentsf/monthly/9/30.json
2025-09-11 12:58:29,115 - INFO - Successfully migrated: /Users/simongoldman/Documents/TransparentSF_from_git/transparentSF/ai/output/monthly/9/30.md
2025-09-11 12:58:29,333 - INFO - Successfully stored file in GCS: transparentsf/monthly/9/15.json
2025-09-11 12:58:29,334 - INFO - Successfully migrated: /Users/simongoldman/Documents/TransparentSF_from_git/transparentSF/ai/output/monthly/9/15.md
2025-09-11 12:58:29,570 - INFO - Successfully stored file in GCS: transparentsf/monthly/9/40.json
2025-09-11 12:58:29,570 - INFO - Successfully migrated: /Users/simongoldman/Documents/TransparentSF_from_git/transparentSF/ai/output/monthly/9/40.md
2025-09-11 12:58:29,788 - INFO - Successfully stored file in GCS: transparentsf/monthly/9/8.json
2025-09-11 12:58:29,788 - INFO - Successfully migrated: /Users/simongoldman/Documents/TransparentSF_from_git/transparentSF/ai/output/monthly/9/8.md
2025-09-11 12:58:30,009 - INFO - Successfully stored file in GCS: transparentsf/monthly/9/35.json
2025-09-11 12:58:30,009 - INFO - Successfully migrated: /Users/simongoldman/Documents/TransparentSF_from_git/transparentSF/ai/output/monthly/9/35.md
2025-09-11 12:58:30,233 - INFO - Successfully stored file in GCS: transparentsf/monthly/9/3.json
2025-09-11 12:58:30,233 - INFO - Successfully migrated: /Users/simongoldman/Documents/TransparentSF_from_git/transparentSF/ai/output/monthly/9/3.md
2025-09-11 12:58:30,464 - INFO - Successfully stored file in GCS: transparentsf/monthly/9/2.json
2025-09-11 12:58:30,465 - INFO - Successfully migrated: /Users/simongoldman/Documents/TransparentSF_from_git/transparentSF/ai/output/monthly/9/2.md
2025-09-11 12:58:30,673 - INFO - Successfully stored file in GCS: transparentsf/monthly/0/5.json
2025-09-11 12:58:30,673 - INFO - Successfully migrated: /Users/simongoldman/Documents/TransparentSF_from_git/transparentSF/ai/output/monthly/0/5.md
2025-09-11 12:58:30,917 - INFO - Successfully stored file in GCS: transparentsf/monthly/0/69.json
2025-09-11 12:58:30,917 - INFO - Successfully migrated: /Users/simongoldman/Documents/TransparentSF_from_git/transparentSF/ai/output/monthly/0/69.md
2025-09-11 12:58:31,158 - INFO - Successfully stored file in GCS: transparentsf/monthly/0/38.json
2025-09-11 12:58:31,158 - INFO - Successfully migrated: /Users/simongoldman/Documents/TransparentSF_from_git/transparentSF/ai/output/monthly/0/38.md
2025-09-11 12:58:31,385 - INFO - Successfully stored file in GCS: transparentsf/monthly/0/18.json
2025-09-11 12:58:31,385 - INFO - Successfully migrated: /Users/simongoldman/Documents/TransparentSF_from_git/transparentSF/ai/output/monthly/0/18.md
2025-09-11 12:58:31,606 - INFO - Successfully stored file in GCS: transparentsf/monthly/0/49.json
2025-09-11 12:58:31,606 - INFO - Successfully migrated: /Users/simongoldman/Documents/TransparentSF_from_git/transparentSF/ai/output/monthly/0/49.md
2025-09-11 12:58:31,827 - INFO - Successfully stored file in GCS: transparentsf/monthly/0/1.json
2025-09-11 12:58:31,827 - INFO - Successfully migrated: /Users/simongoldman/Documents/TransparentSF_from_git/transparentSF/ai/output/monthly/0/1.md
2025-09-11 12:58:32,102 - INFO - Successfully stored file in GCS: transparentsf/monthly/0/19.json
2025-09-11 12:58:32,102 - INFO - Successfully migrated: /Users/simongoldman/Documents/TransparentSF_from_git/transparentSF/ai/output/monthly/0/19.md
2025-09-11 12:58:32,324 - INFO - Successfully stored file in GCS: transparentsf/monthly/0/48.json
2025-09-11 12:58:32,324 - INFO - Successfully migrated: /Users/simongoldman/Documents/TransparentSF_from_git/transparentSF/ai/output/monthly/0/48.md
2025-09-11 12:58:32,542 - INFO - Successfully stored file in GCS: transparentsf/monthly/0/58.json
2025-09-11 12:58:32,542 - INFO - Successfully migrated: /Users/simongoldman/Documents/TransparentSF_from_git/transparentSF/ai/output/monthly/0/58.md
2025-09-11 12:58:32,761 - INFO - Successfully stored file in GCS: transparentsf/monthly/0/29.json
2025-09-11 12:58:32,761 - INFO - Successfully migrated: /Users/simongoldman/Documents/TransparentSF_from_git/transparentSF/ai/output/monthly/0/29.md
2025-09-11 12:58:32,983 - INFO - Successfully stored file in GCS: transparentsf/monthly/0/4.json
2025-09-11 12:58:32,983 - INFO - Successfully migrated: /Users/simongoldman/Documents/TransparentSF_from_git/transparentSF/ai/output/monthly/0/4.md
2025-09-11 12:58:33,204 - INFO - Successfully stored file in GCS: transparentsf/monthly/0/47.json
2025-09-11 12:58:33,204 - INFO - Successfully migrated: /Users/simongoldman/Documents/TransparentSF_from_git/transparentSF/ai/output/monthly/0/47.md
2025-09-11 12:58:33,431 - INFO - Successfully stored file in GCS: transparentsf/monthly/0/16.json
2025-09-11 12:58:33,432 - INFO - Successfully migrated: /Users/simongoldman/Documents/TransparentSF_from_git/transparentSF/ai/output/monthly/0/16.md
2025-09-11 12:58:33,667 - INFO - Successfully stored file in GCS: transparentsf/monthly/0/22.json
2025-09-11 12:58:33,667 - INFO - Successfully migrated: /Users/simongoldman/Documents/TransparentSF_from_git/transparentSF/ai/output/monthly/0/22.md
2025-09-11 12:58:33,909 - INFO - Successfully stored file in GCS: transparentsf/monthly/0/63.json
2025-09-11 12:58:33,909 - INFO - Successfully migrated: /Users/simongoldman/Documents/TransparentSF_from_git/transparentSF/ai/output/monthly/0/63.md
2025-09-11 12:58:34,137 - INFO - Successfully stored file in GCS: transparentsf/monthly/0/32.json
2025-09-11 12:58:34,137 - INFO - Successfully migrated: /Users/simongoldman/Documents/TransparentSF_from_git/transparentSF/ai/output/monthly/0/32.md
2025-09-11 12:58:34,447 - INFO - Successfully stored file in GCS: transparentsf/monthly/0/12.json
2025-09-11 12:58:34,448 - INFO - Successfully migrated: /Users/simongoldman/Documents/TransparentSF_from_git/transparentSF/ai/output/monthly/0/12.md
2025-09-11 12:58:34,705 - INFO - Successfully stored file in GCS: transparentsf/monthly/0/43.json
2025-09-11 12:58:34,705 - INFO - Successfully migrated: /Users/simongoldman/Documents/TransparentSF_from_git/transparentSF/ai/output/monthly/0/43.md
2025-09-11 12:58:34,915 - INFO - Successfully stored file in GCS: transparentsf/monthly/0/53.json
2025-09-11 12:58:34,915 - INFO - Successfully migrated: /Users/simongoldman/Documents/TransparentSF_from_git/transparentSF/ai/output/monthly/0/53.md
2025-09-11 12:58:35,146 - INFO - Successfully stored file in GCS: transparentsf/monthly/0/13.json
2025-09-11 12:58:35,147 - INFO - Successfully migrated: /Users/simongoldman/Documents/TransparentSF_from_git/transparentSF/ai/output/monthly/0/13.md
2025-09-11 12:58:35,362 - INFO - Successfully stored file in GCS: transparentsf/monthly/0/52.json
2025-09-11 12:58:35,362 - INFO - Successfully migrated: /Users/simongoldman/Documents/TransparentSF_from_git/transparentSF/ai/output/monthly/0/52.md
2025-09-11 12:58:35,573 - INFO - Successfully stored file in GCS: transparentsf/monthly/0/66.json
2025-09-11 12:58:35,574 - INFO - Successfully migrated: /Users/simongoldman/Documents/TransparentSF_from_git/transparentSF/ai/output/monthly/0/66.md
2025-09-11 12:58:35,796 - INFO - Successfully stored file in GCS: transparentsf/monthly/0/46.json
2025-09-11 12:58:35,796 - INFO - Successfully migrated: /Users/simongoldman/Documents/TransparentSF_from_git/transparentSF/ai/output/monthly/0/46.md
2025-09-11 12:58:36,104 - INFO - Successfully stored file in GCS: transparentsf/monthly/0/17.json
2025-09-11 12:58:36,109 - INFO - Successfully migrated: /Users/simongoldman/Documents/TransparentSF_from_git/transparentSF/ai/output/monthly/0/17.md
2025-09-11 12:58:36,446 - INFO - Successfully stored file in GCS: transparentsf/monthly/0/23.json
2025-09-11 12:58:36,446 - INFO - Successfully migrated: /Users/simongoldman/Documents/TransparentSF_from_git/transparentSF/ai/output/monthly/0/23.md
2025-09-11 12:58:36,654 - INFO - Successfully stored file in GCS: transparentsf/monthly/0/72.json
2025-09-11 12:58:36,655 - INFO - Successfully migrated: /Users/simongoldman/Documents/TransparentSF_from_git/transparentSF/ai/output/monthly/0/72.md
2025-09-11 12:58:36,878 - INFO - Successfully stored file in GCS: transparentsf/monthly/0/33.json
2025-09-11 12:58:36,878 - INFO - Successfully migrated: /Users/simongoldman/Documents/TransparentSF_from_git/transparentSF/ai/output/monthly/0/33.md
2025-09-11 12:58:37,105 - INFO - Successfully stored file in GCS: transparentsf/monthly/0/24.json
2025-09-11 12:58:37,105 - INFO - Successfully migrated: /Users/simongoldman/Documents/TransparentSF_from_git/transparentSF/ai/output/monthly/0/24.md
2025-09-11 12:58:37,310 - INFO - Successfully stored file in GCS: transparentsf/monthly/0/41.json
2025-09-11 12:58:37,310 - INFO - Successfully migrated: /Users/simongoldman/Documents/TransparentSF_from_git/transparentSF/ai/output/monthly/0/41.md
2025-09-11 12:58:37,531 - INFO - Successfully stored file in GCS: transparentsf/monthly/0/10.json
2025-09-11 12:58:37,531 - INFO - Successfully migrated: /Users/simongoldman/Documents/TransparentSF_from_git/transparentSF/ai/output/monthly/0/10.md
2025-09-11 12:58:37,755 - INFO - Successfully stored file in GCS: transparentsf/monthly/0/51.json
2025-09-11 12:58:37,755 - INFO - Successfully migrated: /Users/simongoldman/Documents/TransparentSF_from_git/transparentSF/ai/output/monthly/0/51.md
2025-09-11 12:58:37,980 - INFO - Successfully stored file in GCS: transparentsf/monthly/0/9.json
2025-09-11 12:58:37,980 - INFO - Successfully migrated: /Users/simongoldman/Documents/TransparentSF_from_git/transparentSF/ai/output/monthly/0/9.md
2025-09-11 12:58:38,205 - INFO - Successfully stored file in GCS: transparentsf/monthly/0/34.json
2025-09-11 12:58:38,205 - INFO - Successfully migrated: /Users/simongoldman/Documents/TransparentSF_from_git/transparentSF/ai/output/monthly/0/34.md
2025-09-11 12:58:38,428 - INFO - Successfully stored file in GCS: transparentsf/monthly/0/14.json
2025-09-11 12:58:38,428 - INFO - Successfully migrated: /Users/simongoldman/Documents/TransparentSF_from_git/transparentSF/ai/output/monthly/0/14.md
2025-09-11 12:58:38,641 - INFO - Successfully stored file in GCS: transparentsf/monthly/0/45.json
2025-09-11 12:58:38,641 - INFO - Successfully migrated: /Users/simongoldman/Documents/TransparentSF_from_git/transparentSF/ai/output/monthly/0/45.md
2025-09-11 12:58:38,891 - INFO - Successfully stored file in GCS: transparentsf/monthly/0/71.json
2025-09-11 12:58:38,891 - INFO - Successfully migrated: /Users/simongoldman/Documents/TransparentSF_from_git/transparentSF/ai/output/monthly/0/71.md
2025-09-11 12:58:39,121 - INFO - Successfully stored file in GCS: transparentsf/monthly/0/30.json
2025-09-11 12:58:39,121 - INFO - Successfully migrated: /Users/simongoldman/Documents/TransparentSF_from_git/transparentSF/ai/output/monthly/0/30.md
2025-09-11 12:58:39,378 - INFO - Successfully stored file in GCS: transparentsf/monthly/0/15.json
2025-09-11 12:58:39,378 - INFO - Successfully migrated: /Users/simongoldman/Documents/TransparentSF_from_git/transparentSF/ai/output/monthly/0/15.md
2025-09-11 12:58:39,636 - INFO - Successfully stored file in GCS: transparentsf/monthly/0/44.json
2025-09-11 12:58:39,637 - INFO - Successfully migrated: /Users/simongoldman/Documents/TransparentSF_from_git/transparentSF/ai/output/monthly/0/44.md
2025-09-11 12:58:39,860 - INFO - Successfully stored file in GCS: transparentsf/monthly/0/31.json
2025-09-11 12:58:39,860 - INFO - Successfully migrated: /Users/simongoldman/Documents/TransparentSF_from_git/transparentSF/ai/output/monthly/0/31.md
2025-09-11 12:58:40,163 - INFO - Successfully stored file in GCS: transparentsf/monthly/0/40.json
2025-09-11 12:58:40,163 - INFO - Successfully migrated: /Users/simongoldman/Documents/TransparentSF_from_git/transparentSF/ai/output/monthly/0/40.md
2025-09-11 12:58:40,381 - INFO - Successfully stored file in GCS: transparentsf/monthly/0/50.json
2025-09-11 12:58:40,381 - INFO - Successfully migrated: /Users/simongoldman/Documents/TransparentSF_from_git/transparentSF/ai/output/monthly/0/50.md
2025-09-11 12:58:40,598 - INFO - Successfully stored file in GCS: transparentsf/monthly/0/8.json
2025-09-11 12:58:40,598 - INFO - Successfully migrated: /Users/simongoldman/Documents/TransparentSF_from_git/transparentSF/ai/output/monthly/0/8.md
2025-09-11 12:58:40,808 - INFO - Successfully stored file in GCS: transparentsf/monthly/0/35.json
2025-09-11 12:58:40,808 - INFO - Successfully migrated: /Users/simongoldman/Documents/TransparentSF_from_git/transparentSF/ai/output/monthly/0/35.md
2025-09-11 12:58:41,032 - INFO - Successfully stored file in GCS: transparentsf/monthly/0/3.json
2025-09-11 12:58:41,032 - INFO - Successfully migrated: /Users/simongoldman/Documents/TransparentSF_from_git/transparentSF/ai/output/monthly/0/3.md
2025-09-11 12:58:41,268 - INFO - Successfully stored file in GCS: transparentsf/monthly/0/7.json
2025-09-11 12:58:41,268 - INFO - Successfully migrated: /Users/simongoldman/Documents/TransparentSF_from_git/transparentSF/ai/output/monthly/0/7.md
2025-09-11 12:58:41,495 - INFO - Successfully stored file in GCS: transparentsf/monthly/0/6.json
2025-09-11 12:58:41,495 - INFO - Successfully migrated: /Users/simongoldman/Documents/TransparentSF_from_git/transparentSF/ai/output/monthly/0/6.md
2025-09-11 12:58:41,731 - INFO - Successfully stored file in GCS: transparentsf/monthly/0/2.json
2025-09-11 12:58:41,731 - INFO - Successfully migrated: /Users/simongoldman/Documents/TransparentSF_from_git/transparentSF/ai/output/monthly/0/2.md
2025-09-11 12:58:41,955 - INFO - Successfully stored file in GCS: transparentsf/monthly/2.0/19.json
2025-09-11 12:58:41,956 - INFO - Successfully migrated: /Users/simongoldman/Documents/TransparentSF_from_git/transparentSF/ai/output/monthly/2.0/19.md
2025-09-11 12:58:42,187 - INFO - Successfully stored file in GCS: transparentsf/monthly/2.0/30.json
2025-09-11 12:58:42,187 - INFO - Successfully migrated: /Users/simongoldman/Documents/TransparentSF_from_git/transparentSF/ai/output/monthly/2.0/30.md
2025-09-11 12:58:42,402 - INFO - Successfully stored file in GCS: transparentsf/monthly/11/69.json
2025-09-11 12:58:42,402 - INFO - Successfully migrated: /Users/simongoldman/Documents/TransparentSF_from_git/transparentSF/ai/output/monthly/11/69.md
2025-09-11 12:58:42,628 - INFO - Successfully stored file in GCS: transparentsf/monthly/11/38.json
2025-09-11 12:58:42,628 - INFO - Successfully migrated: /Users/simongoldman/Documents/TransparentSF_from_git/transparentSF/ai/output/monthly/11/38.md
2025-09-11 12:58:42,855 - INFO - Successfully stored file in GCS: transparentsf/monthly/11/18.json
2025-09-11 12:58:42,855 - INFO - Successfully migrated: /Users/simongoldman/Documents/TransparentSF_from_git/transparentSF/ai/output/monthly/11/18.md
2025-09-11 12:58:43,134 - INFO - Successfully stored file in GCS: transparentsf/monthly/11/1.json
2025-09-11 12:58:43,134 - INFO - Successfully migrated: /Users/simongoldman/Documents/TransparentSF_from_git/transparentSF/ai/output/monthly/11/1.md
2025-09-11 12:58:43,408 - INFO - Successfully stored file in GCS: transparentsf/monthly/11/19.json
2025-09-11 12:58:43,408 - INFO - Successfully migrated: /Users/simongoldman/Documents/TransparentSF_from_git/transparentSF/ai/output/monthly/11/19.md
2025-09-11 12:58:43,631 - INFO - Successfully stored file in GCS: transparentsf/monthly/11/29.json
2025-09-11 12:58:43,631 - INFO - Successfully migrated: /Users/simongoldman/Documents/TransparentSF_from_git/transparentSF/ai/output/monthly/11/29.md
2025-09-11 12:58:43,885 - INFO - Successfully stored file in GCS: transparentsf/monthly/11/4.json
2025-09-11 12:58:43,885 - INFO - Successfully migrated: /Users/simongoldman/Documents/TransparentSF_from_git/transparentSF/ai/output/monthly/11/4.md
2025-09-11 12:58:44,160 - INFO - Successfully stored file in GCS: transparentsf/monthly/11/16.json
2025-09-11 12:58:44,160 - INFO - Successfully migrated: /Users/simongoldman/Documents/TransparentSF_from_git/transparentSF/ai/output/monthly/11/16.md
2025-09-11 12:58:44,464 - INFO - Successfully stored file in GCS: transparentsf/monthly/11/22.json
2025-09-11 12:58:44,465 - INFO - Successfully migrated: /Users/simongoldman/Documents/TransparentSF_from_git/transparentSF/ai/output/monthly/11/22.md
2025-09-11 12:58:44,775 - INFO - Successfully stored file in GCS: transparentsf/monthly/11/12.json
2025-09-11 12:58:44,776 - INFO - Successfully migrated: /Users/simongoldman/Documents/TransparentSF_from_git/transparentSF/ai/output/monthly/11/12.md
2025-09-11 12:58:44,989 - INFO - Successfully stored file in GCS: transparentsf/monthly/11/17.json
2025-09-11 12:58:44,989 - INFO - Successfully migrated: /Users/simongoldman/Documents/TransparentSF_from_git/transparentSF/ai/output/monthly/11/17.md
2025-09-11 12:58:45,283 - INFO - Successfully stored file in GCS: transparentsf/monthly/11/23.json
2025-09-11 12:58:45,283 - INFO - Successfully migrated: /Users/simongoldman/Documents/TransparentSF_from_git/transparentSF/ai/output/monthly/11/23.md
2025-09-11 12:58:45,507 - INFO - Successfully stored file in GCS: transparentsf/monthly/11/72.json
2025-09-11 12:58:45,508 - INFO - Successfully migrated: /Users/simongoldman/Documents/TransparentSF_from_git/transparentSF/ai/output/monthly/11/72.md
2025-09-11 12:58:45,736 - INFO - Successfully stored file in GCS: transparentsf/monthly/11/24.json
2025-09-11 12:58:45,736 - INFO - Successfully migrated: /Users/simongoldman/Documents/TransparentSF_from_git/transparentSF/ai/output/monthly/11/24.md
2025-09-11 12:58:45,971 - INFO - Successfully stored file in GCS: transparentsf/monthly/11/9.json
2025-09-11 12:58:45,971 - INFO - Successfully migrated: /Users/simongoldman/Documents/TransparentSF_from_git/transparentSF/ai/output/monthly/11/9.md
2025-09-11 12:58:46,196 - INFO - Successfully stored file in GCS: transparentsf/monthly/11/14.json
2025-09-11 12:58:46,196 - INFO - Successfully migrated: /Users/simongoldman/Documents/TransparentSF_from_git/transparentSF/ai/output/monthly/11/14.md
2025-09-11 12:58:46,421 - INFO - Successfully stored file in GCS: transparentsf/monthly/11/71.json
2025-09-11 12:58:46,421 - INFO - Successfully migrated: /Users/simongoldman/Documents/TransparentSF_from_git/transparentSF/ai/output/monthly/11/71.md
2025-09-11 12:58:46,648 - INFO - Successfully stored file in GCS: transparentsf/monthly/11/30.json
2025-09-11 12:58:46,649 - INFO - Successfully migrated: /Users/simongoldman/Documents/TransparentSF_from_git/transparentSF/ai/output/monthly/11/30.md
2025-09-11 12:58:47,033 - INFO - Successfully stored file in GCS: transparentsf/monthly/11/15.json
2025-09-11 12:58:47,033 - INFO - Successfully migrated: /Users/simongoldman/Documents/TransparentSF_from_git/transparentSF/ai/output/monthly/11/15.md
2025-09-11 12:58:47,259 - INFO - Successfully stored file in GCS: transparentsf/monthly/11/40.json
2025-09-11 12:58:47,259 - INFO - Successfully migrated: /Users/simongoldman/Documents/TransparentSF_from_git/transparentSF/ai/output/monthly/11/40.md
2025-09-11 12:58:47,469 - INFO - Successfully stored file in GCS: transparentsf/monthly/11/8.json
2025-09-11 12:58:47,469 - INFO - Successfully migrated: /Users/simongoldman/Documents/TransparentSF_from_git/transparentSF/ai/output/monthly/11/8.md
2025-09-11 12:58:47,681 - INFO - Successfully stored file in GCS: transparentsf/monthly/11/35.json
2025-09-11 12:58:47,681 - INFO - Successfully migrated: /Users/simongoldman/Documents/TransparentSF_from_git/transparentSF/ai/output/monthly/11/35.md
2025-09-11 12:58:47,907 - INFO - Successfully stored file in GCS: transparentsf/monthly/11/3.json
2025-09-11 12:58:47,908 - INFO - Successfully migrated: /Users/simongoldman/Documents/TransparentSF_from_git/transparentSF/ai/output/monthly/11/3.md
2025-09-11 12:58:48,149 - INFO - Successfully stored file in GCS: transparentsf/monthly/11/2.json
2025-09-11 12:58:48,149 - INFO - Successfully migrated: /Users/simongoldman/Documents/TransparentSF_from_git/transparentSF/ai/output/monthly/11/2.md
2025-09-11 12:58:48,358 - INFO - Successfully stored file in GCS: transparentsf/monthly/7/69.json
2025-09-11 12:58:48,358 - INFO - Successfully migrated: /Users/simongoldman/Documents/TransparentSF_from_git/transparentSF/ai/output/monthly/7/69.md
2025-09-11 12:58:48,575 - INFO - Successfully stored file in GCS: transparentsf/monthly/7/38.json
2025-09-11 12:58:48,576 - INFO - Successfully migrated: /Users/simongoldman/Documents/TransparentSF_from_git/transparentSF/ai/output/monthly/7/38.md
2025-09-11 12:58:48,797 - INFO - Successfully stored file in GCS: transparentsf/monthly/7/18.json
2025-09-11 12:58:48,797 - INFO - Successfully migrated: /Users/simongoldman/Documents/TransparentSF_from_git/transparentSF/ai/output/monthly/7/18.md
2025-09-11 12:58:49,017 - INFO - Successfully stored file in GCS: transparentsf/monthly/7/1.json
2025-09-11 12:58:49,018 - INFO - Successfully migrated: /Users/simongoldman/Documents/TransparentSF_from_git/transparentSF/ai/output/monthly/7/1.md
2025-09-11 12:58:49,269 - INFO - Successfully stored file in GCS: transparentsf/monthly/7/19.json
2025-09-11 12:58:49,269 - INFO - Successfully migrated: /Users/simongoldman/Documents/TransparentSF_from_git/transparentSF/ai/output/monthly/7/19.md
2025-09-11 12:58:49,492 - INFO - Successfully stored file in GCS: transparentsf/monthly/7/29.json
2025-09-11 12:58:49,492 - INFO - Successfully migrated: /Users/simongoldman/Documents/TransparentSF_from_git/transparentSF/ai/output/monthly/7/29.md
2025-09-11 12:58:49,717 - INFO - Successfully stored file in GCS: transparentsf/monthly/7/4.json
2025-09-11 12:58:49,718 - INFO - Successfully migrated: /Users/simongoldman/Documents/TransparentSF_from_git/transparentSF/ai/output/monthly/7/4.md
2025-09-11 12:58:49,932 - INFO - Successfully stored file in GCS: transparentsf/monthly/7/16.json
2025-09-11 12:58:49,933 - INFO - Successfully migrated: /Users/simongoldman/Documents/TransparentSF_from_git/transparentSF/ai/output/monthly/7/16.md
2025-09-11 12:58:50,198 - INFO - Successfully stored file in GCS: transparentsf/monthly/7/22.json
2025-09-11 12:58:50,199 - INFO - Successfully migrated: /Users/simongoldman/Documents/TransparentSF_from_git/transparentSF/ai/output/monthly/7/22.md
2025-09-11 12:58:50,505 - INFO - Successfully stored file in GCS: transparentsf/monthly/7/12.json
2025-09-11 12:58:50,506 - INFO - Successfully migrated: /Users/simongoldman/Documents/TransparentSF_from_git/transparentSF/ai/output/monthly/7/12.md
2025-09-11 12:58:50,765 - INFO - Successfully stored file in GCS: transparentsf/monthly/7/17.json
2025-09-11 12:58:50,765 - INFO - Successfully migrated: /Users/simongoldman/Documents/TransparentSF_from_git/transparentSF/ai/output/monthly/7/17.md
2025-09-11 12:58:50,993 - INFO - Successfully stored file in GCS: transparentsf/monthly/7/23.json
2025-09-11 12:58:50,993 - INFO - Successfully migrated: /Users/simongoldman/Documents/TransparentSF_from_git/transparentSF/ai/output/monthly/7/23.md
2025-09-11 12:58:51,215 - INFO - Successfully stored file in GCS: transparentsf/monthly/7/72.json
2025-09-11 12:58:51,216 - INFO - Successfully migrated: /Users/simongoldman/Documents/TransparentSF_from_git/transparentSF/ai/output/monthly/7/72.md
2025-09-11 12:58:51,536 - INFO - Successfully stored file in GCS: transparentsf/monthly/7/24.json
2025-09-11 12:58:51,536 - INFO - Successfully migrated: /Users/simongoldman/Documents/TransparentSF_from_git/transparentSF/ai/output/monthly/7/24.md
2025-09-11 12:58:51,842 - INFO - Successfully stored file in GCS: transparentsf/monthly/7/9.json
2025-09-11 12:58:51,842 - INFO - Successfully migrated: /Users/simongoldman/Documents/TransparentSF_from_git/transparentSF/ai/output/monthly/7/9.md
2025-09-11 12:58:52,053 - INFO - Successfully stored file in GCS: transparentsf/monthly/7/34.json
2025-09-11 12:58:52,054 - INFO - Successfully migrated: /Users/simongoldman/Documents/TransparentSF_from_git/transparentSF/ai/output/monthly/7/34.md
2025-09-11 12:58:52,285 - INFO - Successfully stored file in GCS: transparentsf/monthly/7/14.json
2025-09-11 12:58:52,285 - INFO - Successfully migrated: /Users/simongoldman/Documents/TransparentSF_from_git/transparentSF/ai/output/monthly/7/14.md
2025-09-11 12:58:52,509 - INFO - Successfully stored file in GCS: transparentsf/monthly/7/71.json
2025-09-11 12:58:52,509 - INFO - Successfully migrated: /Users/simongoldman/Documents/TransparentSF_from_git/transparentSF/ai/output/monthly/7/71.md
2025-09-11 12:58:52,736 - INFO - Successfully stored file in GCS: transparentsf/monthly/7/30.json
2025-09-11 12:58:52,736 - INFO - Successfully migrated: /Users/simongoldman/Documents/TransparentSF_from_git/transparentSF/ai/output/monthly/7/30.md
2025-09-11 12:58:52,952 - INFO - Successfully stored file in GCS: transparentsf/monthly/7/15.json
2025-09-11 12:58:52,952 - INFO - Successfully migrated: /Users/simongoldman/Documents/TransparentSF_from_git/transparentSF/ai/output/monthly/7/15.md
2025-09-11 12:58:53,178 - INFO - Successfully stored file in GCS: transparentsf/monthly/7/40.json
2025-09-11 12:58:53,179 - INFO - Successfully migrated: /Users/simongoldman/Documents/TransparentSF_from_git/transparentSF/ai/output/monthly/7/40.md
2025-09-11 12:58:53,396 - INFO - Successfully stored file in GCS: transparentsf/monthly/7/8.json
2025-09-11 12:58:53,396 - INFO - Successfully migrated: /Users/simongoldman/Documents/TransparentSF_from_git/transparentSF/ai/output/monthly/7/8.md
2025-09-11 12:58:53,610 - INFO - Successfully stored file in GCS: transparentsf/monthly/7/35.json
2025-09-11 12:58:53,611 - INFO - Successfully migrated: /Users/simongoldman/Documents/TransparentSF_from_git/transparentSF/ai/output/monthly/7/35.md
2025-09-11 12:58:53,843 - INFO - Successfully stored file in GCS: transparentsf/monthly/7/3.json
2025-09-11 12:58:53,843 - INFO - Successfully migrated: /Users/simongoldman/Documents/TransparentSF_from_git/transparentSF/ai/output/monthly/7/3.md
2025-09-11 12:58:54,071 - INFO - Successfully stored file in GCS: transparentsf/monthly/7/2.json
2025-09-11 12:58:54,071 - INFO - Successfully migrated: /Users/simongoldman/Documents/TransparentSF_from_git/transparentSF/ai/output/monthly/7/2.md
2025-09-11 12:58:54,294 - INFO - Successfully stored file in GCS: transparentsf/monthly/6/69.json
2025-09-11 12:58:54,294 - INFO - Successfully migrated: /Users/simongoldman/Documents/TransparentSF_from_git/transparentSF/ai/output/monthly/6/69.md
2025-09-11 12:58:54,514 - INFO - Successfully stored file in GCS: transparentsf/monthly/6/38.json
2025-09-11 12:58:54,515 - INFO - Successfully migrated: /Users/simongoldman/Documents/TransparentSF_from_git/transparentSF/ai/output/monthly/6/38.md
2025-09-11 12:58:54,727 - INFO - Successfully stored file in GCS: transparentsf/monthly/6/18.json
2025-09-11 12:58:54,727 - INFO - Successfully migrated: /Users/simongoldman/Documents/TransparentSF_from_git/transparentSF/ai/output/monthly/6/18.md
2025-09-11 12:58:54,950 - INFO - Successfully stored file in GCS: transparentsf/monthly/6/1.json
2025-09-11 12:58:54,950 - INFO - Successfully migrated: /Users/simongoldman/Documents/TransparentSF_from_git/transparentSF/ai/output/monthly/6/1.md
2025-09-11 12:58:55,184 - INFO - Successfully stored file in GCS: transparentsf/monthly/6/19.json
2025-09-11 12:58:55,184 - INFO - Successfully migrated: /Users/simongoldman/Documents/TransparentSF_from_git/transparentSF/ai/output/monthly/6/19.md
2025-09-11 12:58:55,400 - INFO - Successfully stored file in GCS: transparentsf/monthly/6/29.json
2025-09-11 12:58:55,400 - INFO - Successfully migrated: /Users/simongoldman/Documents/TransparentSF_from_git/transparentSF/ai/output/monthly/6/29.md
2025-09-11 12:58:55,614 - INFO - Successfully stored file in GCS: transparentsf/monthly/6/4.json
2025-09-11 12:58:55,615 - INFO - Successfully migrated: /Users/simongoldman/Documents/TransparentSF_from_git/transparentSF/ai/output/monthly/6/4.md
2025-09-11 12:58:55,844 - INFO - Successfully stored file in GCS: transparentsf/monthly/6/16.json
2025-09-11 12:58:55,844 - INFO - Successfully migrated: /Users/simongoldman/Documents/TransparentSF_from_git/transparentSF/ai/output/monthly/6/16.md
2025-09-11 12:58:56,058 - INFO - Successfully stored file in GCS: transparentsf/monthly/6/22.json
2025-09-11 12:58:56,058 - INFO - Successfully migrated: /Users/simongoldman/Documents/TransparentSF_from_git/transparentSF/ai/output/monthly/6/22.md
2025-09-11 12:58:56,343 - INFO - Successfully stored file in GCS: transparentsf/monthly/6/12.json
2025-09-11 12:58:56,343 - INFO - Successfully migrated: /Users/simongoldman/Documents/TransparentSF_from_git/transparentSF/ai/output/monthly/6/12.md
2025-09-11 12:58:56,575 - INFO - Successfully stored file in GCS: transparentsf/monthly/6/43.json
2025-09-11 12:58:56,575 - INFO - Successfully migrated: /Users/simongoldman/Documents/TransparentSF_from_git/transparentSF/ai/output/monthly/6/43.md
2025-09-11 12:58:56,804 - INFO - Successfully stored file in GCS: transparentsf/monthly/6/17.json
2025-09-11 12:58:56,804 - INFO - Successfully migrated: /Users/simongoldman/Documents/TransparentSF_from_git/transparentSF/ai/output/monthly/6/17.md
2025-09-11 12:58:57,023 - INFO - Successfully stored file in GCS: transparentsf/monthly/6/23.json
2025-09-11 12:58:57,023 - INFO - Successfully migrated: /Users/simongoldman/Documents/TransparentSF_from_git/transparentSF/ai/output/monthly/6/23.md
2025-09-11 12:58:57,252 - INFO - Successfully stored file in GCS: transparentsf/monthly/6/72.json
2025-09-11 12:58:57,252 - INFO - Successfully migrated: /Users/simongoldman/Documents/TransparentSF_from_git/transparentSF/ai/output/monthly/6/72.md
2025-09-11 12:58:57,480 - INFO - Successfully stored file in GCS: transparentsf/monthly/6/24.json
2025-09-11 12:58:57,480 - INFO - Successfully migrated: /Users/simongoldman/Documents/TransparentSF_from_git/transparentSF/ai/output/monthly/6/24.md
2025-09-11 12:58:57,762 - INFO - Successfully stored file in GCS: transparentsf/monthly/6/41.json
2025-09-11 12:58:57,762 - INFO - Successfully migrated: /Users/simongoldman/Documents/TransparentSF_from_git/transparentSF/ai/output/monthly/6/41.md
2025-09-11 12:58:57,994 - INFO - Successfully stored file in GCS: transparentsf/monthly/6/9.json
2025-09-11 12:58:57,994 - INFO - Successfully migrated: /Users/simongoldman/Documents/TransparentSF_from_git/transparentSF/ai/output/monthly/6/9.md
2025-09-11 12:58:58,293 - INFO - Successfully stored file in GCS: transparentsf/monthly/6/34.json
2025-09-11 12:58:58,293 - INFO - Successfully migrated: /Users/simongoldman/Documents/TransparentSF_from_git/transparentSF/ai/output/monthly/6/34.md
2025-09-11 12:58:58,596 - INFO - Successfully stored file in GCS: transparentsf/monthly/6/14.json
2025-09-11 12:58:58,596 - INFO - Successfully migrated: /Users/simongoldman/Documents/TransparentSF_from_git/transparentSF/ai/output/monthly/6/14.md
2025-09-11 12:58:58,820 - INFO - Successfully stored file in GCS: transparentsf/monthly/6/71.json
2025-09-11 12:58:58,820 - INFO - Successfully migrated: /Users/simongoldman/Documents/TransparentSF_from_git/transparentSF/ai/output/monthly/6/71.md
2025-09-11 12:58:59,054 - INFO - Successfully stored file in GCS: transparentsf/monthly/6/30.json
2025-09-11 12:58:59,055 - INFO - Successfully migrated: /Users/simongoldman/Documents/TransparentSF_from_git/transparentSF/ai/output/monthly/6/30.md
2025-09-11 12:58:59,278 - INFO - Successfully stored file in GCS: transparentsf/monthly/6/15.json
2025-09-11 12:58:59,278 - INFO - Successfully migrated: /Users/simongoldman/Documents/TransparentSF_from_git/transparentSF/ai/output/monthly/6/15.md
2025-09-11 12:58:59,497 - INFO - Successfully stored file in GCS: transparentsf/monthly/6/40.json
2025-09-11 12:58:59,497 - INFO - Successfully migrated: /Users/simongoldman/Documents/TransparentSF_from_git/transparentSF/ai/output/monthly/6/40.md
2025-09-11 12:58:59,721 - INFO - Successfully stored file in GCS: transparentsf/monthly/6/8.json
2025-09-11 12:58:59,721 - INFO - Successfully migrated: /Users/simongoldman/Documents/TransparentSF_from_git/transparentSF/ai/output/monthly/6/8.md
2025-09-11 12:58:59,951 - INFO - Successfully stored file in GCS: transparentsf/monthly/6/35.json
2025-09-11 12:58:59,952 - INFO - Successfully migrated: /Users/simongoldman/Documents/TransparentSF_from_git/transparentSF/ai/output/monthly/6/35.md
2025-09-11 12:59:00,174 - INFO - Successfully stored file in GCS: transparentsf/monthly/6/3.json
2025-09-11 12:59:00,174 - INFO - Successfully migrated: /Users/simongoldman/Documents/TransparentSF_from_git/transparentSF/ai/output/monthly/6/3.md
2025-09-11 12:59:00,401 - INFO - Successfully stored file in GCS: transparentsf/monthly/6/2.json
2025-09-11 12:59:00,401 - INFO - Successfully migrated: /Users/simongoldman/Documents/TransparentSF_from_git/transparentSF/ai/output/monthly/6/2.md
2025-09-11 12:59:00,627 - INFO - Successfully stored file in GCS: transparentsf/monthly/1/69.json
2025-09-11 12:59:00,627 - INFO - Successfully migrated: /Users/simongoldman/Documents/TransparentSF_from_git/transparentSF/ai/output/monthly/1/69.md
2025-09-11 12:59:00,846 - INFO - Successfully stored file in GCS: transparentsf/monthly/1/38.json
2025-09-11 12:59:00,847 - INFO - Successfully migrated: /Users/simongoldman/Documents/TransparentSF_from_git/transparentSF/ai/output/monthly/1/38.md
2025-09-11 12:59:01,055 - INFO - Successfully stored file in GCS: transparentsf/monthly/1/18.json
2025-09-11 12:59:01,055 - INFO - Successfully migrated: /Users/simongoldman/Documents/TransparentSF_from_git/transparentSF/ai/output/monthly/1/18.md
2025-09-11 12:59:01,281 - INFO - Successfully stored file in GCS: transparentsf/monthly/1/1.json
2025-09-11 12:59:01,281 - INFO - Successfully migrated: /Users/simongoldman/Documents/TransparentSF_from_git/transparentSF/ai/output/monthly/1/1.md
2025-09-11 12:59:01,513 - INFO - Successfully stored file in GCS: transparentsf/monthly/1/19.json
2025-09-11 12:59:01,513 - INFO - Successfully migrated: /Users/simongoldman/Documents/TransparentSF_from_git/transparentSF/ai/output/monthly/1/19.md
2025-09-11 12:59:01,730 - INFO - Successfully stored file in GCS: transparentsf/monthly/1/29.json
2025-09-11 12:59:01,730 - INFO - Successfully migrated: /Users/simongoldman/Documents/TransparentSF_from_git/transparentSF/ai/output/monthly/1/29.md
2025-09-11 12:59:01,952 - INFO - Successfully stored file in GCS: transparentsf/monthly/1/4.json
2025-09-11 12:59:01,952 - INFO - Successfully migrated: /Users/simongoldman/Documents/TransparentSF_from_git/transparentSF/ai/output/monthly/1/4.md
2025-09-11 12:59:02,182 - INFO - Successfully stored file in GCS: transparentsf/monthly/1/16.json
2025-09-11 12:59:02,183 - INFO - Successfully migrated: /Users/simongoldman/Documents/TransparentSF_from_git/transparentSF/ai/output/monthly/1/16.md
2025-09-11 12:59:02,487 - INFO - Successfully stored file in GCS: transparentsf/monthly/1/22.json
2025-09-11 12:59:02,487 - INFO - Successfully migrated: /Users/simongoldman/Documents/TransparentSF_from_git/transparentSF/ai/output/monthly/1/22.md
2025-09-11 12:59:02,706 - INFO - Successfully stored file in GCS: transparentsf/monthly/1/12.json
2025-09-11 12:59:02,707 - INFO - Successfully migrated: /Users/simongoldman/Documents/TransparentSF_from_git/transparentSF/ai/output/monthly/1/12.md
2025-09-11 12:59:02,924 - INFO - Successfully stored file in GCS: transparentsf/monthly/1/17.json
2025-09-11 12:59:02,924 - INFO - Successfully migrated: /Users/simongoldman/Documents/TransparentSF_from_git/transparentSF/ai/output/monthly/1/17.md
2025-09-11 12:59:03,140 - INFO - Successfully stored file in GCS: transparentsf/monthly/1/23.json
2025-09-11 12:59:03,140 - INFO - Successfully migrated: /Users/simongoldman/Documents/TransparentSF_from_git/transparentSF/ai/output/monthly/1/23.md
2025-09-11 12:59:03,358 - INFO - Successfully stored file in GCS: transparentsf/monthly/1/72.json
2025-09-11 12:59:03,358 - INFO - Successfully migrated: /Users/simongoldman/Documents/TransparentSF_from_git/transparentSF/ai/output/monthly/1/72.md
2025-09-11 12:59:03,590 - INFO - Successfully stored file in GCS: transparentsf/monthly/1/24.json
2025-09-11 12:59:03,590 - INFO - Successfully migrated: /Users/simongoldman/Documents/TransparentSF_from_git/transparentSF/ai/output/monthly/1/24.md
2025-09-11 12:59:03,807 - INFO - Successfully stored file in GCS: transparentsf/monthly/1/9.json
2025-09-11 12:59:03,807 - INFO - Successfully migrated: /Users/simongoldman/Documents/TransparentSF_from_git/transparentSF/ai/output/monthly/1/9.md
2025-09-11 12:59:04,036 - INFO - Successfully stored file in GCS: transparentsf/monthly/1/34.json
2025-09-11 12:59:04,036 - INFO - Successfully migrated: /Users/simongoldman/Documents/TransparentSF_from_git/transparentSF/ai/output/monthly/1/34.md
2025-09-11 12:59:04,248 - INFO - Successfully stored file in GCS: transparentsf/monthly/1/14.json
2025-09-11 12:59:04,248 - INFO - Successfully migrated: /Users/simongoldman/Documents/TransparentSF_from_git/transparentSF/ai/output/monthly/1/14.md
2025-09-11 12:59:04,481 - INFO - Successfully stored file in GCS: transparentsf/monthly/1/71.json
2025-09-11 12:59:04,481 - INFO - Successfully migrated: /Users/simongoldman/Documents/TransparentSF_from_git/transparentSF/ai/output/monthly/1/71.md
2025-09-11 12:59:04,701 - INFO - Successfully stored file in GCS: transparentsf/monthly/1/30.json
2025-09-11 12:59:04,702 - INFO - Successfully migrated: /Users/simongoldman/Documents/TransparentSF_from_git/transparentSF/ai/output/monthly/1/30.md
2025-09-11 12:59:04,925 - INFO - Successfully stored file in GCS: transparentsf/monthly/1/15.json
2025-09-11 12:59:04,925 - INFO - Successfully migrated: /Users/simongoldman/Documents/TransparentSF_from_git/transparentSF/ai/output/monthly/1/15.md
2025-09-11 12:59:05,152 - INFO - Successfully stored file in GCS: transparentsf/monthly/1/40.json
2025-09-11 12:59:05,153 - INFO - Successfully migrated: /Users/simongoldman/Documents/TransparentSF_from_git/transparentSF/ai/output/monthly/1/40.md
2025-09-11 12:59:05,373 - INFO - Successfully stored file in GCS: transparentsf/monthly/1/8.json
2025-09-11 12:59:05,373 - INFO - Successfully migrated: /Users/simongoldman/Documents/TransparentSF_from_git/transparentSF/ai/output/monthly/1/8.md
2025-09-11 12:59:05,606 - INFO - Successfully stored file in GCS: transparentsf/monthly/1/35.json
2025-09-11 12:59:05,606 - INFO - Successfully migrated: /Users/simongoldman/Documents/TransparentSF_from_git/transparentSF/ai/output/monthly/1/35.md
2025-09-11 12:59:05,826 - INFO - Successfully stored file in GCS: transparentsf/monthly/1/3.json
2025-09-11 12:59:05,826 - INFO - Successfully migrated: /Users/simongoldman/Documents/TransparentSF_from_git/transparentSF/ai/output/monthly/1/3.md
2025-09-11 12:59:06,055 - INFO - Successfully stored file in GCS: transparentsf/monthly/1/2.json
2025-09-11 12:59:06,055 - INFO - Successfully migrated: /Users/simongoldman/Documents/TransparentSF_from_git/transparentSF/ai/output/monthly/1/2.md
2025-09-11 12:59:06,409 - INFO - Successfully stored file in GCS: transparentsf/monthly/10.00000/19.json
2025-09-11 12:59:06,410 - INFO - Successfully migrated: /Users/simongoldman/Documents/TransparentSF_from_git/transparentSF/ai/output/monthly/10.00000/19.md
2025-09-11 12:59:06,690 - INFO - Successfully stored file in GCS: transparentsf/monthly/10.00000/30.json
2025-09-11 12:59:06,690 - INFO - Successfully migrated: /Users/simongoldman/Documents/TransparentSF_from_git/transparentSF/ai/output/monthly/10.00000/30.md
2025-09-11 12:59:06,908 - INFO - Successfully stored file in GCS: transparentsf/monthly/10/69.json
2025-09-11 12:59:06,908 - INFO - Successfully migrated: /Users/simongoldman/Documents/TransparentSF_from_git/transparentSF/ai/output/monthly/10/69.md
2025-09-11 12:59:07,204 - INFO - Successfully stored file in GCS: transparentsf/monthly/10/38.json
2025-09-11 12:59:07,204 - INFO - Successfully migrated: /Users/simongoldman/Documents/TransparentSF_from_git/transparentSF/ai/output/monthly/10/38.md
2025-09-11 12:59:07,445 - INFO - Successfully stored file in GCS: transparentsf/monthly/10/18.json
2025-09-11 12:59:07,445 - INFO - Successfully migrated: /Users/simongoldman/Documents/TransparentSF_from_git/transparentSF/ai/output/monthly/10/18.md
2025-09-11 12:59:07,676 - INFO - Successfully stored file in GCS: transparentsf/monthly/10/1.json
2025-09-11 12:59:07,676 - INFO - Successfully migrated: /Users/simongoldman/Documents/TransparentSF_from_git/transparentSF/ai/output/monthly/10/1.md
2025-09-11 12:59:07,932 - INFO - Successfully stored file in GCS: transparentsf/monthly/10/19.json
2025-09-11 12:59:07,932 - INFO - Successfully migrated: /Users/simongoldman/Documents/TransparentSF_from_git/transparentSF/ai/output/monthly/10/19.md
2025-09-11 12:59:08,227 - INFO - Successfully stored file in GCS: transparentsf/monthly/10/29.json
2025-09-11 12:59:08,227 - INFO - Successfully migrated: /Users/simongoldman/Documents/TransparentSF_from_git/transparentSF/ai/output/monthly/10/29.md
2025-09-11 12:59:08,466 - INFO - Successfully stored file in GCS: transparentsf/monthly/10/4.json
2025-09-11 12:59:08,466 - INFO - Successfully migrated: /Users/simongoldman/Documents/TransparentSF_from_git/transparentSF/ai/output/monthly/10/4.md
2025-09-11 12:59:08,694 - INFO - Successfully stored file in GCS: transparentsf/monthly/10/16.json
2025-09-11 12:59:08,694 - INFO - Successfully migrated: /Users/simongoldman/Documents/TransparentSF_from_git/transparentSF/ai/output/monthly/10/16.md
2025-09-11 12:59:08,960 - INFO - Successfully stored file in GCS: transparentsf/monthly/10/22.json
2025-09-11 12:59:08,960 - INFO - Successfully migrated: /Users/simongoldman/Documents/TransparentSF_from_git/transparentSF/ai/output/monthly/10/22.md
2025-09-11 12:59:09,222 - INFO - Successfully stored file in GCS: transparentsf/monthly/10/12.json
2025-09-11 12:59:09,222 - INFO - Successfully migrated: /Users/simongoldman/Documents/TransparentSF_from_git/transparentSF/ai/output/monthly/10/12.md
2025-09-11 12:59:09,448 - INFO - Successfully stored file in GCS: transparentsf/monthly/10/17.json
2025-09-11 12:59:09,448 - INFO - Successfully migrated: /Users/simongoldman/Documents/TransparentSF_from_git/transparentSF/ai/output/monthly/10/17.md
2025-09-11 12:59:09,672 - INFO - Successfully stored file in GCS: transparentsf/monthly/10/23.json
2025-09-11 12:59:09,672 - INFO - Successfully migrated: /Users/simongoldman/Documents/TransparentSF_from_git/transparentSF/ai/output/monthly/10/23.md
2025-09-11 12:59:09,913 - INFO - Successfully stored file in GCS: transparentsf/monthly/10/72.json
2025-09-11 12:59:09,913 - INFO - Successfully migrated: /Users/simongoldman/Documents/TransparentSF_from_git/transparentSF/ai/output/monthly/10/72.md
2025-09-11 12:59:10,133 - INFO - Successfully stored file in GCS: transparentsf/monthly/10/24.json
2025-09-11 12:59:10,133 - INFO - Successfully migrated: /Users/simongoldman/Documents/TransparentSF_from_git/transparentSF/ai/output/monthly/10/24.md
2025-09-11 12:59:10,362 - INFO - Successfully stored file in GCS: transparentsf/monthly/10/9.json
2025-09-11 12:59:10,362 - INFO - Successfully migrated: /Users/simongoldman/Documents/TransparentSF_from_git/transparentSF/ai/output/monthly/10/9.md
2025-09-11 12:59:10,605 - INFO - Successfully stored file in GCS: transparentsf/monthly/10/14.json
2025-09-11 12:59:10,605 - INFO - Successfully migrated: /Users/simongoldman/Documents/TransparentSF_from_git/transparentSF/ai/output/monthly/10/14.md
2025-09-11 12:59:25,032 - INFO - GCS initialized successfully with bucket: tsf_output
2025-09-11 12:59:25,033 - INFO - Storage configuration:
2025-09-11 12:59:25,033 - INFO -   gcs_enabled: True
2025-09-11 12:59:25,033 - INFO -   bucket_name: tsf_output
2025-09-11 12:59:25,033 - INFO -   project_id: euphoric-oath-467718-p3
2025-09-11 12:59:25,033 - INFO -   local_fallback_dir: /Users/simongoldman/Documents/TransparentSF_from_git/transparentSF/ai/tools/../output
2025-09-11 12:59:25,033 - INFO -   gcs_available: True
2025-09-11 12:59:25,033 - INFO - Starting migration process...
2025-09-11 12:59:25,033 - INFO - Scanning output directory: /Users/simongoldman/Documents/TransparentSF_from_git/transparentSF/ai/output
2025-09-11 12:59:25,041 - INFO - Found 1684 files to migrate:
2025-09-11 12:59:25,041 - INFO -   dashboard: 512 files
2025-09-11 12:59:25,041 - INFO -   monthly: 372 files
2025-09-11 12:59:25,041 - INFO -   annual: 375 files
2025-09-11 12:59:25,041 - INFO -   weekly: 350 files
2025-09-11 12:59:25,041 - INFO -   reports: 74 files
2025-09-11 12:59:25,041 - INFO -   notes: 1 files
2025-09-11 12:59:25,041 - INFO - Migrating dashboard files...
2025-09-11 12:59:25,528 - INFO - Successfully stored file in GCS: transparentsf/dashboard/9/top_level.json
2025-09-11 12:59:25,528 - INFO - Successfully migrated: /Users/simongoldman/Documents/TransparentSF_from_git/transparentSF/ai/output/dashboard/9/top_level.json
2025-09-11 12:59:25,817 - INFO - Successfully stored file in GCS: transparentsf/dashboard/9/16.json
2025-09-11 12:59:25,817 - INFO - Successfully migrated: /Users/simongoldman/Documents/TransparentSF_from_git/transparentSF/ai/output/dashboard/9/16.json
2025-09-11 12:59:26,145 - INFO - Successfully stored file in GCS: transparentsf/dashboard/9/17.json
2025-09-11 12:59:26,145 - INFO - Successfully migrated: /Users/simongoldman/Documents/TransparentSF_from_git/transparentSF/ai/output/dashboard/9/17.json
2025-09-11 12:59:26,417 - INFO - Successfully stored file in GCS: transparentsf/dashboard/9/40.json
2025-09-11 12:59:26,417 - INFO - Successfully migrated: /Users/simongoldman/Documents/TransparentSF_from_git/transparentSF/ai/output/dashboard/9/40.json
2025-09-11 12:59:26,698 - INFO - Successfully stored file in GCS: transparentsf/dashboard/9/71.json
2025-09-11 12:59:26,699 - INFO - Successfully migrated: /Users/simongoldman/Documents/TransparentSF_from_git/transparentSF/ai/output/dashboard/9/71.json
2025-09-11 12:59:27,065 - INFO - Successfully stored file in GCS: transparentsf/dashboard/9/30.json
2025-09-11 12:59:27,065 - INFO - Successfully migrated: /Users/simongoldman/Documents/TransparentSF_from_git/transparentSF/ai/output/dashboard/9/30.json
2025-09-11 12:59:27,336 - INFO - Successfully stored file in GCS: transparentsf/dashboard/9/70.json
2025-09-11 12:59:27,336 - INFO - Successfully migrated: /Users/simongoldman/Documents/TransparentSF_from_git/transparentSF/ai/output/dashboard/9/70.json
2025-09-11 12:59:27,620 - INFO - Successfully stored file in GCS: transparentsf/dashboard/9/1.json
2025-09-11 12:59:27,620 - INFO - Successfully migrated: /Users/simongoldman/Documents/TransparentSF_from_git/transparentSF/ai/output/dashboard/9/1.json
2025-09-11 12:59:27,894 - INFO - Successfully stored file in GCS: transparentsf/dashboard/9/2.json
2025-09-11 12:59:27,894 - INFO - Successfully migrated: /Users/simongoldman/Documents/TransparentSF_from_git/transparentSF/ai/output/dashboard/9/2.json
2025-09-11 12:59:28,180 - INFO - Successfully stored file in GCS: transparentsf/dashboard/9/12.json
2025-09-11 12:59:28,181 - INFO - Successfully migrated: /Users/simongoldman/Documents/TransparentSF_from_git/transparentSF/ai/output/dashboard/9/12.json
2025-09-11 12:59:28,465 - INFO - Successfully stored file in GCS: transparentsf/dashboard/9/73.json
2025-09-11 12:59:28,465 - INFO - Successfully migrated: /Users/simongoldman/Documents/TransparentSF_from_git/transparentSF/ai/output/dashboard/9/73.json
2025-09-11 12:59:28,754 - INFO - Successfully stored file in GCS: transparentsf/dashboard/9/24.json
2025-09-11 12:59:28,754 - INFO - Successfully migrated: /Users/simongoldman/Documents/TransparentSF_from_git/transparentSF/ai/output/dashboard/9/24.json
2025-09-11 12:59:29,025 - INFO - Successfully stored file in GCS: transparentsf/dashboard/9/72.json
2025-09-11 12:59:29,026 - INFO - Successfully migrated: /Users/simongoldman/Documents/TransparentSF_from_git/transparentSF/ai/output/dashboard/9/72.json
2025-09-11 12:59:29,296 - INFO - Successfully stored file in GCS: transparentsf/dashboard/9/29.json
2025-09-11 12:59:29,296 - INFO - Successfully migrated: /Users/simongoldman/Documents/TransparentSF_from_git/transparentSF/ai/output/dashboard/9/29.json
2025-09-11 12:59:29,622 - INFO - Successfully stored file in GCS: transparentsf/dashboard/9/3.json
2025-09-11 12:59:29,623 - INFO - Successfully migrated: /Users/simongoldman/Documents/TransparentSF_from_git/transparentSF/ai/output/dashboard/9/3.json
2025-09-11 12:59:29,933 - INFO - Successfully stored file in GCS: transparentsf/dashboard/9/34.json
2025-09-11 12:59:29,933 - INFO - Successfully migrated: /Users/simongoldman/Documents/TransparentSF_from_git/transparentSF/ai/output/dashboard/9/34.json
2025-09-11 12:59:30,238 - INFO - Successfully stored file in GCS: transparentsf/dashboard/9/63.json
2025-09-11 12:59:30,238 - INFO - Successfully migrated: /Users/simongoldman/Documents/TransparentSF_from_git/transparentSF/ai/output/dashboard/9/63.json
2025-09-11 12:59:30,547 - INFO - Successfully stored file in GCS: transparentsf/dashboard/9/8.json
2025-09-11 12:59:30,547 - INFO - Successfully migrated: /Users/simongoldman/Documents/TransparentSF_from_git/transparentSF/ai/output/dashboard/9/8.json
2025-09-11 12:59:30,829 - INFO - Successfully stored file in GCS: transparentsf/dashboard/9/22.json
2025-09-11 12:59:30,829 - INFO - Successfully migrated: /Users/simongoldman/Documents/TransparentSF_from_git/transparentSF/ai/output/dashboard/9/22.json
2025-09-11 12:59:31,159 - INFO - Successfully stored file in GCS: transparentsf/dashboard/9/18.json
2025-09-11 12:59:31,160 - INFO - Successfully migrated: /Users/simongoldman/Documents/TransparentSF_from_git/transparentSF/ai/output/dashboard/9/18.json
2025-09-11 12:59:31,469 - INFO - Successfully stored file in GCS: transparentsf/dashboard/9/38.json
2025-09-11 12:59:31,469 - INFO - Successfully migrated: /Users/simongoldman/Documents/TransparentSF_from_git/transparentSF/ai/output/dashboard/9/38.json
2025-09-11 12:59:31,742 - INFO - Successfully stored file in GCS: transparentsf/dashboard/9/4.json
2025-09-11 12:59:31,742 - INFO - Successfully migrated: /Users/simongoldman/Documents/TransparentSF_from_git/transparentSF/ai/output/dashboard/9/4.json
2025-09-11 12:59:32,082 - INFO - Successfully stored file in GCS: transparentsf/dashboard/9/14.json
2025-09-11 12:59:32,082 - INFO - Successfully migrated: /Users/simongoldman/Documents/TransparentSF_from_git/transparentSF/ai/output/dashboard/9/14.json
2025-09-11 12:59:32,373 - INFO - Successfully stored file in GCS: transparentsf/dashboard/9/15.json
2025-09-11 12:59:32,373 - INFO - Successfully migrated: /Users/simongoldman/Documents/TransparentSF_from_git/transparentSF/ai/output/dashboard/9/15.json
2025-09-11 12:59:32,647 - INFO - Successfully stored file in GCS: transparentsf/dashboard/9/19.json
2025-09-11 12:59:32,647 - INFO - Successfully migrated: /Users/simongoldman/Documents/TransparentSF_from_git/transparentSF/ai/output/dashboard/9/19.json
2025-09-11 12:59:32,942 - INFO - Successfully stored file in GCS: transparentsf/dashboard/9/23.json
2025-09-11 12:59:32,942 - INFO - Successfully migrated: /Users/simongoldman/Documents/TransparentSF_from_git/transparentSF/ai/output/dashboard/9/23.json
2025-09-11 12:59:33,293 - INFO - Successfully stored file in GCS: transparentsf/dashboard/9/9.json
2025-09-11 12:59:33,293 - INFO - Successfully migrated: /Users/simongoldman/Documents/TransparentSF_from_git/transparentSF/ai/output/dashboard/9/9.json
2025-09-11 12:59:33,602 - INFO - Successfully stored file in GCS: transparentsf/dashboard/9/35.json
2025-09-11 12:59:33,603 - INFO - Successfully migrated: /Users/simongoldman/Documents/TransparentSF_from_git/transparentSF/ai/output/dashboard/9/35.json
2025-09-11 12:59:34,135 - INFO - Successfully stored file in GCS: transparentsf/dashboard/0/top_level.json
2025-09-11 12:59:34,136 - INFO - Successfully migrated: /Users/simongoldman/Documents/TransparentSF_from_git/transparentSF/ai/output/dashboard/0/top_level.json
2025-09-11 12:59:34,420 - INFO - Successfully stored file in GCS: transparentsf/dashboard/0/41.json
2025-09-11 12:59:34,420 - INFO - Successfully migrated: /Users/simongoldman/Documents/TransparentSF_from_git/transparentSF/ai/output/dashboard/0/41.json
2025-09-11 12:59:34,744 - INFO - Successfully stored file in GCS: transparentsf/dashboard/0/16.json
2025-09-11 12:59:34,744 - INFO - Successfully migrated: /Users/simongoldman/Documents/TransparentSF_from_git/transparentSF/ai/output/dashboard/0/16.json
2025-09-11 12:59:35,122 - INFO - Successfully stored file in GCS: transparentsf/dashboard/0/6.json
2025-09-11 12:59:35,123 - INFO - Successfully migrated: /Users/simongoldman/Documents/TransparentSF_from_git/transparentSF/ai/output/dashboard/0/6.json
2025-09-11 12:59:35,406 - INFO - Successfully stored file in GCS: transparentsf/dashboard/0/7.json
2025-09-11 12:59:35,407 - INFO - Successfully migrated: /Users/simongoldman/Documents/TransparentSF_from_git/transparentSF/ai/output/dashboard/0/7.json
2025-09-11 12:59:35,698 - INFO - Successfully stored file in GCS: transparentsf/dashboard/0/17.json
2025-09-11 12:59:35,698 - INFO - Successfully migrated: /Users/simongoldman/Documents/TransparentSF_from_git/transparentSF/ai/output/dashboard/0/17.json
2025-09-11 12:59:36,077 - INFO - Successfully stored file in GCS: transparentsf/dashboard/0/40.json
2025-09-11 12:59:36,077 - INFO - Successfully migrated: /Users/simongoldman/Documents/TransparentSF_from_git/transparentSF/ai/output/dashboard/0/40.json
2025-09-11 12:59:36,384 - INFO - Successfully stored file in GCS: transparentsf/dashboard/0/47.json
2025-09-11 12:59:36,384 - INFO - Successfully migrated: /Users/simongoldman/Documents/TransparentSF_from_git/transparentSF/ai/output/dashboard/0/47.json
2025-09-11 12:59:36,690 - INFO - Successfully stored file in GCS: transparentsf/dashboard/0/10.json
2025-09-11 12:59:36,690 - INFO - Successfully migrated: /Users/simongoldman/Documents/TransparentSF_from_git/transparentSF/ai/output/dashboard/0/10.json
2025-09-11 12:59:37,016 - INFO - Successfully stored file in GCS: transparentsf/dashboard/0/51.json
2025-09-11 12:59:37,021 - INFO - Successfully migrated: /Users/simongoldman/Documents/TransparentSF_from_git/transparentSF/ai/output/dashboard/0/51.json
2025-09-11 12:59:37,407 - INFO - Successfully stored file in GCS: transparentsf/dashboard/0/71.json
2025-09-11 12:59:37,407 - INFO - Successfully migrated: /Users/simongoldman/Documents/TransparentSF_from_git/transparentSF/ai/output/dashboard/0/71.json
2025-09-11 12:59:37,713 - INFO - Successfully stored file in GCS: transparentsf/dashboard/0/30.json
2025-09-11 12:59:37,713 - INFO - Successfully migrated: /Users/simongoldman/Documents/TransparentSF_from_git/transparentSF/ai/output/dashboard/0/30.json
2025-09-11 12:59:37,988 - INFO - Successfully stored file in GCS: transparentsf/dashboard/0/31.json
2025-09-11 12:59:37,988 - INFO - Successfully migrated: /Users/simongoldman/Documents/TransparentSF_from_git/transparentSF/ai/output/dashboard/0/31.json
2025-09-11 12:59:38,276 - INFO - Successfully stored file in GCS: transparentsf/dashboard/0/66.json
2025-09-11 12:59:38,277 - INFO - Successfully migrated: /Users/simongoldman/Documents/TransparentSF_from_git/transparentSF/ai/output/dashboard/0/66.json
2025-09-11 12:59:38,545 - INFO - Successfully stored file in GCS: transparentsf/dashboard/0/70.json
2025-09-11 12:59:38,545 - INFO - Successfully migrated: /Users/simongoldman/Documents/TransparentSF_from_git/transparentSF/ai/output/dashboard/0/70.json
2025-09-11 12:59:38,822 - INFO - Successfully stored file in GCS: transparentsf/dashboard/0/1.json
2025-09-11 12:59:38,822 - INFO - Successfully migrated: /Users/simongoldman/Documents/TransparentSF_from_git/transparentSF/ai/output/dashboard/0/1.json
2025-09-11 12:59:39,114 - INFO - Successfully stored file in GCS: transparentsf/dashboard/0/50.json
2025-09-11 12:59:39,114 - INFO - Successfully migrated: /Users/simongoldman/Documents/TransparentSF_from_git/transparentSF/ai/output/dashboard/0/50.json
2025-09-11 12:59:39,403 - INFO - Successfully stored file in GCS: transparentsf/dashboard/0/46.json
2025-09-11 12:59:39,403 - INFO - Successfully migrated: /Users/simongoldman/Documents/TransparentSF_from_git/transparentSF/ai/output/dashboard/0/46.json
2025-09-11 12:59:39,704 - INFO - Successfully stored file in GCS: transparentsf/dashboard/0/2.json
2025-09-11 12:59:39,704 - INFO - Successfully migrated: /Users/simongoldman/Documents/TransparentSF_from_git/transparentSF/ai/output/dashboard/0/2.json
2025-09-11 12:59:40,071 - INFO - Successfully stored file in GCS: transparentsf/dashboard/0/53.json
2025-09-11 12:59:40,072 - INFO - Successfully migrated: /Users/simongoldman/Documents/TransparentSF_from_git/transparentSF/ai/output/dashboard/0/53.json
2025-09-11 12:59:40,375 - INFO - Successfully stored file in GCS: transparentsf/dashboard/0/12.json
2025-09-11 12:59:40,375 - INFO - Successfully migrated: /Users/simongoldman/Documents/TransparentSF_from_git/transparentSF/ai/output/dashboard/0/12.json
2025-09-11 12:59:40,686 - INFO - Successfully stored file in GCS: transparentsf/dashboard/0/45.json
2025-09-11 12:59:40,686 - INFO - Successfully migrated: /Users/simongoldman/Documents/TransparentSF_from_git/transparentSF/ai/output/dashboard/0/45.json
2025-09-11 12:59:40,989 - INFO - Successfully stored file in GCS: transparentsf/dashboard/0/32.json
2025-09-11 12:59:40,989 - INFO - Successfully migrated: /Users/simongoldman/Documents/TransparentSF_from_git/transparentSF/ai/output/dashboard/0/32.json
2025-09-11 12:59:41,354 - INFO - Successfully stored file in GCS: transparentsf/dashboard/0/65.json
2025-09-11 12:59:41,354 - INFO - Successfully migrated: /Users/simongoldman/Documents/TransparentSF_from_git/transparentSF/ai/output/dashboard/0/65.json
2025-09-11 12:59:41,640 - INFO - Successfully stored file in GCS: transparentsf/dashboard/0/73.json
2025-09-11 12:59:41,640 - INFO - Successfully migrated: /Users/simongoldman/Documents/TransparentSF_from_git/transparentSF/ai/output/dashboard/0/73.json
2025-09-11 12:59:41,915 - INFO - Successfully stored file in GCS: transparentsf/dashboard/0/24.json
2025-09-11 12:59:41,915 - INFO - Successfully migrated: /Users/simongoldman/Documents/TransparentSF_from_git/transparentSF/ai/output/dashboard/0/24.json
2025-09-11 12:59:42,203 - INFO - Successfully stored file in GCS: transparentsf/dashboard/0/49.json
2025-09-11 12:59:42,203 - INFO - Successfully migrated: /Users/simongoldman/Documents/TransparentSF_from_git/transparentSF/ai/output/dashboard/0/49.json
2025-09-11 12:59:42,474 - INFO - Successfully stored file in GCS: transparentsf/dashboard/0/48.json
2025-09-11 12:59:42,474 - INFO - Successfully migrated: /Users/simongoldman/Documents/TransparentSF_from_git/transparentSF/ai/output/dashboard/0/48.json
2025-09-11 12:59:42,763 - INFO - Successfully stored file in GCS: transparentsf/dashboard/0/72.json
2025-09-11 12:59:42,764 - INFO - Successfully migrated: /Users/simongoldman/Documents/TransparentSF_from_git/transparentSF/ai/output/dashboard/0/72.json
2025-09-11 12:59:43,143 - INFO - Successfully stored file in GCS: transparentsf/dashboard/0/33.json
2025-09-11 12:59:43,143 - INFO - Successfully migrated: /Users/simongoldman/Documents/TransparentSF_from_git/transparentSF/ai/output/dashboard/0/33.json
2025-09-11 12:59:43,415 - INFO - Successfully stored file in GCS: transparentsf/dashboard/0/44.json
2025-09-11 12:59:43,415 - INFO - Successfully migrated: /Users/simongoldman/Documents/TransparentSF_from_git/transparentSF/ai/output/dashboard/0/44.json
2025-09-11 12:59:43,687 - INFO - Successfully stored file in GCS: transparentsf/dashboard/0/13.json
2025-09-11 12:59:43,687 - INFO - Successfully migrated: /Users/simongoldman/Documents/TransparentSF_from_git/transparentSF/ai/output/dashboard/0/13.json
2025-09-11 12:59:43,965 - INFO - Successfully stored file in GCS: transparentsf/dashboard/0/52.json
2025-09-11 12:59:43,965 - INFO - Successfully migrated: /Users/simongoldman/Documents/TransparentSF_from_git/transparentSF/ai/output/dashboard/0/52.json
2025-09-11 12:59:44,251 - INFO - Successfully stored file in GCS: transparentsf/dashboard/0/29.json
2025-09-11 12:59:44,251 - INFO - Successfully migrated: /Users/simongoldman/Documents/TransparentSF_from_git/transparentSF/ai/output/dashboard/0/29.json
2025-09-11 12:59:44,530 - INFO - Successfully stored file in GCS: transparentsf/dashboard/0/3.json
2025-09-11 12:59:44,531 - INFO - Successfully migrated: /Users/simongoldman/Documents/TransparentSF_from_git/transparentSF/ai/output/dashboard/0/3.json
2025-09-11 12:59:44,798 - INFO - Successfully stored file in GCS: transparentsf/dashboard/0/34.json
2025-09-11 12:59:44,798 - INFO - Successfully migrated: /Users/simongoldman/Documents/TransparentSF_from_git/transparentSF/ai/output/dashboard/0/34.json
2025-09-11 12:59:45,088 - INFO - Successfully stored file in GCS: transparentsf/dashboard/0/63.json
2025-09-11 12:59:45,088 - INFO - Successfully migrated: /Users/simongoldman/Documents/TransparentSF_from_git/transparentSF/ai/output/dashboard/0/63.json
2025-09-11 12:59:45,393 - INFO - Successfully stored file in GCS: transparentsf/dashboard/0/8.json
2025-09-11 12:59:45,393 - INFO - Successfully migrated: /Users/simongoldman/Documents/TransparentSF_from_git/transparentSF/ai/output/dashboard/0/8.json
2025-09-11 12:59:45,716 - INFO - Successfully stored file in GCS: transparentsf/dashboard/0/22.json
2025-09-11 12:59:45,716 - INFO - Successfully migrated: /Users/simongoldman/Documents/TransparentSF_from_git/transparentSF/ai/output/dashboard/0/22.json
2025-09-11 12:59:46,112 - INFO - Successfully stored file in GCS: transparentsf/dashboard/0/18.json
2025-09-11 12:59:46,112 - INFO - Successfully migrated: /Users/simongoldman/Documents/TransparentSF_from_git/transparentSF/ai/output/dashboard/0/18.json
2025-09-11 12:59:46,404 - INFO - Successfully stored file in GCS: transparentsf/dashboard/0/38.json
2025-09-11 12:59:46,404 - INFO - Successfully migrated: /Users/simongoldman/Documents/TransparentSF_from_git/transparentSF/ai/output/dashboard/0/38.json
2025-09-11 12:59:46,681 - INFO - Successfully stored file in GCS: transparentsf/dashboard/0/4.json
2025-09-11 12:59:46,681 - INFO - Successfully migrated: /Users/simongoldman/Documents/TransparentSF_from_git/transparentSF/ai/output/dashboard/0/4.json
2025-09-11 12:59:46,948 - INFO - Successfully stored file in GCS: transparentsf/dashboard/0/14.json
2025-09-11 12:59:46,948 - INFO - Successfully migrated: /Users/simongoldman/Documents/TransparentSF_from_git/transparentSF/ai/output/dashboard/0/14.json
2025-09-11 12:59:47,341 - INFO - Successfully stored file in GCS: transparentsf/dashboard/0/43.json
2025-09-11 12:59:47,342 - INFO - Successfully migrated: /Users/simongoldman/Documents/TransparentSF_from_git/transparentSF/ai/output/dashboard/0/43.json
2025-09-11 12:59:47,645 - INFO - Successfully stored file in GCS: transparentsf/dashboard/0/15.json
2025-09-11 12:59:47,646 - INFO - Successfully migrated: /Users/simongoldman/Documents/TransparentSF_from_git/transparentSF/ai/output/dashboard/0/15.json
2025-09-11 12:59:47,931 - INFO - Successfully stored file in GCS: transparentsf/dashboard/0/5.json
2025-09-11 12:59:47,931 - INFO - Successfully migrated: /Users/simongoldman/Documents/TransparentSF_from_git/transparentSF/ai/output/dashboard/0/5.json
2025-09-11 12:59:48,206 - INFO - Successfully stored file in GCS: transparentsf/dashboard/0/19.json
2025-09-11 12:59:48,206 - INFO - Successfully migrated: /Users/simongoldman/Documents/TransparentSF_from_git/transparentSF/ai/output/dashboard/0/19.json
2025-09-11 12:59:48,474 - INFO - Successfully stored file in GCS: transparentsf/dashboard/0/58.json
2025-09-11 12:59:48,474 - INFO - Successfully migrated: /Users/simongoldman/Documents/TransparentSF_from_git/transparentSF/ai/output/dashboard/0/58.json
2025-09-11 12:59:48,740 - INFO - Successfully stored file in GCS: transparentsf/dashboard/0/23.json
2025-09-11 12:59:48,740 - INFO - Successfully migrated: /Users/simongoldman/Documents/TransparentSF_from_git/transparentSF/ai/output/dashboard/0/23.json
2025-09-11 12:59:49,014 - INFO - Successfully stored file in GCS: transparentsf/dashboard/0/9.json
2025-09-11 12:59:49,014 - INFO - Successfully migrated: /Users/simongoldman/Documents/TransparentSF_from_git/transparentSF/ai/output/dashboard/0/9.json
2025-09-11 12:59:49,489 - INFO - Successfully stored file in GCS: transparentsf/dashboard/0/35.json
2025-09-11 12:59:49,489 - INFO - Successfully migrated: /Users/simongoldman/Documents/TransparentSF_from_git/transparentSF/ai/output/dashboard/0/35.json
2025-09-11 12:59:49,899 - INFO - Successfully stored file in GCS: transparentsf/dashboard/11/top_level.json
2025-09-11 12:59:49,899 - INFO - Successfully migrated: /Users/simongoldman/Documents/TransparentSF_from_git/transparentSF/ai/output/dashboard/11/top_level.json
2025-09-11 12:59:50,207 - INFO - Successfully stored file in GCS: transparentsf/dashboard/11/16.json
2025-09-11 12:59:50,207 - INFO - Successfully migrated: /Users/simongoldman/Documents/TransparentSF_from_git/transparentSF/ai/output/dashboard/11/16.json
2025-09-11 12:59:50,514 - INFO - Successfully stored file in GCS: transparentsf/dashboard/11/17.json
2025-09-11 12:59:50,514 - INFO - Successfully migrated: /Users/simongoldman/Documents/TransparentSF_from_git/transparentSF/ai/output/dashboard/11/17.json
2025-09-11 12:59:50,791 - INFO - Successfully stored file in GCS: transparentsf/dashboard/11/40.json
2025-09-11 12:59:50,791 - INFO - Successfully migrated: /Users/simongoldman/Documents/TransparentSF_from_git/transparentSF/ai/output/dashboard/11/40.json
2025-09-11 12:59:51,096 - INFO - Successfully stored file in GCS: transparentsf/dashboard/11/71.json
2025-09-11 12:59:51,096 - INFO - Successfully migrated: /Users/simongoldman/Documents/TransparentSF_from_git/transparentSF/ai/output/dashboard/11/71.json
2025-09-11 12:59:51,442 - INFO - Successfully stored file in GCS: transparentsf/dashboard/11/30.json
2025-09-11 12:59:51,442 - INFO - Successfully migrated: /Users/simongoldman/Documents/TransparentSF_from_git/transparentSF/ai/output/dashboard/11/30.json
2025-09-11 12:59:51,860 - INFO - Successfully stored file in GCS: transparentsf/dashboard/11/70.json
2025-09-11 12:59:51,860 - INFO - Successfully migrated: /Users/simongoldman/Documents/TransparentSF_from_git/transparentSF/ai/output/dashboard/11/70.json
2025-09-11 12:59:52,136 - INFO - Successfully stored file in GCS: transparentsf/dashboard/11/1.json
2025-09-11 12:59:52,136 - INFO - Successfully migrated: /Users/simongoldman/Documents/TransparentSF_from_git/transparentSF/ai/output/dashboard/11/1.json
2025-09-11 12:59:52,418 - INFO - Successfully stored file in GCS: transparentsf/dashboard/11/2.json
2025-09-11 12:59:52,418 - INFO - Successfully migrated: /Users/simongoldman/Documents/TransparentSF_from_git/transparentSF/ai/output/dashboard/11/2.json
2025-09-11 12:59:52,766 - INFO - Successfully stored file in GCS: transparentsf/dashboard/11/12.json
2025-09-11 12:59:52,766 - INFO - Successfully migrated: /Users/simongoldman/Documents/TransparentSF_from_git/transparentSF/ai/output/dashboard/11/12.json
2025-09-11 12:59:53,073 - INFO - Successfully stored file in GCS: transparentsf/dashboard/11/73.json
2025-09-11 12:59:53,073 - INFO - Successfully migrated: /Users/simongoldman/Documents/TransparentSF_from_git/transparentSF/ai/output/dashboard/11/73.json
2025-09-11 12:59:53,381 - INFO - Successfully stored file in GCS: transparentsf/dashboard/11/24.json
2025-09-11 12:59:53,381 - INFO - Successfully migrated: /Users/simongoldman/Documents/TransparentSF_from_git/transparentSF/ai/output/dashboard/11/24.json
2025-09-11 12:59:53,664 - INFO - Successfully stored file in GCS: transparentsf/dashboard/11/72.json
2025-09-11 12:59:53,664 - INFO - Successfully migrated: /Users/simongoldman/Documents/TransparentSF_from_git/transparentSF/ai/output/dashboard/11/72.json
2025-09-11 12:59:54,115 - INFO - Successfully stored file in GCS: transparentsf/dashboard/11/29.json
2025-09-11 12:59:54,115 - INFO - Successfully migrated: /Users/simongoldman/Documents/TransparentSF_from_git/transparentSF/ai/output/dashboard/11/29.json
2025-09-11 12:59:54,392 - INFO - Successfully stored file in GCS: transparentsf/dashboard/11/3.json
2025-09-11 12:59:54,392 - INFO - Successfully migrated: /Users/simongoldman/Documents/TransparentSF_from_git/transparentSF/ai/output/dashboard/11/3.json
2025-09-11 12:59:54,673 - INFO - Successfully stored file in GCS: transparentsf/dashboard/11/63.json
2025-09-11 12:59:54,673 - INFO - Successfully migrated: /Users/simongoldman/Documents/TransparentSF_from_git/transparentSF/ai/output/dashboard/11/63.json
2025-09-11 12:59:55,094 - INFO - Successfully stored file in GCS: transparentsf/dashboard/11/8.json
2025-09-11 12:59:55,094 - INFO - Successfully migrated: /Users/simongoldman/Documents/TransparentSF_from_git/transparentSF/ai/output/dashboard/11/8.json
2025-09-11 12:59:55,429 - INFO - Successfully stored file in GCS: transparentsf/dashboard/11/22.json
2025-09-11 12:59:55,429 - INFO - Successfully migrated: /Users/simongoldman/Documents/TransparentSF_from_git/transparentSF/ai/output/dashboard/11/22.json
2025-09-11 12:59:55,716 - INFO - Successfully stored file in GCS: transparentsf/dashboard/11/18.json
2025-09-11 12:59:55,716 - INFO - Successfully migrated: /Users/simongoldman/Documents/TransparentSF_from_git/transparentSF/ai/output/dashboard/11/18.json
2025-09-11 12:59:55,986 - INFO - Successfully stored file in GCS: transparentsf/dashboard/11/38.json
2025-09-11 12:59:55,986 - INFO - Successfully migrated: /Users/simongoldman/Documents/TransparentSF_from_git/transparentSF/ai/output/dashboard/11/38.json
2025-09-11 12:59:56,250 - INFO - Successfully stored file in GCS: transparentsf/dashboard/11/4.json
2025-09-11 12:59:56,251 - INFO - Successfully migrated: /Users/simongoldman/Documents/TransparentSF_from_git/transparentSF/ai/output/dashboard/11/4.json
2025-09-11 12:59:56,555 - INFO - Successfully stored file in GCS: transparentsf/dashboard/11/14.json
2025-09-11 12:59:56,555 - INFO - Successfully migrated: /Users/simongoldman/Documents/TransparentSF_from_git/transparentSF/ai/output/dashboard/11/14.json
2025-09-11 12:59:56,826 - INFO - Successfully stored file in GCS: transparentsf/dashboard/11/15.json
2025-09-11 12:59:56,826 - INFO - Successfully migrated: /Users/simongoldman/Documents/TransparentSF_from_git/transparentSF/ai/output/dashboard/11/15.json
2025-09-11 12:59:57,093 - INFO - Successfully stored file in GCS: transparentsf/dashboard/11/19.json
2025-09-11 12:59:57,093 - INFO - Successfully migrated: /Users/simongoldman/Documents/TransparentSF_from_git/transparentSF/ai/output/dashboard/11/19.json
2025-09-11 12:59:57,384 - INFO - Successfully stored file in GCS: transparentsf/dashboard/11/23.json
2025-09-11 12:59:57,385 - INFO - Successfully migrated: /Users/simongoldman/Documents/TransparentSF_from_git/transparentSF/ai/output/dashboard/11/23.json
2025-09-11 12:59:57,685 - INFO - Successfully stored file in GCS: transparentsf/dashboard/11/9.json
2025-09-11 12:59:57,686 - INFO - Successfully migrated: /Users/simongoldman/Documents/TransparentSF_from_git/transparentSF/ai/output/dashboard/11/9.json
2025-09-11 12:59:57,962 - INFO - Successfully stored file in GCS: transparentsf/dashboard/11/35.json
2025-09-11 12:59:57,962 - INFO - Successfully migrated: /Users/simongoldman/Documents/TransparentSF_from_git/transparentSF/ai/output/dashboard/11/35.json
2025-09-11 12:59:58,298 - INFO - Successfully stored file in GCS: transparentsf/dashboard/7/top_level.json
2025-09-11 12:59:58,298 - INFO - Successfully migrated: /Users/simongoldman/Documents/TransparentSF_from_git/transparentSF/ai/output/dashboard/7/top_level.json
2025-09-11 12:59:58,577 - INFO - Successfully stored file in GCS: transparentsf/dashboard/7/16.json
2025-09-11 12:59:58,577 - INFO - Successfully migrated: /Users/simongoldman/Documents/TransparentSF_from_git/transparentSF/ai/output/dashboard/7/16.json
2025-09-11 12:59:58,845 - INFO - Successfully stored file in GCS: transparentsf/dashboard/7/17.json
2025-09-11 12:59:58,845 - INFO - Successfully migrated: /Users/simongoldman/Documents/TransparentSF_from_git/transparentSF/ai/output/dashboard/7/17.json
2025-09-11 12:59:59,152 - INFO - Successfully stored file in GCS: transparentsf/dashboard/7/40.json
2025-09-11 12:59:59,153 - INFO - Successfully migrated: /Users/simongoldman/Documents/TransparentSF_from_git/transparentSF/ai/output/dashboard/7/40.json
2025-09-11 12:59:59,433 - INFO - Successfully stored file in GCS: transparentsf/dashboard/7/71.json
2025-09-11 12:59:59,433 - INFO - Successfully migrated: /Users/simongoldman/Documents/TransparentSF_from_git/transparentSF/ai/output/dashboard/7/71.json
2025-09-11 12:59:59,730 - INFO - Successfully stored file in GCS: transparentsf/dashboard/7/30.json
2025-09-11 12:59:59,730 - INFO - Successfully migrated: /Users/simongoldman/Documents/TransparentSF_from_git/transparentSF/ai/output/dashboard/7/30.json
2025-09-11 13:00:00,102 - INFO - Successfully stored file in GCS: transparentsf/dashboard/7/70.json
2025-09-11 13:00:00,102 - INFO - Successfully migrated: /Users/simongoldman/Documents/TransparentSF_from_git/transparentSF/ai/output/dashboard/7/70.json
2025-09-11 13:00:00,385 - INFO - Successfully stored file in GCS: transparentsf/dashboard/7/1.json
2025-09-11 13:00:00,385 - INFO - Successfully migrated: /Users/simongoldman/Documents/TransparentSF_from_git/transparentSF/ai/output/dashboard/7/1.json
2025-09-11 13:00:00,755 - INFO - Successfully stored file in GCS: transparentsf/dashboard/7/2.json
2025-09-11 13:00:00,755 - INFO - Successfully migrated: /Users/simongoldman/Documents/TransparentSF_from_git/transparentSF/ai/output/dashboard/7/2.json
2025-09-11 13:00:01,036 - INFO - Successfully stored file in GCS: transparentsf/dashboard/7/12.json
2025-09-11 13:00:01,036 - INFO - Successfully migrated: /Users/simongoldman/Documents/TransparentSF_from_git/transparentSF/ai/output/dashboard/7/12.json
2025-09-11 13:00:01,305 - INFO - Successfully stored file in GCS: transparentsf/dashboard/7/73.json
2025-09-11 13:00:01,305 - INFO - Successfully migrated: /Users/simongoldman/Documents/TransparentSF_from_git/transparentSF/ai/output/dashboard/7/73.json
2025-09-11 13:00:01,574 - INFO - Successfully stored file in GCS: transparentsf/dashboard/7/24.json
2025-09-11 13:00:01,574 - INFO - Successfully migrated: /Users/simongoldman/Documents/TransparentSF_from_git/transparentSF/ai/output/dashboard/7/24.json
2025-09-11 13:00:01,884 - INFO - Successfully stored file in GCS: transparentsf/dashboard/7/72.json
2025-09-11 13:00:01,884 - INFO - Successfully migrated: /Users/simongoldman/Documents/TransparentSF_from_git/transparentSF/ai/output/dashboard/7/72.json
2025-09-11 13:00:02,187 - INFO - Successfully stored file in GCS: transparentsf/dashboard/7/29.json
2025-09-11 13:00:02,187 - INFO - Successfully migrated: /Users/simongoldman/Documents/TransparentSF_from_git/transparentSF/ai/output/dashboard/7/29.json
2025-09-11 13:00:02,494 - INFO - Successfully stored file in GCS: transparentsf/dashboard/7/3.json
2025-09-11 13:00:02,495 - INFO - Successfully migrated: /Users/simongoldman/Documents/TransparentSF_from_git/transparentSF/ai/output/dashboard/7/3.json
2025-09-11 13:00:02,768 - INFO - Successfully stored file in GCS: transparentsf/dashboard/7/34.json
2025-09-11 13:00:02,768 - INFO - Successfully migrated: /Users/simongoldman/Documents/TransparentSF_from_git/transparentSF/ai/output/dashboard/7/34.json
2025-09-11 13:00:03,059 - INFO - Successfully stored file in GCS: transparentsf/dashboard/7/63.json
2025-09-11 13:00:03,059 - INFO - Successfully migrated: /Users/simongoldman/Documents/TransparentSF_from_git/transparentSF/ai/output/dashboard/7/63.json
2025-09-11 13:00:03,340 - INFO - Successfully stored file in GCS: transparentsf/dashboard/7/8.json
2025-09-11 13:00:03,340 - INFO - Successfully migrated: /Users/simongoldman/Documents/TransparentSF_from_git/transparentSF/ai/output/dashboard/7/8.json
2025-09-11 13:00:03,624 - INFO - Successfully stored file in GCS: transparentsf/dashboard/7/22.json
2025-09-11 13:00:03,624 - INFO - Successfully migrated: /Users/simongoldman/Documents/TransparentSF_from_git/transparentSF/ai/output/dashboard/7/22.json
2025-09-11 13:00:04,031 - INFO - Successfully stored file in GCS: transparentsf/dashboard/7/18.json
2025-09-11 13:00:04,031 - INFO - Successfully migrated: /Users/simongoldman/Documents/TransparentSF_from_git/transparentSF/ai/output/dashboard/7/18.json
2025-09-11 13:00:04,339 - INFO - Successfully stored file in GCS: transparentsf/dashboard/7/38.json
2025-09-11 13:00:04,339 - INFO - Successfully migrated: /Users/simongoldman/Documents/TransparentSF_from_git/transparentSF/ai/output/dashboard/7/38.json
2025-09-11 13:00:04,621 - INFO - Successfully stored file in GCS: transparentsf/dashboard/7/4.json
2025-09-11 13:00:04,621 - INFO - Successfully migrated: /Users/simongoldman/Documents/TransparentSF_from_git/transparentSF/ai/output/dashboard/7/4.json
2025-09-11 13:00:04,906 - INFO - Successfully stored file in GCS: transparentsf/dashboard/7/14.json
2025-09-11 13:00:04,906 - INFO - Successfully migrated: /Users/simongoldman/Documents/TransparentSF_from_git/transparentSF/ai/output/dashboard/7/14.json
2025-09-11 13:00:05,259 - INFO - Successfully stored file in GCS: transparentsf/dashboard/7/15.json
2025-09-11 13:00:05,259 - INFO - Successfully migrated: /Users/simongoldman/Documents/TransparentSF_from_git/transparentSF/ai/output/dashboard/7/15.json
2025-09-11 13:00:05,566 - INFO - Successfully stored file in GCS: transparentsf/dashboard/7/19.json
2025-09-11 13:00:05,566 - INFO - Successfully migrated: /Users/simongoldman/Documents/TransparentSF_from_git/transparentSF/ai/output/dashboard/7/19.json
2025-09-11 13:00:05,849 - INFO - Successfully stored file in GCS: transparentsf/dashboard/7/23.json
2025-09-11 13:00:05,849 - INFO - Successfully migrated: /Users/simongoldman/Documents/TransparentSF_from_git/transparentSF/ai/output/dashboard/7/23.json
2025-09-11 13:00:06,171 - INFO - Successfully stored file in GCS: transparentsf/dashboard/7/9.json
2025-09-11 13:00:06,171 - INFO - Successfully migrated: /Users/simongoldman/Documents/TransparentSF_from_git/transparentSF/ai/output/dashboard/7/9.json
2025-09-11 13:00:06,455 - INFO - Successfully stored file in GCS: transparentsf/dashboard/7/35.json
2025-09-11 13:00:06,456 - INFO - Successfully migrated: /Users/simongoldman/Documents/TransparentSF_from_git/transparentSF/ai/output/dashboard/7/35.json
2025-09-11 13:00:06,771 - INFO - Successfully stored file in GCS: transparentsf/dashboard/6/top_level.json
2025-09-11 13:00:06,772 - INFO - Successfully migrated: /Users/simongoldman/Documents/TransparentSF_from_git/transparentSF/ai/output/dashboard/6/top_level.json
2025-09-11 13:00:07,107 - INFO - Successfully stored file in GCS: transparentsf/dashboard/6/16.json
2025-09-11 13:00:07,107 - INFO - Successfully migrated: /Users/simongoldman/Documents/TransparentSF_from_git/transparentSF/ai/output/dashboard/6/16.json
2025-09-11 13:00:07,410 - INFO - Successfully stored file in GCS: transparentsf/dashboard/6/17.json
2025-09-11 13:00:07,410 - INFO - Successfully migrated: /Users/simongoldman/Documents/TransparentSF_from_git/transparentSF/ai/output/dashboard/6/17.json
2025-09-11 13:00:07,693 - INFO - Successfully stored file in GCS: transparentsf/dashboard/6/40.json
2025-09-11 13:00:07,693 - INFO - Successfully migrated: /Users/simongoldman/Documents/TransparentSF_from_git/transparentSF/ai/output/dashboard/6/40.json
2025-09-11 13:00:07,963 - INFO - Successfully stored file in GCS: transparentsf/dashboard/6/71.json
2025-09-11 13:00:07,964 - INFO - Successfully migrated: /Users/simongoldman/Documents/TransparentSF_from_git/transparentSF/ai/output/dashboard/6/71.json
2025-09-11 13:00:08,232 - INFO - Successfully stored file in GCS: transparentsf/dashboard/6/30.json
2025-09-11 13:00:08,233 - INFO - Successfully migrated: /Users/simongoldman/Documents/TransparentSF_from_git/transparentSF/ai/output/dashboard/6/30.json
2025-09-11 13:00:08,511 - INFO - Successfully stored file in GCS: transparentsf/dashboard/6/70.json
2025-09-11 13:00:08,512 - INFO - Successfully migrated: /Users/simongoldman/Documents/TransparentSF_from_git/transparentSF/ai/output/dashboard/6/70.json
2025-09-11 13:00:08,794 - INFO - Successfully stored file in GCS: transparentsf/dashboard/6/1.json
2025-09-11 13:00:08,794 - INFO - Successfully migrated: /Users/simongoldman/Documents/TransparentSF_from_git/transparentSF/ai/output/dashboard/6/1.json
2025-09-11 13:00:09,153 - INFO - Successfully stored file in GCS: transparentsf/dashboard/6/2.json
2025-09-11 13:00:09,153 - INFO - Successfully migrated: /Users/simongoldman/Documents/TransparentSF_from_git/transparentSF/ai/output/dashboard/6/2.json
2025-09-11 13:00:09,429 - INFO - Successfully stored file in GCS: transparentsf/dashboard/6/12.json
2025-09-11 13:00:09,429 - INFO - Successfully migrated: /Users/simongoldman/Documents/TransparentSF_from_git/transparentSF/ai/output/dashboard/6/12.json
2025-09-11 13:00:09,750 - INFO - Successfully stored file in GCS: transparentsf/dashboard/6/73.json
2025-09-11 13:00:09,751 - INFO - Successfully migrated: /Users/simongoldman/Documents/TransparentSF_from_git/transparentSF/ai/output/dashboard/6/73.json
2025-09-11 13:00:10,085 - INFO - Successfully stored file in GCS: transparentsf/dashboard/6/24.json
2025-09-11 13:00:10,086 - INFO - Successfully migrated: /Users/simongoldman/Documents/TransparentSF_from_git/transparentSF/ai/output/dashboard/6/24.json
2025-09-11 13:00:10,360 - INFO - Successfully stored file in GCS: transparentsf/dashboard/6/72.json
2025-09-11 13:00:10,361 - INFO - Successfully migrated: /Users/simongoldman/Documents/TransparentSF_from_git/transparentSF/ai/output/dashboard/6/72.json
2025-09-11 13:00:10,687 - INFO - Successfully stored file in GCS: transparentsf/dashboard/6/29.json
2025-09-11 13:00:10,687 - INFO - Successfully migrated: /Users/simongoldman/Documents/TransparentSF_from_git/transparentSF/ai/output/dashboard/6/29.json
2025-09-11 13:00:10,966 - INFO - Successfully stored file in GCS: transparentsf/dashboard/6/3.json
2025-09-11 13:00:10,966 - INFO - Successfully migrated: /Users/simongoldman/Documents/TransparentSF_from_git/transparentSF/ai/output/dashboard/6/3.json
2025-09-11 13:00:11,235 - INFO - Successfully stored file in GCS: transparentsf/dashboard/6/34.json
2025-09-11 13:00:11,235 - INFO - Successfully migrated: /Users/simongoldman/Documents/TransparentSF_from_git/transparentSF/ai/output/dashboard/6/34.json
2025-09-11 13:00:11,519 - INFO - Successfully stored file in GCS: transparentsf/dashboard/6/63.json
2025-09-11 13:00:11,520 - INFO - Successfully migrated: /Users/simongoldman/Documents/TransparentSF_from_git/transparentSF/ai/output/dashboard/6/63.json
2025-09-11 13:00:11,902 - INFO - Successfully stored file in GCS: transparentsf/dashboard/6/8.json
2025-09-11 13:00:11,902 - INFO - Successfully migrated: /Users/simongoldman/Documents/TransparentSF_from_git/transparentSF/ai/output/dashboard/6/8.json
2025-09-11 13:00:12,211 - INFO - Successfully stored file in GCS: transparentsf/dashboard/6/22.json
2025-09-11 13:00:12,211 - INFO - Successfully migrated: /Users/simongoldman/Documents/TransparentSF_from_git/transparentSF/ai/output/dashboard/6/22.json
2025-09-11 13:00:12,496 - INFO - Successfully stored file in GCS: transparentsf/dashboard/6/18.json
2025-09-11 13:00:12,496 - INFO - Successfully migrated: /Users/simongoldman/Documents/TransparentSF_from_git/transparentSF/ai/output/dashboard/6/18.json
2025-09-11 13:00:12,783 - INFO - Successfully stored file in GCS: transparentsf/dashboard/6/38.json
2025-09-11 13:00:12,783 - INFO - Successfully migrated: /Users/simongoldman/Documents/TransparentSF_from_git/transparentSF/ai/output/dashboard/6/38.json
2025-09-11 13:00:13,067 - INFO - Successfully stored file in GCS: transparentsf/dashboard/6/4.json
2025-09-11 13:00:13,068 - INFO - Successfully migrated: /Users/simongoldman/Documents/TransparentSF_from_git/transparentSF/ai/output/dashboard/6/4.json
2025-09-11 13:00:13,389 - INFO - Successfully stored file in GCS: transparentsf/dashboard/6/14.json
2025-09-11 13:00:13,389 - INFO - Successfully migrated: /Users/simongoldman/Documents/TransparentSF_from_git/transparentSF/ai/output/dashboard/6/14.json
2025-09-11 13:00:13,668 - INFO - Successfully stored file in GCS: transparentsf/dashboard/6/15.json
2025-09-11 13:00:13,668 - INFO - Successfully migrated: /Users/simongoldman/Documents/TransparentSF_from_git/transparentSF/ai/output/dashboard/6/15.json
2025-09-11 13:00:13,940 - INFO - Successfully stored file in GCS: transparentsf/dashboard/6/19.json
2025-09-11 13:00:13,940 - INFO - Successfully migrated: /Users/simongoldman/Documents/TransparentSF_from_git/transparentSF/ai/output/dashboard/6/19.json
2025-09-11 13:00:14,234 - INFO - Successfully stored file in GCS: transparentsf/dashboard/6/23.json
2025-09-11 13:00:14,234 - INFO - Successfully migrated: /Users/simongoldman/Documents/TransparentSF_from_git/transparentSF/ai/output/dashboard/6/23.json
2025-09-11 13:00:14,512 - INFO - Successfully stored file in GCS: transparentsf/dashboard/6/9.json
2025-09-11 13:00:14,512 - INFO - Successfully migrated: /Users/simongoldman/Documents/TransparentSF_from_git/transparentSF/ai/output/dashboard/6/9.json
2025-09-11 13:00:14,902 - INFO - Successfully stored file in GCS: transparentsf/dashboard/6/35.json
2025-09-11 13:00:14,902 - INFO - Successfully migrated: /Users/simongoldman/Documents/TransparentSF_from_git/transparentSF/ai/output/dashboard/6/35.json
2025-09-11 13:00:15,295 - INFO - Successfully stored file in GCS: transparentsf/dashboard/1/top_level.json
2025-09-11 13:00:15,295 - INFO - Successfully migrated: /Users/simongoldman/Documents/TransparentSF_from_git/transparentSF/ai/output/dashboard/1/top_level.json
2025-09-11 13:00:15,603 - INFO - Successfully stored file in GCS: transparentsf/dashboard/1/16.json
2025-09-11 13:00:15,603 - INFO - Successfully migrated: /Users/simongoldman/Documents/TransparentSF_from_git/transparentSF/ai/output/dashboard/1/16.json
2025-09-11 13:00:15,876 - INFO - Successfully stored file in GCS: transparentsf/dashboard/1/17.json
2025-09-11 13:00:15,876 - INFO - Successfully migrated: /Users/simongoldman/Documents/TransparentSF_from_git/transparentSF/ai/output/dashboard/1/17.json
2025-09-11 13:00:16,221 - INFO - Successfully stored file in GCS: transparentsf/dashboard/1/40.json
2025-09-11 13:00:16,221 - INFO - Successfully migrated: /Users/simongoldman/Documents/TransparentSF_from_git/transparentSF/ai/output/dashboard/1/40.json
2025-09-11 13:00:16,514 - INFO - Successfully stored file in GCS: transparentsf/dashboard/1/71.json
2025-09-11 13:00:16,515 - INFO - Successfully migrated: /Users/simongoldman/Documents/TransparentSF_from_git/transparentSF/ai/output/dashboard/1/71.json
2025-09-11 13:00:16,934 - INFO - Successfully stored file in GCS: transparentsf/dashboard/1/30.json
2025-09-11 13:00:16,934 - INFO - Successfully migrated: /Users/simongoldman/Documents/TransparentSF_from_git/transparentSF/ai/output/dashboard/1/30.json
2025-09-11 13:00:17,243 - INFO - Successfully stored file in GCS: transparentsf/dashboard/1/70.json
2025-09-11 13:00:17,244 - INFO - Successfully migrated: /Users/simongoldman/Documents/TransparentSF_from_git/transparentSF/ai/output/dashboard/1/70.json
2025-09-11 13:00:17,550 - INFO - Successfully stored file in GCS: transparentsf/dashboard/1/1.json
2025-09-11 13:00:17,550 - INFO - Successfully migrated: /Users/simongoldman/Documents/TransparentSF_from_git/transparentSF/ai/output/dashboard/1/1.json
2025-09-11 13:00:17,855 - INFO - Successfully stored file in GCS: transparentsf/dashboard/1/2.json
2025-09-11 13:00:17,855 - INFO - Successfully migrated: /Users/simongoldman/Documents/TransparentSF_from_git/transparentSF/ai/output/dashboard/1/2.json
2025-09-11 13:00:18,162 - INFO - Successfully stored file in GCS: transparentsf/dashboard/1/12.json
2025-09-11 13:00:18,162 - INFO - Successfully migrated: /Users/simongoldman/Documents/TransparentSF_from_git/transparentSF/ai/output/dashboard/1/12.json
2025-09-11 13:00:18,461 - INFO - Successfully stored file in GCS: transparentsf/dashboard/1/73.json
2025-09-11 13:00:18,461 - INFO - Successfully migrated: /Users/simongoldman/Documents/TransparentSF_from_git/transparentSF/ai/output/dashboard/1/73.json
2025-09-11 13:00:18,772 - INFO - Successfully stored file in GCS: transparentsf/dashboard/1/24.json
2025-09-11 13:00:18,772 - INFO - Successfully migrated: /Users/simongoldman/Documents/TransparentSF_from_git/transparentSF/ai/output/dashboard/1/24.json
2025-09-11 13:00:19,059 - INFO - Successfully stored file in GCS: transparentsf/dashboard/1/72.json
2025-09-11 13:00:19,059 - INFO - Successfully migrated: /Users/simongoldman/Documents/TransparentSF_from_git/transparentSF/ai/output/dashboard/1/72.json
2025-09-11 13:00:19,327 - INFO - Successfully stored file in GCS: transparentsf/dashboard/1/29.json
2025-09-11 13:00:19,328 - INFO - Successfully migrated: /Users/simongoldman/Documents/TransparentSF_from_git/transparentSF/ai/output/dashboard/1/29.json
2025-09-11 13:00:19,698 - INFO - Successfully stored file in GCS: transparentsf/dashboard/1/3.json
2025-09-11 13:00:19,698 - INFO - Successfully migrated: /Users/simongoldman/Documents/TransparentSF_from_git/transparentSF/ai/output/dashboard/1/3.json
2025-09-11 13:00:20,201 - INFO - Successfully stored file in GCS: transparentsf/dashboard/1/34.json
2025-09-11 13:00:20,202 - INFO - Successfully migrated: /Users/simongoldman/Documents/TransparentSF_from_git/transparentSF/ai/output/dashboard/1/34.json
2025-09-11 13:00:20,492 - INFO - Successfully stored file in GCS: transparentsf/dashboard/1/63.json
2025-09-11 13:00:20,492 - INFO - Successfully migrated: /Users/simongoldman/Documents/TransparentSF_from_git/transparentSF/ai/output/dashboard/1/63.json
2025-09-11 13:00:20,778 - INFO - Successfully stored file in GCS: transparentsf/dashboard/1/8.json
2025-09-11 13:00:20,779 - INFO - Successfully migrated: /Users/simongoldman/Documents/TransparentSF_from_git/transparentSF/ai/output/dashboard/1/8.json
2025-09-11 13:00:21,133 - INFO - Successfully stored file in GCS: transparentsf/dashboard/1/22.json
2025-09-11 13:00:21,134 - INFO - Successfully migrated: /Users/simongoldman/Documents/TransparentSF_from_git/transparentSF/ai/output/dashboard/1/22.json
2025-09-11 13:00:21,415 - INFO - Successfully stored file in GCS: transparentsf/dashboard/1/18.json
2025-09-11 13:00:21,415 - INFO - Successfully migrated: /Users/simongoldman/Documents/TransparentSF_from_git/transparentSF/ai/output/dashboard/1/18.json
2025-09-11 13:00:21,748 - INFO - Successfully stored file in GCS: transparentsf/dashboard/1/38.json
2025-09-11 13:00:21,748 - INFO - Successfully migrated: /Users/simongoldman/Documents/TransparentSF_from_git/transparentSF/ai/output/dashboard/1/38.json
2025-09-11 13:00:22,054 - INFO - Successfully stored file in GCS: transparentsf/dashboard/1/4.json
2025-09-11 13:00:22,054 - INFO - Successfully migrated: /Users/simongoldman/Documents/TransparentSF_from_git/transparentSF/ai/output/dashboard/1/4.json
2025-09-11 13:00:22,360 - INFO - Successfully stored file in GCS: transparentsf/dashboard/1/14.json
2025-09-11 13:00:22,361 - INFO - Successfully migrated: /Users/simongoldman/Documents/TransparentSF_from_git/transparentSF/ai/output/dashboard/1/14.json
2025-09-11 13:00:22,667 - INFO - Successfully stored file in GCS: transparentsf/dashboard/1/15.json
2025-09-11 13:00:22,667 - INFO - Successfully migrated: /Users/simongoldman/Documents/TransparentSF_from_git/transparentSF/ai/output/dashboard/1/15.json
2025-09-11 13:00:22,940 - INFO - Successfully stored file in GCS: transparentsf/dashboard/1/19.json
2025-09-11 13:00:22,940 - INFO - Successfully migrated: /Users/simongoldman/Documents/TransparentSF_from_git/transparentSF/ai/output/dashboard/1/19.json
2025-09-11 13:00:23,281 - INFO - Successfully stored file in GCS: transparentsf/dashboard/1/23.json
2025-09-11 13:00:23,282 - INFO - Successfully migrated: /Users/simongoldman/Documents/TransparentSF_from_git/transparentSF/ai/output/dashboard/1/23.json
2025-09-11 13:00:23,580 - INFO - Successfully stored file in GCS: transparentsf/dashboard/1/9.json
2025-09-11 13:00:23,580 - INFO - Successfully migrated: /Users/simongoldman/Documents/TransparentSF_from_git/transparentSF/ai/output/dashboard/1/9.json
2025-09-11 13:00:23,901 - INFO - Successfully stored file in GCS: transparentsf/dashboard/1/35.json
2025-09-11 13:00:23,901 - INFO - Successfully migrated: /Users/simongoldman/Documents/TransparentSF_from_git/transparentSF/ai/output/dashboard/1/35.json
2025-09-11 13:00:24,305 - INFO - Successfully stored file in GCS: transparentsf/dashboard/10/top_level.json
2025-09-11 13:00:24,306 - INFO - Successfully migrated: /Users/simongoldman/Documents/TransparentSF_from_git/transparentSF/ai/output/dashboard/10/top_level.json
2025-09-11 13:00:24,614 - INFO - Successfully stored file in GCS: transparentsf/dashboard/10/16.json
2025-09-11 13:00:24,617 - INFO - Successfully migrated: /Users/simongoldman/Documents/TransparentSF_from_git/transparentSF/ai/output/dashboard/10/16.json
2025-09-11 13:00:24,921 - INFO - Successfully stored file in GCS: transparentsf/dashboard/10/17.json
2025-09-11 13:00:24,921 - INFO - Successfully migrated: /Users/simongoldman/Documents/TransparentSF_from_git/transparentSF/ai/output/dashboard/10/17.json
2025-09-11 13:00:25,248 - INFO - Successfully stored file in GCS: transparentsf/dashboard/10/40.json
2025-09-11 13:00:25,248 - INFO - Successfully migrated: /Users/simongoldman/Documents/TransparentSF_from_git/transparentSF/ai/output/dashboard/10/40.json
2025-09-11 13:00:25,526 - INFO - Successfully stored file in GCS: transparentsf/dashboard/10/71.json
2025-09-11 13:00:25,526 - INFO - Successfully migrated: /Users/simongoldman/Documents/TransparentSF_from_git/transparentSF/ai/output/dashboard/10/71.json
2025-09-11 13:00:25,805 - INFO - Successfully stored file in GCS: transparentsf/dashboard/10/30.json
2025-09-11 13:00:25,805 - INFO - Successfully migrated: /Users/simongoldman/Documents/TransparentSF_from_git/transparentSF/ai/output/dashboard/10/30.json
2025-09-11 13:00:26,152 - INFO - Successfully stored file in GCS: transparentsf/dashboard/10/70.json
2025-09-11 13:00:26,152 - INFO - Successfully migrated: /Users/simongoldman/Documents/TransparentSF_from_git/transparentSF/ai/output/dashboard/10/70.json
2025-09-11 13:00:26,456 - INFO - Successfully stored file in GCS: transparentsf/dashboard/10/1.json
2025-09-11 13:00:26,456 - INFO - Successfully migrated: /Users/simongoldman/Documents/TransparentSF_from_git/transparentSF/ai/output/dashboard/10/1.json
2025-09-11 13:00:26,752 - INFO - Successfully stored file in GCS: transparentsf/dashboard/10/2.json
2025-09-11 13:00:26,753 - INFO - Successfully migrated: /Users/simongoldman/Documents/TransparentSF_from_git/transparentSF/ai/output/dashboard/10/2.json
2025-09-11 13:00:27,038 - INFO - Successfully stored file in GCS: transparentsf/dashboard/10/12.json
2025-09-11 13:00:27,038 - INFO - Successfully migrated: /Users/simongoldman/Documents/TransparentSF_from_git/transparentSF/ai/output/dashboard/10/12.json
2025-09-11 13:00:27,308 - INFO - Successfully stored file in GCS: transparentsf/dashboard/10/73.json
2025-09-11 13:00:27,308 - INFO - Successfully migrated: /Users/simongoldman/Documents/TransparentSF_from_git/transparentSF/ai/output/dashboard/10/73.json
2025-09-11 13:00:27,583 - INFO - Successfully stored file in GCS: transparentsf/dashboard/10/24.json
2025-09-11 13:00:27,583 - INFO - Successfully migrated: /Users/simongoldman/Documents/TransparentSF_from_git/transparentSF/ai/output/dashboard/10/24.json
2025-09-11 13:00:27,891 - INFO - Successfully stored file in GCS: transparentsf/dashboard/10/72.json
2025-09-11 13:00:27,891 - INFO - Successfully migrated: /Users/simongoldman/Documents/TransparentSF_from_git/transparentSF/ai/output/dashboard/10/72.json
2025-09-11 13:00:28,199 - INFO - Successfully stored file in GCS: transparentsf/dashboard/10/29.json
2025-09-11 13:00:28,199 - INFO - Successfully migrated: /Users/simongoldman/Documents/TransparentSF_from_git/transparentSF/ai/output/dashboard/10/29.json
2025-09-11 13:00:28,480 - INFO - Successfully stored file in GCS: transparentsf/dashboard/10/3.json
2025-09-11 13:00:28,480 - INFO - Successfully migrated: /Users/simongoldman/Documents/TransparentSF_from_git/transparentSF/ai/output/dashboard/10/3.json
2025-09-11 13:00:28,811 - INFO - Successfully stored file in GCS: transparentsf/dashboard/10/63.json
2025-09-11 13:00:28,811 - INFO - Successfully migrated: /Users/simongoldman/Documents/TransparentSF_from_git/transparentSF/ai/output/dashboard/10/63.json
2025-09-11 13:00:29,089 - INFO - Successfully stored file in GCS: transparentsf/dashboard/10/8.json
2025-09-11 13:00:29,089 - INFO - Successfully migrated: /Users/simongoldman/Documents/TransparentSF_from_git/transparentSF/ai/output/dashboard/10/8.json
2025-09-11 13:00:29,373 - INFO - Successfully stored file in GCS: transparentsf/dashboard/10/22.json
2025-09-11 13:00:29,374 - INFO - Successfully migrated: /Users/simongoldman/Documents/TransparentSF_from_git/transparentSF/ai/output/dashboard/10/22.json
2025-09-11 13:00:29,653 - INFO - Successfully stored file in GCS: transparentsf/dashboard/10/18.json
2025-09-11 13:00:29,653 - INFO - Successfully migrated: /Users/simongoldman/Documents/TransparentSF_from_git/transparentSF/ai/output/dashboard/10/18.json
2025-09-11 13:00:30,043 - INFO - Successfully stored file in GCS: transparentsf/dashboard/10/38.json
2025-09-11 13:00:30,043 - INFO - Successfully migrated: /Users/simongoldman/Documents/TransparentSF_from_git/transparentSF/ai/output/dashboard/10/38.json
2025-09-11 13:00:30,348 - INFO - Successfully stored file in GCS: transparentsf/dashboard/10/4.json
2025-09-11 13:00:30,349 - INFO - Successfully migrated: /Users/simongoldman/Documents/TransparentSF_from_git/transparentSF/ai/output/dashboard/10/4.json
2025-09-11 13:00:30,655 - INFO - Successfully stored file in GCS: transparentsf/dashboard/10/14.json
2025-09-11 13:00:30,656 - INFO - Successfully migrated: /Users/simongoldman/Documents/TransparentSF_from_git/transparentSF/ai/output/dashboard/10/14.json
2025-09-11 13:00:30,967 - INFO - Successfully stored file in GCS: transparentsf/dashboard/10/15.json
2025-09-11 13:00:30,967 - INFO - Successfully migrated: /Users/simongoldman/Documents/TransparentSF_from_git/transparentSF/ai/output/dashboard/10/15.json
2025-09-11 13:00:31,270 - INFO - Successfully stored file in GCS: transparentsf/dashboard/10/19.json
2025-09-11 13:00:31,270 - INFO - Successfully migrated: /Users/simongoldman/Documents/TransparentSF_from_git/transparentSF/ai/output/dashboard/10/19.json
2025-09-11 13:00:31,577 - INFO - Successfully stored file in GCS: transparentsf/dashboard/10/23.json
2025-09-11 13:00:31,577 - INFO - Successfully migrated: /Users/simongoldman/Documents/TransparentSF_from_git/transparentSF/ai/output/dashboard/10/23.json
2025-09-11 13:00:31,886 - INFO - Successfully stored file in GCS: transparentsf/dashboard/10/9.json
2025-09-11 13:00:31,886 - INFO - Successfully migrated: /Users/simongoldman/Documents/TransparentSF_from_git/transparentSF/ai/output/dashboard/10/9.json
2025-09-11 13:00:32,178 - INFO - Successfully stored file in GCS: transparentsf/dashboard/10/35.json
2025-09-11 13:00:32,178 - INFO - Successfully migrated: /Users/simongoldman/Documents/TransparentSF_from_git/transparentSF/ai/output/dashboard/10/35.json
2025-09-11 13:00:32,601 - INFO - Successfully stored file in GCS: transparentsf/dashboard/8/top_level.json
2025-09-11 13:00:32,602 - INFO - Successfully migrated: /Users/simongoldman/Documents/TransparentSF_from_git/transparentSF/ai/output/dashboard/8/top_level.json
2025-09-11 13:00:32,875 - INFO - Successfully stored file in GCS: transparentsf/dashboard/8/16.json
2025-09-11 13:00:32,875 - INFO - Successfully migrated: /Users/simongoldman/Documents/TransparentSF_from_git/transparentSF/ai/output/dashboard/8/16.json
2025-09-11 13:00:33,149 - INFO - Successfully stored file in GCS: transparentsf/dashboard/8/17.json
2025-09-11 13:00:33,149 - INFO - Successfully migrated: /Users/simongoldman/Documents/TransparentSF_from_git/transparentSF/ai/output/dashboard/8/17.json
2025-09-11 13:00:33,422 - INFO - Successfully stored file in GCS: transparentsf/dashboard/8/40.json
2025-09-11 13:00:33,422 - INFO - Successfully migrated: /Users/simongoldman/Documents/TransparentSF_from_git/transparentSF/ai/output/dashboard/8/40.json
2025-09-11 13:00:33,714 - INFO - Successfully stored file in GCS: transparentsf/dashboard/8/71.json
2025-09-11 13:00:33,715 - INFO - Successfully migrated: /Users/simongoldman/Documents/TransparentSF_from_git/transparentSF/ai/output/dashboard/8/71.json
2025-09-11 13:00:34,038 - INFO - Successfully stored file in GCS: transparentsf/dashboard/8/30.json
2025-09-11 13:00:34,038 - INFO - Successfully migrated: /Users/simongoldman/Documents/TransparentSF_from_git/transparentSF/ai/output/dashboard/8/30.json
2025-09-11 13:00:34,322 - INFO - Successfully stored file in GCS: transparentsf/dashboard/8/70.json
2025-09-11 13:00:34,322 - INFO - Successfully migrated: /Users/simongoldman/Documents/TransparentSF_from_git/transparentSF/ai/output/dashboard/8/70.json
2025-09-11 13:00:34,648 - INFO - Successfully stored file in GCS: transparentsf/dashboard/8/1.json
2025-09-11 13:00:34,648 - INFO - Successfully migrated: /Users/simongoldman/Documents/TransparentSF_from_git/transparentSF/ai/output/dashboard/8/1.json
2025-09-11 13:00:34,956 - INFO - Successfully stored file in GCS: transparentsf/dashboard/8/2.json
2025-09-11 13:00:34,956 - INFO - Successfully migrated: /Users/simongoldman/Documents/TransparentSF_from_git/transparentSF/ai/output/dashboard/8/2.json
2025-09-11 13:00:35,265 - INFO - Successfully stored file in GCS: transparentsf/dashboard/8/12.json
2025-09-11 13:00:35,265 - INFO - Successfully migrated: /Users/simongoldman/Documents/TransparentSF_from_git/transparentSF/ai/output/dashboard/8/12.json
2025-09-11 13:00:35,537 - INFO - Successfully stored file in GCS: transparentsf/dashboard/8/73.json
2025-09-11 13:00:35,537 - INFO - Successfully migrated: /Users/simongoldman/Documents/TransparentSF_from_git/transparentSF/ai/output/dashboard/8/73.json
2025-09-11 13:00:35,815 - INFO - Successfully stored file in GCS: transparentsf/dashboard/8/24.json
2025-09-11 13:00:35,816 - INFO - Successfully migrated: /Users/simongoldman/Documents/TransparentSF_from_git/transparentSF/ai/output/dashboard/8/24.json
2025-09-11 13:00:36,185 - INFO - Successfully stored file in GCS: transparentsf/dashboard/8/72.json
2025-09-11 13:00:36,185 - INFO - Successfully migrated: /Users/simongoldman/Documents/TransparentSF_from_git/transparentSF/ai/output/dashboard/8/72.json
2025-09-11 13:00:36,594 - INFO - Successfully stored file in GCS: transparentsf/dashboard/8/29.json
2025-09-11 13:00:36,595 - INFO - Successfully migrated: /Users/simongoldman/Documents/TransparentSF_from_git/transparentSF/ai/output/dashboard/8/29.json
2025-09-11 13:00:36,902 - INFO - Successfully stored file in GCS: transparentsf/dashboard/8/3.json
2025-09-11 13:00:36,902 - INFO - Successfully migrated: /Users/simongoldman/Documents/TransparentSF_from_git/transparentSF/ai/output/dashboard/8/3.json
2025-09-11 13:00:37,189 - INFO - Successfully stored file in GCS: transparentsf/dashboard/8/34.json
2025-09-11 13:00:37,189 - INFO - Successfully migrated: /Users/simongoldman/Documents/TransparentSF_from_git/transparentSF/ai/output/dashboard/8/34.json
2025-09-11 13:00:37,519 - INFO - Successfully stored file in GCS: transparentsf/dashboard/8/63.json
2025-09-11 13:00:37,519 - INFO - Successfully migrated: /Users/simongoldman/Documents/TransparentSF_from_git/transparentSF/ai/output/dashboard/8/63.json
2025-09-11 13:00:37,815 - INFO - Successfully stored file in GCS: transparentsf/dashboard/8/8.json
2025-09-11 13:00:37,815 - INFO - Successfully migrated: /Users/simongoldman/Documents/TransparentSF_from_git/transparentSF/ai/output/dashboard/8/8.json
2025-09-11 13:00:38,131 - INFO - Successfully stored file in GCS: transparentsf/dashboard/8/22.json
2025-09-11 13:00:38,131 - INFO - Successfully migrated: /Users/simongoldman/Documents/TransparentSF_from_git/transparentSF/ai/output/dashboard/8/22.json
2025-09-11 13:00:38,396 - INFO - Successfully stored file in GCS: transparentsf/dashboard/8/18.json
2025-09-11 13:00:38,396 - INFO - Successfully migrated: /Users/simongoldman/Documents/TransparentSF_from_git/transparentSF/ai/output/dashboard/8/18.json
2025-09-11 13:00:38,658 - INFO - Successfully stored file in GCS: transparentsf/dashboard/8/38.json
2025-09-11 13:00:38,658 - INFO - Successfully migrated: /Users/simongoldman/Documents/TransparentSF_from_git/transparentSF/ai/output/dashboard/8/38.json
2025-09-11 13:00:38,947 - INFO - Successfully stored file in GCS: transparentsf/dashboard/8/4.json
2025-09-11 13:00:38,947 - INFO - Successfully migrated: /Users/simongoldman/Documents/TransparentSF_from_git/transparentSF/ai/output/dashboard/8/4.json
2025-09-11 13:00:39,246 - INFO - Successfully stored file in GCS: transparentsf/dashboard/8/14.json
2025-09-11 13:00:39,246 - INFO - Successfully migrated: /Users/simongoldman/Documents/TransparentSF_from_git/transparentSF/ai/output/dashboard/8/14.json
2025-09-11 13:00:39,522 - INFO - Successfully stored file in GCS: transparentsf/dashboard/8/15.json
2025-09-11 13:00:39,523 - INFO - Successfully migrated: /Users/simongoldman/Documents/TransparentSF_from_git/transparentSF/ai/output/dashboard/8/15.json
2025-09-11 13:00:39,803 - INFO - Successfully stored file in GCS: transparentsf/dashboard/8/19.json
2025-09-11 13:00:39,810 - INFO - Successfully migrated: /Users/simongoldman/Documents/TransparentSF_from_git/transparentSF/ai/output/dashboard/8/19.json
2025-09-11 13:00:40,183 - INFO - Successfully stored file in GCS: transparentsf/dashboard/8/23.json
2025-09-11 13:00:40,183 - INFO - Successfully migrated: /Users/simongoldman/Documents/TransparentSF_from_git/transparentSF/ai/output/dashboard/8/23.json
2025-09-11 13:00:40,473 - INFO - Successfully stored file in GCS: transparentsf/dashboard/8/9.json
2025-09-11 13:00:40,473 - INFO - Successfully migrated: /Users/simongoldman/Documents/TransparentSF_from_git/transparentSF/ai/output/dashboard/8/9.json
2025-09-11 13:00:40,752 - INFO - Successfully stored file in GCS: transparentsf/dashboard/8/35.json
2025-09-11 13:00:40,752 - INFO - Successfully migrated: /Users/simongoldman/Documents/TransparentSF_from_git/transparentSF/ai/output/dashboard/8/35.json
2025-09-11 13:00:41,031 - INFO - Successfully stored file in GCS: transparentsf/dashboard/history/district_5_20250904.json
2025-09-11 13:00:41,031 - INFO - Successfully migrated: /Users/simongoldman/Documents/TransparentSF_from_git/transparentSF/ai/output/dashboard/history/district_5_20250904.json
2025-09-11 13:00:41,406 - INFO - Successfully stored file in GCS: transparentsf/dashboard/history/district_3_20250822.json
2025-09-11 13:00:41,407 - INFO - Successfully migrated: /Users/simongoldman/Documents/TransparentSF_from_git/transparentSF/ai/output/dashboard/history/district_3_20250822.json
2025-09-11 13:00:41,697 - INFO - Successfully stored file in GCS: transparentsf/dashboard/history/district_10_20250821.json
2025-09-11 13:00:41,697 - INFO - Successfully migrated: /Users/simongoldman/Documents/TransparentSF_from_git/transparentSF/ai/output/dashboard/history/district_10_20250821.json
2025-09-11 13:00:42,014 - INFO - Successfully stored file in GCS: transparentsf/dashboard/history/district_11_20250910.json
2025-09-11 13:00:42,014 - INFO - Successfully migrated: /Users/simongoldman/Documents/TransparentSF_from_git/transparentSF/ai/output/dashboard/history/district_11_20250910.json
2025-09-11 13:00:42,434 - INFO - Successfully stored file in GCS: transparentsf/dashboard/history/district_11_20250906.json
2025-09-11 13:00:42,434 - INFO - Successfully migrated: /Users/simongoldman/Documents/TransparentSF_from_git/transparentSF/ai/output/dashboard/history/district_11_20250906.json
2025-09-11 13:00:42,727 - INFO - Successfully stored file in GCS: transparentsf/dashboard/history/district_0_20250819.json
2025-09-11 13:00:42,727 - INFO - Successfully migrated: /Users/simongoldman/Documents/TransparentSF_from_git/transparentSF/ai/output/dashboard/history/district_0_20250819.json
2025-09-11 13:00:43,020 - INFO - Successfully stored file in GCS: transparentsf/dashboard/history/district_2_20250905.json
2025-09-11 13:00:43,020 - INFO - Successfully migrated: /Users/simongoldman/Documents/TransparentSF_from_git/transparentSF/ai/output/dashboard/history/district_2_20250905.json
2025-09-11 13:00:43,304 - INFO - Successfully stored file in GCS: transparentsf/dashboard/history/district_10_20250909.json
2025-09-11 13:00:43,304 - INFO - Successfully migrated: /Users/simongoldman/Documents/TransparentSF_from_git/transparentSF/ai/output/dashboard/history/district_10_20250909.json
2025-09-11 13:00:43,594 - INFO - Successfully stored file in GCS: transparentsf/dashboard/history/district_1_20250904.json
2025-09-11 13:00:43,594 - INFO - Successfully migrated: /Users/simongoldman/Documents/TransparentSF_from_git/transparentSF/ai/output/dashboard/history/district_1_20250904.json
2025-09-11 13:00:43,916 - INFO - Successfully stored file in GCS: transparentsf/dashboard/history/district_7_20250822.json
2025-09-11 13:00:43,917 - INFO - Successfully migrated: /Users/simongoldman/Documents/TransparentSF_from_git/transparentSF/ai/output/dashboard/history/district_7_20250822.json
2025-09-11 13:00:44,278 - INFO - Successfully stored file in GCS: transparentsf/dashboard/history/district_6_20250905.json
2025-09-11 13:00:44,278 - INFO - Successfully migrated: /Users/simongoldman/Documents/TransparentSF_from_git/transparentSF/ai/output/dashboard/history/district_6_20250905.json
2025-09-11 13:00:44,564 - INFO - Successfully stored file in GCS: transparentsf/dashboard/history/district_4_20250819.json
2025-09-11 13:00:44,564 - INFO - Successfully migrated: /Users/simongoldman/Documents/TransparentSF_from_git/transparentSF/ai/output/dashboard/history/district_4_20250819.json
2025-09-11 13:00:44,889 - INFO - Successfully stored file in GCS: transparentsf/dashboard/history/district_5_20250908.json
2025-09-11 13:00:44,889 - INFO - Successfully migrated: /Users/simongoldman/Documents/TransparentSF_from_git/transparentSF/ai/output/dashboard/history/district_5_20250908.json
2025-09-11 13:00:45,196 - INFO - Successfully stored file in GCS: transparentsf/dashboard/history/district_1_20250820.json
2025-09-11 13:00:45,196 - INFO - Successfully migrated: /Users/simongoldman/Documents/TransparentSF_from_git/transparentSF/ai/output/dashboard/history/district_1_20250820.json
2025-09-11 13:00:45,510 - INFO - Successfully stored file in GCS: transparentsf/dashboard/history/district_7_20250906.json
2025-09-11 13:00:45,511 - INFO - Successfully migrated: /Users/simongoldman/Documents/TransparentSF_from_git/transparentSF/ai/output/dashboard/history/district_7_20250906.json
2025-09-11 13:00:45,842 - INFO - Successfully stored file in GCS: transparentsf/dashboard/history/district_8_20250902.json
2025-09-11 13:00:45,843 - INFO - Successfully migrated: /Users/simongoldman/Documents/TransparentSF_from_git/transparentSF/ai/output/dashboard/history/district_8_20250902.json
2025-09-11 13:00:46,182 - INFO - Successfully stored file in GCS: transparentsf/dashboard/history/district_7_20250910.json
2025-09-11 13:00:46,182 - INFO - Successfully migrated: /Users/simongoldman/Documents/TransparentSF_from_git/transparentSF/ai/output/dashboard/history/district_7_20250910.json
2025-09-11 13:00:46,621 - INFO - Successfully stored file in GCS: transparentsf/dashboard/history/district_0_20250907.json
2025-09-11 13:00:46,621 - INFO - Successfully migrated: /Users/simongoldman/Documents/TransparentSF_from_git/transparentSF/ai/output/dashboard/history/district_0_20250907.json
2025-09-11 13:00:47,040 - INFO - Successfully stored file in GCS: transparentsf/dashboard/history/district_6_20250821.json
2025-09-11 13:00:47,040 - INFO - Successfully migrated: /Users/simongoldman/Documents/TransparentSF_from_git/transparentSF/ai/output/dashboard/history/district_6_20250821.json
2025-09-11 13:00:47,338 - INFO - Successfully stored file in GCS: transparentsf/dashboard/history/district_2_20250909.json
2025-09-11 13:00:47,339 - INFO - Successfully migrated: /Users/simongoldman/Documents/TransparentSF_from_git/transparentSF/ai/output/dashboard/history/district_2_20250909.json
2025-09-11 13:00:47,654 - INFO - Successfully stored file in GCS: transparentsf/dashboard/history/district_5_20250820.json
2025-09-11 13:00:47,654 - INFO - Successfully migrated: /Users/simongoldman/Documents/TransparentSF_from_git/transparentSF/ai/output/dashboard/history/district_5_20250820.json
2025-09-11 13:00:47,968 - INFO - Successfully stored file in GCS: transparentsf/dashboard/history/district_3_20250906.json
2025-09-11 13:00:47,968 - INFO - Successfully migrated: /Users/simongoldman/Documents/TransparentSF_from_git/transparentSF/ai/output/dashboard/history/district_3_20250906.json
2025-09-11 13:00:48,261 - INFO - Successfully stored file in GCS: transparentsf/dashboard/history/district_1_20250908.json
2025-09-11 13:00:48,261 - INFO - Successfully migrated: /Users/simongoldman/Documents/TransparentSF_from_git/transparentSF/ai/output/dashboard/history/district_1_20250908.json
2025-09-11 13:00:48,537 - INFO - Successfully stored file in GCS: transparentsf/dashboard/history/district_10_20250905.json
2025-09-11 13:00:48,537 - INFO - Successfully migrated: /Users/simongoldman/Documents/TransparentSF_from_git/transparentSF/ai/output/dashboard/history/district_10_20250905.json
2025-09-11 13:00:48,855 - INFO - Successfully stored file in GCS: transparentsf/dashboard/history/district_11_20250822.json
2025-09-11 13:00:48,855 - INFO - Successfully migrated: /Users/simongoldman/Documents/TransparentSF_from_git/transparentSF/ai/output/dashboard/history/district_11_20250822.json
2025-09-11 13:00:49,137 - INFO - Successfully stored file in GCS: transparentsf/dashboard/history/district_6_20250909.json
2025-09-11 13:00:49,137 - INFO - Successfully migrated: /Users/simongoldman/Documents/TransparentSF_from_git/transparentSF/ai/output/dashboard/history/district_6_20250909.json
2025-09-11 13:00:49,496 - INFO - Successfully stored file in GCS: transparentsf/dashboard/history/district_4_20250907.json
2025-09-11 13:00:49,496 - INFO - Successfully migrated: /Users/simongoldman/Documents/TransparentSF_from_git/transparentSF/ai/output/dashboard/history/district_4_20250907.json
2025-09-11 13:00:49,795 - INFO - Successfully stored file in GCS: transparentsf/dashboard/history/district_2_20250821.json
2025-09-11 13:00:49,796 - INFO - Successfully migrated: /Users/simongoldman/Documents/TransparentSF_from_git/transparentSF/ai/output/dashboard/history/district_2_20250821.json
2025-09-11 13:00:50,214 - INFO - Successfully stored file in GCS: transparentsf/dashboard/history/district_3_20250910.json
2025-09-11 13:00:50,214 - INFO - Successfully migrated: /Users/simongoldman/Documents/TransparentSF_from_git/transparentSF/ai/output/dashboard/history/district_3_20250910.json
2025-09-11 13:00:50,623 - INFO - Successfully stored file in GCS: transparentsf/dashboard/history/district_4_20250906.json
2025-09-11 13:00:50,623 - INFO - Successfully migrated: /Users/simongoldman/Documents/TransparentSF_from_git/transparentSF/ai/output/dashboard/history/district_4_20250906.json
2025-09-11 13:00:50,923 - INFO - Successfully stored file in GCS: transparentsf/dashboard/history/district_2_20250820.json
2025-09-11 13:00:50,923 - INFO - Successfully migrated: /Users/simongoldman/Documents/TransparentSF_from_git/transparentSF/ai/output/dashboard/history/district_2_20250820.json
2025-09-11 13:00:51,224 - INFO - Successfully stored file in GCS: transparentsf/dashboard/history/district_6_20250908.json
2025-09-11 13:00:51,225 - INFO - Successfully migrated: /Users/simongoldman/Documents/TransparentSF_from_git/transparentSF/ai/output/dashboard/history/district_6_20250908.json
2025-09-11 13:00:51,505 - INFO - Successfully stored file in GCS: transparentsf/dashboard/history/district_10_20250904.json
2025-09-11 13:00:51,505 - INFO - Successfully migrated: /Users/simongoldman/Documents/TransparentSF_from_git/transparentSF/ai/output/dashboard/history/district_10_20250904.json
2025-09-11 13:00:51,811 - INFO - Successfully stored file in GCS: transparentsf/dashboard/history/district_1_20250909.json
2025-09-11 13:00:51,811 - INFO - Successfully migrated: /Users/simongoldman/Documents/TransparentSF_from_git/transparentSF/ai/output/dashboard/history/district_1_20250909.json
2025-09-11 13:00:52,123 - INFO - Successfully stored file in GCS: transparentsf/dashboard/history/district_5_20250821.json
2025-09-11 13:00:52,123 - INFO - Successfully migrated: /Users/simongoldman/Documents/TransparentSF_from_git/transparentSF/ai/output/dashboard/history/district_5_20250821.json
2025-09-11 13:00:52,468 - INFO - Successfully stored file in GCS: transparentsf/dashboard/history/district_3_20250907.json
2025-09-11 13:00:52,468 - INFO - Successfully migrated: /Users/simongoldman/Documents/TransparentSF_from_git/transparentSF/ai/output/dashboard/history/district_3_20250907.json
2025-09-11 13:00:52,978 - INFO - Successfully stored file in GCS: transparentsf/dashboard/history/district_4_20250910.json
2025-09-11 13:00:52,978 - INFO - Successfully migrated: /Users/simongoldman/Documents/TransparentSF_from_git/transparentSF/ai/output/dashboard/history/district_4_20250910.json
2025-09-11 13:00:53,388 - INFO - Successfully stored file in GCS: transparentsf/dashboard/history/district_11_20250819.json
2025-09-11 13:00:53,388 - INFO - Successfully migrated: /Users/simongoldman/Documents/TransparentSF_from_git/transparentSF/ai/output/dashboard/history/district_11_20250819.json
2025-09-11 13:00:53,693 - INFO - Successfully stored file in GCS: transparentsf/dashboard/history/district_2_20250908.json
2025-09-11 13:00:53,693 - INFO - Successfully migrated: /Users/simongoldman/Documents/TransparentSF_from_git/transparentSF/ai/output/dashboard/history/district_2_20250908.json
2025-09-11 13:00:54,207 - INFO - Successfully stored file in GCS: transparentsf/dashboard/history/district_0_20250906.json
2025-09-11 13:00:54,208 - INFO - Successfully migrated: /Users/simongoldman/Documents/TransparentSF_from_git/transparentSF/ai/output/dashboard/history/district_0_20250906.json
2025-09-11 13:00:54,582 - INFO - Successfully stored file in GCS: transparentsf/dashboard/history/district_6_20250820.json
2025-09-11 13:00:54,582 - INFO - Successfully migrated: /Users/simongoldman/Documents/TransparentSF_from_git/transparentSF/ai/output/dashboard/history/district_6_20250820.json
2025-09-11 13:00:55,026 - INFO - Successfully stored file in GCS: transparentsf/dashboard/history/district_0_20250910.json
2025-09-11 13:00:55,026 - INFO - Successfully migrated: /Users/simongoldman/Documents/TransparentSF_from_git/transparentSF/ai/output/dashboard/history/district_0_20250910.json
2025-09-11 13:00:55,323 - INFO - Successfully stored file in GCS: transparentsf/dashboard/history/district_8_20250903.json
2025-09-11 13:00:55,323 - INFO - Successfully migrated: /Users/simongoldman/Documents/TransparentSF_from_git/transparentSF/ai/output/dashboard/history/district_8_20250903.json
2025-09-11 13:00:55,712 - INFO - Successfully stored file in GCS: transparentsf/dashboard/history/district_1_20250821.json
2025-09-11 13:00:55,712 - INFO - Successfully migrated: /Users/simongoldman/Documents/TransparentSF_from_git/transparentSF/ai/output/dashboard/history/district_1_20250821.json
2025-09-11 13:00:56,040 - INFO - Successfully stored file in GCS: transparentsf/dashboard/history/district_7_20250907.json
2025-09-11 13:00:56,040 - INFO - Successfully migrated: /Users/simongoldman/Documents/TransparentSF_from_git/transparentSF/ai/output/dashboard/history/district_7_20250907.json
2025-09-11 13:00:56,360 - INFO - Successfully stored file in GCS: transparentsf/dashboard/history/district_5_20250909.json
2025-09-11 13:00:56,360 - INFO - Successfully migrated: /Users/simongoldman/Documents/TransparentSF_from_git/transparentSF/ai/output/dashboard/history/district_5_20250909.json
2025-09-11 13:00:56,806 - INFO - Successfully stored file in GCS: transparentsf/dashboard/history/district_0_20250822.json
2025-09-11 13:00:56,806 - INFO - Successfully migrated: /Users/simongoldman/Documents/TransparentSF_from_git/transparentSF/ai/output/dashboard/history/district_0_20250822.json
2025-09-11 13:00:57,165 - INFO - Successfully stored file in GCS: transparentsf/dashboard/history/district_6_20250904.json
2025-09-11 13:00:57,165 - INFO - Successfully migrated: /Users/simongoldman/Documents/TransparentSF_from_git/transparentSF/ai/output/dashboard/history/district_6_20250904.json
2025-09-11 13:00:57,474 - INFO - Successfully stored file in GCS: transparentsf/dashboard/history/district_1_20250905.json
2025-09-11 13:00:57,474 - INFO - Successfully migrated: /Users/simongoldman/Documents/TransparentSF_from_git/transparentSF/ai/output/dashboard/history/district_1_20250905.json
2025-09-11 13:00:57,761 - INFO - Successfully stored file in GCS: transparentsf/dashboard/history/district_3_20250819.json
2025-09-11 13:00:57,761 - INFO - Successfully migrated: /Users/simongoldman/Documents/TransparentSF_from_git/transparentSF/ai/output/dashboard/history/district_3_20250819.json
2025-09-11 13:00:58,047 - INFO - Successfully stored file in GCS: transparentsf/dashboard/history/district_10_20250908.json
2025-09-11 13:00:58,048 - INFO - Successfully migrated: /Users/simongoldman/Documents/TransparentSF_from_git/transparentSF/ai/output/dashboard/history/district_10_20250908.json
2025-09-11 13:00:58,381 - INFO - Successfully stored file in GCS: transparentsf/dashboard/history/district_4_20250822.json
2025-09-11 13:00:58,381 - INFO - Successfully migrated: /Users/simongoldman/Documents/TransparentSF_from_git/transparentSF/ai/output/dashboard/history/district_4_20250822.json
2025-09-11 13:00:58,691 - INFO - Successfully stored file in GCS: transparentsf/dashboard/history/district_2_20250904.json
2025-09-11 13:00:58,691 - INFO - Successfully migrated: /Users/simongoldman/Documents/TransparentSF_from_git/transparentSF/ai/output/dashboard/history/district_2_20250904.json
2025-09-11 13:00:59,040 - INFO - Successfully stored file in GCS: transparentsf/dashboard/history/district_11_20250907.json
2025-09-11 13:00:59,040 - INFO - Successfully migrated: /Users/simongoldman/Documents/TransparentSF_from_git/transparentSF/ai/output/dashboard/history/district_11_20250907.json
2025-09-11 13:00:59,314 - INFO - Successfully stored file in GCS: transparentsf/dashboard/history/district_10_20250820.json
2025-09-11 13:00:59,314 - INFO - Successfully migrated: /Users/simongoldman/Documents/TransparentSF_from_git/transparentSF/ai/output/dashboard/history/district_10_20250820.json
2025-09-11 13:00:59,595 - INFO - Successfully stored file in GCS: transparentsf/dashboard/history/district_7_20250819.json
2025-09-11 13:00:59,595 - INFO - Successfully migrated: /Users/simongoldman/Documents/TransparentSF_from_git/transparentSF/ai/output/dashboard/history/district_7_20250819.json
2025-09-11 13:00:59,876 - INFO - Successfully stored file in GCS: transparentsf/dashboard/history/district_5_20250905.json
2025-09-11 13:00:59,876 - INFO - Successfully migrated: /Users/simongoldman/Documents/TransparentSF_from_git/transparentSF/ai/output/dashboard/history/district_5_20250905.json
2025-09-11 13:01:00,170 - INFO - Successfully stored file in GCS: transparentsf/dashboard/history/district_8_20250904.json
2025-09-11 13:01:00,172 - INFO - Successfully migrated: /Users/simongoldman/Documents/TransparentSF_from_git/transparentSF/ai/output/dashboard/history/district_8_20250904.json
2025-09-11 13:01:00,501 - INFO - Successfully stored file in GCS: transparentsf/dashboard/history/district_10_20250903.json
2025-09-11 13:01:00,501 - INFO - Successfully migrated: /Users/simongoldman/Documents/TransparentSF_from_git/transparentSF/ai/output/dashboard/history/district_10_20250903.json
2025-09-11 13:01:00,803 - INFO - Successfully stored file in GCS: transparentsf/dashboard/history/district_9_20250819.json
2025-09-11 13:01:00,803 - INFO - Successfully migrated: /Users/simongoldman/Documents/TransparentSF_from_git/transparentSF/ai/output/dashboard/history/district_9_20250819.json
2025-09-11 13:01:01,117 - INFO - Successfully stored file in GCS: transparentsf/dashboard/history/district_5_20250902.json
2025-09-11 13:01:01,117 - INFO - Successfully migrated: /Users/simongoldman/Documents/TransparentSF_from_git/transparentSF/ai/output/dashboard/history/district_5_20250902.json
2025-09-11 13:01:01,429 - INFO - Successfully stored file in GCS: transparentsf/dashboard/history/district_8_20250908.json
2025-09-11 13:01:01,430 - INFO - Successfully migrated: /Users/simongoldman/Documents/TransparentSF_from_git/transparentSF/ai/output/dashboard/history/district_8_20250908.json
2025-09-11 13:01:01,719 - INFO - Successfully stored file in GCS: transparentsf/dashboard/history/district_2_20250903.json
2025-09-11 13:01:01,719 - INFO - Successfully migrated: /Users/simongoldman/Documents/TransparentSF_from_git/transparentSF/ai/output/dashboard/history/district_2_20250903.json
2025-09-11 13:01:01,999 - INFO - Successfully stored file in GCS: transparentsf/dashboard/history/district_8_20250820.json
2025-09-11 13:01:02,000 - INFO - Successfully migrated: /Users/simongoldman/Documents/TransparentSF_from_git/transparentSF/ai/output/dashboard/history/district_8_20250820.json
2025-09-11 13:01:02,332 - INFO - Successfully stored file in GCS: transparentsf/dashboard/history/district_1_20250902.json
2025-09-11 13:01:02,332 - INFO - Successfully migrated: /Users/simongoldman/Documents/TransparentSF_from_git/transparentSF/ai/output/dashboard/history/district_1_20250902.json
2025-09-11 13:01:02,613 - INFO - Successfully stored file in GCS: transparentsf/dashboard/history/district_6_20250903.json
2025-09-11 13:01:02,614 - INFO - Successfully migrated: /Users/simongoldman/Documents/TransparentSF_from_git/transparentSF/ai/output/dashboard/history/district_6_20250903.json
2025-09-11 13:01:02,947 - INFO - Successfully stored file in GCS: transparentsf/dashboard/history/district_9_20250907.json
2025-09-11 13:01:02,947 - INFO - Successfully migrated: /Users/simongoldman/Documents/TransparentSF_from_git/transparentSF/ai/output/dashboard/history/district_9_20250907.json
2025-09-11 13:01:03,272 - INFO - Successfully stored file in GCS: transparentsf/dashboard/history/district_9_20250906.json
2025-09-11 13:01:03,273 - INFO - Successfully migrated: /Users/simongoldman/Documents/TransparentSF_from_git/transparentSF/ai/output/dashboard/history/district_9_20250906.json
2025-09-11 13:01:03,591 - INFO - Successfully stored file in GCS: transparentsf/dashboard/history/district_6_20250902.json
2025-09-11 13:01:03,591 - INFO - Successfully migrated: /Users/simongoldman/Documents/TransparentSF_from_git/transparentSF/ai/output/dashboard/history/district_6_20250902.json
2025-09-11 13:01:03,939 - INFO - Successfully stored file in GCS: transparentsf/dashboard/history/district_9_20250910.json
2025-09-11 13:01:03,939 - INFO - Successfully migrated: /Users/simongoldman/Documents/TransparentSF_from_git/transparentSF/ai/output/dashboard/history/district_9_20250910.json
2025-09-11 13:01:04,243 - INFO - Successfully stored file in GCS: transparentsf/dashboard/history/district_1_20250903.json
2025-09-11 13:01:04,243 - INFO - Successfully migrated: /Users/simongoldman/Documents/TransparentSF_from_git/transparentSF/ai/output/dashboard/history/district_1_20250903.json
2025-09-11 13:01:04,535 - INFO - Successfully stored file in GCS: transparentsf/dashboard/history/district_8_20250821.json
2025-09-11 13:01:04,535 - INFO - Successfully migrated: /Users/simongoldman/Documents/TransparentSF_from_git/transparentSF/ai/output/dashboard/history/district_8_20250821.json
2025-09-11 13:01:04,880 - INFO - Successfully stored file in GCS: transparentsf/dashboard/history/district_2_20250902.json
2025-09-11 13:01:04,881 - INFO - Successfully migrated: /Users/simongoldman/Documents/TransparentSF_from_git/transparentSF/ai/output/dashboard/history/district_2_20250902.json
2025-09-11 13:01:05,267 - INFO - Successfully stored file in GCS: transparentsf/dashboard/history/district_8_20250909.json
2025-09-11 13:01:05,267 - INFO - Successfully migrated: /Users/simongoldman/Documents/TransparentSF_from_git/transparentSF/ai/output/dashboard/history/district_8_20250909.json
2025-09-11 13:01:05,610 - INFO - Successfully stored file in GCS: transparentsf/dashboard/history/district_5_20250903.json
2025-09-11 13:01:05,610 - INFO - Successfully migrated: /Users/simongoldman/Documents/TransparentSF_from_git/transparentSF/ai/output/dashboard/history/district_5_20250903.json
2025-09-11 13:01:05,988 - INFO - Successfully stored file in GCS: transparentsf/dashboard/history/district_10_20250902.json
2025-09-11 13:01:05,988 - INFO - Successfully migrated: /Users/simongoldman/Documents/TransparentSF_from_git/transparentSF/ai/output/dashboard/history/district_10_20250902.json
2025-09-11 13:01:06,377 - INFO - Successfully stored file in GCS: transparentsf/dashboard/history/district_9_20250822.json
2025-09-11 13:01:06,377 - INFO - Successfully migrated: /Users/simongoldman/Documents/TransparentSF_from_git/transparentSF/ai/output/dashboard/history/district_9_20250822.json
2025-09-11 13:01:06,704 - INFO - Successfully stored file in GCS: transparentsf/dashboard/history/district_8_20250905.json
2025-09-11 13:01:06,704 - INFO - Successfully migrated: /Users/simongoldman/Documents/TransparentSF_from_git/transparentSF/ai/output/dashboard/history/district_8_20250905.json
2025-09-11 13:01:07,120 - INFO - Successfully stored file in GCS: transparentsf/dashboard/history/district_4_20250903.json
2025-09-11 13:01:07,120 - INFO - Successfully migrated: /Users/simongoldman/Documents/TransparentSF_from_git/transparentSF/ai/output/dashboard/history/district_4_20250903.json
2025-09-11 13:01:07,412 - INFO - Successfully stored file in GCS: transparentsf/dashboard/history/district_9_20250909.json
2025-09-11 13:01:07,412 - INFO - Successfully migrated: /Users/simongoldman/Documents/TransparentSF_from_git/transparentSF/ai/output/dashboard/history/district_9_20250909.json
2025-09-11 13:01:07,830 - INFO - Successfully stored file in GCS: transparentsf/dashboard/history/district_3_20250902.json
2025-09-11 13:01:07,831 - INFO - Successfully migrated: /Users/simongoldman/Documents/TransparentSF_from_git/transparentSF/ai/output/dashboard/history/district_3_20250902.json
2025-09-11 13:01:08,158 - INFO - Successfully stored file in GCS: transparentsf/dashboard/history/district_8_20250910.json
2025-09-11 13:01:08,159 - INFO - Successfully migrated: /Users/simongoldman/Documents/TransparentSF_from_git/transparentSF/ai/output/dashboard/history/district_8_20250910.json
2025-09-11 13:01:08,472 - INFO - Successfully stored file in GCS: transparentsf/dashboard/history/district_0_20250903.json
2025-09-11 13:01:08,473 - INFO - Successfully migrated: /Users/simongoldman/Documents/TransparentSF_from_git/transparentSF/ai/output/dashboard/history/district_0_20250903.json
2025-09-11 13:01:08,777 - INFO - Successfully stored file in GCS: transparentsf/dashboard/history/district_9_20250821.json
2025-09-11 13:01:08,777 - INFO - Successfully migrated: /Users/simongoldman/Documents/TransparentSF_from_git/transparentSF/ai/output/dashboard/history/district_9_20250821.json
2025-09-11 13:01:09,162 - INFO - Successfully stored file in GCS: transparentsf/dashboard/history/district_8_20250906.json
2025-09-11 13:01:09,163 - INFO - Successfully migrated: /Users/simongoldman/Documents/TransparentSF_from_git/transparentSF/ai/output/dashboard/history/district_8_20250906.json
2025-09-11 13:01:09,578 - INFO - Successfully stored file in GCS: transparentsf/dashboard/history/district_7_20250902.json
2025-09-11 13:01:09,579 - INFO - Successfully migrated: /Users/simongoldman/Documents/TransparentSF_from_git/transparentSF/ai/output/dashboard/history/district_7_20250902.json
2025-09-11 13:01:09,889 - INFO - Successfully stored file in GCS: transparentsf/dashboard/history/district_9_20250905.json
2025-09-11 13:01:09,889 - INFO - Successfully migrated: /Users/simongoldman/Documents/TransparentSF_from_git/transparentSF/ai/output/dashboard/history/district_9_20250905.json
2025-09-11 13:01:10,288 - INFO - Successfully stored file in GCS: transparentsf/dashboard/history/district_8_20250822.json
2025-09-11 13:01:10,289 - INFO - Successfully migrated: /Users/simongoldman/Documents/TransparentSF_from_git/transparentSF/ai/output/dashboard/history/district_8_20250822.json
2025-09-11 13:01:10,699 - INFO - Successfully stored file in GCS: transparentsf/dashboard/history/district_11_20250902.json
2025-09-11 13:01:10,699 - INFO - Successfully migrated: /Users/simongoldman/Documents/TransparentSF_from_git/transparentSF/ai/output/dashboard/history/district_11_20250902.json
2025-09-11 13:01:11,116 - INFO - Successfully stored file in GCS: transparentsf/dashboard/history/district_8_20250819.json
2025-09-11 13:01:11,117 - INFO - Successfully migrated: /Users/simongoldman/Documents/TransparentSF_from_git/transparentSF/ai/output/dashboard/history/district_8_20250819.json
2025-09-11 13:01:11,519 - INFO - Successfully stored file in GCS: transparentsf/dashboard/history/district_11_20250903.json
2025-09-11 13:01:11,520 - INFO - Successfully migrated: /Users/simongoldman/Documents/TransparentSF_from_git/transparentSF/ai/output/dashboard/history/district_11_20250903.json
2025-09-11 13:01:11,822 - INFO - Successfully stored file in GCS: transparentsf/dashboard/history/district_9_20250904.json
2025-09-11 13:01:11,822 - INFO - Successfully migrated: /Users/simongoldman/Documents/TransparentSF_from_git/transparentSF/ai/output/dashboard/history/district_9_20250904.json
2025-09-11 13:01:12,130 - INFO - Successfully stored file in GCS: transparentsf/dashboard/history/district_7_20250903.json
2025-09-11 13:01:12,130 - INFO - Successfully migrated: /Users/simongoldman/Documents/TransparentSF_from_git/transparentSF/ai/output/dashboard/history/district_7_20250903.json
2025-09-11 13:01:12,467 - INFO - Successfully stored file in GCS: transparentsf/dashboard/history/district_8_20250907.json
2025-09-11 13:01:12,468 - INFO - Successfully migrated: /Users/simongoldman/Documents/TransparentSF_from_git/transparentSF/ai/output/dashboard/history/district_8_20250907.json
2025-09-11 13:01:12,775 - INFO - Successfully stored file in GCS: transparentsf/dashboard/history/district_9_20250820.json
2025-09-11 13:01:12,776 - INFO - Successfully migrated: /Users/simongoldman/Documents/TransparentSF_from_git/transparentSF/ai/output/dashboard/history/district_9_20250820.json
2025-09-11 13:01:13,229 - INFO - Successfully stored file in GCS: transparentsf/dashboard/history/district_0_20250902.json
2025-09-11 13:01:13,229 - INFO - Successfully migrated: /Users/simongoldman/Documents/TransparentSF_from_git/transparentSF/ai/output/dashboard/history/district_0_20250902.json
2025-09-11 13:01:13,721 - INFO - Successfully stored file in GCS: transparentsf/dashboard/history/district_3_20250903.json
2025-09-11 13:01:13,722 - INFO - Successfully migrated: /Users/simongoldman/Documents/TransparentSF_from_git/transparentSF/ai/output/dashboard/history/district_3_20250903.json
2025-09-11 13:01:14,029 - INFO - Successfully stored file in GCS: transparentsf/dashboard/history/district_9_20250908.json
2025-09-11 13:01:14,029 - INFO - Successfully migrated: /Users/simongoldman/Documents/TransparentSF_from_git/transparentSF/ai/output/dashboard/history/district_9_20250908.json
2025-09-11 13:01:14,374 - INFO - Successfully stored file in GCS: transparentsf/dashboard/history/district_4_20250902.json
2025-09-11 13:01:14,374 - INFO - Successfully migrated: /Users/simongoldman/Documents/TransparentSF_from_git/transparentSF/ai/output/dashboard/history/district_4_20250902.json
2025-09-11 13:01:14,672 - INFO - Successfully stored file in GCS: transparentsf/dashboard/history/district_4_20250909.json
2025-09-11 13:01:14,672 - INFO - Successfully migrated: /Users/simongoldman/Documents/TransparentSF_from_git/transparentSF/ai/output/dashboard/history/district_4_20250909.json
2025-09-11 13:01:14,988 - INFO - Successfully stored file in GCS: transparentsf/dashboard/history/district_1_20250910.json
2025-09-11 13:01:14,989 - INFO - Successfully migrated: /Users/simongoldman/Documents/TransparentSF_from_git/transparentSF/ai/output/dashboard/history/district_1_20250910.json
2025-09-11 13:01:15,302 - INFO - Successfully stored file in GCS: transparentsf/dashboard/history/district_9_20250903.json
2025-09-11 13:01:15,306 - INFO - Successfully migrated: /Users/simongoldman/Documents/TransparentSF_from_git/transparentSF/ai/output/dashboard/history/district_9_20250903.json
2025-09-11 13:01:15,647 - INFO - Successfully stored file in GCS: transparentsf/dashboard/history/district_0_20250821.json
2025-09-11 13:01:15,648 - INFO - Successfully migrated: /Users/simongoldman/Documents/TransparentSF_from_git/transparentSF/ai/output/dashboard/history/district_0_20250821.json
2025-09-11 13:01:15,970 - INFO - Successfully stored file in GCS: transparentsf/dashboard/history/district_6_20250907.json
2025-09-11 13:01:15,970 - INFO - Successfully migrated: /Users/simongoldman/Documents/TransparentSF_from_git/transparentSF/ai/output/dashboard/history/district_6_20250907.json
2025-09-11 13:01:16,330 - INFO - Successfully stored file in GCS: transparentsf/dashboard/history/district_1_20250906.json
2025-09-11 13:01:16,330 - INFO - Successfully migrated: /Users/simongoldman/Documents/TransparentSF_from_git/transparentSF/ai/output/dashboard/history/district_1_20250906.json
2025-09-11 13:01:16,681 - INFO - Successfully stored file in GCS: transparentsf/dashboard/history/district_7_20250820.json
2025-09-11 13:01:16,681 - INFO - Successfully migrated: /Users/simongoldman/Documents/TransparentSF_from_git/transparentSF/ai/output/dashboard/history/district_7_20250820.json
2025-09-11 13:01:16,978 - INFO - Successfully stored file in GCS: transparentsf/dashboard/history/district_3_20250908.json
2025-09-11 13:01:16,978 - INFO - Successfully migrated: /Users/simongoldman/Documents/TransparentSF_from_git/transparentSF/ai/output/dashboard/history/district_3_20250908.json
2025-09-11 13:01:17,327 - INFO - Successfully stored file in GCS: transparentsf/dashboard/history/district_10_20250819.json
2025-09-11 13:01:17,327 - INFO - Successfully migrated: /Users/simongoldman/Documents/TransparentSF_from_git/transparentSF/ai/output/dashboard/history/district_10_20250819.json
2025-09-11 13:01:17,605 - INFO - Successfully stored file in GCS: transparentsf/dashboard/history/district_4_20250821.json
2025-09-11 13:01:17,605 - INFO - Successfully migrated: /Users/simongoldman/Documents/TransparentSF_from_git/transparentSF/ai/output/dashboard/history/district_4_20250821.json
2025-09-11 13:01:17,956 - INFO - Successfully stored file in GCS: transparentsf/dashboard/history/district_2_20250907.json
2025-09-11 13:01:17,957 - INFO - Successfully migrated: /Users/simongoldman/Documents/TransparentSF_from_git/transparentSF/ai/output/dashboard/history/district_2_20250907.json
2025-09-11 13:01:18,293 - INFO - Successfully stored file in GCS: transparentsf/dashboard/history/district_5_20250910.json
2025-09-11 13:01:18,293 - INFO - Successfully migrated: /Users/simongoldman/Documents/TransparentSF_from_git/transparentSF/ai/output/dashboard/history/district_5_20250910.json
2025-09-11 13:01:18,585 - INFO - Successfully stored file in GCS: transparentsf/dashboard/history/district_11_20250904.json
2025-09-11 13:01:18,586 - INFO - Successfully migrated: /Users/simongoldman/Documents/TransparentSF_from_git/transparentSF/ai/output/dashboard/history/district_11_20250904.json
2025-09-11 13:01:18,877 - INFO - Successfully stored file in GCS: transparentsf/dashboard/history/district_0_20250909.json
2025-09-11 13:01:18,877 - INFO - Successfully migrated: /Users/simongoldman/Documents/TransparentSF_from_git/transparentSF/ai/output/dashboard/history/district_0_20250909.json
2025-09-11 13:01:19,169 - INFO - Successfully stored file in GCS: transparentsf/dashboard/history/district_7_20250908.json
2025-09-11 13:01:19,170 - INFO - Successfully migrated: /Users/simongoldman/Documents/TransparentSF_from_git/transparentSF/ai/output/dashboard/history/district_7_20250908.json
2025-09-11 13:01:19,504 - INFO - Successfully stored file in GCS: transparentsf/dashboard/history/district_5_20250906.json
2025-09-11 13:01:19,504 - INFO - Successfully migrated: /Users/simongoldman/Documents/TransparentSF_from_git/transparentSF/ai/output/dashboard/history/district_5_20250906.json
2025-09-11 13:01:19,794 - INFO - Successfully stored file in GCS: transparentsf/dashboard/history/district_3_20250820.json
2025-09-11 13:01:19,794 - INFO - Successfully migrated: /Users/simongoldman/Documents/TransparentSF_from_git/transparentSF/ai/output/dashboard/history/district_3_20250820.json
2025-09-11 13:01:20,079 - INFO - Successfully stored file in GCS: transparentsf/dashboard/history/district_6_20250819.json
2025-09-11 13:01:20,079 - INFO - Successfully migrated: /Users/simongoldman/Documents/TransparentSF_from_git/transparentSF/ai/output/dashboard/history/district_6_20250819.json
2025-09-11 13:01:20,409 - INFO - Successfully stored file in GCS: transparentsf/dashboard/history/district_4_20250905.json
2025-09-11 13:01:20,409 - INFO - Successfully migrated: /Users/simongoldman/Documents/TransparentSF_from_git/transparentSF/ai/output/dashboard/history/district_4_20250905.json
2025-09-11 13:01:20,677 - INFO - Successfully stored file in GCS: transparentsf/dashboard/history/district_11_20250820.json
2025-09-11 13:01:20,678 - INFO - Successfully migrated: /Users/simongoldman/Documents/TransparentSF_from_git/transparentSF/ai/output/dashboard/history/district_11_20250820.json
2025-09-11 13:01:20,999 - INFO - Successfully stored file in GCS: transparentsf/dashboard/history/district_10_20250907.json
2025-09-11 13:01:21,000 - INFO - Successfully migrated: /Users/simongoldman/Documents/TransparentSF_from_git/transparentSF/ai/output/dashboard/history/district_10_20250907.json
2025-09-11 13:01:21,334 - INFO - Successfully stored file in GCS: transparentsf/dashboard/history/district_5_20250822.json
2025-09-11 13:01:21,334 - INFO - Successfully migrated: /Users/simongoldman/Documents/TransparentSF_from_git/transparentSF/ai/output/dashboard/history/district_5_20250822.json
2025-09-11 13:01:21,643 - INFO - Successfully stored file in GCS: transparentsf/dashboard/history/district_3_20250904.json
2025-09-11 13:01:21,643 - INFO - Successfully migrated: /Users/simongoldman/Documents/TransparentSF_from_git/transparentSF/ai/output/dashboard/history/district_3_20250904.json
2025-09-11 13:01:22,056 - INFO - Successfully stored file in GCS: transparentsf/dashboard/history/district_0_20250905.json
2025-09-11 13:01:22,057 - INFO - Successfully migrated: /Users/simongoldman/Documents/TransparentSF_from_git/transparentSF/ai/output/dashboard/history/district_0_20250905.json
2025-09-11 13:01:22,572 - INFO - Successfully stored file in GCS: transparentsf/dashboard/history/district_11_20250908.json
2025-09-11 13:01:22,572 - INFO - Successfully migrated: /Users/simongoldman/Documents/TransparentSF_from_git/transparentSF/ai/output/dashboard/history/district_11_20250908.json
2025-09-11 13:01:22,881 - INFO - Successfully stored file in GCS: transparentsf/dashboard/history/district_2_20250819.json
2025-09-11 13:01:22,882 - INFO - Successfully migrated: /Users/simongoldman/Documents/TransparentSF_from_git/transparentSF/ai/output/dashboard/history/district_2_20250819.json
2025-09-11 13:01:23,227 - INFO - Successfully stored file in GCS: transparentsf/dashboard/history/district_1_20250822.json
2025-09-11 13:01:23,227 - INFO - Successfully migrated: /Users/simongoldman/Documents/TransparentSF_from_git/transparentSF/ai/output/dashboard/history/district_1_20250822.json
2025-09-11 13:01:23,522 - INFO - Successfully stored file in GCS: transparentsf/dashboard/history/district_7_20250904.json
2025-09-11 13:01:23,523 - INFO - Successfully migrated: /Users/simongoldman/Documents/TransparentSF_from_git/transparentSF/ai/output/dashboard/history/district_7_20250904.json
2025-09-11 13:01:23,827 - INFO - Successfully stored file in GCS: transparentsf/dashboard/history/district_7_20250905.json
2025-09-11 13:01:23,827 - INFO - Successfully migrated: /Users/simongoldman/Documents/TransparentSF_from_git/transparentSF/ai/output/dashboard/history/district_7_20250905.json
2025-09-11 13:01:24,125 - INFO - Successfully stored file in GCS: transparentsf/dashboard/history/district_5_20250819.json
2025-09-11 13:01:24,125 - INFO - Successfully migrated: /Users/simongoldman/Documents/TransparentSF_from_git/transparentSF/ai/output/dashboard/history/district_5_20250819.json
2025-09-11 13:01:24,408 - INFO - Successfully stored file in GCS: transparentsf/dashboard/history/district_11_20250909.json
2025-09-11 13:01:24,408 - INFO - Successfully migrated: /Users/simongoldman/Documents/TransparentSF_from_git/transparentSF/ai/output/dashboard/history/district_11_20250909.json
2025-09-11 13:01:24,733 - INFO - Successfully stored file in GCS: transparentsf/dashboard/history/district_0_20250904.json
2025-09-11 13:01:24,733 - INFO - Successfully migrated: /Users/simongoldman/Documents/TransparentSF_from_git/transparentSF/ai/output/dashboard/history/district_0_20250904.json
2025-09-11 13:01:25,067 - INFO - Successfully stored file in GCS: transparentsf/dashboard/history/district_6_20250822.json
2025-09-11 13:01:25,067 - INFO - Successfully migrated: /Users/simongoldman/Documents/TransparentSF_from_git/transparentSF/ai/output/dashboard/history/district_6_20250822.json
2025-09-11 13:01:25,376 - INFO - Successfully stored file in GCS: transparentsf/dashboard/history/district_1_20250819.json
2025-09-11 13:01:25,376 - INFO - Successfully migrated: /Users/simongoldman/Documents/TransparentSF_from_git/transparentSF/ai/output/dashboard/history/district_1_20250819.json
2025-09-11 13:01:25,673 - INFO - Successfully stored file in GCS: transparentsf/dashboard/history/district_3_20250905.json
2025-09-11 13:01:25,673 - INFO - Successfully migrated: /Users/simongoldman/Documents/TransparentSF_from_git/transparentSF/ai/output/dashboard/history/district_3_20250905.json
2025-09-11 13:01:25,984 - INFO - Successfully stored file in GCS: transparentsf/dashboard/history/district_10_20250906.json
2025-09-11 13:01:25,984 - INFO - Successfully migrated: /Users/simongoldman/Documents/TransparentSF_from_git/transparentSF/ai/output/dashboard/history/district_10_20250906.json
2025-09-11 13:01:26,263 - INFO - Successfully stored file in GCS: transparentsf/dashboard/history/district_11_20250821.json
2025-09-11 13:01:26,264 - INFO - Successfully migrated: /Users/simongoldman/Documents/TransparentSF_from_git/transparentSF/ai/output/dashboard/history/district_11_20250821.json
2025-09-11 13:01:26,617 - INFO - Successfully stored file in GCS: transparentsf/dashboard/history/district_10_20250910.json
2025-09-11 13:01:26,617 - INFO - Successfully migrated: /Users/simongoldman/Documents/TransparentSF_from_git/transparentSF/ai/output/dashboard/history/district_10_20250910.json
2025-09-11 13:01:26,980 - INFO - Successfully stored file in GCS: transparentsf/dashboard/history/district_4_20250904.json
2025-09-11 13:01:26,980 - INFO - Successfully migrated: /Users/simongoldman/Documents/TransparentSF_from_git/transparentSF/ai/output/dashboard/history/district_4_20250904.json
2025-09-11 13:01:27,320 - INFO - Successfully stored file in GCS: transparentsf/dashboard/history/district_2_20250822.json
2025-09-11 13:01:27,320 - INFO - Successfully migrated: /Users/simongoldman/Documents/TransparentSF_from_git/transparentSF/ai/output/dashboard/history/district_2_20250822.json
2025-09-11 13:01:27,692 - INFO - Successfully stored file in GCS: transparentsf/dashboard/history/district_5_20250907.json
2025-09-11 13:01:27,692 - INFO - Successfully migrated: /Users/simongoldman/Documents/TransparentSF_from_git/transparentSF/ai/output/dashboard/history/district_5_20250907.json
2025-09-11 13:01:27,986 - INFO - Successfully stored file in GCS: transparentsf/dashboard/history/district_3_20250821.json
2025-09-11 13:01:27,987 - INFO - Successfully migrated: /Users/simongoldman/Documents/TransparentSF_from_git/transparentSF/ai/output/dashboard/history/district_3_20250821.json
2025-09-11 13:01:28,343 - INFO - Successfully stored file in GCS: transparentsf/dashboard/history/district_2_20250910.json
2025-09-11 13:01:28,343 - INFO - Successfully migrated: /Users/simongoldman/Documents/TransparentSF_from_git/transparentSF/ai/output/dashboard/history/district_2_20250910.json
2025-09-11 13:01:28,648 - INFO - Successfully stored file in GCS: transparentsf/dashboard/history/district_10_20250822.json
2025-09-11 13:01:28,648 - INFO - Successfully migrated: /Users/simongoldman/Documents/TransparentSF_from_git/transparentSF/ai/output/dashboard/history/district_10_20250822.json
2025-09-11 13:01:28,938 - INFO - Successfully stored file in GCS: transparentsf/dashboard/history/district_7_20250909.json
2025-09-11 13:01:28,940 - INFO - Successfully migrated: /Users/simongoldman/Documents/TransparentSF_from_git/transparentSF/ai/output/dashboard/history/district_7_20250909.json
2025-09-11 13:01:29,259 - INFO - Successfully stored file in GCS: transparentsf/dashboard/history/district_0_20250908.json
2025-09-11 13:01:29,259 - INFO - Successfully migrated: /Users/simongoldman/Documents/TransparentSF_from_git/transparentSF/ai/output/dashboard/history/district_0_20250908.json
2025-09-11 13:01:29,527 - INFO - Successfully stored file in GCS: transparentsf/dashboard/history/district_11_20250905.json
2025-09-11 13:01:29,528 - INFO - Successfully migrated: /Users/simongoldman/Documents/TransparentSF_from_git/transparentSF/ai/output/dashboard/history/district_11_20250905.json
2025-09-11 13:01:29,843 - INFO - Successfully stored file in GCS: transparentsf/dashboard/history/district_4_20250820.json
2025-09-11 13:01:29,843 - INFO - Successfully migrated: /Users/simongoldman/Documents/TransparentSF_from_git/transparentSF/ai/output/dashboard/history/district_4_20250820.json
2025-09-11 13:01:30,255 - INFO - Successfully stored file in GCS: transparentsf/dashboard/history/district_2_20250906.json
2025-09-11 13:01:30,255 - INFO - Successfully migrated: /Users/simongoldman/Documents/TransparentSF_from_git/transparentSF/ai/output/dashboard/history/district_2_20250906.json
2025-09-11 13:01:30,545 - INFO - Successfully stored file in GCS: transparentsf/dashboard/history/district_3_20250909.json
2025-09-11 13:01:30,545 - INFO - Successfully migrated: /Users/simongoldman/Documents/TransparentSF_from_git/transparentSF/ai/output/dashboard/history/district_3_20250909.json
2025-09-11 13:01:30,868 - INFO - Successfully stored file in GCS: transparentsf/dashboard/history/district_6_20250910.json
2025-09-11 13:01:30,869 - INFO - Successfully migrated: /Users/simongoldman/Documents/TransparentSF_from_git/transparentSF/ai/output/dashboard/history/district_6_20250910.json
2025-09-11 13:01:31,192 - INFO - Successfully stored file in GCS: transparentsf/dashboard/history/district_1_20250907.json
2025-09-11 13:01:31,192 - INFO - Successfully migrated: /Users/simongoldman/Documents/TransparentSF_from_git/transparentSF/ai/output/dashboard/history/district_1_20250907.json
2025-09-11 13:01:31,471 - INFO - Successfully stored file in GCS: transparentsf/dashboard/history/district_7_20250821.json
2025-09-11 13:01:31,472 - INFO - Successfully migrated: /Users/simongoldman/Documents/TransparentSF_from_git/transparentSF/ai/output/dashboard/history/district_7_20250821.json
2025-09-11 13:01:31,773 - INFO - Successfully stored file in GCS: transparentsf/dashboard/history/district_0_20250820.json
2025-09-11 13:01:31,773 - INFO - Successfully migrated: /Users/simongoldman/Documents/TransparentSF_from_git/transparentSF/ai/output/dashboard/history/district_0_20250820.json
2025-09-11 13:01:32,102 - INFO - Successfully stored file in GCS: transparentsf/dashboard/history/district_6_20250906.json
2025-09-11 13:01:32,103 - INFO - Successfully migrated: /Users/simongoldman/Documents/TransparentSF_from_git/transparentSF/ai/output/dashboard/history/district_6_20250906.json
2025-09-11 13:01:32,415 - INFO - Successfully stored file in GCS: transparentsf/dashboard/history/district_9_20250902.json
2025-09-11 13:01:32,415 - INFO - Successfully migrated: /Users/simongoldman/Documents/TransparentSF_from_git/transparentSF/ai/output/dashboard/history/district_9_20250902.json
2025-09-11 13:01:32,711 - INFO - Successfully stored file in GCS: transparentsf/dashboard/history/district_4_20250908.json
2025-09-11 13:01:32,711 - INFO - Successfully migrated: /Users/simongoldman/Documents/TransparentSF_from_git/transparentSF/ai/output/dashboard/history/district_4_20250908.json
2025-09-11 13:01:33,033 - INFO - Successfully stored file in GCS: transparentsf/dashboard/4/top_level.json
2025-09-11 13:01:33,033 - INFO - Successfully migrated: /Users/simongoldman/Documents/TransparentSF_from_git/transparentSF/ai/output/dashboard/4/top_level.json
2025-09-11 13:01:33,300 - INFO - Successfully stored file in GCS: transparentsf/dashboard/4/16.json
2025-09-11 13:01:33,300 - INFO - Successfully migrated: /Users/simongoldman/Documents/TransparentSF_from_git/transparentSF/ai/output/dashboard/4/16.json
2025-09-11 13:01:33,583 - INFO - Successfully stored file in GCS: transparentsf/dashboard/4/17.json
2025-09-11 13:01:33,583 - INFO - Successfully migrated: /Users/simongoldman/Documents/TransparentSF_from_git/transparentSF/ai/output/dashboard/4/17.json
2025-09-11 13:01:33,853 - INFO - Successfully stored file in GCS: transparentsf/dashboard/4/40.json
2025-09-11 13:01:33,854 - INFO - Successfully migrated: /Users/simongoldman/Documents/TransparentSF_from_git/transparentSF/ai/output/dashboard/4/40.json
2025-09-11 13:01:34,133 - INFO - Successfully stored file in GCS: transparentsf/dashboard/4/71.json
2025-09-11 13:01:34,134 - INFO - Successfully migrated: /Users/simongoldman/Documents/TransparentSF_from_git/transparentSF/ai/output/dashboard/4/71.json
2025-09-11 13:01:34,416 - INFO - Successfully stored file in GCS: transparentsf/dashboard/4/30.json
2025-09-11 13:01:34,416 - INFO - Successfully migrated: /Users/simongoldman/Documents/TransparentSF_from_git/transparentSF/ai/output/dashboard/4/30.json
2025-09-11 13:01:34,695 - INFO - Successfully stored file in GCS: transparentsf/dashboard/4/70.json
2025-09-11 13:01:34,695 - INFO - Successfully migrated: /Users/simongoldman/Documents/TransparentSF_from_git/transparentSF/ai/output/dashboard/4/70.json
2025-09-11 13:01:34,966 - INFO - Successfully stored file in GCS: transparentsf/dashboard/4/1.json
2025-09-11 13:01:34,966 - INFO - Successfully migrated: /Users/simongoldman/Documents/TransparentSF_from_git/transparentSF/ai/output/dashboard/4/1.json
2025-09-11 13:01:35,258 - INFO - Successfully stored file in GCS: transparentsf/dashboard/4/2.json
2025-09-11 13:01:35,258 - INFO - Successfully migrated: /Users/simongoldman/Documents/TransparentSF_from_git/transparentSF/ai/output/dashboard/4/2.json
2025-09-11 13:01:35,578 - INFO - Successfully stored file in GCS: transparentsf/dashboard/4/12.json
2025-09-11 13:01:35,578 - INFO - Successfully migrated: /Users/simongoldman/Documents/TransparentSF_from_git/transparentSF/ai/output/dashboard/4/12.json
2025-09-11 13:01:35,860 - INFO - Successfully stored file in GCS: transparentsf/dashboard/4/73.json
2025-09-11 13:01:35,860 - INFO - Successfully migrated: /Users/simongoldman/Documents/TransparentSF_from_git/transparentSF/ai/output/dashboard/4/73.json
2025-09-11 13:01:36,129 - INFO - Successfully stored file in GCS: transparentsf/dashboard/4/24.json
2025-09-11 13:01:36,129 - INFO - Successfully migrated: /Users/simongoldman/Documents/TransparentSF_from_git/transparentSF/ai/output/dashboard/4/24.json
2025-09-11 13:01:36,405 - INFO - Successfully stored file in GCS: transparentsf/dashboard/4/72.json
2025-09-11 13:01:36,406 - INFO - Successfully migrated: /Users/simongoldman/Documents/TransparentSF_from_git/transparentSF/ai/output/dashboard/4/72.json
2025-09-11 13:01:36,680 - INFO - Successfully stored file in GCS: transparentsf/dashboard/4/29.json
2025-09-11 13:01:36,680 - INFO - Successfully migrated: /Users/simongoldman/Documents/TransparentSF_from_git/transparentSF/ai/output/dashboard/4/29.json
2025-09-11 13:01:36,987 - INFO - Successfully stored file in GCS: transparentsf/dashboard/4/3.json
2025-09-11 13:01:36,987 - INFO - Successfully migrated: /Users/simongoldman/Documents/TransparentSF_from_git/transparentSF/ai/output/dashboard/4/3.json
2025-09-11 13:01:37,340 - INFO - Successfully stored file in GCS: transparentsf/dashboard/4/63.json
2025-09-11 13:01:37,340 - INFO - Successfully migrated: /Users/simongoldman/Documents/TransparentSF_from_git/transparentSF/ai/output/dashboard/4/63.json
2025-09-11 13:01:37,626 - INFO - Successfully stored file in GCS: transparentsf/dashboard/4/8.json
2025-09-11 13:01:37,626 - INFO - Successfully migrated: /Users/simongoldman/Documents/TransparentSF_from_git/transparentSF/ai/output/dashboard/4/8.json
2025-09-11 13:01:37,902 - INFO - Successfully stored file in GCS: transparentsf/dashboard/4/22.json
2025-09-11 13:01:37,902 - INFO - Successfully migrated: /Users/simongoldman/Documents/TransparentSF_from_git/transparentSF/ai/output/dashboard/4/22.json
2025-09-11 13:01:38,240 - INFO - Successfully stored file in GCS: transparentsf/dashboard/4/18.json
2025-09-11 13:01:38,241 - INFO - Successfully migrated: /Users/simongoldman/Documents/TransparentSF_from_git/transparentSF/ai/output/dashboard/4/18.json
2025-09-11 13:01:38,522 - INFO - Successfully stored file in GCS: transparentsf/dashboard/4/38.json
2025-09-11 13:01:38,522 - INFO - Successfully migrated: /Users/simongoldman/Documents/TransparentSF_from_git/transparentSF/ai/output/dashboard/4/38.json
2025-09-11 13:01:38,800 - INFO - Successfully stored file in GCS: transparentsf/dashboard/4/4.json
2025-09-11 13:01:38,800 - INFO - Successfully migrated: /Users/simongoldman/Documents/TransparentSF_from_git/transparentSF/ai/output/dashboard/4/4.json
2025-09-11 13:01:39,084 - INFO - Successfully stored file in GCS: transparentsf/dashboard/4/14.json
2025-09-11 13:01:39,085 - INFO - Successfully migrated: /Users/simongoldman/Documents/TransparentSF_from_git/transparentSF/ai/output/dashboard/4/14.json
2025-09-11 13:01:39,359 - INFO - Successfully stored file in GCS: transparentsf/dashboard/4/15.json
2025-09-11 13:01:39,359 - INFO - Successfully migrated: /Users/simongoldman/Documents/TransparentSF_from_git/transparentSF/ai/output/dashboard/4/15.json
2025-09-11 13:01:39,673 - INFO - Successfully stored file in GCS: transparentsf/dashboard/4/19.json
2025-09-11 13:01:39,673 - INFO - Successfully migrated: /Users/simongoldman/Documents/TransparentSF_from_git/transparentSF/ai/output/dashboard/4/19.json
2025-09-11 13:01:39,996 - INFO - Successfully stored file in GCS: transparentsf/dashboard/4/23.json
2025-09-11 13:01:39,996 - INFO - Successfully migrated: /Users/simongoldman/Documents/TransparentSF_from_git/transparentSF/ai/output/dashboard/4/23.json
2025-09-11 13:01:40,301 - INFO - Successfully stored file in GCS: transparentsf/dashboard/4/9.json
2025-09-11 13:01:40,301 - INFO - Successfully migrated: /Users/simongoldman/Documents/TransparentSF_from_git/transparentSF/ai/output/dashboard/4/9.json
2025-09-11 13:01:40,595 - INFO - Successfully stored file in GCS: transparentsf/dashboard/4/35.json
2025-09-11 13:01:40,595 - INFO - Successfully migrated: /Users/simongoldman/Documents/TransparentSF_from_git/transparentSF/ai/output/dashboard/4/35.json
2025-09-11 13:01:40,965 - INFO - Successfully stored file in GCS: transparentsf/dashboard/3/top_level.json
2025-09-11 13:01:40,965 - INFO - Successfully migrated: /Users/simongoldman/Documents/TransparentSF_from_git/transparentSF/ai/output/dashboard/3/top_level.json
2025-09-11 13:01:41,239 - INFO - Successfully stored file in GCS: transparentsf/dashboard/3/16.json
2025-09-11 13:01:41,239 - INFO - Successfully migrated: /Users/simongoldman/Documents/TransparentSF_from_git/transparentSF/ai/output/dashboard/3/16.json
2025-09-11 13:01:41,510 - INFO - Successfully stored file in GCS: transparentsf/dashboard/3/17.json
2025-09-11 13:01:41,510 - INFO - Successfully migrated: /Users/simongoldman/Documents/TransparentSF_from_git/transparentSF/ai/output/dashboard/3/17.json
2025-09-11 13:01:41,792 - INFO - Successfully stored file in GCS: transparentsf/dashboard/3/40.json
2025-09-11 13:01:41,792 - INFO - Successfully migrated: /Users/simongoldman/Documents/TransparentSF_from_git/transparentSF/ai/output/dashboard/3/40.json
2025-09-11 13:01:42,060 - INFO - Successfully stored file in GCS: transparentsf/dashboard/3/71.json
2025-09-11 13:01:42,060 - INFO - Successfully migrated: /Users/simongoldman/Documents/TransparentSF_from_git/transparentSF/ai/output/dashboard/3/71.json
2025-09-11 13:01:42,334 - INFO - Successfully stored file in GCS: transparentsf/dashboard/3/30.json
2025-09-11 13:01:42,336 - INFO - Successfully migrated: /Users/simongoldman/Documents/TransparentSF_from_git/transparentSF/ai/output/dashboard/3/30.json
2025-09-11 13:01:42,677 - INFO - Successfully stored file in GCS: transparentsf/dashboard/3/70.json
2025-09-11 13:01:42,677 - INFO - Successfully migrated: /Users/simongoldman/Documents/TransparentSF_from_git/transparentSF/ai/output/dashboard/3/70.json
2025-09-11 13:01:42,950 - INFO - Successfully stored file in GCS: transparentsf/dashboard/3/1.json
2025-09-11 13:01:42,950 - INFO - Successfully migrated: /Users/simongoldman/Documents/TransparentSF_from_git/transparentSF/ai/output/dashboard/3/1.json
2025-09-11 13:01:43,224 - INFO - Successfully stored file in GCS: transparentsf/dashboard/3/2.json
2025-09-11 13:01:43,224 - INFO - Successfully migrated: /Users/simongoldman/Documents/TransparentSF_from_git/transparentSF/ai/output/dashboard/3/2.json
2025-09-11 13:01:43,505 - INFO - Successfully stored file in GCS: transparentsf/dashboard/3/12.json
2025-09-11 13:01:43,506 - INFO - Successfully migrated: /Users/simongoldman/Documents/TransparentSF_from_git/transparentSF/ai/output/dashboard/3/12.json
2025-09-11 13:01:43,782 - INFO - Successfully stored file in GCS: transparentsf/dashboard/3/73.json
2025-09-11 13:01:43,782 - INFO - Successfully migrated: /Users/simongoldman/Documents/TransparentSF_from_git/transparentSF/ai/output/dashboard/3/73.json
2025-09-11 13:01:44,064 - INFO - Successfully stored file in GCS: transparentsf/dashboard/3/24.json
2025-09-11 13:01:44,064 - INFO - Successfully migrated: /Users/simongoldman/Documents/TransparentSF_from_git/transparentSF/ai/output/dashboard/3/24.json
2025-09-11 13:01:44,345 - INFO - Successfully stored file in GCS: transparentsf/dashboard/3/72.json
2025-09-11 13:01:44,346 - INFO - Successfully migrated: /Users/simongoldman/Documents/TransparentSF_from_git/transparentSF/ai/output/dashboard/3/72.json
2025-09-11 13:01:44,620 - INFO - Successfully stored file in GCS: transparentsf/dashboard/3/29.json
2025-09-11 13:01:44,621 - INFO - Successfully migrated: /Users/simongoldman/Documents/TransparentSF_from_git/transparentSF/ai/output/dashboard/3/29.json
2025-09-11 13:01:44,898 - INFO - Successfully stored file in GCS: transparentsf/dashboard/3/3.json
2025-09-11 13:01:44,899 - INFO - Successfully migrated: /Users/simongoldman/Documents/TransparentSF_from_git/transparentSF/ai/output/dashboard/3/3.json
2025-09-11 13:01:45,176 - INFO - Successfully stored file in GCS: transparentsf/dashboard/3/34.json
2025-09-11 13:01:45,177 - INFO - Successfully migrated: /Users/simongoldman/Documents/TransparentSF_from_git/transparentSF/ai/output/dashboard/3/34.json
2025-09-11 13:01:45,461 - INFO - Successfully stored file in GCS: transparentsf/dashboard/3/63.json
2025-09-11 13:01:45,461 - INFO - Successfully migrated: /Users/simongoldman/Documents/TransparentSF_from_git/transparentSF/ai/output/dashboard/3/63.json
2025-09-11 13:01:45,729 - INFO - Successfully stored file in GCS: transparentsf/dashboard/3/8.json
2025-09-11 13:01:45,729 - INFO - Successfully migrated: /Users/simongoldman/Documents/TransparentSF_from_git/transparentSF/ai/output/dashboard/3/8.json
2025-09-11 13:01:46,017 - INFO - Successfully stored file in GCS: transparentsf/dashboard/3/22.json
2025-09-11 13:01:46,017 - INFO - Successfully migrated: /Users/simongoldman/Documents/TransparentSF_from_git/transparentSF/ai/output/dashboard/3/22.json
2025-09-11 13:01:46,310 - INFO - Successfully stored file in GCS: transparentsf/dashboard/3/18.json
2025-09-11 13:01:46,310 - INFO - Successfully migrated: /Users/simongoldman/Documents/TransparentSF_from_git/transparentSF/ai/output/dashboard/3/18.json
2025-09-11 13:01:46,590 - INFO - Successfully stored file in GCS: transparentsf/dashboard/3/38.json
2025-09-11 13:01:46,590 - INFO - Successfully migrated: /Users/simongoldman/Documents/TransparentSF_from_git/transparentSF/ai/output/dashboard/3/38.json
2025-09-11 13:01:46,879 - INFO - Successfully stored file in GCS: transparentsf/dashboard/3/4.json
2025-09-11 13:01:46,879 - INFO - Successfully migrated: /Users/simongoldman/Documents/TransparentSF_from_git/transparentSF/ai/output/dashboard/3/4.json
2025-09-11 13:01:47,150 - INFO - Successfully stored file in GCS: transparentsf/dashboard/3/14.json
2025-09-11 13:01:47,150 - INFO - Successfully migrated: /Users/simongoldman/Documents/TransparentSF_from_git/transparentSF/ai/output/dashboard/3/14.json
2025-09-11 13:01:47,420 - INFO - Successfully stored file in GCS: transparentsf/dashboard/3/15.json
2025-09-11 13:01:47,420 - INFO - Successfully migrated: /Users/simongoldman/Documents/TransparentSF_from_git/transparentSF/ai/output/dashboard/3/15.json
2025-09-11 13:01:47,712 - INFO - Successfully stored file in GCS: transparentsf/dashboard/3/19.json
2025-09-11 13:01:47,712 - INFO - Successfully migrated: /Users/simongoldman/Documents/TransparentSF_from_git/transparentSF/ai/output/dashboard/3/19.json
2025-09-11 13:01:47,987 - INFO - Successfully stored file in GCS: transparentsf/dashboard/3/23.json
2025-09-11 13:01:47,988 - INFO - Successfully migrated: /Users/simongoldman/Documents/TransparentSF_from_git/transparentSF/ai/output/dashboard/3/23.json
2025-09-11 13:01:48,291 - INFO - Successfully stored file in GCS: transparentsf/dashboard/3/9.json
2025-09-11 13:01:48,291 - INFO - Successfully migrated: /Users/simongoldman/Documents/TransparentSF_from_git/transparentSF/ai/output/dashboard/3/9.json
2025-09-11 13:01:48,586 - INFO - Successfully stored file in GCS: transparentsf/dashboard/3/35.json
2025-09-11 13:01:48,587 - INFO - Successfully migrated: /Users/simongoldman/Documents/TransparentSF_from_git/transparentSF/ai/output/dashboard/3/35.json
2025-09-11 13:01:48,913 - INFO - Successfully stored file in GCS: transparentsf/dashboard/2/top_level.json
2025-09-11 13:01:48,913 - INFO - Successfully migrated: /Users/simongoldman/Documents/TransparentSF_from_git/transparentSF/ai/output/dashboard/2/top_level.json
2025-09-11 13:01:49,193 - INFO - Successfully stored file in GCS: transparentsf/dashboard/2/16.json
2025-09-11 13:01:49,193 - INFO - Successfully migrated: /Users/simongoldman/Documents/TransparentSF_from_git/transparentSF/ai/output/dashboard/2/16.json
2025-09-11 13:01:49,472 - INFO - Successfully stored file in GCS: transparentsf/dashboard/2/17.json
2025-09-11 13:01:49,472 - INFO - Successfully migrated: /Users/simongoldman/Documents/TransparentSF_from_git/transparentSF/ai/output/dashboard/2/17.json
2025-09-11 13:01:49,743 - INFO - Successfully stored file in GCS: transparentsf/dashboard/2/40.json
2025-09-11 13:01:49,743 - INFO - Successfully migrated: /Users/simongoldman/Documents/TransparentSF_from_git/transparentSF/ai/output/dashboard/2/40.json
2025-09-11 13:01:50,055 - INFO - Successfully stored file in GCS: transparentsf/dashboard/2/71.json
2025-09-11 13:01:50,056 - INFO - Successfully migrated: /Users/simongoldman/Documents/TransparentSF_from_git/transparentSF/ai/output/dashboard/2/71.json
2025-09-11 13:01:50,425 - INFO - Successfully stored file in GCS: transparentsf/dashboard/2/30.json
2025-09-11 13:01:50,426 - INFO - Successfully migrated: /Users/simongoldman/Documents/TransparentSF_from_git/transparentSF/ai/output/dashboard/2/30.json
2025-09-11 13:01:50,737 - INFO - Successfully stored file in GCS: transparentsf/dashboard/2/70.json
2025-09-11 13:01:50,737 - INFO - Successfully migrated: /Users/simongoldman/Documents/TransparentSF_from_git/transparentSF/ai/output/dashboard/2/70.json
2025-09-11 13:01:51,022 - INFO - Successfully stored file in GCS: transparentsf/dashboard/2/1.json
2025-09-11 13:01:51,022 - INFO - Successfully migrated: /Users/simongoldman/Documents/TransparentSF_from_git/transparentSF/ai/output/dashboard/2/1.json
2025-09-11 13:01:51,310 - INFO - Successfully stored file in GCS: transparentsf/dashboard/2/2.json
2025-09-11 13:01:51,310 - INFO - Successfully migrated: /Users/simongoldman/Documents/TransparentSF_from_git/transparentSF/ai/output/dashboard/2/2.json
2025-09-11 13:01:51,586 - INFO - Successfully stored file in GCS: transparentsf/dashboard/2/12.json
2025-09-11 13:01:51,586 - INFO - Successfully migrated: /Users/simongoldman/Documents/TransparentSF_from_git/transparentSF/ai/output/dashboard/2/12.json
2025-09-11 13:01:51,878 - INFO - Successfully stored file in GCS: transparentsf/dashboard/2/73.json
2025-09-11 13:01:51,878 - INFO - Successfully migrated: /Users/simongoldman/Documents/TransparentSF_from_git/transparentSF/ai/output/dashboard/2/73.json
2025-09-11 13:01:52,279 - INFO - Successfully stored file in GCS: transparentsf/dashboard/2/24.json
2025-09-11 13:01:52,280 - INFO - Successfully migrated: /Users/simongoldman/Documents/TransparentSF_from_git/transparentSF/ai/output/dashboard/2/24.json
2025-09-11 13:01:52,611 - INFO - Successfully stored file in GCS: transparentsf/dashboard/2/72.json
2025-09-11 13:01:52,611 - INFO - Successfully migrated: /Users/simongoldman/Documents/TransparentSF_from_git/transparentSF/ai/output/dashboard/2/72.json
2025-09-11 13:01:52,987 - INFO - Successfully stored file in GCS: transparentsf/dashboard/2/29.json
2025-09-11 13:01:52,988 - INFO - Successfully migrated: /Users/simongoldman/Documents/TransparentSF_from_git/transparentSF/ai/output/dashboard/2/29.json
2025-09-11 13:01:53,283 - INFO - Successfully stored file in GCS: transparentsf/dashboard/2/3.json
2025-09-11 13:01:53,283 - INFO - Successfully migrated: /Users/simongoldman/Documents/TransparentSF_from_git/transparentSF/ai/output/dashboard/2/3.json
2025-09-11 13:01:53,562 - INFO - Successfully stored file in GCS: transparentsf/dashboard/2/34.json
2025-09-11 13:01:53,562 - INFO - Successfully migrated: /Users/simongoldman/Documents/TransparentSF_from_git/transparentSF/ai/output/dashboard/2/34.json
2025-09-11 13:01:53,835 - INFO - Successfully stored file in GCS: transparentsf/dashboard/2/63.json
2025-09-11 13:01:53,836 - INFO - Successfully migrated: /Users/simongoldman/Documents/TransparentSF_from_git/transparentSF/ai/output/dashboard/2/63.json
2025-09-11 13:01:54,137 - INFO - Successfully stored file in GCS: transparentsf/dashboard/2/8.json
2025-09-11 13:01:54,137 - INFO - Successfully migrated: /Users/simongoldman/Documents/TransparentSF_from_git/transparentSF/ai/output/dashboard/2/8.json
2025-09-11 13:01:54,419 - INFO - Successfully stored file in GCS: transparentsf/dashboard/2/22.json
2025-09-11 13:01:54,420 - INFO - Successfully migrated: /Users/simongoldman/Documents/TransparentSF_from_git/transparentSF/ai/output/dashboard/2/22.json
2025-09-11 13:01:54,705 - INFO - Successfully stored file in GCS: transparentsf/dashboard/2/18.json
2025-09-11 13:01:54,705 - INFO - Successfully migrated: /Users/simongoldman/Documents/TransparentSF_from_git/transparentSF/ai/output/dashboard/2/18.json
2025-09-11 13:01:55,035 - INFO - Successfully stored file in GCS: transparentsf/dashboard/2/38.json
2025-09-11 13:01:55,036 - INFO - Successfully migrated: /Users/simongoldman/Documents/TransparentSF_from_git/transparentSF/ai/output/dashboard/2/38.json
2025-09-11 13:01:55,354 - INFO - Successfully stored file in GCS: transparentsf/dashboard/2/4.json
2025-09-11 13:01:55,355 - INFO - Successfully migrated: /Users/simongoldman/Documents/TransparentSF_from_git/transparentSF/ai/output/dashboard/2/4.json
2025-09-11 13:01:55,648 - INFO - Successfully stored file in GCS: transparentsf/dashboard/2/14.json
2025-09-11 13:01:55,648 - INFO - Successfully migrated: /Users/simongoldman/Documents/TransparentSF_from_git/transparentSF/ai/output/dashboard/2/14.json
2025-09-11 13:01:55,926 - INFO - Successfully stored file in GCS: transparentsf/dashboard/2/15.json
2025-09-11 13:01:55,926 - INFO - Successfully migrated: /Users/simongoldman/Documents/TransparentSF_from_git/transparentSF/ai/output/dashboard/2/15.json
2025-09-11 13:01:56,266 - INFO - Successfully stored file in GCS: transparentsf/dashboard/2/19.json
2025-09-11 13:01:56,266 - INFO - Successfully migrated: /Users/simongoldman/Documents/TransparentSF_from_git/transparentSF/ai/output/dashboard/2/19.json
2025-09-11 13:01:56,542 - INFO - Successfully stored file in GCS: transparentsf/dashboard/2/23.json
2025-09-11 13:01:56,542 - INFO - Successfully migrated: /Users/simongoldman/Documents/TransparentSF_from_git/transparentSF/ai/output/dashboard/2/23.json
2025-09-11 13:01:56,830 - INFO - Successfully stored file in GCS: transparentsf/dashboard/2/9.json
2025-09-11 13:01:56,830 - INFO - Successfully migrated: /Users/simongoldman/Documents/TransparentSF_from_git/transparentSF/ai/output/dashboard/2/9.json
2025-09-11 13:01:57,113 - INFO - Successfully stored file in GCS: transparentsf/dashboard/2/35.json
2025-09-11 13:01:57,113 - INFO - Successfully migrated: /Users/simongoldman/Documents/TransparentSF_from_git/transparentSF/ai/output/dashboard/2/35.json
2025-09-11 13:01:57,440 - INFO - Successfully stored file in GCS: transparentsf/dashboard/5/top_level.json
2025-09-11 13:01:57,440 - INFO - Successfully migrated: /Users/simongoldman/Documents/TransparentSF_from_git/transparentSF/ai/output/dashboard/5/top_level.json
2025-09-11 13:01:57,790 - INFO - Successfully stored file in GCS: transparentsf/dashboard/5/16.json
2025-09-11 13:01:57,790 - INFO - Successfully migrated: /Users/simongoldman/Documents/TransparentSF_from_git/transparentSF/ai/output/dashboard/5/16.json
2025-09-11 13:01:58,076 - INFO - Successfully stored file in GCS: transparentsf/dashboard/5/17.json
2025-09-11 13:01:58,076 - INFO - Successfully migrated: /Users/simongoldman/Documents/TransparentSF_from_git/transparentSF/ai/output/dashboard/5/17.json
2025-09-11 13:01:58,348 - INFO - Successfully stored file in GCS: transparentsf/dashboard/5/40.json
2025-09-11 13:01:58,348 - INFO - Successfully migrated: /Users/simongoldman/Documents/TransparentSF_from_git/transparentSF/ai/output/dashboard/5/40.json
2025-09-11 13:01:58,612 - INFO - Successfully stored file in GCS: transparentsf/dashboard/5/71.json
2025-09-11 13:01:58,612 - INFO - Successfully migrated: /Users/simongoldman/Documents/TransparentSF_from_git/transparentSF/ai/output/dashboard/5/71.json
2025-09-11 13:01:58,887 - INFO - Successfully stored file in GCS: transparentsf/dashboard/5/30.json
2025-09-11 13:01:58,887 - INFO - Successfully migrated: /Users/simongoldman/Documents/TransparentSF_from_git/transparentSF/ai/output/dashboard/5/30.json
2025-09-11 13:01:59,153 - INFO - Successfully stored file in GCS: transparentsf/dashboard/5/70.json
2025-09-11 13:01:59,154 - INFO - Successfully migrated: /Users/simongoldman/Documents/TransparentSF_from_git/transparentSF/ai/output/dashboard/5/70.json
2025-09-11 13:01:59,424 - INFO - Successfully stored file in GCS: transparentsf/dashboard/5/1.json
2025-09-11 13:01:59,424 - INFO - Successfully migrated: /Users/simongoldman/Documents/TransparentSF_from_git/transparentSF/ai/output/dashboard/5/1.json
2025-09-11 13:01:59,702 - INFO - Successfully stored file in GCS: transparentsf/dashboard/5/2.json
2025-09-11 13:01:59,702 - INFO - Successfully migrated: /Users/simongoldman/Documents/TransparentSF_from_git/transparentSF/ai/output/dashboard/5/2.json
2025-09-11 13:01:59,987 - INFO - Successfully stored file in GCS: transparentsf/dashboard/5/12.json
2025-09-11 13:01:59,988 - INFO - Successfully migrated: /Users/simongoldman/Documents/TransparentSF_from_git/transparentSF/ai/output/dashboard/5/12.json
2025-09-11 13:02:00,345 - INFO - Successfully stored file in GCS: transparentsf/dashboard/5/73.json
2025-09-11 13:02:00,345 - INFO - Successfully migrated: /Users/simongoldman/Documents/TransparentSF_from_git/transparentSF/ai/output/dashboard/5/73.json
2025-09-11 13:02:00,635 - INFO - Successfully stored file in GCS: transparentsf/dashboard/5/24.json
2025-09-11 13:02:00,636 - INFO - Successfully migrated: /Users/simongoldman/Documents/TransparentSF_from_git/transparentSF/ai/output/dashboard/5/24.json
2025-09-11 13:02:00,975 - INFO - Successfully stored file in GCS: transparentsf/dashboard/5/72.json
2025-09-11 13:02:00,976 - INFO - Successfully migrated: /Users/simongoldman/Documents/TransparentSF_from_git/transparentSF/ai/output/dashboard/5/72.json
2025-09-11 13:02:01,260 - INFO - Successfully stored file in GCS: transparentsf/dashboard/5/29.json
2025-09-11 13:02:01,261 - INFO - Successfully migrated: /Users/simongoldman/Documents/TransparentSF_from_git/transparentSF/ai/output/dashboard/5/29.json
2025-09-11 13:02:01,537 - INFO - Successfully stored file in GCS: transparentsf/dashboard/5/3.json
2025-09-11 13:02:01,537 - INFO - Successfully migrated: /Users/simongoldman/Documents/TransparentSF_from_git/transparentSF/ai/output/dashboard/5/3.json
2025-09-11 13:02:01,822 - INFO - Successfully stored file in GCS: transparentsf/dashboard/5/34.json
2025-09-11 13:02:01,822 - INFO - Successfully migrated: /Users/simongoldman/Documents/TransparentSF_from_git/transparentSF/ai/output/dashboard/5/34.json
2025-09-11 13:02:02,157 - INFO - Successfully stored file in GCS: transparentsf/dashboard/5/63.json
2025-09-11 13:02:02,157 - INFO - Successfully migrated: /Users/simongoldman/Documents/TransparentSF_from_git/transparentSF/ai/output/dashboard/5/63.json
2025-09-11 13:02:02,509 - INFO - Successfully stored file in GCS: transparentsf/dashboard/5/8.json
2025-09-11 13:02:02,509 - INFO - Successfully migrated: /Users/simongoldman/Documents/TransparentSF_from_git/transparentSF/ai/output/dashboard/5/8.json
2025-09-11 13:02:02,784 - INFO - Successfully stored file in GCS: transparentsf/dashboard/5/22.json
2025-09-11 13:02:02,784 - INFO - Successfully migrated: /Users/simongoldman/Documents/TransparentSF_from_git/transparentSF/ai/output/dashboard/5/22.json
2025-09-11 13:02:03,058 - INFO - Successfully stored file in GCS: transparentsf/dashboard/5/18.json
2025-09-11 13:02:03,058 - INFO - Successfully migrated: /Users/simongoldman/Documents/TransparentSF_from_git/transparentSF/ai/output/dashboard/5/18.json
2025-09-11 13:02:03,345 - INFO - Successfully stored file in GCS: transparentsf/dashboard/5/38.json
2025-09-11 13:02:03,345 - INFO - Successfully migrated: /Users/simongoldman/Documents/TransparentSF_from_git/transparentSF/ai/output/dashboard/5/38.json
2025-09-11 13:02:03,625 - INFO - Successfully stored file in GCS: transparentsf/dashboard/5/4.json
2025-09-11 13:02:03,625 - INFO - Successfully migrated: /Users/simongoldman/Documents/TransparentSF_from_git/transparentSF/ai/output/dashboard/5/4.json
2025-09-11 13:02:03,908 - INFO - Successfully stored file in GCS: transparentsf/dashboard/5/14.json
2025-09-11 13:02:03,908 - INFO - Successfully migrated: /Users/simongoldman/Documents/TransparentSF_from_git/transparentSF/ai/output/dashboard/5/14.json
2025-09-11 13:02:04,188 - INFO - Successfully stored file in GCS: transparentsf/dashboard/5/15.json
2025-09-11 13:02:04,188 - INFO - Successfully migrated: /Users/simongoldman/Documents/TransparentSF_from_git/transparentSF/ai/output/dashboard/5/15.json
2025-09-11 13:02:04,558 - INFO - Successfully stored file in GCS: transparentsf/dashboard/5/19.json
2025-09-11 13:02:04,558 - INFO - Successfully migrated: /Users/simongoldman/Documents/TransparentSF_from_git/transparentSF/ai/output/dashboard/5/19.json
2025-09-11 13:02:04,830 - INFO - Successfully stored file in GCS: transparentsf/dashboard/5/23.json
2025-09-11 13:02:04,830 - INFO - Successfully migrated: /Users/simongoldman/Documents/TransparentSF_from_git/transparentSF/ai/output/dashboard/5/23.json
2025-09-11 13:02:05,107 - INFO - Successfully stored file in GCS: transparentsf/dashboard/5/9.json
2025-09-11 13:02:05,107 - INFO - Successfully migrated: /Users/simongoldman/Documents/TransparentSF_from_git/transparentSF/ai/output/dashboard/5/9.json
2025-09-11 13:02:05,481 - INFO - Successfully stored file in GCS: transparentsf/dashboard/5/35.json
2025-09-11 13:02:05,482 - INFO - Successfully migrated: /Users/simongoldman/Documents/TransparentSF_from_git/transparentSF/ai/output/dashboard/5/35.json
2025-09-11 13:02:05,482 - INFO - Migrating monthly files...
2025-09-11 13:02:05,769 - INFO - Successfully stored file in GCS: transparentsf/monthly/9.00000/19.json
2025-09-11 13:02:05,770 - INFO - Successfully migrated: /Users/simongoldman/Documents/TransparentSF_from_git/transparentSF/ai/output/monthly/9.00000/19.md
2025-09-11 13:02:06,098 - INFO - Successfully stored file in GCS: transparentsf/monthly/9.00000/30.json
2025-09-11 13:02:06,098 - INFO - Successfully migrated: /Users/simongoldman/Documents/TransparentSF_from_git/transparentSF/ai/output/monthly/9.00000/30.md
2025-09-11 13:02:06,423 - INFO - Successfully stored file in GCS: transparentsf/monthly/11.00000/19.json
2025-09-11 13:02:06,423 - INFO - Successfully migrated: /Users/simongoldman/Documents/TransparentSF_from_git/transparentSF/ai/output/monthly/11.00000/19.md
2025-09-11 13:02:06,699 - INFO - Successfully stored file in GCS: transparentsf/monthly/11.00000/30.json
2025-09-11 13:02:06,699 - INFO - Successfully migrated: /Users/simongoldman/Documents/TransparentSF_from_git/transparentSF/ai/output/monthly/11.00000/30.md
2025-09-11 13:02:07,017 - INFO - Successfully stored file in GCS: transparentsf/monthly/1.0/19.json
2025-09-11 13:02:07,017 - INFO - Successfully migrated: /Users/simongoldman/Documents/TransparentSF_from_git/transparentSF/ai/output/monthly/1.0/19.md
2025-09-11 13:02:07,289 - INFO - Successfully stored file in GCS: transparentsf/monthly/1.0/30.json
2025-09-11 13:02:07,289 - INFO - Successfully migrated: /Users/simongoldman/Documents/TransparentSF_from_git/transparentSF/ai/output/monthly/1.0/30.md
2025-09-11 13:02:07,629 - INFO - Successfully stored file in GCS: transparentsf/monthly/5.0/19.json
2025-09-11 13:02:07,630 - INFO - Successfully migrated: /Users/simongoldman/Documents/TransparentSF_from_git/transparentSF/ai/output/monthly/5.0/19.md
2025-09-11 13:02:07,939 - INFO - Successfully stored file in GCS: transparentsf/monthly/5.0/30.json
2025-09-11 13:02:07,939 - INFO - Successfully migrated: /Users/simongoldman/Documents/TransparentSF_from_git/transparentSF/ai/output/monthly/5.0/30.md
2025-09-11 13:02:08,219 - INFO - Successfully stored file in GCS: transparentsf/monthly/10.0/19.json
2025-09-11 13:02:08,219 - INFO - Successfully migrated: /Users/simongoldman/Documents/TransparentSF_from_git/transparentSF/ai/output/monthly/10.0/19.md
2025-09-11 13:02:08,511 - INFO - Successfully stored file in GCS: transparentsf/monthly/10.0/30.json
2025-09-11 13:02:08,512 - INFO - Successfully migrated: /Users/simongoldman/Documents/TransparentSF_from_git/transparentSF/ai/output/monthly/10.0/30.md
2025-09-11 13:02:08,806 - INFO - Successfully stored file in GCS: transparentsf/monthly/8.00000/19.json
2025-09-11 13:02:08,806 - INFO - Successfully migrated: /Users/simongoldman/Documents/TransparentSF_from_git/transparentSF/ai/output/monthly/8.00000/19.md
2025-09-11 13:02:09,087 - INFO - Successfully stored file in GCS: transparentsf/monthly/8.00000/30.json
2025-09-11 13:02:09,087 - INFO - Successfully migrated: /Users/simongoldman/Documents/TransparentSF_from_git/transparentSF/ai/output/monthly/8.00000/30.md
2025-09-11 13:02:09,473 - INFO - Successfully stored file in GCS: transparentsf/monthly/8.0/19.json
2025-09-11 13:02:09,473 - INFO - Successfully migrated: /Users/simongoldman/Documents/TransparentSF_from_git/transparentSF/ai/output/monthly/8.0/19.md
2025-09-11 13:02:09,781 - INFO - Successfully stored file in GCS: transparentsf/monthly/8.0/30.json
2025-09-11 13:02:09,781 - INFO - Successfully migrated: /Users/simongoldman/Documents/TransparentSF_from_git/transparentSF/ai/output/monthly/8.0/30.md
2025-09-11 13:02:10,117 - INFO - Successfully stored file in GCS: transparentsf/monthly/9/69.json
2025-09-11 13:02:10,117 - INFO - Successfully migrated: /Users/simongoldman/Documents/TransparentSF_from_git/transparentSF/ai/output/monthly/9/69.md
2025-09-11 13:02:10,499 - INFO - Successfully stored file in GCS: transparentsf/monthly/9/38.json
2025-09-11 13:02:10,499 - INFO - Successfully migrated: /Users/simongoldman/Documents/TransparentSF_from_git/transparentSF/ai/output/monthly/9/38.md
2025-09-11 13:02:10,777 - INFO - Successfully stored file in GCS: transparentsf/monthly/9/18.json
2025-09-11 13:02:10,778 - INFO - Successfully migrated: /Users/simongoldman/Documents/TransparentSF_from_git/transparentSF/ai/output/monthly/9/18.md
2025-09-11 13:02:11,048 - INFO - Successfully stored file in GCS: transparentsf/monthly/9/1.json
2025-09-11 13:02:11,049 - INFO - Successfully migrated: /Users/simongoldman/Documents/TransparentSF_from_git/transparentSF/ai/output/monthly/9/1.md
2025-09-11 13:02:11,418 - INFO - Successfully stored file in GCS: transparentsf/monthly/9/19.json
2025-09-11 13:02:11,418 - INFO - Successfully migrated: /Users/simongoldman/Documents/TransparentSF_from_git/transparentSF/ai/output/monthly/9/19.md
2025-09-11 13:02:11,693 - INFO - Successfully stored file in GCS: transparentsf/monthly/9/29.json
2025-09-11 13:02:11,693 - INFO - Successfully migrated: /Users/simongoldman/Documents/TransparentSF_from_git/transparentSF/ai/output/monthly/9/29.md
2025-09-11 13:02:12,033 - INFO - Successfully stored file in GCS: transparentsf/monthly/9/4.json
2025-09-11 13:02:12,033 - INFO - Successfully migrated: /Users/simongoldman/Documents/TransparentSF_from_git/transparentSF/ai/output/monthly/9/4.md
2025-09-11 13:02:12,315 - INFO - Successfully stored file in GCS: transparentsf/monthly/9/16.json
2025-09-11 13:02:12,315 - INFO - Successfully migrated: /Users/simongoldman/Documents/TransparentSF_from_git/transparentSF/ai/output/monthly/9/16.md
2025-09-11 13:02:12,610 - INFO - Successfully stored file in GCS: transparentsf/monthly/9/22.json
2025-09-11 13:02:12,610 - INFO - Successfully migrated: /Users/simongoldman/Documents/TransparentSF_from_git/transparentSF/ai/output/monthly/9/22.md
2025-09-11 13:02:12,954 - INFO - Successfully stored file in GCS: transparentsf/monthly/9/12.json
2025-09-11 13:02:12,954 - INFO - Successfully migrated: /Users/simongoldman/Documents/TransparentSF_from_git/transparentSF/ai/output/monthly/9/12.md
2025-09-11 13:02:13,235 - INFO - Successfully stored file in GCS: transparentsf/monthly/9/17.json
2025-09-11 13:02:13,235 - INFO - Successfully migrated: /Users/simongoldman/Documents/TransparentSF_from_git/transparentSF/ai/output/monthly/9/17.md
2025-09-11 13:02:13,521 - INFO - Successfully stored file in GCS: transparentsf/monthly/9/23.json
2025-09-11 13:02:13,521 - INFO - Successfully migrated: /Users/simongoldman/Documents/TransparentSF_from_git/transparentSF/ai/output/monthly/9/23.md
2025-09-11 13:02:13,793 - INFO - Successfully stored file in GCS: transparentsf/monthly/9/72.json
2025-09-11 13:02:13,793 - INFO - Successfully migrated: /Users/simongoldman/Documents/TransparentSF_from_git/transparentSF/ai/output/monthly/9/72.md
2025-09-11 13:02:14,067 - INFO - Successfully stored file in GCS: transparentsf/monthly/9/24.json
2025-09-11 13:02:14,067 - INFO - Successfully migrated: /Users/simongoldman/Documents/TransparentSF_from_git/transparentSF/ai/output/monthly/9/24.md
2025-09-11 13:02:14,399 - INFO - Successfully stored file in GCS: transparentsf/monthly/9/9.json
2025-09-11 13:02:14,399 - INFO - Successfully migrated: /Users/simongoldman/Documents/TransparentSF_from_git/transparentSF/ai/output/monthly/9/9.md
2025-09-11 13:02:14,669 - INFO - Successfully stored file in GCS: transparentsf/monthly/9/34.json
2025-09-11 13:02:14,669 - INFO - Successfully migrated: /Users/simongoldman/Documents/TransparentSF_from_git/transparentSF/ai/output/monthly/9/34.md
2025-09-11 13:02:15,006 - INFO - Successfully stored file in GCS: transparentsf/monthly/9/14.json
2025-09-11 13:02:15,006 - INFO - Successfully migrated: /Users/simongoldman/Documents/TransparentSF_from_git/transparentSF/ai/output/monthly/9/14.md
2025-09-11 13:02:15,288 - INFO - Successfully stored file in GCS: transparentsf/monthly/9/71.json
2025-09-11 13:02:15,288 - INFO - Successfully migrated: /Users/simongoldman/Documents/TransparentSF_from_git/transparentSF/ai/output/monthly/9/71.md
2025-09-11 13:02:15,579 - INFO - Successfully stored file in GCS: transparentsf/monthly/9/30.json
2025-09-11 13:02:15,579 - INFO - Successfully migrated: /Users/simongoldman/Documents/TransparentSF_from_git/transparentSF/ai/output/monthly/9/30.md
2025-09-11 13:02:15,864 - INFO - Successfully stored file in GCS: transparentsf/monthly/9/15.json
2025-09-11 13:02:15,864 - INFO - Successfully migrated: /Users/simongoldman/Documents/TransparentSF_from_git/transparentSF/ai/output/monthly/9/15.md
2025-09-11 13:02:16,246 - INFO - Successfully stored file in GCS: transparentsf/monthly/9/40.json
2025-09-11 13:02:16,247 - INFO - Successfully migrated: /Users/simongoldman/Documents/TransparentSF_from_git/transparentSF/ai/output/monthly/9/40.md
2025-09-11 13:02:16,539 - INFO - Successfully stored file in GCS: transparentsf/monthly/9/8.json
2025-09-11 13:02:16,539 - INFO - Successfully migrated: /Users/simongoldman/Documents/TransparentSF_from_git/transparentSF/ai/output/monthly/9/8.md
2025-09-11 13:02:16,808 - INFO - Successfully stored file in GCS: transparentsf/monthly/9/35.json
2025-09-11 13:02:16,808 - INFO - Successfully migrated: /Users/simongoldman/Documents/TransparentSF_from_git/transparentSF/ai/output/monthly/9/35.md
2025-09-11 13:02:17,089 - INFO - Successfully stored file in GCS: transparentsf/monthly/9/3.json
2025-09-11 13:02:17,089 - INFO - Successfully migrated: /Users/simongoldman/Documents/TransparentSF_from_git/transparentSF/ai/output/monthly/9/3.md
2025-09-11 13:02:17,384 - INFO - Successfully stored file in GCS: transparentsf/monthly/9/2.json
2025-09-11 13:02:17,385 - INFO - Successfully migrated: /Users/simongoldman/Documents/TransparentSF_from_git/transparentSF/ai/output/monthly/9/2.md
2025-09-11 13:02:17,665 - INFO - Successfully stored file in GCS: transparentsf/monthly/0/5.json
2025-09-11 13:02:17,665 - INFO - Successfully migrated: /Users/simongoldman/Documents/TransparentSF_from_git/transparentSF/ai/output/monthly/0/5.md
2025-09-11 13:02:17,980 - INFO - Successfully stored file in GCS: transparentsf/monthly/0/69.json
2025-09-11 13:02:17,981 - INFO - Successfully migrated: /Users/simongoldman/Documents/TransparentSF_from_git/transparentSF/ai/output/monthly/0/69.md
2025-09-11 13:02:18,262 - INFO - Successfully stored file in GCS: transparentsf/monthly/0/38.json
2025-09-11 13:02:18,262 - INFO - Successfully migrated: /Users/simongoldman/Documents/TransparentSF_from_git/transparentSF/ai/output/monthly/0/38.md
2025-09-11 13:02:18,536 - INFO - Successfully stored file in GCS: transparentsf/monthly/0/18.json
2025-09-11 13:02:18,537 - INFO - Successfully migrated: /Users/simongoldman/Documents/TransparentSF_from_git/transparentSF/ai/output/monthly/0/18.md
2025-09-11 13:02:18,825 - INFO - Successfully stored file in GCS: transparentsf/monthly/0/49.json
2025-09-11 13:02:18,825 - INFO - Successfully migrated: /Users/simongoldman/Documents/TransparentSF_from_git/transparentSF/ai/output/monthly/0/49.md
2025-09-11 13:02:19,111 - INFO - Successfully stored file in GCS: transparentsf/monthly/0/1.json
2025-09-11 13:02:19,111 - INFO - Successfully migrated: /Users/simongoldman/Documents/TransparentSF_from_git/transparentSF/ai/output/monthly/0/1.md
2025-09-11 13:02:19,397 - INFO - Successfully stored file in GCS: transparentsf/monthly/0/19.json
2025-09-11 13:02:19,397 - INFO - Successfully migrated: /Users/simongoldman/Documents/TransparentSF_from_git/transparentSF/ai/output/monthly/0/19.md
2025-09-11 13:02:19,674 - INFO - Successfully stored file in GCS: transparentsf/monthly/0/48.json
2025-09-11 13:02:19,674 - INFO - Successfully migrated: /Users/simongoldman/Documents/TransparentSF_from_git/transparentSF/ai/output/monthly/0/48.md
2025-09-11 13:02:19,957 - INFO - Successfully stored file in GCS: transparentsf/monthly/0/58.json
2025-09-11 13:02:19,957 - INFO - Successfully migrated: /Users/simongoldman/Documents/TransparentSF_from_git/transparentSF/ai/output/monthly/0/58.md
2025-09-11 13:02:20,329 - INFO - Successfully stored file in GCS: transparentsf/monthly/0/29.json
2025-09-11 13:02:20,330 - INFO - Successfully migrated: /Users/simongoldman/Documents/TransparentSF_from_git/transparentSF/ai/output/monthly/0/29.md
2025-09-11 13:02:20,611 - INFO - Successfully stored file in GCS: transparentsf/monthly/0/4.json
2025-09-11 13:02:20,611 - INFO - Successfully migrated: /Users/simongoldman/Documents/TransparentSF_from_git/transparentSF/ai/output/monthly/0/4.md
2025-09-11 13:02:20,889 - INFO - Successfully stored file in GCS: transparentsf/monthly/0/47.json
2025-09-11 13:02:20,889 - INFO - Successfully migrated: /Users/simongoldman/Documents/TransparentSF_from_git/transparentSF/ai/output/monthly/0/47.md
2025-09-11 13:02:21,175 - INFO - Successfully stored file in GCS: transparentsf/monthly/0/16.json
2025-09-11 13:02:21,175 - INFO - Successfully migrated: /Users/simongoldman/Documents/TransparentSF_from_git/transparentSF/ai/output/monthly/0/16.md
2025-09-11 13:02:21,444 - INFO - Successfully stored file in GCS: transparentsf/monthly/0/22.json
2025-09-11 13:02:21,444 - INFO - Successfully migrated: /Users/simongoldman/Documents/TransparentSF_from_git/transparentSF/ai/output/monthly/0/22.md
2025-09-11 13:02:21,727 - INFO - Successfully stored file in GCS: transparentsf/monthly/0/63.json
2025-09-11 13:02:21,727 - INFO - Successfully migrated: /Users/simongoldman/Documents/TransparentSF_from_git/transparentSF/ai/output/monthly/0/63.md
2025-09-11 13:02:22,078 - INFO - Successfully stored file in GCS: transparentsf/monthly/0/32.json
2025-09-11 13:02:22,078 - INFO - Successfully migrated: /Users/simongoldman/Documents/TransparentSF_from_git/transparentSF/ai/output/monthly/0/32.md
2025-09-11 13:02:22,354 - INFO - Successfully stored file in GCS: transparentsf/monthly/0/12.json
2025-09-11 13:02:22,354 - INFO - Successfully migrated: /Users/simongoldman/Documents/TransparentSF_from_git/transparentSF/ai/output/monthly/0/12.md
2025-09-11 13:02:22,638 - INFO - Successfully stored file in GCS: transparentsf/monthly/0/43.json
2025-09-11 13:02:22,638 - INFO - Successfully migrated: /Users/simongoldman/Documents/TransparentSF_from_git/transparentSF/ai/output/monthly/0/43.md
2025-09-11 13:02:22,905 - INFO - Successfully stored file in GCS: transparentsf/monthly/0/53.json
2025-09-11 13:02:22,905 - INFO - Successfully migrated: /Users/simongoldman/Documents/TransparentSF_from_git/transparentSF/ai/output/monthly/0/53.md
2025-09-11 13:02:23,198 - INFO - Successfully stored file in GCS: transparentsf/monthly/0/13.json
2025-09-11 13:02:23,198 - INFO - Successfully migrated: /Users/simongoldman/Documents/TransparentSF_from_git/transparentSF/ai/output/monthly/0/13.md
2025-09-11 13:02:23,491 - INFO - Successfully stored file in GCS: transparentsf/monthly/0/52.json
2025-09-11 13:02:23,491 - INFO - Successfully migrated: /Users/simongoldman/Documents/TransparentSF_from_git/transparentSF/ai/output/monthly/0/52.md
2025-09-11 13:02:23,770 - INFO - Successfully stored file in GCS: transparentsf/monthly/0/66.json
2025-09-11 13:02:23,770 - INFO - Successfully migrated: /Users/simongoldman/Documents/TransparentSF_from_git/transparentSF/ai/output/monthly/0/66.md
2025-09-11 13:02:24,055 - INFO - Successfully stored file in GCS: transparentsf/monthly/0/46.json
2025-09-11 13:02:24,056 - INFO - Successfully migrated: /Users/simongoldman/Documents/TransparentSF_from_git/transparentSF/ai/output/monthly/0/46.md
2025-09-11 13:02:24,425 - INFO - Successfully stored file in GCS: transparentsf/monthly/0/17.json
2025-09-11 13:02:24,425 - INFO - Successfully migrated: /Users/simongoldman/Documents/TransparentSF_from_git/transparentSF/ai/output/monthly/0/17.md
2025-09-11 13:02:24,707 - INFO - Successfully stored file in GCS: transparentsf/monthly/0/23.json
2025-09-11 13:02:24,708 - INFO - Successfully migrated: /Users/simongoldman/Documents/TransparentSF_from_git/transparentSF/ai/output/monthly/0/23.md
2025-09-11 13:02:25,039 - INFO - Successfully stored file in GCS: transparentsf/monthly/0/72.json
2025-09-11 13:02:25,039 - INFO - Successfully migrated: /Users/simongoldman/Documents/TransparentSF_from_git/transparentSF/ai/output/monthly/0/72.md
2025-09-11 13:02:25,313 - INFO - Successfully stored file in GCS: transparentsf/monthly/0/33.json
2025-09-11 13:02:25,313 - INFO - Successfully migrated: /Users/simongoldman/Documents/TransparentSF_from_git/transparentSF/ai/output/monthly/0/33.md
2025-09-11 13:02:25,654 - INFO - Successfully stored file in GCS: transparentsf/monthly/0/24.json
2025-09-11 13:02:25,654 - INFO - Successfully migrated: /Users/simongoldman/Documents/TransparentSF_from_git/transparentSF/ai/output/monthly/0/24.md
2025-09-11 13:02:25,934 - INFO - Successfully stored file in GCS: transparentsf/monthly/0/41.json
2025-09-11 13:02:25,935 - INFO - Successfully migrated: /Users/simongoldman/Documents/TransparentSF_from_git/transparentSF/ai/output/monthly/0/41.md
2025-09-11 13:02:26,270 - INFO - Successfully stored file in GCS: transparentsf/monthly/0/10.json
2025-09-11 13:02:26,270 - INFO - Successfully migrated: /Users/simongoldman/Documents/TransparentSF_from_git/transparentSF/ai/output/monthly/0/10.md
2025-09-11 13:02:26,606 - INFO - Successfully stored file in GCS: transparentsf/monthly/0/51.json
2025-09-11 13:02:26,606 - INFO - Successfully migrated: /Users/simongoldman/Documents/TransparentSF_from_git/transparentSF/ai/output/monthly/0/51.md
2025-09-11 13:02:26,989 - INFO - Successfully stored file in GCS: transparentsf/monthly/0/9.json
2025-09-11 13:02:26,989 - INFO - Successfully migrated: /Users/simongoldman/Documents/TransparentSF_from_git/transparentSF/ai/output/monthly/0/9.md
2025-09-11 13:02:27,273 - INFO - Successfully stored file in GCS: transparentsf/monthly/0/34.json
2025-09-11 13:02:27,273 - INFO - Successfully migrated: /Users/simongoldman/Documents/TransparentSF_from_git/transparentSF/ai/output/monthly/0/34.md
2025-09-11 13:02:27,597 - INFO - Successfully stored file in GCS: transparentsf/monthly/0/14.json
2025-09-11 13:02:27,597 - INFO - Successfully migrated: /Users/simongoldman/Documents/TransparentSF_from_git/transparentSF/ai/output/monthly/0/14.md
2025-09-11 13:02:27,871 - INFO - Successfully stored file in GCS: transparentsf/monthly/0/45.json
2025-09-11 13:02:27,871 - INFO - Successfully migrated: /Users/simongoldman/Documents/TransparentSF_from_git/transparentSF/ai/output/monthly/0/45.md
2025-09-11 13:02:28,148 - INFO - Successfully stored file in GCS: transparentsf/monthly/0/71.json
2025-09-11 13:02:28,149 - INFO - Successfully migrated: /Users/simongoldman/Documents/TransparentSF_from_git/transparentSF/ai/output/monthly/0/71.md
2025-09-11 13:02:28,463 - INFO - Successfully stored file in GCS: transparentsf/monthly/0/30.json
2025-09-11 13:02:28,463 - INFO - Successfully migrated: /Users/simongoldman/Documents/TransparentSF_from_git/transparentSF/ai/output/monthly/0/30.md
2025-09-11 13:02:28,738 - INFO - Successfully stored file in GCS: transparentsf/monthly/0/15.json
2025-09-11 13:02:28,738 - INFO - Successfully migrated: /Users/simongoldman/Documents/TransparentSF_from_git/transparentSF/ai/output/monthly/0/15.md
2025-09-11 13:02:29,031 - INFO - Successfully stored file in GCS: transparentsf/monthly/0/44.json
2025-09-11 13:02:29,031 - INFO - Successfully migrated: /Users/simongoldman/Documents/TransparentSF_from_git/transparentSF/ai/output/monthly/0/44.md
2025-09-11 13:02:29,320 - INFO - Successfully stored file in GCS: transparentsf/monthly/0/31.json
2025-09-11 13:02:29,320 - INFO - Successfully migrated: /Users/simongoldman/Documents/TransparentSF_from_git/transparentSF/ai/output/monthly/0/31.md
2025-09-11 13:02:29,594 - INFO - Successfully stored file in GCS: transparentsf/monthly/0/40.json
2025-09-11 13:02:29,594 - INFO - Successfully migrated: /Users/simongoldman/Documents/TransparentSF_from_git/transparentSF/ai/output/monthly/0/40.md
2025-09-11 13:02:29,955 - INFO - Successfully stored file in GCS: transparentsf/monthly/0/50.json
2025-09-11 13:02:29,955 - INFO - Successfully migrated: /Users/simongoldman/Documents/TransparentSF_from_git/transparentSF/ai/output/monthly/0/50.md
2025-09-11 13:02:30,225 - INFO - Successfully stored file in GCS: transparentsf/monthly/0/8.json
2025-09-11 13:02:30,225 - INFO - Successfully migrated: /Users/simongoldman/Documents/TransparentSF_from_git/transparentSF/ai/output/monthly/0/8.md
2025-09-11 13:02:30,571 - INFO - Successfully stored file in GCS: transparentsf/monthly/0/35.json
2025-09-11 13:02:30,571 - INFO - Successfully migrated: /Users/simongoldman/Documents/TransparentSF_from_git/transparentSF/ai/output/monthly/0/35.md
2025-09-11 13:02:30,852 - INFO - Successfully stored file in GCS: transparentsf/monthly/0/3.json
2025-09-11 13:02:30,853 - INFO - Successfully migrated: /Users/simongoldman/Documents/TransparentSF_from_git/transparentSF/ai/output/monthly/0/3.md
2025-09-11 13:02:31,128 - INFO - Successfully stored file in GCS: transparentsf/monthly/0/7.json
2025-09-11 13:02:31,128 - INFO - Successfully migrated: /Users/simongoldman/Documents/TransparentSF_from_git/transparentSF/ai/output/monthly/0/7.md
2025-09-11 13:02:31,490 - INFO - Successfully stored file in GCS: transparentsf/monthly/0/6.json
2025-09-11 13:02:31,490 - INFO - Successfully migrated: /Users/simongoldman/Documents/TransparentSF_from_git/transparentSF/ai/output/monthly/0/6.md
2025-09-11 13:02:31,773 - INFO - Successfully stored file in GCS: transparentsf/monthly/0/2.json
2025-09-11 13:02:31,773 - INFO - Successfully migrated: /Users/simongoldman/Documents/TransparentSF_from_git/transparentSF/ai/output/monthly/0/2.md
2025-09-11 13:02:32,105 - INFO - Successfully stored file in GCS: transparentsf/monthly/2.0/19.json
2025-09-11 13:02:32,105 - INFO - Successfully migrated: /Users/simongoldman/Documents/TransparentSF_from_git/transparentSF/ai/output/monthly/2.0/19.md
2025-09-11 13:02:32,383 - INFO - Successfully stored file in GCS: transparentsf/monthly/2.0/30.json
2025-09-11 13:02:32,383 - INFO - Successfully migrated: /Users/simongoldman/Documents/TransparentSF_from_git/transparentSF/ai/output/monthly/2.0/30.md
2025-09-11 13:02:32,644 - INFO - Successfully stored file in GCS: transparentsf/monthly/11/69.json
2025-09-11 13:02:32,644 - INFO - Successfully migrated: /Users/simongoldman/Documents/TransparentSF_from_git/transparentSF/ai/output/monthly/11/69.md
2025-09-11 13:02:32,918 - INFO - Successfully stored file in GCS: transparentsf/monthly/11/38.json
2025-09-11 13:02:32,918 - INFO - Successfully migrated: /Users/simongoldman/Documents/TransparentSF_from_git/transparentSF/ai/output/monthly/11/38.md
2025-09-11 13:02:33,199 - INFO - Successfully stored file in GCS: transparentsf/monthly/11/18.json
2025-09-11 13:02:33,199 - INFO - Successfully migrated: /Users/simongoldman/Documents/TransparentSF_from_git/transparentSF/ai/output/monthly/11/18.md
2025-09-11 13:02:33,468 - INFO - Successfully stored file in GCS: transparentsf/monthly/11/1.json
2025-09-11 13:02:33,469 - INFO - Successfully migrated: /Users/simongoldman/Documents/TransparentSF_from_git/transparentSF/ai/output/monthly/11/1.md
2025-09-11 13:02:33,750 - INFO - Successfully stored file in GCS: transparentsf/monthly/11/19.json
2025-09-11 13:02:33,750 - INFO - Successfully migrated: /Users/simongoldman/Documents/TransparentSF_from_git/transparentSF/ai/output/monthly/11/19.md
2025-09-11 13:02:34,023 - INFO - Successfully stored file in GCS: transparentsf/monthly/11/29.json
2025-09-11 13:02:34,023 - INFO - Successfully migrated: /Users/simongoldman/Documents/TransparentSF_from_git/transparentSF/ai/output/monthly/11/29.md
2025-09-11 13:02:34,301 - INFO - Successfully stored file in GCS: transparentsf/monthly/11/4.json
2025-09-11 13:02:34,301 - INFO - Successfully migrated: /Users/simongoldman/Documents/TransparentSF_from_git/transparentSF/ai/output/monthly/11/4.md
2025-09-11 13:02:34,607 - INFO - Successfully stored file in GCS: transparentsf/monthly/11/16.json
2025-09-11 13:02:34,607 - INFO - Successfully migrated: /Users/simongoldman/Documents/TransparentSF_from_git/transparentSF/ai/output/monthly/11/16.md
2025-09-11 13:02:34,890 - INFO - Successfully stored file in GCS: transparentsf/monthly/11/22.json
2025-09-11 13:02:34,890 - INFO - Successfully migrated: /Users/simongoldman/Documents/TransparentSF_from_git/transparentSF/ai/output/monthly/11/22.md
2025-09-11 13:02:35,185 - INFO - Successfully stored file in GCS: transparentsf/monthly/11/12.json
2025-09-11 13:02:35,186 - INFO - Successfully migrated: /Users/simongoldman/Documents/TransparentSF_from_git/transparentSF/ai/output/monthly/11/12.md
2025-09-11 13:02:35,466 - INFO - Successfully stored file in GCS: transparentsf/monthly/11/17.json
2025-09-11 13:02:35,466 - INFO - Successfully migrated: /Users/simongoldman/Documents/TransparentSF_from_git/transparentSF/ai/output/monthly/11/17.md
2025-09-11 13:02:35,736 - INFO - Successfully stored file in GCS: transparentsf/monthly/11/23.json
2025-09-11 13:02:35,736 - INFO - Successfully migrated: /Users/simongoldman/Documents/TransparentSF_from_git/transparentSF/ai/output/monthly/11/23.md
2025-09-11 13:02:36,021 - INFO - Successfully stored file in GCS: transparentsf/monthly/11/72.json
2025-09-11 13:02:36,021 - INFO - Successfully migrated: /Users/simongoldman/Documents/TransparentSF_from_git/transparentSF/ai/output/monthly/11/72.md
2025-09-11 13:02:36,289 - INFO - Successfully stored file in GCS: transparentsf/monthly/11/24.json
2025-09-11 13:02:36,290 - INFO - Successfully migrated: /Users/simongoldman/Documents/TransparentSF_from_git/transparentSF/ai/output/monthly/11/24.md
2025-09-11 13:02:36,593 - INFO - Successfully stored file in GCS: transparentsf/monthly/11/9.json
2025-09-11 13:02:36,593 - INFO - Successfully migrated: /Users/simongoldman/Documents/TransparentSF_from_git/transparentSF/ai/output/monthly/11/9.md
2025-09-11 13:02:36,876 - INFO - Successfully stored file in GCS: transparentsf/monthly/11/14.json
2025-09-11 13:02:36,876 - INFO - Successfully migrated: /Users/simongoldman/Documents/TransparentSF_from_git/transparentSF/ai/output/monthly/11/14.md
2025-09-11 13:02:37,157 - INFO - Successfully stored file in GCS: transparentsf/monthly/11/71.json
2025-09-11 13:02:37,158 - INFO - Successfully migrated: /Users/simongoldman/Documents/TransparentSF_from_git/transparentSF/ai/output/monthly/11/71.md
2025-09-11 13:02:37,467 - INFO - Successfully stored file in GCS: transparentsf/monthly/11/30.json
2025-09-11 13:02:37,467 - INFO - Successfully migrated: /Users/simongoldman/Documents/TransparentSF_from_git/transparentSF/ai/output/monthly/11/30.md
2025-09-11 13:02:37,838 - INFO - Successfully stored file in GCS: transparentsf/monthly/11/15.json
2025-09-11 13:02:37,839 - INFO - Successfully migrated: /Users/simongoldman/Documents/TransparentSF_from_git/transparentSF/ai/output/monthly/11/15.md
2025-09-11 13:02:38,133 - INFO - Successfully stored file in GCS: transparentsf/monthly/11/40.json
2025-09-11 13:02:38,133 - INFO - Successfully migrated: /Users/simongoldman/Documents/TransparentSF_from_git/transparentSF/ai/output/monthly/11/40.md
2025-09-11 13:02:38,403 - INFO - Successfully stored file in GCS: transparentsf/monthly/11/8.json
2025-09-11 13:02:38,403 - INFO - Successfully migrated: /Users/simongoldman/Documents/TransparentSF_from_git/transparentSF/ai/output/monthly/11/8.md
2025-09-11 13:02:38,677 - INFO - Successfully stored file in GCS: transparentsf/monthly/11/35.json
2025-09-11 13:02:38,677 - INFO - Successfully migrated: /Users/simongoldman/Documents/TransparentSF_from_git/transparentSF/ai/output/monthly/11/35.md
2025-09-11 13:02:38,981 - INFO - Successfully stored file in GCS: transparentsf/monthly/11/3.json
2025-09-11 13:02:38,981 - INFO - Successfully migrated: /Users/simongoldman/Documents/TransparentSF_from_git/transparentSF/ai/output/monthly/11/3.md
2025-09-11 13:02:39,301 - INFO - Successfully stored file in GCS: transparentsf/monthly/11/2.json
2025-09-11 13:02:39,301 - INFO - Successfully migrated: /Users/simongoldman/Documents/TransparentSF_from_git/transparentSF/ai/output/monthly/11/2.md
2025-09-11 13:02:39,571 - INFO - Successfully stored file in GCS: transparentsf/monthly/7/69.json
2025-09-11 13:02:39,571 - INFO - Successfully migrated: /Users/simongoldman/Documents/TransparentSF_from_git/transparentSF/ai/output/monthly/7/69.md
2025-09-11 13:02:39,887 - INFO - Successfully stored file in GCS: transparentsf/monthly/7/38.json
2025-09-11 13:02:39,887 - INFO - Successfully migrated: /Users/simongoldman/Documents/TransparentSF_from_git/transparentSF/ai/output/monthly/7/38.md
2025-09-11 13:02:40,302 - INFO - Successfully stored file in GCS: transparentsf/monthly/7/18.json
2025-09-11 13:02:40,303 - INFO - Successfully migrated: /Users/simongoldman/Documents/TransparentSF_from_git/transparentSF/ai/output/monthly/7/18.md
2025-09-11 13:02:40,603 - INFO - Successfully stored file in GCS: transparentsf/monthly/7/1.json
2025-09-11 13:02:40,603 - INFO - Successfully migrated: /Users/simongoldman/Documents/TransparentSF_from_git/transparentSF/ai/output/monthly/7/1.md
2025-09-11 13:02:40,911 - INFO - Successfully stored file in GCS: transparentsf/monthly/7/19.json
2025-09-11 13:02:40,911 - INFO - Successfully migrated: /Users/simongoldman/Documents/TransparentSF_from_git/transparentSF/ai/output/monthly/7/19.md
2025-09-11 13:02:41,180 - INFO - Successfully stored file in GCS: transparentsf/monthly/7/29.json
2025-09-11 13:02:41,181 - INFO - Successfully migrated: /Users/simongoldman/Documents/TransparentSF_from_git/transparentSF/ai/output/monthly/7/29.md
2025-09-11 13:02:41,526 - INFO - Successfully stored file in GCS: transparentsf/monthly/7/4.json
2025-09-11 13:02:41,526 - INFO - Successfully migrated: /Users/simongoldman/Documents/TransparentSF_from_git/transparentSF/ai/output/monthly/7/4.md
2025-09-11 13:02:41,794 - INFO - Successfully stored file in GCS: transparentsf/monthly/7/16.json
2025-09-11 13:02:41,795 - INFO - Successfully migrated: /Users/simongoldman/Documents/TransparentSF_from_git/transparentSF/ai/output/monthly/7/16.md
2025-09-11 13:02:42,059 - INFO - Successfully stored file in GCS: transparentsf/monthly/7/22.json
2025-09-11 13:02:42,059 - INFO - Successfully migrated: /Users/simongoldman/Documents/TransparentSF_from_git/transparentSF/ai/output/monthly/7/22.md
2025-09-11 13:02:42,344 - INFO - Successfully stored file in GCS: transparentsf/monthly/7/12.json
2025-09-11 13:02:42,345 - INFO - Successfully migrated: /Users/simongoldman/Documents/TransparentSF_from_git/transparentSF/ai/output/monthly/7/12.md
2025-09-11 13:02:42,627 - INFO - Successfully stored file in GCS: transparentsf/monthly/7/17.json
2025-09-11 13:02:42,627 - INFO - Successfully migrated: /Users/simongoldman/Documents/TransparentSF_from_git/transparentSF/ai/output/monthly/7/17.md
2025-09-11 13:02:42,898 - INFO - Successfully stored file in GCS: transparentsf/monthly/7/23.json
2025-09-11 13:02:42,898 - INFO - Successfully migrated: /Users/simongoldman/Documents/TransparentSF_from_git/transparentSF/ai/output/monthly/7/23.md
2025-09-11 13:02:43,171 - INFO - Successfully stored file in GCS: transparentsf/monthly/7/72.json
2025-09-11 13:02:43,171 - INFO - Successfully migrated: /Users/simongoldman/Documents/TransparentSF_from_git/transparentSF/ai/output/monthly/7/72.md
2025-09-11 13:02:43,445 - INFO - Successfully stored file in GCS: transparentsf/monthly/7/24.json
2025-09-11 13:02:43,445 - INFO - Successfully migrated: /Users/simongoldman/Documents/TransparentSF_from_git/transparentSF/ai/output/monthly/7/24.md
2025-09-11 13:02:43,782 - INFO - Successfully stored file in GCS: transparentsf/monthly/7/9.json
2025-09-11 13:02:43,783 - INFO - Successfully migrated: /Users/simongoldman/Documents/TransparentSF_from_git/transparentSF/ai/output/monthly/7/9.md
2025-09-11 13:02:44,068 - INFO - Successfully stored file in GCS: transparentsf/monthly/7/34.json
2025-09-11 13:02:44,068 - INFO - Successfully migrated: /Users/simongoldman/Documents/TransparentSF_from_git/transparentSF/ai/output/monthly/7/34.md
2025-09-11 13:02:44,384 - INFO - Successfully stored file in GCS: transparentsf/monthly/7/14.json
2025-09-11 13:02:44,384 - INFO - Successfully migrated: /Users/simongoldman/Documents/TransparentSF_from_git/transparentSF/ai/output/monthly/7/14.md
2025-09-11 13:02:44,676 - INFO - Successfully stored file in GCS: transparentsf/monthly/7/71.json
2025-09-11 13:02:44,676 - INFO - Successfully migrated: /Users/simongoldman/Documents/TransparentSF_from_git/transparentSF/ai/output/monthly/7/71.md
2025-09-11 13:02:44,953 - INFO - Successfully stored file in GCS: transparentsf/monthly/7/30.json
2025-09-11 13:02:44,954 - INFO - Successfully migrated: /Users/simongoldman/Documents/TransparentSF_from_git/transparentSF/ai/output/monthly/7/30.md
2025-09-11 13:02:45,314 - INFO - Successfully stored file in GCS: transparentsf/monthly/7/15.json
2025-09-11 13:02:45,314 - INFO - Successfully migrated: /Users/simongoldman/Documents/TransparentSF_from_git/transparentSF/ai/output/monthly/7/15.md
2025-09-11 13:02:45,602 - INFO - Successfully stored file in GCS: transparentsf/monthly/7/40.json
2025-09-11 13:02:45,603 - INFO - Successfully migrated: /Users/simongoldman/Documents/TransparentSF_from_git/transparentSF/ai/output/monthly/7/40.md
2025-09-11 13:02:46,001 - INFO - Successfully stored file in GCS: transparentsf/monthly/7/8.json
2025-09-11 13:02:46,001 - INFO - Successfully migrated: /Users/simongoldman/Documents/TransparentSF_from_git/transparentSF/ai/output/monthly/7/8.md
2025-09-11 13:02:46,284 - INFO - Successfully stored file in GCS: transparentsf/monthly/7/35.json
2025-09-11 13:02:46,284 - INFO - Successfully migrated: /Users/simongoldman/Documents/TransparentSF_from_git/transparentSF/ai/output/monthly/7/35.md
2025-09-11 13:02:46,585 - INFO - Successfully stored file in GCS: transparentsf/monthly/7/3.json
2025-09-11 13:02:46,585 - INFO - Successfully migrated: /Users/simongoldman/Documents/TransparentSF_from_git/transparentSF/ai/output/monthly/7/3.md
2025-09-11 13:02:46,868 - INFO - Successfully stored file in GCS: transparentsf/monthly/7/2.json
2025-09-11 13:02:46,868 - INFO - Successfully migrated: /Users/simongoldman/Documents/TransparentSF_from_git/transparentSF/ai/output/monthly/7/2.md
2025-09-11 13:02:47,157 - INFO - Successfully stored file in GCS: transparentsf/monthly/6/69.json
2025-09-11 13:02:47,157 - INFO - Successfully migrated: /Users/simongoldman/Documents/TransparentSF_from_git/transparentSF/ai/output/monthly/6/69.md
2025-09-11 13:02:47,440 - INFO - Successfully stored file in GCS: transparentsf/monthly/6/38.json
2025-09-11 13:02:47,440 - INFO - Successfully migrated: /Users/simongoldman/Documents/TransparentSF_from_git/transparentSF/ai/output/monthly/6/38.md
2025-09-11 13:02:47,772 - INFO - Successfully stored file in GCS: transparentsf/monthly/6/18.json
2025-09-11 13:02:47,772 - INFO - Successfully migrated: /Users/simongoldman/Documents/TransparentSF_from_git/transparentSF/ai/output/monthly/6/18.md
2025-09-11 13:02:48,046 - INFO - Successfully stored file in GCS: transparentsf/monthly/6/1.json
2025-09-11 13:02:48,047 - INFO - Successfully migrated: /Users/simongoldman/Documents/TransparentSF_from_git/transparentSF/ai/output/monthly/6/1.md
2025-09-11 13:02:48,341 - INFO - Successfully stored file in GCS: transparentsf/monthly/6/19.json
2025-09-11 13:02:48,341 - INFO - Successfully migrated: /Users/simongoldman/Documents/TransparentSF_from_git/transparentSF/ai/output/monthly/6/19.md
2025-09-11 13:02:48,607 - INFO - Successfully stored file in GCS: transparentsf/monthly/6/29.json
2025-09-11 13:02:48,607 - INFO - Successfully migrated: /Users/simongoldman/Documents/TransparentSF_from_git/transparentSF/ai/output/monthly/6/29.md
2025-09-11 13:02:48,874 - INFO - Successfully stored file in GCS: transparentsf/monthly/6/4.json
2025-09-11 13:02:48,874 - INFO - Successfully migrated: /Users/simongoldman/Documents/TransparentSF_from_git/transparentSF/ai/output/monthly/6/4.md
2025-09-11 13:02:49,147 - INFO - Successfully stored file in GCS: transparentsf/monthly/6/16.json
2025-09-11 13:02:49,147 - INFO - Successfully migrated: /Users/simongoldman/Documents/TransparentSF_from_git/transparentSF/ai/output/monthly/6/16.md
2025-09-11 13:02:49,513 - INFO - Successfully stored file in GCS: transparentsf/monthly/6/22.json
2025-09-11 13:02:49,514 - INFO - Successfully migrated: /Users/simongoldman/Documents/TransparentSF_from_git/transparentSF/ai/output/monthly/6/22.md
2025-09-11 13:02:49,786 - INFO - Successfully stored file in GCS: transparentsf/monthly/6/12.json
2025-09-11 13:02:49,786 - INFO - Successfully migrated: /Users/simongoldman/Documents/TransparentSF_from_git/transparentSF/ai/output/monthly/6/12.md
2025-09-11 13:02:50,050 - INFO - Successfully stored file in GCS: transparentsf/monthly/6/43.json
2025-09-11 13:02:50,050 - INFO - Successfully migrated: /Users/simongoldman/Documents/TransparentSF_from_git/transparentSF/ai/output/monthly/6/43.md
2025-09-11 13:02:50,402 - INFO - Successfully stored file in GCS: transparentsf/monthly/6/17.json
2025-09-11 13:02:50,402 - INFO - Successfully migrated: /Users/simongoldman/Documents/TransparentSF_from_git/transparentSF/ai/output/monthly/6/17.md
2025-09-11 13:02:50,669 - INFO - Successfully stored file in GCS: transparentsf/monthly/6/23.json
2025-09-11 13:02:50,669 - INFO - Successfully migrated: /Users/simongoldman/Documents/TransparentSF_from_git/transparentSF/ai/output/monthly/6/23.md
2025-09-11 13:02:51,054 - INFO - Successfully stored file in GCS: transparentsf/monthly/6/72.json
2025-09-11 13:02:51,055 - INFO - Successfully migrated: /Users/simongoldman/Documents/TransparentSF_from_git/transparentSF/ai/output/monthly/6/72.md
2025-09-11 13:02:51,323 - INFO - Successfully stored file in GCS: transparentsf/monthly/6/24.json
2025-09-11 13:02:51,323 - INFO - Successfully migrated: /Users/simongoldman/Documents/TransparentSF_from_git/transparentSF/ai/output/monthly/6/24.md
2025-09-11 13:02:51,595 - INFO - Successfully stored file in GCS: transparentsf/monthly/6/41.json
2025-09-11 13:02:51,595 - INFO - Successfully migrated: /Users/simongoldman/Documents/TransparentSF_from_git/transparentSF/ai/output/monthly/6/41.md
2025-09-11 13:02:51,969 - INFO - Successfully stored file in GCS: transparentsf/monthly/6/9.json
2025-09-11 13:02:51,970 - INFO - Successfully migrated: /Users/simongoldman/Documents/TransparentSF_from_git/transparentSF/ai/output/monthly/6/9.md
2025-09-11 13:02:52,240 - INFO - Successfully stored file in GCS: transparentsf/monthly/6/34.json
2025-09-11 13:02:52,240 - INFO - Successfully migrated: /Users/simongoldman/Documents/TransparentSF_from_git/transparentSF/ai/output/monthly/6/34.md
2025-09-11 13:02:52,585 - INFO - Successfully stored file in GCS: transparentsf/monthly/6/14.json
2025-09-11 13:02:52,585 - INFO - Successfully migrated: /Users/simongoldman/Documents/TransparentSF_from_git/transparentSF/ai/output/monthly/6/14.md
2025-09-11 13:02:52,866 - INFO - Successfully stored file in GCS: transparentsf/monthly/6/71.json
2025-09-11 13:02:52,866 - INFO - Successfully migrated: /Users/simongoldman/Documents/TransparentSF_from_git/transparentSF/ai/output/monthly/6/71.md
2025-09-11 13:02:53,138 - INFO - Successfully stored file in GCS: transparentsf/monthly/6/30.json
2025-09-11 13:02:53,138 - INFO - Successfully migrated: /Users/simongoldman/Documents/TransparentSF_from_git/transparentSF/ai/output/monthly/6/30.md
2025-09-11 13:02:53,426 - INFO - Successfully stored file in GCS: transparentsf/monthly/6/15.json
2025-09-11 13:02:53,426 - INFO - Successfully migrated: /Users/simongoldman/Documents/TransparentSF_from_git/transparentSF/ai/output/monthly/6/15.md
2025-09-11 13:02:53,696 - INFO - Successfully stored file in GCS: transparentsf/monthly/6/40.json
2025-09-11 13:02:53,696 - INFO - Successfully migrated: /Users/simongoldman/Documents/TransparentSF_from_git/transparentSF/ai/output/monthly/6/40.md
2025-09-11 13:02:54,024 - INFO - Successfully stored file in GCS: transparentsf/monthly/6/8.json
2025-09-11 13:02:54,024 - INFO - Successfully migrated: /Users/simongoldman/Documents/TransparentSF_from_git/transparentSF/ai/output/monthly/6/8.md
2025-09-11 13:02:54,296 - INFO - Successfully stored file in GCS: transparentsf/monthly/6/35.json
2025-09-11 13:02:54,296 - INFO - Successfully migrated: /Users/simongoldman/Documents/TransparentSF_from_git/transparentSF/ai/output/monthly/6/35.md
2025-09-11 13:02:54,608 - INFO - Successfully stored file in GCS: transparentsf/monthly/6/3.json
2025-09-11 13:02:54,609 - INFO - Successfully migrated: /Users/simongoldman/Documents/TransparentSF_from_git/transparentSF/ai/output/monthly/6/3.md
2025-09-11 13:02:54,939 - INFO - Successfully stored file in GCS: transparentsf/monthly/6/2.json
2025-09-11 13:02:54,940 - INFO - Successfully migrated: /Users/simongoldman/Documents/TransparentSF_from_git/transparentSF/ai/output/monthly/6/2.md
2025-09-11 13:02:55,251 - INFO - Successfully stored file in GCS: transparentsf/monthly/1/69.json
2025-09-11 13:02:55,252 - INFO - Successfully migrated: /Users/simongoldman/Documents/TransparentSF_from_git/transparentSF/ai/output/monthly/1/69.md
2025-09-11 13:02:55,554 - INFO - Successfully stored file in GCS: transparentsf/monthly/1/38.json
2025-09-11 13:02:55,554 - INFO - Successfully migrated: /Users/simongoldman/Documents/TransparentSF_from_git/transparentSF/ai/output/monthly/1/38.md
2025-09-11 13:02:55,814 - INFO - Successfully stored file in GCS: transparentsf/monthly/1/18.json
2025-09-11 13:02:55,814 - INFO - Successfully migrated: /Users/simongoldman/Documents/TransparentSF_from_git/transparentSF/ai/output/monthly/1/18.md
2025-09-11 13:02:56,169 - INFO - Successfully stored file in GCS: transparentsf/monthly/1/1.json
2025-09-11 13:02:56,169 - INFO - Successfully migrated: /Users/simongoldman/Documents/TransparentSF_from_git/transparentSF/ai/output/monthly/1/1.md
2025-09-11 13:02:56,481 - INFO - Successfully stored file in GCS: transparentsf/monthly/1/19.json
2025-09-11 13:02:56,481 - INFO - Successfully migrated: /Users/simongoldman/Documents/TransparentSF_from_git/transparentSF/ai/output/monthly/1/19.md
2025-09-11 13:02:56,818 - INFO - Successfully stored file in GCS: transparentsf/monthly/1/29.json
2025-09-11 13:02:56,819 - INFO - Successfully migrated: /Users/simongoldman/Documents/TransparentSF_from_git/transparentSF/ai/output/monthly/1/29.md
2025-09-11 13:02:57,094 - INFO - Successfully stored file in GCS: transparentsf/monthly/1/4.json
2025-09-11 13:02:57,094 - INFO - Successfully migrated: /Users/simongoldman/Documents/TransparentSF_from_git/transparentSF/ai/output/monthly/1/4.md
2025-09-11 13:02:57,360 - INFO - Successfully stored file in GCS: transparentsf/monthly/1/16.json
2025-09-11 13:02:57,361 - INFO - Successfully migrated: /Users/simongoldman/Documents/TransparentSF_from_git/transparentSF/ai/output/monthly/1/16.md
2025-09-11 13:02:57,706 - INFO - Successfully stored file in GCS: transparentsf/monthly/1/22.json
2025-09-11 13:02:57,706 - INFO - Successfully migrated: /Users/simongoldman/Documents/TransparentSF_from_git/transparentSF/ai/output/monthly/1/22.md
2025-09-11 13:02:57,971 - INFO - Successfully stored file in GCS: transparentsf/monthly/1/12.json
2025-09-11 13:02:57,972 - INFO - Successfully migrated: /Users/simongoldman/Documents/TransparentSF_from_git/transparentSF/ai/output/monthly/1/12.md
2025-09-11 13:02:58,250 - INFO - Successfully stored file in GCS: transparentsf/monthly/1/17.json
2025-09-11 13:02:58,250 - INFO - Successfully migrated: /Users/simongoldman/Documents/TransparentSF_from_git/transparentSF/ai/output/monthly/1/17.md
2025-09-11 13:02:58,527 - INFO - Successfully stored file in GCS: transparentsf/monthly/1/23.json
2025-09-11 13:02:58,527 - INFO - Successfully migrated: /Users/simongoldman/Documents/TransparentSF_from_git/transparentSF/ai/output/monthly/1/23.md
2025-09-11 13:02:58,810 - INFO - Successfully stored file in GCS: transparentsf/monthly/1/72.json
2025-09-11 13:02:58,810 - INFO - Successfully migrated: /Users/simongoldman/Documents/TransparentSF_from_git/transparentSF/ai/output/monthly/1/72.md
2025-09-11 13:02:59,080 - INFO - Successfully stored file in GCS: transparentsf/monthly/1/24.json
2025-09-11 13:02:59,080 - INFO - Successfully migrated: /Users/simongoldman/Documents/TransparentSF_from_git/transparentSF/ai/output/monthly/1/24.md
2025-09-11 13:02:59,407 - INFO - Successfully stored file in GCS: transparentsf/monthly/1/9.json
2025-09-11 13:02:59,407 - INFO - Successfully migrated: /Users/simongoldman/Documents/TransparentSF_from_git/transparentSF/ai/output/monthly/1/9.md
2025-09-11 13:02:59,685 - INFO - Successfully stored file in GCS: transparentsf/monthly/1/34.json
2025-09-11 13:02:59,685 - INFO - Successfully migrated: /Users/simongoldman/Documents/TransparentSF_from_git/transparentSF/ai/output/monthly/1/34.md
2025-09-11 13:02:59,957 - INFO - Successfully stored file in GCS: transparentsf/monthly/1/14.json
2025-09-11 13:02:59,958 - INFO - Successfully migrated: /Users/simongoldman/Documents/TransparentSF_from_git/transparentSF/ai/output/monthly/1/14.md
2025-09-11 13:03:00,227 - INFO - Successfully stored file in GCS: transparentsf/monthly/1/71.json
2025-09-11 13:03:00,227 - INFO - Successfully migrated: /Users/simongoldman/Documents/TransparentSF_from_git/transparentSF/ai/output/monthly/1/71.md
2025-09-11 13:03:00,516 - INFO - Successfully stored file in GCS: transparentsf/monthly/1/30.json
2025-09-11 13:03:00,516 - INFO - Successfully migrated: /Users/simongoldman/Documents/TransparentSF_from_git/transparentSF/ai/output/monthly/1/30.md
2025-09-11 13:03:00,788 - INFO - Successfully stored file in GCS: transparentsf/monthly/1/15.json
2025-09-11 13:03:00,789 - INFO - Successfully migrated: /Users/simongoldman/Documents/TransparentSF_from_git/transparentSF/ai/output/monthly/1/15.md
2025-09-11 13:03:01,087 - INFO - Successfully stored file in GCS: transparentsf/monthly/1/40.json
2025-09-11 13:03:01,087 - INFO - Successfully migrated: /Users/simongoldman/Documents/TransparentSF_from_git/transparentSF/ai/output/monthly/1/40.md
2025-09-11 13:03:01,364 - INFO - Successfully stored file in GCS: transparentsf/monthly/1/8.json
2025-09-11 13:03:01,364 - INFO - Successfully migrated: /Users/simongoldman/Documents/TransparentSF_from_git/transparentSF/ai/output/monthly/1/8.md
2025-09-11 13:03:01,647 - INFO - Successfully stored file in GCS: transparentsf/monthly/1/35.json
2025-09-11 13:03:01,648 - INFO - Successfully migrated: /Users/simongoldman/Documents/TransparentSF_from_git/transparentSF/ai/output/monthly/1/35.md
2025-09-11 13:03:01,920 - INFO - Successfully stored file in GCS: transparentsf/monthly/1/3.json
2025-09-11 13:03:01,921 - INFO - Successfully migrated: /Users/simongoldman/Documents/TransparentSF_from_git/transparentSF/ai/output/monthly/1/3.md
2025-09-11 13:03:02,209 - INFO - Successfully stored file in GCS: transparentsf/monthly/1/2.json
2025-09-11 13:03:02,209 - INFO - Successfully migrated: /Users/simongoldman/Documents/TransparentSF_from_git/transparentSF/ai/output/monthly/1/2.md
2025-09-11 13:03:02,500 - INFO - Successfully stored file in GCS: transparentsf/monthly/10.00000/19.json
2025-09-11 13:03:02,500 - INFO - Successfully migrated: /Users/simongoldman/Documents/TransparentSF_from_git/transparentSF/ai/output/monthly/10.00000/19.md
2025-09-11 13:03:02,774 - INFO - Successfully stored file in GCS: transparentsf/monthly/10.00000/30.json
2025-09-11 13:03:02,774 - INFO - Successfully migrated: /Users/simongoldman/Documents/TransparentSF_from_git/transparentSF/ai/output/monthly/10.00000/30.md
2025-09-11 13:03:03,039 - INFO - Successfully stored file in GCS: transparentsf/monthly/10/69.json
2025-09-11 13:03:03,039 - INFO - Successfully migrated: /Users/simongoldman/Documents/TransparentSF_from_git/transparentSF/ai/output/monthly/10/69.md
2025-09-11 13:03:03,309 - INFO - Successfully stored file in GCS: transparentsf/monthly/10/38.json
2025-09-11 13:03:03,310 - INFO - Successfully migrated: /Users/simongoldman/Documents/TransparentSF_from_git/transparentSF/ai/output/monthly/10/38.md
2025-09-11 13:03:03,606 - INFO - Successfully stored file in GCS: transparentsf/monthly/10/18.json
2025-09-11 13:03:03,606 - INFO - Successfully migrated: /Users/simongoldman/Documents/TransparentSF_from_git/transparentSF/ai/output/monthly/10/18.md
2025-09-11 13:03:03,952 - INFO - Successfully stored file in GCS: transparentsf/monthly/10/1.json
2025-09-11 13:03:03,953 - INFO - Successfully migrated: /Users/simongoldman/Documents/TransparentSF_from_git/transparentSF/ai/output/monthly/10/1.md
2025-09-11 13:03:04,250 - INFO - Successfully stored file in GCS: transparentsf/monthly/10/19.json
2025-09-11 13:03:04,250 - INFO - Successfully migrated: /Users/simongoldman/Documents/TransparentSF_from_git/transparentSF/ai/output/monthly/10/19.md
2025-09-11 13:03:04,539 - INFO - Successfully stored file in GCS: transparentsf/monthly/10/29.json
2025-09-11 13:03:04,539 - INFO - Successfully migrated: /Users/simongoldman/Documents/TransparentSF_from_git/transparentSF/ai/output/monthly/10/29.md
2025-09-11 13:03:04,817 - INFO - Successfully stored file in GCS: transparentsf/monthly/10/4.json
2025-09-11 13:03:04,817 - INFO - Successfully migrated: /Users/simongoldman/Documents/TransparentSF_from_git/transparentSF/ai/output/monthly/10/4.md
2025-09-11 13:03:05,099 - INFO - Successfully stored file in GCS: transparentsf/monthly/10/16.json
2025-09-11 13:03:05,100 - INFO - Successfully migrated: /Users/simongoldman/Documents/TransparentSF_from_git/transparentSF/ai/output/monthly/10/16.md
2025-09-11 13:03:05,391 - INFO - Successfully stored file in GCS: transparentsf/monthly/10/22.json
2025-09-11 13:03:05,391 - INFO - Successfully migrated: /Users/simongoldman/Documents/TransparentSF_from_git/transparentSF/ai/output/monthly/10/22.md
2025-09-11 13:03:05,695 - INFO - Successfully stored file in GCS: transparentsf/monthly/10/12.json
2025-09-11 13:03:05,696 - INFO - Successfully migrated: /Users/simongoldman/Documents/TransparentSF_from_git/transparentSF/ai/output/monthly/10/12.md
2025-09-11 13:03:06,020 - INFO - Successfully stored file in GCS: transparentsf/monthly/10/17.json
2025-09-11 13:03:06,020 - INFO - Successfully migrated: /Users/simongoldman/Documents/TransparentSF_from_git/transparentSF/ai/output/monthly/10/17.md
2025-09-11 13:03:06,312 - INFO - Successfully stored file in GCS: transparentsf/monthly/10/23.json
2025-09-11 13:03:06,312 - INFO - Successfully migrated: /Users/simongoldman/Documents/TransparentSF_from_git/transparentSF/ai/output/monthly/10/23.md
2025-09-11 13:03:06,625 - INFO - Successfully stored file in GCS: transparentsf/monthly/10/72.json
2025-09-11 13:03:06,625 - INFO - Successfully migrated: /Users/simongoldman/Documents/TransparentSF_from_git/transparentSF/ai/output/monthly/10/72.md
2025-09-11 13:03:06,912 - INFO - Successfully stored file in GCS: transparentsf/monthly/10/24.json
2025-09-11 13:03:06,912 - INFO - Successfully migrated: /Users/simongoldman/Documents/TransparentSF_from_git/transparentSF/ai/output/monthly/10/24.md
2025-09-11 13:03:07,230 - INFO - Successfully stored file in GCS: transparentsf/monthly/10/9.json
2025-09-11 13:03:07,230 - INFO - Successfully migrated: /Users/simongoldman/Documents/TransparentSF_from_git/transparentSF/ai/output/monthly/10/9.md
2025-09-11 13:03:07,538 - INFO - Successfully stored file in GCS: transparentsf/monthly/10/14.json
2025-09-11 13:03:07,538 - INFO - Successfully migrated: /Users/simongoldman/Documents/TransparentSF_from_git/transparentSF/ai/output/monthly/10/14.md
2025-09-11 13:03:07,810 - INFO - Successfully stored file in GCS: transparentsf/monthly/10/71.json
2025-09-11 13:03:07,810 - INFO - Successfully migrated: /Users/simongoldman/Documents/TransparentSF_from_git/transparentSF/ai/output/monthly/10/71.md
2025-09-11 13:03:08,036 - INFO - Successfully stored file in GCS: transparentsf/monthly/10/30.json
2025-09-11 13:03:08,036 - INFO - Successfully migrated: /Users/simongoldman/Documents/TransparentSF_from_git/transparentSF/ai/output/monthly/10/30.md
2025-09-11 13:03:08,284 - INFO - Successfully stored file in GCS: transparentsf/monthly/10/15.json
2025-09-11 13:03:08,290 - INFO - Successfully migrated: /Users/simongoldman/Documents/TransparentSF_from_git/transparentSF/ai/output/monthly/10/15.md
2025-09-11 13:03:08,560 - INFO - Successfully stored file in GCS: transparentsf/monthly/10/40.json
2025-09-11 13:03:08,560 - INFO - Successfully migrated: /Users/simongoldman/Documents/TransparentSF_from_git/transparentSF/ai/output/monthly/10/40.md
2025-09-11 13:03:08,792 - INFO - Successfully stored file in GCS: transparentsf/monthly/10/8.json
2025-09-11 13:03:08,793 - INFO - Successfully migrated: /Users/simongoldman/Documents/TransparentSF_from_git/transparentSF/ai/output/monthly/10/8.md
2025-09-11 13:03:09,050 - INFO - Successfully stored file in GCS: transparentsf/monthly/10/35.json
2025-09-11 13:03:09,050 - INFO - Successfully migrated: /Users/simongoldman/Documents/TransparentSF_from_git/transparentSF/ai/output/monthly/10/35.md
2025-09-11 13:03:09,304 - INFO - Successfully stored file in GCS: transparentsf/monthly/10/3.json
2025-09-11 13:03:09,304 - INFO - Successfully migrated: /Users/simongoldman/Documents/TransparentSF_from_git/transparentSF/ai/output/monthly/10/3.md
2025-09-11 13:03:09,531 - INFO - Successfully stored file in GCS: transparentsf/monthly/10/2.json
2025-09-11 13:03:09,531 - INFO - Successfully migrated: /Users/simongoldman/Documents/TransparentSF_from_git/transparentSF/ai/output/monthly/10/2.md
2025-09-11 13:03:09,798 - INFO - Successfully stored file in GCS: transparentsf/monthly/8/69.json
2025-09-11 13:03:09,798 - INFO - Successfully migrated: /Users/simongoldman/Documents/TransparentSF_from_git/transparentSF/ai/output/monthly/8/69.md
2025-09-11 13:03:10,018 - INFO - Successfully stored file in GCS: transparentsf/monthly/8/38.json
2025-09-11 13:03:10,018 - INFO - Successfully migrated: /Users/simongoldman/Documents/TransparentSF_from_git/transparentSF/ai/output/monthly/8/38.md
2025-09-11 13:03:10,245 - INFO - Successfully stored file in GCS: transparentsf/monthly/8/18.json
2025-09-11 13:03:10,245 - INFO - Successfully migrated: /Users/simongoldman/Documents/TransparentSF_from_git/transparentSF/ai/output/monthly/8/18.md
2025-09-11 13:03:10,471 - INFO - Successfully stored file in GCS: transparentsf/monthly/8/1.json
2025-09-11 13:03:10,471 - INFO - Successfully migrated: /Users/simongoldman/Documents/TransparentSF_from_git/transparentSF/ai/output/monthly/8/1.md
2025-09-11 13:03:10,699 - INFO - Successfully stored file in GCS: transparentsf/monthly/8/19.json
2025-09-11 13:03:10,700 - INFO - Successfully migrated: /Users/simongoldman/Documents/TransparentSF_from_git/transparentSF/ai/output/monthly/8/19.md
2025-09-11 13:03:10,929 - INFO - Successfully stored file in GCS: transparentsf/monthly/8/29.json
2025-09-11 13:03:10,930 - INFO - Successfully migrated: /Users/simongoldman/Documents/TransparentSF_from_git/transparentSF/ai/output/monthly/8/29.md
2025-09-11 13:03:11,153 - INFO - Successfully stored file in GCS: transparentsf/monthly/8/4.json
2025-09-11 13:03:11,154 - INFO - Successfully migrated: /Users/simongoldman/Documents/TransparentSF_from_git/transparentSF/ai/output/monthly/8/4.md
2025-09-11 13:03:11,427 - INFO - Successfully stored file in GCS: transparentsf/monthly/8/16.json
2025-09-11 13:03:11,427 - INFO - Successfully migrated: /Users/simongoldman/Documents/TransparentSF_from_git/transparentSF/ai/output/monthly/8/16.md
2025-09-11 13:03:11,646 - INFO - Successfully stored file in GCS: transparentsf/monthly/8/22.json
2025-09-11 13:03:11,646 - INFO - Successfully migrated: /Users/simongoldman/Documents/TransparentSF_from_git/transparentSF/ai/output/monthly/8/22.md
2025-09-11 13:03:11,877 - INFO - Successfully stored file in GCS: transparentsf/monthly/8/12.json
2025-09-11 13:03:11,877 - INFO - Successfully migrated: /Users/simongoldman/Documents/TransparentSF_from_git/transparentSF/ai/output/monthly/8/12.md
2025-09-11 13:03:12,097 - INFO - Successfully stored file in GCS: transparentsf/monthly/8/43.json
2025-09-11 13:03:12,097 - INFO - Successfully migrated: /Users/simongoldman/Documents/TransparentSF_from_git/transparentSF/ai/output/monthly/8/43.md
2025-09-11 13:03:12,349 - INFO - Successfully stored file in GCS: transparentsf/monthly/8/17.json
2025-09-11 13:03:12,349 - INFO - Successfully migrated: /Users/simongoldman/Documents/TransparentSF_from_git/transparentSF/ai/output/monthly/8/17.md
2025-09-11 13:03:12,573 - INFO - Successfully stored file in GCS: transparentsf/monthly/8/23.json
2025-09-11 13:03:12,573 - INFO - Successfully migrated: /Users/simongoldman/Documents/TransparentSF_from_git/transparentSF/ai/output/monthly/8/23.md
2025-09-11 13:03:12,806 - INFO - Successfully stored file in GCS: transparentsf/monthly/8/72.json
2025-09-11 13:03:12,806 - INFO - Successfully migrated: /Users/simongoldman/Documents/TransparentSF_from_git/transparentSF/ai/output/monthly/8/72.md
2025-09-11 13:03:13,012 - INFO - Successfully stored file in GCS: transparentsf/monthly/8/24.json
2025-09-11 13:03:13,012 - INFO - Successfully migrated: /Users/simongoldman/Documents/TransparentSF_from_git/transparentSF/ai/output/monthly/8/24.md
2025-09-11 13:03:13,231 - INFO - Successfully stored file in GCS: transparentsf/monthly/8/41.json
2025-09-11 13:03:13,231 - INFO - Successfully migrated: /Users/simongoldman/Documents/TransparentSF_from_git/transparentSF/ai/output/monthly/8/41.md
2025-09-11 13:03:13,458 - INFO - Successfully stored file in GCS: transparentsf/monthly/8/9.json
2025-09-11 13:03:13,458 - INFO - Successfully migrated: /Users/simongoldman/Documents/TransparentSF_from_git/transparentSF/ai/output/monthly/8/9.md
2025-09-11 13:03:13,672 - INFO - Successfully stored file in GCS: transparentsf/monthly/8/34.json
2025-09-11 13:03:13,672 - INFO - Successfully migrated: /Users/simongoldman/Documents/TransparentSF_from_git/transparentSF/ai/output/monthly/8/34.md
2025-09-11 13:03:13,897 - INFO - Successfully stored file in GCS: transparentsf/monthly/8/14.json
2025-09-11 13:03:13,897 - INFO - Successfully migrated: /Users/simongoldman/Documents/TransparentSF_from_git/transparentSF/ai/output/monthly/8/14.md
2025-09-11 13:03:14,111 - INFO - Successfully stored file in GCS: transparentsf/monthly/8/71.json
2025-09-11 13:03:14,111 - INFO - Successfully migrated: /Users/simongoldman/Documents/TransparentSF_from_git/transparentSF/ai/output/monthly/8/71.md
2025-09-11 13:03:14,339 - INFO - Successfully stored file in GCS: transparentsf/monthly/8/30.json
2025-09-11 13:03:14,340 - INFO - Successfully migrated: /Users/simongoldman/Documents/TransparentSF_from_git/transparentSF/ai/output/monthly/8/30.md
2025-09-11 13:03:14,561 - INFO - Successfully stored file in GCS: transparentsf/monthly/8/15.json
2025-09-11 13:03:14,561 - INFO - Successfully migrated: /Users/simongoldman/Documents/TransparentSF_from_git/transparentSF/ai/output/monthly/8/15.md
2025-09-11 13:03:14,775 - INFO - Successfully stored file in GCS: transparentsf/monthly/8/40.json
2025-09-11 13:03:14,775 - INFO - Successfully migrated: /Users/simongoldman/Documents/TransparentSF_from_git/transparentSF/ai/output/monthly/8/40.md
2025-09-11 13:03:15,034 - INFO - Successfully stored file in GCS: transparentsf/monthly/8/8.json
2025-09-11 13:03:15,034 - INFO - Successfully migrated: /Users/simongoldman/Documents/TransparentSF_from_git/transparentSF/ai/output/monthly/8/8.md
2025-09-11 13:03:15,266 - INFO - Successfully stored file in GCS: transparentsf/monthly/8/35.json
2025-09-11 13:03:15,266 - INFO - Successfully migrated: /Users/simongoldman/Documents/TransparentSF_from_git/transparentSF/ai/output/monthly/8/35.md
2025-09-11 13:03:15,483 - INFO - Successfully stored file in GCS: transparentsf/monthly/8/3.json
2025-09-11 13:03:15,483 - INFO - Successfully migrated: /Users/simongoldman/Documents/TransparentSF_from_git/transparentSF/ai/output/monthly/8/3.md
2025-09-11 13:03:15,701 - INFO - Successfully stored file in GCS: transparentsf/monthly/8/2.json
2025-09-11 13:03:15,701 - INFO - Successfully migrated: /Users/simongoldman/Documents/TransparentSF_from_git/transparentSF/ai/output/monthly/8/2.md
2025-09-11 13:03:15,933 - INFO - Successfully stored file in GCS: transparentsf/monthly/6.0/19.json
2025-09-11 13:03:15,933 - INFO - Successfully migrated: /Users/simongoldman/Documents/TransparentSF_from_git/transparentSF/ai/output/monthly/6.0/19.md
2025-09-11 13:03:16,239 - INFO - Successfully stored file in GCS: transparentsf/monthly/6.0/30.json
2025-09-11 13:03:16,239 - INFO - Successfully migrated: /Users/simongoldman/Documents/TransparentSF_from_git/transparentSF/ai/output/monthly/6.0/30.md
2025-09-11 13:03:16,468 - INFO - Successfully stored file in GCS: transparentsf/monthly/2.00000/19.json
2025-09-11 13:03:16,468 - INFO - Successfully migrated: /Users/simongoldman/Documents/TransparentSF_from_git/transparentSF/ai/output/monthly/2.00000/19.md
2025-09-11 13:03:16,698 - INFO - Successfully stored file in GCS: transparentsf/monthly/2.00000/30.json
2025-09-11 13:03:16,698 - INFO - Successfully migrated: /Users/simongoldman/Documents/TransparentSF_from_git/transparentSF/ai/output/monthly/2.00000/30.md
2025-09-11 13:03:16,941 - INFO - Successfully stored file in GCS: transparentsf/monthly/0.00000/19.json
2025-09-11 13:03:16,941 - INFO - Successfully migrated: /Users/simongoldman/Documents/TransparentSF_from_git/transparentSF/ai/output/monthly/0.00000/19.md
2025-09-11 13:03:17,169 - INFO - Successfully stored file in GCS: transparentsf/monthly/0.00000/30.json
2025-09-11 13:03:17,170 - INFO - Successfully migrated: /Users/simongoldman/Documents/TransparentSF_from_git/transparentSF/ai/output/monthly/0.00000/30.md
2025-09-11 13:03:17,395 - INFO - Successfully stored file in GCS: transparentsf/monthly/3.0/19.json
2025-09-11 13:03:17,395 - INFO - Successfully migrated: /Users/simongoldman/Documents/TransparentSF_from_git/transparentSF/ai/output/monthly/3.0/19.md
2025-09-11 13:03:17,628 - INFO - Successfully stored file in GCS: transparentsf/monthly/3.0/30.json
2025-09-11 13:03:17,628 - INFO - Successfully migrated: /Users/simongoldman/Documents/TransparentSF_from_git/transparentSF/ai/output/monthly/3.0/30.md
2025-09-11 13:03:17,881 - INFO - Successfully stored file in GCS: transparentsf/monthly/9.0/19.json
2025-09-11 13:03:17,881 - INFO - Successfully migrated: /Users/simongoldman/Documents/TransparentSF_from_git/transparentSF/ai/output/monthly/9.0/19.md
2025-09-11 13:03:18,113 - INFO - Successfully stored file in GCS: transparentsf/monthly/9.0/30.json
2025-09-11 13:03:18,113 - INFO - Successfully migrated: /Users/simongoldman/Documents/TransparentSF_from_git/transparentSF/ai/output/monthly/9.0/30.md
2025-09-11 13:03:18,357 - INFO - Successfully stored file in GCS: transparentsf/monthly/4.00000/19.json
2025-09-11 13:03:18,357 - INFO - Successfully migrated: /Users/simongoldman/Documents/TransparentSF_from_git/transparentSF/ai/output/monthly/4.00000/19.md
2025-09-11 13:03:18,595 - INFO - Successfully stored file in GCS: transparentsf/monthly/4.00000/30.json
2025-09-11 13:03:18,596 - INFO - Successfully migrated: /Users/simongoldman/Documents/TransparentSF_from_git/transparentSF/ai/output/monthly/4.00000/30.md
2025-09-11 13:03:18,814 - INFO - Successfully stored file in GCS: transparentsf/monthly/6.00000/19.json
2025-09-11 13:03:18,814 - INFO - Successfully migrated: /Users/simongoldman/Documents/TransparentSF_from_git/transparentSF/ai/output/monthly/6.00000/19.md
2025-09-11 13:03:19,028 - INFO - Successfully stored file in GCS: transparentsf/monthly/6.00000/30.json
2025-09-11 13:03:19,028 - INFO - Successfully migrated: /Users/simongoldman/Documents/TransparentSF_from_git/transparentSF/ai/output/monthly/6.00000/30.md
2025-09-11 13:03:19,274 - INFO - Successfully stored file in GCS: transparentsf/monthly/7.0/19.json
2025-09-11 13:03:19,274 - INFO - Successfully migrated: /Users/simongoldman/Documents/TransparentSF_from_git/transparentSF/ai/output/monthly/7.0/19.md
2025-09-11 13:03:19,500 - INFO - Successfully stored file in GCS: transparentsf/monthly/7.0/30.json
2025-09-11 13:03:19,500 - INFO - Successfully migrated: /Users/simongoldman/Documents/TransparentSF_from_git/transparentSF/ai/output/monthly/7.0/30.md
2025-09-11 13:03:19,732 - INFO - Successfully stored file in GCS: transparentsf/monthly/1.00000/19.json
2025-09-11 13:03:19,732 - INFO - Successfully migrated: /Users/simongoldman/Documents/TransparentSF_from_git/transparentSF/ai/output/monthly/1.00000/19.md
2025-09-11 13:03:19,961 - INFO - Successfully stored file in GCS: transparentsf/monthly/1.00000/30.json
2025-09-11 13:03:19,961 - INFO - Successfully migrated: /Users/simongoldman/Documents/TransparentSF_from_git/transparentSF/ai/output/monthly/1.00000/30.md
2025-09-11 13:03:20,195 - INFO - Successfully stored file in GCS: transparentsf/monthly/3.00000/19.json
2025-09-11 13:03:20,196 - INFO - Successfully migrated: /Users/simongoldman/Documents/TransparentSF_from_git/transparentSF/ai/output/monthly/3.00000/19.md
2025-09-11 13:03:20,423 - INFO - Successfully stored file in GCS: transparentsf/monthly/3.00000/30.json
2025-09-11 13:03:20,423 - INFO - Successfully migrated: /Users/simongoldman/Documents/TransparentSF_from_git/transparentSF/ai/output/monthly/3.00000/30.md
2025-09-11 13:03:20,653 - INFO - Successfully stored file in GCS: transparentsf/monthly/7.00000/19.json
2025-09-11 13:03:20,653 - INFO - Successfully migrated: /Users/simongoldman/Documents/TransparentSF_from_git/transparentSF/ai/output/monthly/7.00000/19.md
2025-09-11 13:03:20,882 - INFO - Successfully stored file in GCS: transparentsf/monthly/7.00000/30.json
2025-09-11 13:03:20,883 - INFO - Successfully migrated: /Users/simongoldman/Documents/TransparentSF_from_git/transparentSF/ai/output/monthly/7.00000/30.md
2025-09-11 13:03:21,141 - INFO - Successfully stored file in GCS: transparentsf/monthly/0.0/19.json
2025-09-11 13:03:21,142 - INFO - Successfully migrated: /Users/simongoldman/Documents/TransparentSF_from_git/transparentSF/ai/output/monthly/0.0/19.md
2025-09-11 13:03:21,374 - INFO - Successfully stored file in GCS: transparentsf/monthly/0.0/30.json
2025-09-11 13:03:21,374 - INFO - Successfully migrated: /Users/simongoldman/Documents/TransparentSF_from_git/transparentSF/ai/output/monthly/0.0/30.md
2025-09-11 13:03:21,617 - INFO - Successfully stored file in GCS: transparentsf/monthly/4/69.json
2025-09-11 13:03:21,617 - INFO - Successfully migrated: /Users/simongoldman/Documents/TransparentSF_from_git/transparentSF/ai/output/monthly/4/69.md
2025-09-11 13:03:21,855 - INFO - Successfully stored file in GCS: transparentsf/monthly/4/38.json
2025-09-11 13:03:21,855 - INFO - Successfully migrated: /Users/simongoldman/Documents/TransparentSF_from_git/transparentSF/ai/output/monthly/4/38.md
2025-09-11 13:03:22,083 - INFO - Successfully stored file in GCS: transparentsf/monthly/4/18.json
2025-09-11 13:03:22,083 - INFO - Successfully migrated: /Users/simongoldman/Documents/TransparentSF_from_git/transparentSF/ai/output/monthly/4/18.md
2025-09-11 13:03:22,313 - INFO - Successfully stored file in GCS: transparentsf/monthly/4/1.json
2025-09-11 13:03:22,313 - INFO - Successfully migrated: /Users/simongoldman/Documents/TransparentSF_from_git/transparentSF/ai/output/monthly/4/1.md
2025-09-11 13:03:22,549 - INFO - Successfully stored file in GCS: transparentsf/monthly/4/19.json
2025-09-11 13:03:22,550 - INFO - Successfully migrated: /Users/simongoldman/Documents/TransparentSF_from_git/transparentSF/ai/output/monthly/4/19.md
2025-09-11 13:03:22,771 - INFO - Successfully stored file in GCS: transparentsf/monthly/4/29.json
2025-09-11 13:03:22,771 - INFO - Successfully migrated: /Users/simongoldman/Documents/TransparentSF_from_git/transparentSF/ai/output/monthly/4/29.md
2025-09-11 13:03:22,987 - INFO - Successfully stored file in GCS: transparentsf/monthly/4/4.json
2025-09-11 13:03:22,987 - INFO - Successfully migrated: /Users/simongoldman/Documents/TransparentSF_from_git/transparentSF/ai/output/monthly/4/4.md
2025-09-11 13:03:23,218 - INFO - Successfully stored file in GCS: transparentsf/monthly/4/16.json
2025-09-11 13:03:23,218 - INFO - Successfully migrated: /Users/simongoldman/Documents/TransparentSF_from_git/transparentSF/ai/output/monthly/4/16.md
2025-09-11 13:03:23,438 - INFO - Successfully stored file in GCS: transparentsf/monthly/4/22.json
2025-09-11 13:03:23,439 - INFO - Successfully migrated: /Users/simongoldman/Documents/TransparentSF_from_git/transparentSF/ai/output/monthly/4/22.md
2025-09-11 13:03:23,660 - INFO - Successfully stored file in GCS: transparentsf/monthly/4/12.json
2025-09-11 13:03:23,660 - INFO - Successfully migrated: /Users/simongoldman/Documents/TransparentSF_from_git/transparentSF/ai/output/monthly/4/12.md
2025-09-11 13:03:23,888 - INFO - Successfully stored file in GCS: transparentsf/monthly/4/17.json
2025-09-11 13:03:23,888 - INFO - Successfully migrated: /Users/simongoldman/Documents/TransparentSF_from_git/transparentSF/ai/output/monthly/4/17.md
2025-09-11 13:03:24,108 - INFO - Successfully stored file in GCS: transparentsf/monthly/4/23.json
2025-09-11 13:03:24,108 - INFO - Successfully migrated: /Users/simongoldman/Documents/TransparentSF_from_git/transparentSF/ai/output/monthly/4/23.md
2025-09-11 13:03:24,343 - INFO - Successfully stored file in GCS: transparentsf/monthly/4/72.json
2025-09-11 13:03:24,343 - INFO - Successfully migrated: /Users/simongoldman/Documents/TransparentSF_from_git/transparentSF/ai/output/monthly/4/72.md
2025-09-11 13:03:24,635 - INFO - Successfully stored file in GCS: transparentsf/monthly/4/24.json
2025-09-11 13:03:24,636 - INFO - Successfully migrated: /Users/simongoldman/Documents/TransparentSF_from_git/transparentSF/ai/output/monthly/4/24.md
2025-09-11 13:03:24,849 - INFO - Successfully stored file in GCS: transparentsf/monthly/4/9.json
2025-09-11 13:03:24,849 - INFO - Successfully migrated: /Users/simongoldman/Documents/TransparentSF_from_git/transparentSF/ai/output/monthly/4/9.md
2025-09-11 13:03:25,059 - INFO - Successfully stored file in GCS: transparentsf/monthly/4/14.json
2025-09-11 13:03:25,060 - INFO - Successfully migrated: /Users/simongoldman/Documents/TransparentSF_from_git/transparentSF/ai/output/monthly/4/14.md
2025-09-11 13:03:25,296 - INFO - Successfully stored file in GCS: transparentsf/monthly/4/71.json
2025-09-11 13:03:25,296 - INFO - Successfully migrated: /Users/simongoldman/Documents/TransparentSF_from_git/transparentSF/ai/output/monthly/4/71.md
2025-09-11 13:03:25,516 - INFO - Successfully stored file in GCS: transparentsf/monthly/4/30.json
2025-09-11 13:03:25,517 - INFO - Successfully migrated: /Users/simongoldman/Documents/TransparentSF_from_git/transparentSF/ai/output/monthly/4/30.md
2025-09-11 13:03:25,742 - INFO - Successfully stored file in GCS: transparentsf/monthly/4/15.json
2025-09-11 13:03:25,742 - INFO - Successfully migrated: /Users/simongoldman/Documents/TransparentSF_from_git/transparentSF/ai/output/monthly/4/15.md
2025-09-11 13:03:25,958 - INFO - Successfully stored file in GCS: transparentsf/monthly/4/40.json
2025-09-11 13:03:25,958 - INFO - Successfully migrated: /Users/simongoldman/Documents/TransparentSF_from_git/transparentSF/ai/output/monthly/4/40.md
2025-09-11 13:03:26,175 - INFO - Successfully stored file in GCS: transparentsf/monthly/4/8.json
2025-09-11 13:03:26,175 - INFO - Successfully migrated: /Users/simongoldman/Documents/TransparentSF_from_git/transparentSF/ai/output/monthly/4/8.md
2025-09-11 13:03:26,401 - INFO - Successfully stored file in GCS: transparentsf/monthly/4/35.json
2025-09-11 13:03:26,402 - INFO - Successfully migrated: /Users/simongoldman/Documents/TransparentSF_from_git/transparentSF/ai/output/monthly/4/35.md
2025-09-11 13:03:26,624 - INFO - Successfully stored file in GCS: transparentsf/monthly/4/3.json
2025-09-11 13:03:26,624 - INFO - Successfully migrated: /Users/simongoldman/Documents/TransparentSF_from_git/transparentSF/ai/output/monthly/4/3.md
2025-09-11 13:03:26,894 - INFO - Successfully stored file in GCS: transparentsf/monthly/4/2.json
2025-09-11 13:03:26,894 - INFO - Successfully migrated: /Users/simongoldman/Documents/TransparentSF_from_git/transparentSF/ai/output/monthly/4/2.md
2025-09-11 13:03:27,116 - INFO - Successfully stored file in GCS: transparentsf/monthly/3/69.json
2025-09-11 13:03:27,116 - INFO - Successfully migrated: /Users/simongoldman/Documents/TransparentSF_from_git/transparentSF/ai/output/monthly/3/69.md
2025-09-11 13:03:27,338 - INFO - Successfully stored file in GCS: transparentsf/monthly/3/38.json
2025-09-11 13:03:27,338 - INFO - Successfully migrated: /Users/simongoldman/Documents/TransparentSF_from_git/transparentSF/ai/output/monthly/3/38.md
2025-09-11 13:03:27,556 - INFO - Successfully stored file in GCS: transparentsf/monthly/3/18.json
2025-09-11 13:03:27,556 - INFO - Successfully migrated: /Users/simongoldman/Documents/TransparentSF_from_git/transparentSF/ai/output/monthly/3/18.md
2025-09-11 13:03:27,780 - INFO - Successfully stored file in GCS: transparentsf/monthly/3/1.json
2025-09-11 13:03:27,780 - INFO - Successfully migrated: /Users/simongoldman/Documents/TransparentSF_from_git/transparentSF/ai/output/monthly/3/1.md
2025-09-11 13:03:28,124 - INFO - Successfully stored file in GCS: transparentsf/monthly/3/19.json
2025-09-11 13:03:28,125 - INFO - Successfully migrated: /Users/simongoldman/Documents/TransparentSF_from_git/transparentSF/ai/output/monthly/3/19.md
2025-09-11 13:03:28,343 - INFO - Successfully stored file in GCS: transparentsf/monthly/3/29.json
2025-09-11 13:03:28,343 - INFO - Successfully migrated: /Users/simongoldman/Documents/TransparentSF_from_git/transparentSF/ai/output/monthly/3/29.md
2025-09-11 13:03:28,556 - INFO - Successfully stored file in GCS: transparentsf/monthly/3/4.json
2025-09-11 13:03:28,557 - INFO - Successfully migrated: /Users/simongoldman/Documents/TransparentSF_from_git/transparentSF/ai/output/monthly/3/4.md
2025-09-11 13:03:28,776 - INFO - Successfully stored file in GCS: transparentsf/monthly/3/16.json
2025-09-11 13:03:28,776 - INFO - Successfully migrated: /Users/simongoldman/Documents/TransparentSF_from_git/transparentSF/ai/output/monthly/3/16.md
2025-09-11 13:03:28,999 - INFO - Successfully stored file in GCS: transparentsf/monthly/3/22.json
2025-09-11 13:03:29,000 - INFO - Successfully migrated: /Users/simongoldman/Documents/TransparentSF_from_git/transparentSF/ai/output/monthly/3/22.md
2025-09-11 13:03:29,208 - INFO - Successfully stored file in GCS: transparentsf/monthly/3/12.json
2025-09-11 13:03:29,208 - INFO - Successfully migrated: /Users/simongoldman/Documents/TransparentSF_from_git/transparentSF/ai/output/monthly/3/12.md
2025-09-11 13:03:29,436 - INFO - Successfully stored file in GCS: transparentsf/monthly/3/46.json
2025-09-11 13:03:29,436 - INFO - Successfully migrated: /Users/simongoldman/Documents/TransparentSF_from_git/transparentSF/ai/output/monthly/3/46.md
2025-09-11 13:03:29,663 - INFO - Successfully stored file in GCS: transparentsf/monthly/3/17.json
2025-09-11 13:03:29,663 - INFO - Successfully migrated: /Users/simongoldman/Documents/TransparentSF_from_git/transparentSF/ai/output/monthly/3/17.md
2025-09-11 13:03:29,888 - INFO - Successfully stored file in GCS: transparentsf/monthly/3/23.json
2025-09-11 13:03:29,889 - INFO - Successfully migrated: /Users/simongoldman/Documents/TransparentSF_from_git/transparentSF/ai/output/monthly/3/23.md
2025-09-11 13:03:30,103 - INFO - Successfully stored file in GCS: transparentsf/monthly/3/72.json
2025-09-11 13:03:30,104 - INFO - Successfully migrated: /Users/simongoldman/Documents/TransparentSF_from_git/transparentSF/ai/output/monthly/3/72.md
2025-09-11 13:03:30,330 - INFO - Successfully stored file in GCS: transparentsf/monthly/3/24.json
2025-09-11 13:03:30,330 - INFO - Successfully migrated: /Users/simongoldman/Documents/TransparentSF_from_git/transparentSF/ai/output/monthly/3/24.md
2025-09-11 13:03:30,560 - INFO - Successfully stored file in GCS: transparentsf/monthly/3/9.json
2025-09-11 13:03:30,560 - INFO - Successfully migrated: /Users/simongoldman/Documents/TransparentSF_from_git/transparentSF/ai/output/monthly/3/9.md
2025-09-11 13:03:30,794 - INFO - Successfully stored file in GCS: transparentsf/monthly/3/34.json
2025-09-11 13:03:30,794 - INFO - Successfully migrated: /Users/simongoldman/Documents/TransparentSF_from_git/transparentSF/ai/output/monthly/3/34.md
2025-09-11 13:03:31,022 - INFO - Successfully stored file in GCS: transparentsf/monthly/3/14.json
2025-09-11 13:03:31,022 - INFO - Successfully migrated: /Users/simongoldman/Documents/TransparentSF_from_git/transparentSF/ai/output/monthly/3/14.md
2025-09-11 13:03:31,298 - INFO - Successfully stored file in GCS: transparentsf/monthly/3/71.json
2025-09-11 13:03:31,298 - INFO - Successfully migrated: /Users/simongoldman/Documents/TransparentSF_from_git/transparentSF/ai/output/monthly/3/71.md
2025-09-11 13:03:31,523 - INFO - Successfully stored file in GCS: transparentsf/monthly/3/30.json
2025-09-11 13:03:31,524 - INFO - Successfully migrated: /Users/simongoldman/Documents/TransparentSF_from_git/transparentSF/ai/output/monthly/3/30.md
2025-09-11 13:03:31,740 - INFO - Successfully stored file in GCS: transparentsf/monthly/3/15.json
2025-09-11 13:03:31,740 - INFO - Successfully migrated: /Users/simongoldman/Documents/TransparentSF_from_git/transparentSF/ai/output/monthly/3/15.md
2025-09-11 13:03:31,960 - INFO - Successfully stored file in GCS: transparentsf/monthly/3/40.json
2025-09-11 13:03:31,960 - INFO - Successfully migrated: /Users/simongoldman/Documents/TransparentSF_from_git/transparentSF/ai/output/monthly/3/40.md
2025-09-11 13:03:32,195 - INFO - Successfully stored file in GCS: transparentsf/monthly/3/8.json
2025-09-11 13:03:32,195 - INFO - Successfully migrated: /Users/simongoldman/Documents/TransparentSF_from_git/transparentSF/ai/output/monthly/3/8.md
2025-09-11 13:03:32,525 - INFO - Successfully stored file in GCS: transparentsf/monthly/3/35.json
2025-09-11 13:03:32,525 - INFO - Successfully migrated: /Users/simongoldman/Documents/TransparentSF_from_git/transparentSF/ai/output/monthly/3/35.md
2025-09-11 13:03:32,763 - INFO - Successfully stored file in GCS: transparentsf/monthly/3/3.json
2025-09-11 13:03:32,763 - INFO - Successfully migrated: /Users/simongoldman/Documents/TransparentSF_from_git/transparentSF/ai/output/monthly/3/3.md
2025-09-11 13:03:32,993 - INFO - Successfully stored file in GCS: transparentsf/monthly/3/2.json
2025-09-11 13:03:32,993 - INFO - Successfully migrated: /Users/simongoldman/Documents/TransparentSF_from_git/transparentSF/ai/output/monthly/3/2.md
2025-09-11 13:03:33,218 - INFO - Successfully stored file in GCS: transparentsf/monthly/11.0/19.json
2025-09-11 13:03:33,219 - INFO - Successfully migrated: /Users/simongoldman/Documents/TransparentSF_from_git/transparentSF/ai/output/monthly/11.0/19.md
2025-09-11 13:03:33,444 - INFO - Successfully stored file in GCS: transparentsf/monthly/11.0/30.json
2025-09-11 13:03:33,445 - INFO - Successfully migrated: /Users/simongoldman/Documents/TransparentSF_from_git/transparentSF/ai/output/monthly/11.0/30.md
2025-09-11 13:03:33,660 - INFO - Successfully stored file in GCS: transparentsf/monthly/4.0/19.json
2025-09-11 13:03:33,660 - INFO - Successfully migrated: /Users/simongoldman/Documents/TransparentSF_from_git/transparentSF/ai/output/monthly/4.0/19.md
2025-09-11 13:03:33,887 - INFO - Successfully stored file in GCS: transparentsf/monthly/4.0/30.json
2025-09-11 13:03:33,887 - INFO - Successfully migrated: /Users/simongoldman/Documents/TransparentSF_from_git/transparentSF/ai/output/monthly/4.0/30.md
2025-09-11 13:03:34,119 - INFO - Successfully stored file in GCS: transparentsf/monthly/2/69.json
2025-09-11 13:03:34,119 - INFO - Successfully migrated: /Users/simongoldman/Documents/TransparentSF_from_git/transparentSF/ai/output/monthly/2/69.md
2025-09-11 13:03:34,336 - INFO - Successfully stored file in GCS: transparentsf/monthly/2/38.json
2025-09-11 13:03:34,336 - INFO - Successfully migrated: /Users/simongoldman/Documents/TransparentSF_from_git/transparentSF/ai/output/monthly/2/38.md
2025-09-11 13:03:34,600 - INFO - Successfully stored file in GCS: transparentsf/monthly/2/18.json
2025-09-11 13:03:34,601 - INFO - Successfully migrated: /Users/simongoldman/Documents/TransparentSF_from_git/transparentSF/ai/output/monthly/2/18.md
2025-09-11 13:03:34,841 - INFO - Successfully stored file in GCS: transparentsf/monthly/2/1.json
2025-09-11 13:03:34,841 - INFO - Successfully migrated: /Users/simongoldman/Documents/TransparentSF_from_git/transparentSF/ai/output/monthly/2/1.md
2025-09-11 13:03:35,062 - INFO - Successfully stored file in GCS: transparentsf/monthly/2/19.json
2025-09-11 13:03:35,062 - INFO - Successfully migrated: /Users/simongoldman/Documents/TransparentSF_from_git/transparentSF/ai/output/monthly/2/19.md
2025-09-11 13:03:35,390 - INFO - Successfully stored file in GCS: transparentsf/monthly/2/4.json
2025-09-11 13:03:35,391 - INFO - Successfully migrated: /Users/simongoldman/Documents/TransparentSF_from_git/transparentSF/ai/output/monthly/2/4.md
2025-09-11 13:03:35,610 - INFO - Successfully stored file in GCS: transparentsf/monthly/2/16.json
2025-09-11 13:03:35,611 - INFO - Successfully migrated: /Users/simongoldman/Documents/TransparentSF_from_git/transparentSF/ai/output/monthly/2/16.md
2025-09-11 13:03:35,845 - INFO - Successfully stored file in GCS: transparentsf/monthly/2/22.json
2025-09-11 13:03:35,845 - INFO - Successfully migrated: /Users/simongoldman/Documents/TransparentSF_from_git/transparentSF/ai/output/monthly/2/22.md
2025-09-11 13:03:36,069 - INFO - Successfully stored file in GCS: transparentsf/monthly/2/12.json
2025-09-11 13:03:36,069 - INFO - Successfully migrated: /Users/simongoldman/Documents/TransparentSF_from_git/transparentSF/ai/output/monthly/2/12.md
2025-09-11 13:03:36,296 - INFO - Successfully stored file in GCS: transparentsf/monthly/2/17.json
2025-09-11 13:03:36,296 - INFO - Successfully migrated: /Users/simongoldman/Documents/TransparentSF_from_git/transparentSF/ai/output/monthly/2/17.md
2025-09-11 13:03:36,629 - INFO - Successfully stored file in GCS: transparentsf/monthly/2/23.json
2025-09-11 13:03:36,629 - INFO - Successfully migrated: /Users/simongoldman/Documents/TransparentSF_from_git/transparentSF/ai/output/monthly/2/23.md
2025-09-11 13:03:36,925 - INFO - Successfully stored file in GCS: transparentsf/monthly/2/72.json
2025-09-11 13:03:36,926 - INFO - Successfully migrated: /Users/simongoldman/Documents/TransparentSF_from_git/transparentSF/ai/output/monthly/2/72.md
2025-09-11 13:03:37,233 - INFO - Successfully stored file in GCS: transparentsf/monthly/2/24.json
2025-09-11 13:03:37,233 - INFO - Successfully migrated: /Users/simongoldman/Documents/TransparentSF_from_git/transparentSF/ai/output/monthly/2/24.md
2025-09-11 13:03:37,448 - INFO - Successfully stored file in GCS: transparentsf/monthly/2/9.json
2025-09-11 13:03:37,448 - INFO - Successfully migrated: /Users/simongoldman/Documents/TransparentSF_from_git/transparentSF/ai/output/monthly/2/9.md
2025-09-11 13:03:37,662 - INFO - Successfully stored file in GCS: transparentsf/monthly/2/34.json
2025-09-11 13:03:37,663 - INFO - Successfully migrated: /Users/simongoldman/Documents/TransparentSF_from_git/transparentSF/ai/output/monthly/2/34.md
2025-09-11 13:03:37,948 - INFO - Successfully stored file in GCS: transparentsf/monthly/2/14.json
2025-09-11 13:03:37,948 - INFO - Successfully migrated: /Users/simongoldman/Documents/TransparentSF_from_git/transparentSF/ai/output/monthly/2/14.md
2025-09-11 13:03:38,171 - INFO - Successfully stored file in GCS: transparentsf/monthly/2/71.json
2025-09-11 13:03:38,171 - INFO - Successfully migrated: /Users/simongoldman/Documents/TransparentSF_from_git/transparentSF/ai/output/monthly/2/71.md
2025-09-11 13:03:38,411 - INFO - Successfully stored file in GCS: transparentsf/monthly/2/30.json
2025-09-11 13:03:38,411 - INFO - Successfully migrated: /Users/simongoldman/Documents/TransparentSF_from_git/transparentSF/ai/output/monthly/2/30.md
2025-09-11 13:03:38,656 - INFO - Successfully stored file in GCS: transparentsf/monthly/2/15.json
2025-09-11 13:03:38,656 - INFO - Successfully migrated: /Users/simongoldman/Documents/TransparentSF_from_git/transparentSF/ai/output/monthly/2/15.md
2025-09-11 13:03:38,876 - INFO - Successfully stored file in GCS: transparentsf/monthly/2/40.json
2025-09-11 13:03:38,876 - INFO - Successfully migrated: /Users/simongoldman/Documents/TransparentSF_from_git/transparentSF/ai/output/monthly/2/40.md
2025-09-11 13:03:39,094 - INFO - Successfully stored file in GCS: transparentsf/monthly/2/8.json
2025-09-11 13:03:39,095 - INFO - Successfully migrated: /Users/simongoldman/Documents/TransparentSF_from_git/transparentSF/ai/output/monthly/2/8.md
2025-09-11 13:03:39,326 - INFO - Successfully stored file in GCS: transparentsf/monthly/2/35.json
2025-09-11 13:03:39,326 - INFO - Successfully migrated: /Users/simongoldman/Documents/TransparentSF_from_git/transparentSF/ai/output/monthly/2/35.md
2025-09-11 13:03:39,565 - INFO - Successfully stored file in GCS: transparentsf/monthly/2/3.json
2025-09-11 13:03:39,565 - INFO - Successfully migrated: /Users/simongoldman/Documents/TransparentSF_from_git/transparentSF/ai/output/monthly/2/3.md
2025-09-11 13:03:39,802 - INFO - Successfully stored file in GCS: transparentsf/monthly/2/2.json
2025-09-11 13:03:39,802 - INFO - Successfully migrated: /Users/simongoldman/Documents/TransparentSF_from_git/transparentSF/ai/output/monthly/2/2.md
2025-09-11 13:03:40,098 - INFO - Successfully stored file in GCS: transparentsf/monthly/5/69.json
2025-09-11 13:03:40,098 - INFO - Successfully migrated: /Users/simongoldman/Documents/TransparentSF_from_git/transparentSF/ai/output/monthly/5/69.md
2025-09-11 13:03:40,311 - INFO - Successfully stored file in GCS: transparentsf/monthly/5/38.json
2025-09-11 13:03:40,311 - INFO - Successfully migrated: /Users/simongoldman/Documents/TransparentSF_from_git/transparentSF/ai/output/monthly/5/38.md
2025-09-11 13:03:40,537 - INFO - Successfully stored file in GCS: transparentsf/monthly/5/18.json
2025-09-11 13:03:40,538 - INFO - Successfully migrated: /Users/simongoldman/Documents/TransparentSF_from_git/transparentSF/ai/output/monthly/5/18.md
2025-09-11 13:03:40,774 - INFO - Successfully stored file in GCS: transparentsf/monthly/5/1.json
2025-09-11 13:03:40,774 - INFO - Successfully migrated: /Users/simongoldman/Documents/TransparentSF_from_git/transparentSF/ai/output/monthly/5/1.md
2025-09-11 13:03:40,998 - INFO - Successfully stored file in GCS: transparentsf/monthly/5/19.json
2025-09-11 13:03:40,998 - INFO - Successfully migrated: /Users/simongoldman/Documents/TransparentSF_from_git/transparentSF/ai/output/monthly/5/19.md
2025-09-11 13:03:41,224 - INFO - Successfully stored file in GCS: transparentsf/monthly/5/29.json
2025-09-11 13:03:41,225 - INFO - Successfully migrated: /Users/simongoldman/Documents/TransparentSF_from_git/transparentSF/ai/output/monthly/5/29.md
2025-09-11 13:03:41,441 - INFO - Successfully stored file in GCS: transparentsf/monthly/5/4.json
2025-09-11 13:03:41,442 - INFO - Successfully migrated: /Users/simongoldman/Documents/TransparentSF_from_git/transparentSF/ai/output/monthly/5/4.md
2025-09-11 13:03:41,655 - INFO - Successfully stored file in GCS: transparentsf/monthly/5/16.json
2025-09-11 13:03:41,655 - INFO - Successfully migrated: /Users/simongoldman/Documents/TransparentSF_from_git/transparentSF/ai/output/monthly/5/16.md
2025-09-11 13:03:41,888 - INFO - Successfully stored file in GCS: transparentsf/monthly/5/22.json
2025-09-11 13:03:41,888 - INFO - Successfully migrated: /Users/simongoldman/Documents/TransparentSF_from_git/transparentSF/ai/output/monthly/5/22.md
2025-09-11 13:03:42,147 - INFO - Successfully stored file in GCS: transparentsf/monthly/5/12.json
2025-09-11 13:03:42,147 - INFO - Successfully migrated: /Users/simongoldman/Documents/TransparentSF_from_git/transparentSF/ai/output/monthly/5/12.md
2025-09-11 13:03:42,385 - INFO - Successfully stored file in GCS: transparentsf/monthly/5/17.json
2025-09-11 13:03:42,386 - INFO - Successfully migrated: /Users/simongoldman/Documents/TransparentSF_from_git/transparentSF/ai/output/monthly/5/17.md
2025-09-11 13:03:42,607 - INFO - Successfully stored file in GCS: transparentsf/monthly/5/23.json
2025-09-11 13:03:42,607 - INFO - Successfully migrated: /Users/simongoldman/Documents/TransparentSF_from_git/transparentSF/ai/output/monthly/5/23.md
2025-09-11 13:03:42,817 - INFO - Successfully stored file in GCS: transparentsf/monthly/5/72.json
2025-09-11 13:03:42,817 - INFO - Successfully migrated: /Users/simongoldman/Documents/TransparentSF_from_git/transparentSF/ai/output/monthly/5/72.md
2025-09-11 13:03:43,070 - INFO - Successfully stored file in GCS: transparentsf/monthly/5/24.json
2025-09-11 13:03:43,070 - INFO - Successfully migrated: /Users/simongoldman/Documents/TransparentSF_from_git/transparentSF/ai/output/monthly/5/24.md
2025-09-11 13:03:43,289 - INFO - Successfully stored file in GCS: transparentsf/monthly/5/9.json
2025-09-11 13:03:43,289 - INFO - Successfully migrated: /Users/simongoldman/Documents/TransparentSF_from_git/transparentSF/ai/output/monthly/5/9.md
2025-09-11 13:03:43,509 - INFO - Successfully stored file in GCS: transparentsf/monthly/5/34.json
2025-09-11 13:03:43,509 - INFO - Successfully migrated: /Users/simongoldman/Documents/TransparentSF_from_git/transparentSF/ai/output/monthly/5/34.md
2025-09-11 13:03:43,730 - INFO - Successfully stored file in GCS: transparentsf/monthly/5/14.json
2025-09-11 13:03:43,730 - INFO - Successfully migrated: /Users/simongoldman/Documents/TransparentSF_from_git/transparentSF/ai/output/monthly/5/14.md
2025-09-11 13:03:43,961 - INFO - Successfully stored file in GCS: transparentsf/monthly/5/71.json
2025-09-11 13:03:43,961 - INFO - Successfully migrated: /Users/simongoldman/Documents/TransparentSF_from_git/transparentSF/ai/output/monthly/5/71.md
2025-09-11 13:03:44,197 - INFO - Successfully stored file in GCS: transparentsf/monthly/5/30.json
2025-09-11 13:03:44,197 - INFO - Successfully migrated: /Users/simongoldman/Documents/TransparentSF_from_git/transparentSF/ai/output/monthly/5/30.md
2025-09-11 13:03:44,423 - INFO - Successfully stored file in GCS: transparentsf/monthly/5/15.json
2025-09-11 13:03:44,423 - INFO - Successfully migrated: /Users/simongoldman/Documents/TransparentSF_from_git/transparentSF/ai/output/monthly/5/15.md
2025-09-11 13:03:44,643 - INFO - Successfully stored file in GCS: transparentsf/monthly/5/40.json
2025-09-11 13:03:44,644 - INFO - Successfully migrated: /Users/simongoldman/Documents/TransparentSF_from_git/transparentSF/ai/output/monthly/5/40.md
2025-09-11 13:03:44,881 - INFO - Successfully stored file in GCS: transparentsf/monthly/5/8.json
2025-09-11 13:03:44,881 - INFO - Successfully migrated: /Users/simongoldman/Documents/TransparentSF_from_git/transparentSF/ai/output/monthly/5/8.md
2025-09-11 13:03:45,132 - INFO - Successfully stored file in GCS: transparentsf/monthly/5/35.json
2025-09-11 13:03:45,132 - INFO - Successfully migrated: /Users/simongoldman/Documents/TransparentSF_from_git/transparentSF/ai/output/monthly/5/35.md
2025-09-11 13:03:45,400 - INFO - Successfully stored file in GCS: transparentsf/monthly/5/3.json
2025-09-11 13:03:45,401 - INFO - Successfully migrated: /Users/simongoldman/Documents/TransparentSF_from_git/transparentSF/ai/output/monthly/5/3.md
2025-09-11 13:03:45,629 - INFO - Successfully stored file in GCS: transparentsf/monthly/5/2.json
2025-09-11 13:03:45,629 - INFO - Successfully migrated: /Users/simongoldman/Documents/TransparentSF_from_git/transparentSF/ai/output/monthly/5/2.md
2025-09-11 13:03:45,856 - INFO - Successfully stored file in GCS: transparentsf/monthly/5.00000/19.json
2025-09-11 13:03:45,857 - INFO - Successfully migrated: /Users/simongoldman/Documents/TransparentSF_from_git/transparentSF/ai/output/monthly/5.00000/19.md
2025-09-11 13:03:46,143 - INFO - Successfully stored file in GCS: transparentsf/monthly/5.00000/30.json
2025-09-11 13:03:46,143 - INFO - Successfully migrated: /Users/simongoldman/Documents/TransparentSF_from_git/transparentSF/ai/output/monthly/5.00000/30.md
2025-09-11 13:03:46,143 - INFO - Migrating annual files...
2025-09-11 13:03:46,390 - INFO - Successfully stored file in GCS: transparentsf/annual/9.00000/19.json
2025-09-11 13:03:46,391 - INFO - Successfully migrated: /Users/simongoldman/Documents/TransparentSF_from_git/transparentSF/ai/output/annual/9.00000/19.md
2025-09-11 13:03:46,627 - INFO - Successfully stored file in GCS: transparentsf/annual/9.00000/30.json
2025-09-11 13:03:46,627 - INFO - Successfully migrated: /Users/simongoldman/Documents/TransparentSF_from_git/transparentSF/ai/output/annual/9.00000/30.md
2025-09-11 13:03:46,863 - INFO - Successfully stored file in GCS: transparentsf/annual/11.00000/19.json
2025-09-11 13:03:46,863 - INFO - Successfully migrated: /Users/simongoldman/Documents/TransparentSF_from_git/transparentSF/ai/output/annual/11.00000/19.md
2025-09-11 13:03:47,090 - INFO - Successfully stored file in GCS: transparentsf/annual/11.00000/30.json
2025-09-11 13:03:47,090 - INFO - Successfully migrated: /Users/simongoldman/Documents/TransparentSF_from_git/transparentSF/ai/output/annual/11.00000/30.md
2025-09-11 13:03:47,304 - INFO - Successfully stored file in GCS: transparentsf/annual/1.0/19.json
2025-09-11 13:03:47,304 - INFO - Successfully migrated: /Users/simongoldman/Documents/TransparentSF_from_git/transparentSF/ai/output/annual/1.0/19.md
2025-09-11 13:03:47,539 - INFO - Successfully stored file in GCS: transparentsf/annual/1.0/30.json
2025-09-11 13:03:47,540 - INFO - Successfully migrated: /Users/simongoldman/Documents/TransparentSF_from_git/transparentSF/ai/output/annual/1.0/30.md
2025-09-11 13:03:47,762 - INFO - Successfully stored file in GCS: transparentsf/annual/5.0/19.json
2025-09-11 13:03:47,762 - INFO - Successfully migrated: /Users/simongoldman/Documents/TransparentSF_from_git/transparentSF/ai/output/annual/5.0/19.md
2025-09-11 13:03:47,978 - INFO - Successfully stored file in GCS: transparentsf/annual/5.0/30.json
2025-09-11 13:03:47,979 - INFO - Successfully migrated: /Users/simongoldman/Documents/TransparentSF_from_git/transparentSF/ai/output/annual/5.0/30.md
2025-09-11 13:03:48,231 - INFO - Successfully stored file in GCS: transparentsf/annual/10.0/19.json
2025-09-11 13:03:48,231 - INFO - Successfully migrated: /Users/simongoldman/Documents/TransparentSF_from_git/transparentSF/ai/output/annual/10.0/19.md
2025-09-11 13:03:48,471 - INFO - Successfully stored file in GCS: transparentsf/annual/10.0/30.json
2025-09-11 13:03:48,471 - INFO - Successfully migrated: /Users/simongoldman/Documents/TransparentSF_from_git/transparentSF/ai/output/annual/10.0/30.md
2025-09-11 13:03:48,703 - INFO - Successfully stored file in GCS: transparentsf/annual/8.00000/19.json
2025-09-11 13:03:48,703 - INFO - Successfully migrated: /Users/simongoldman/Documents/TransparentSF_from_git/transparentSF/ai/output/annual/8.00000/19.md
2025-09-11 13:03:48,923 - INFO - Successfully stored file in GCS: transparentsf/annual/8.00000/30.json
2025-09-11 13:03:48,923 - INFO - Successfully migrated: /Users/simongoldman/Documents/TransparentSF_from_git/transparentSF/ai/output/annual/8.00000/30.md
2025-09-11 13:03:49,163 - INFO - Successfully stored file in GCS: transparentsf/annual/8.0/19.json
2025-09-11 13:03:49,164 - INFO - Successfully migrated: /Users/simongoldman/Documents/TransparentSF_from_git/transparentSF/ai/output/annual/8.0/19.md
2025-09-11 13:03:49,394 - INFO - Successfully stored file in GCS: transparentsf/annual/8.0/30.json
2025-09-11 13:03:49,394 - INFO - Successfully migrated: /Users/simongoldman/Documents/TransparentSF_from_git/transparentSF/ai/output/annual/8.0/30.md
2025-09-11 13:03:49,622 - INFO - Successfully stored file in GCS: transparentsf/annual/9/69.json
2025-09-11 13:03:49,622 - INFO - Successfully migrated: /Users/simongoldman/Documents/TransparentSF_from_git/transparentSF/ai/output/annual/9/69.md
2025-09-11 13:03:49,840 - INFO - Successfully stored file in GCS: transparentsf/annual/9/38.json
2025-09-11 13:03:49,840 - INFO - Successfully migrated: /Users/simongoldman/Documents/TransparentSF_from_git/transparentSF/ai/output/annual/9/38.md
2025-09-11 13:03:50,072 - INFO - Successfully stored file in GCS: transparentsf/annual/9/18.json
2025-09-11 13:03:50,072 - INFO - Successfully migrated: /Users/simongoldman/Documents/TransparentSF_from_git/transparentSF/ai/output/annual/9/18.md
2025-09-11 13:03:50,340 - INFO - Successfully stored file in GCS: transparentsf/annual/9/1.json
2025-09-11 13:03:50,340 - INFO - Successfully migrated: /Users/simongoldman/Documents/TransparentSF_from_git/transparentSF/ai/output/annual/9/1.md
2025-09-11 13:03:50,563 - INFO - Successfully stored file in GCS: transparentsf/annual/9/19.json
2025-09-11 13:03:50,564 - INFO - Successfully migrated: /Users/simongoldman/Documents/TransparentSF_from_git/transparentSF/ai/output/annual/9/19.md
2025-09-11 13:03:50,779 - INFO - Successfully stored file in GCS: transparentsf/annual/9/29.json
2025-09-11 13:03:50,780 - INFO - Successfully migrated: /Users/simongoldman/Documents/TransparentSF_from_git/transparentSF/ai/output/annual/9/29.md
2025-09-11 13:03:51,003 - INFO - Successfully stored file in GCS: transparentsf/annual/9/4.json
2025-09-11 13:03:51,003 - INFO - Successfully migrated: /Users/simongoldman/Documents/TransparentSF_from_git/transparentSF/ai/output/annual/9/4.md
2025-09-11 13:03:51,220 - INFO - Successfully stored file in GCS: transparentsf/annual/9/16.json
2025-09-11 13:03:51,221 - INFO - Successfully migrated: /Users/simongoldman/Documents/TransparentSF_from_git/transparentSF/ai/output/annual/9/16.md
2025-09-11 13:03:51,436 - INFO - Successfully stored file in GCS: transparentsf/annual/9/22.json
2025-09-11 13:03:51,436 - INFO - Successfully migrated: /Users/simongoldman/Documents/TransparentSF_from_git/transparentSF/ai/output/annual/9/22.md
2025-09-11 13:03:51,662 - INFO - Successfully stored file in GCS: transparentsf/annual/9/63.json
2025-09-11 13:03:51,662 - INFO - Successfully migrated: /Users/simongoldman/Documents/TransparentSF_from_git/transparentSF/ai/output/annual/9/63.md
2025-09-11 13:03:51,883 - INFO - Successfully stored file in GCS: transparentsf/annual/9/12.json
2025-09-11 13:03:51,883 - INFO - Successfully migrated: /Users/simongoldman/Documents/TransparentSF_from_git/transparentSF/ai/output/annual/9/12.md
2025-09-11 13:03:52,100 - INFO - Successfully stored file in GCS: transparentsf/annual/9/17.json
2025-09-11 13:03:52,101 - INFO - Successfully migrated: /Users/simongoldman/Documents/TransparentSF_from_git/transparentSF/ai/output/annual/9/17.md
2025-09-11 13:03:52,385 - INFO - Successfully stored file in GCS: transparentsf/annual/9/23.json
2025-09-11 13:03:52,385 - INFO - Successfully migrated: /Users/simongoldman/Documents/TransparentSF_from_git/transparentSF/ai/output/annual/9/23.md
2025-09-11 13:03:52,603 - INFO - Successfully stored file in GCS: transparentsf/annual/9/24.json
2025-09-11 13:03:52,604 - INFO - Successfully migrated: /Users/simongoldman/Documents/TransparentSF_from_git/transparentSF/ai/output/annual/9/24.md
2025-09-11 13:03:52,821 - INFO - Successfully stored file in GCS: transparentsf/annual/9/9.json
2025-09-11 13:03:52,821 - INFO - Successfully migrated: /Users/simongoldman/Documents/TransparentSF_from_git/transparentSF/ai/output/annual/9/9.md
2025-09-11 13:03:53,042 - INFO - Successfully stored file in GCS: transparentsf/annual/9/65.json
2025-09-11 13:03:53,043 - INFO - Successfully migrated: /Users/simongoldman/Documents/TransparentSF_from_git/transparentSF/ai/output/annual/9/65.md
2025-09-11 13:03:53,286 - INFO - Successfully stored file in GCS: transparentsf/annual/9/34.json
2025-09-11 13:03:53,286 - INFO - Successfully migrated: /Users/simongoldman/Documents/TransparentSF_from_git/transparentSF/ai/output/annual/9/34.md
2025-09-11 13:03:53,498 - INFO - Successfully stored file in GCS: transparentsf/annual/9/14.json
2025-09-11 13:03:53,498 - INFO - Successfully migrated: /Users/simongoldman/Documents/TransparentSF_from_git/transparentSF/ai/output/annual/9/14.md
2025-09-11 13:03:53,705 - INFO - Successfully stored file in GCS: transparentsf/annual/9/30.json
2025-09-11 13:03:53,705 - INFO - Successfully migrated: /Users/simongoldman/Documents/TransparentSF_from_git/transparentSF/ai/output/annual/9/30.md
2025-09-11 13:03:53,944 - INFO - Successfully stored file in GCS: transparentsf/annual/9/15.json
2025-09-11 13:03:53,945 - INFO - Successfully migrated: /Users/simongoldman/Documents/TransparentSF_from_git/transparentSF/ai/output/annual/9/15.md
2025-09-11 13:03:54,169 - INFO - Successfully stored file in GCS: transparentsf/annual/9/40.json
2025-09-11 13:03:54,169 - INFO - Successfully migrated: /Users/simongoldman/Documents/TransparentSF_from_git/transparentSF/ai/output/annual/9/40.md
2025-09-11 13:03:54,386 - INFO - Successfully stored file in GCS: transparentsf/annual/9/8.json
2025-09-11 13:03:54,386 - INFO - Successfully migrated: /Users/simongoldman/Documents/TransparentSF_from_git/transparentSF/ai/output/annual/9/8.md
2025-09-11 13:03:54,636 - INFO - Successfully stored file in GCS: transparentsf/annual/9/35.json
2025-09-11 13:03:54,636 - INFO - Successfully migrated: /Users/simongoldman/Documents/TransparentSF_from_git/transparentSF/ai/output/annual/9/35.md
2025-09-11 13:03:54,950 - INFO - Successfully stored file in GCS: transparentsf/annual/9/3.json
2025-09-11 13:03:54,951 - INFO - Successfully migrated: /Users/simongoldman/Documents/TransparentSF_from_git/transparentSF/ai/output/annual/9/3.md
2025-09-11 13:03:55,173 - INFO - Successfully stored file in GCS: transparentsf/annual/9/2.json
2025-09-11 13:03:55,173 - INFO - Successfully migrated: /Users/simongoldman/Documents/TransparentSF_from_git/transparentSF/ai/output/annual/9/2.md
2025-09-11 13:03:55,402 - INFO - Successfully stored file in GCS: transparentsf/annual/0/5.json
2025-09-11 13:03:55,402 - INFO - Successfully migrated: /Users/simongoldman/Documents/TransparentSF_from_git/transparentSF/ai/output/annual/0/5.md
2025-09-11 13:03:55,625 - INFO - Successfully stored file in GCS: transparentsf/annual/0/69.json
2025-09-11 13:03:55,625 - INFO - Successfully migrated: /Users/simongoldman/Documents/TransparentSF_from_git/transparentSF/ai/output/annual/0/69.md
2025-09-11 13:03:55,892 - INFO - Successfully stored file in GCS: transparentsf/annual/0/38.json
2025-09-11 13:03:55,892 - INFO - Successfully migrated: /Users/simongoldman/Documents/TransparentSF_from_git/transparentSF/ai/output/annual/0/38.md
2025-09-11 13:03:56,108 - INFO - Successfully stored file in GCS: transparentsf/annual/0/18.json
2025-09-11 13:03:56,109 - INFO - Successfully migrated: /Users/simongoldman/Documents/TransparentSF_from_git/transparentSF/ai/output/annual/0/18.md
2025-09-11 13:03:56,383 - INFO - Successfully stored file in GCS: transparentsf/annual/0/49.json
2025-09-11 13:03:56,383 - INFO - Successfully migrated: /Users/simongoldman/Documents/TransparentSF_from_git/transparentSF/ai/output/annual/0/49.md
2025-09-11 13:03:56,601 - INFO - Successfully stored file in GCS: transparentsf/annual/0/1.json
2025-09-11 13:03:56,602 - INFO - Successfully migrated: /Users/simongoldman/Documents/TransparentSF_from_git/transparentSF/ai/output/annual/0/1.md
2025-09-11 13:03:56,848 - INFO - Successfully stored file in GCS: transparentsf/annual/0/19.json
2025-09-11 13:03:56,848 - INFO - Successfully migrated: /Users/simongoldman/Documents/TransparentSF_from_git/transparentSF/ai/output/annual/0/19.md
2025-09-11 13:03:57,073 - INFO - Successfully stored file in GCS: transparentsf/annual/0/48.json
2025-09-11 13:03:57,073 - INFO - Successfully migrated: /Users/simongoldman/Documents/TransparentSF_from_git/transparentSF/ai/output/annual/0/48.md
2025-09-11 13:03:57,300 - INFO - Successfully stored file in GCS: transparentsf/annual/0/58.json
2025-09-11 13:03:57,300 - INFO - Successfully migrated: /Users/simongoldman/Documents/TransparentSF_from_git/transparentSF/ai/output/annual/0/58.md
2025-09-11 13:03:57,539 - INFO - Successfully stored file in GCS: transparentsf/annual/0/29.json
2025-09-11 13:03:57,539 - INFO - Successfully migrated: /Users/simongoldman/Documents/TransparentSF_from_git/transparentSF/ai/output/annual/0/29.md
2025-09-11 13:03:57,745 - INFO - Successfully stored file in GCS: transparentsf/annual/0/4.json
2025-09-11 13:03:57,745 - INFO - Successfully migrated: /Users/simongoldman/Documents/TransparentSF_from_git/transparentSF/ai/output/annual/0/4.md
2025-09-11 13:03:57,964 - INFO - Successfully stored file in GCS: transparentsf/annual/0/47.json
2025-09-11 13:03:57,964 - INFO - Successfully migrated: /Users/simongoldman/Documents/TransparentSF_from_git/transparentSF/ai/output/annual/0/47.md
2025-09-11 13:03:58,187 - INFO - Successfully stored file in GCS: transparentsf/annual/0/16.json
2025-09-11 13:03:58,188 - INFO - Successfully migrated: /Users/simongoldman/Documents/TransparentSF_from_git/transparentSF/ai/output/annual/0/16.md
2025-09-11 13:03:58,422 - INFO - Successfully stored file in GCS: transparentsf/annual/0/22.json
2025-09-11 13:03:58,422 - INFO - Successfully migrated: /Users/simongoldman/Documents/TransparentSF_from_git/transparentSF/ai/output/annual/0/22.md
2025-09-11 13:03:58,635 - INFO - Successfully stored file in GCS: transparentsf/annual/0/63.json
2025-09-11 13:03:58,635 - INFO - Successfully migrated: /Users/simongoldman/Documents/TransparentSF_from_git/transparentSF/ai/output/annual/0/63.md
2025-09-11 13:03:58,844 - INFO - Successfully stored file in GCS: transparentsf/annual/0/32.json
2025-09-11 13:03:58,844 - INFO - Successfully migrated: /Users/simongoldman/Documents/TransparentSF_from_git/transparentSF/ai/output/annual/0/32.md
2025-09-11 13:03:59,071 - INFO - Successfully stored file in GCS: transparentsf/annual/0/12.json
2025-09-11 13:03:59,071 - INFO - Successfully migrated: /Users/simongoldman/Documents/TransparentSF_from_git/transparentSF/ai/output/annual/0/12.md
2025-09-11 13:03:59,330 - INFO - Successfully stored file in GCS: transparentsf/annual/0/43.json
2025-09-11 13:03:59,330 - INFO - Successfully migrated: /Users/simongoldman/Documents/TransparentSF_from_git/transparentSF/ai/output/annual/0/43.md
2025-09-11 13:03:59,563 - INFO - Successfully stored file in GCS: transparentsf/annual/0/53.json
2025-09-11 13:03:59,564 - INFO - Successfully migrated: /Users/simongoldman/Documents/TransparentSF_from_git/transparentSF/ai/output/annual/0/53.md
2025-09-11 13:03:59,778 - INFO - Successfully stored file in GCS: transparentsf/annual/0/13.json
2025-09-11 13:03:59,778 - INFO - Successfully migrated: /Users/simongoldman/Documents/TransparentSF_from_git/transparentSF/ai/output/annual/0/13.md
2025-09-11 13:03:59,997 - INFO - Successfully stored file in GCS: transparentsf/annual/0/52.json
2025-09-11 13:03:59,997 - INFO - Successfully migrated: /Users/simongoldman/Documents/TransparentSF_from_git/transparentSF/ai/output/annual/0/52.md
2025-09-11 13:04:00,384 - INFO - Successfully stored file in GCS: transparentsf/annual/0/66.json
2025-09-11 13:04:00,384 - INFO - Successfully migrated: /Users/simongoldman/Documents/TransparentSF_from_git/transparentSF/ai/output/annual/0/66.md
2025-09-11 13:04:00,627 - INFO - Successfully stored file in GCS: transparentsf/annual/0/46.json
2025-09-11 13:04:00,627 - INFO - Successfully migrated: /Users/simongoldman/Documents/TransparentSF_from_git/transparentSF/ai/output/annual/0/46.md
2025-09-11 13:04:00,856 - INFO - Successfully stored file in GCS: transparentsf/annual/0/17.json
2025-09-11 13:04:00,856 - INFO - Successfully migrated: /Users/simongoldman/Documents/TransparentSF_from_git/transparentSF/ai/output/annual/0/17.md
2025-09-11 13:04:01,085 - INFO - Successfully stored file in GCS: transparentsf/annual/0/23.json
2025-09-11 13:04:01,086 - INFO - Successfully migrated: /Users/simongoldman/Documents/TransparentSF_from_git/transparentSF/ai/output/annual/0/23.md
2025-09-11 13:04:01,304 - INFO - Successfully stored file in GCS: transparentsf/annual/0/62.json
2025-09-11 13:04:01,304 - INFO - Successfully migrated: /Users/simongoldman/Documents/TransparentSF_from_git/transparentSF/ai/output/annual/0/62.md
2025-09-11 13:04:01,529 - INFO - Successfully stored file in GCS: transparentsf/annual/0/33.json
2025-09-11 13:04:01,529 - INFO - Successfully migrated: /Users/simongoldman/Documents/TransparentSF_from_git/transparentSF/ai/output/annual/0/33.md
2025-09-11 13:04:01,746 - INFO - Successfully stored file in GCS: transparentsf/annual/0/24.json
2025-09-11 13:04:01,746 - INFO - Successfully migrated: /Users/simongoldman/Documents/TransparentSF_from_git/transparentSF/ai/output/annual/0/24.md
2025-09-11 13:04:01,979 - INFO - Successfully stored file in GCS: transparentsf/annual/0/41.json
2025-09-11 13:04:01,979 - INFO - Successfully migrated: /Users/simongoldman/Documents/TransparentSF_from_git/transparentSF/ai/output/annual/0/41.md
2025-09-11 13:04:02,203 - INFO - Successfully stored file in GCS: transparentsf/annual/0/10.json
2025-09-11 13:04:02,203 - INFO - Successfully migrated: /Users/simongoldman/Documents/TransparentSF_from_git/transparentSF/ai/output/annual/0/10.md
2025-09-11 13:04:02,461 - INFO - Successfully stored file in GCS: transparentsf/annual/0/51.json
2025-09-11 13:04:02,462 - INFO - Successfully migrated: /Users/simongoldman/Documents/TransparentSF_from_git/transparentSF/ai/output/annual/0/51.md
2025-09-11 13:04:02,784 - INFO - Successfully stored file in GCS: transparentsf/annual/0/9.json
2025-09-11 13:04:02,784 - INFO - Successfully migrated: /Users/simongoldman/Documents/TransparentSF_from_git/transparentSF/ai/output/annual/0/9.md
2025-09-11 13:04:03,047 - INFO - Successfully stored file in GCS: transparentsf/annual/0/65.json
2025-09-11 13:04:03,047 - INFO - Successfully migrated: /Users/simongoldman/Documents/TransparentSF_from_git/transparentSF/ai/output/annual/0/65.md
2025-09-11 13:04:03,331 - INFO - Successfully stored file in GCS: transparentsf/annual/0/34.json
2025-09-11 13:04:03,331 - INFO - Successfully migrated: /Users/simongoldman/Documents/TransparentSF_from_git/transparentSF/ai/output/annual/0/34.md
2025-09-11 13:04:03,571 - INFO - Successfully stored file in GCS: transparentsf/annual/0/14.json
2025-09-11 13:04:03,571 - INFO - Successfully migrated: /Users/simongoldman/Documents/TransparentSF_from_git/transparentSF/ai/output/annual/0/14.md
2025-09-11 13:04:03,786 - INFO - Successfully stored file in GCS: transparentsf/annual/0/45.json
2025-09-11 13:04:03,787 - INFO - Successfully migrated: /Users/simongoldman/Documents/TransparentSF_from_git/transparentSF/ai/output/annual/0/45.md
2025-09-11 13:04:04,010 - INFO - Successfully stored file in GCS: transparentsf/annual/0/30.json
2025-09-11 13:04:04,011 - INFO - Successfully migrated: /Users/simongoldman/Documents/TransparentSF_from_git/transparentSF/ai/output/annual/0/30.md
2025-09-11 13:04:04,248 - INFO - Successfully stored file in GCS: transparentsf/annual/0/61.json
2025-09-11 13:04:04,249 - INFO - Successfully migrated: /Users/simongoldman/Documents/TransparentSF_from_git/transparentSF/ai/output/annual/0/61.md
2025-09-11 13:04:04,477 - INFO - Successfully stored file in GCS: transparentsf/annual/0/15.json
2025-09-11 13:04:04,477 - INFO - Successfully migrated: /Users/simongoldman/Documents/TransparentSF_from_git/transparentSF/ai/output/annual/0/15.md
2025-09-11 13:04:04,761 - INFO - Successfully stored file in GCS: transparentsf/annual/0/44.json
2025-09-11 13:04:04,761 - INFO - Successfully migrated: /Users/simongoldman/Documents/TransparentSF_from_git/transparentSF/ai/output/annual/0/44.md
2025-09-11 13:04:04,984 - INFO - Successfully stored file in GCS: transparentsf/annual/0/31.json
2025-09-11 13:04:04,984 - INFO - Successfully migrated: /Users/simongoldman/Documents/TransparentSF_from_git/transparentSF/ai/output/annual/0/31.md
2025-09-11 13:04:05,194 - INFO - Successfully stored file in GCS: transparentsf/annual/0/60.json
2025-09-11 13:04:05,194 - INFO - Successfully migrated: /Users/simongoldman/Documents/TransparentSF_from_git/transparentSF/ai/output/annual/0/60.md
2025-09-11 13:04:05,497 - INFO - Successfully stored file in GCS: transparentsf/annual/0/40.json
2025-09-11 13:04:05,497 - INFO - Successfully migrated: /Users/simongoldman/Documents/TransparentSF_from_git/transparentSF/ai/output/annual/0/40.md
2025-09-11 13:04:05,707 - INFO - Successfully stored file in GCS: transparentsf/annual/0/50.json
2025-09-11 13:04:05,707 - INFO - Successfully migrated: /Users/simongoldman/Documents/TransparentSF_from_git/transparentSF/ai/output/annual/0/50.md
2025-09-11 13:04:05,925 - INFO - Successfully stored file in GCS: transparentsf/annual/0/8.json
2025-09-11 13:04:05,925 - INFO - Successfully migrated: /Users/simongoldman/Documents/TransparentSF_from_git/transparentSF/ai/output/annual/0/8.md
2025-09-11 13:04:06,153 - INFO - Successfully stored file in GCS: transparentsf/annual/0/35.json
2025-09-11 13:04:06,154 - INFO - Successfully migrated: /Users/simongoldman/Documents/TransparentSF_from_git/transparentSF/ai/output/annual/0/35.md
2025-09-11 13:04:06,376 - INFO - Successfully stored file in GCS: transparentsf/annual/0/3.json
2025-09-11 13:04:06,376 - INFO - Successfully migrated: /Users/simongoldman/Documents/TransparentSF_from_git/transparentSF/ai/output/annual/0/3.md
2025-09-11 13:04:06,598 - INFO - Successfully stored file in GCS: transparentsf/annual/0/7.json
2025-09-11 13:04:06,598 - INFO - Successfully migrated: /Users/simongoldman/Documents/TransparentSF_from_git/transparentSF/ai/output/annual/0/7.md
2025-09-11 13:04:06,834 - INFO - Successfully stored file in GCS: transparentsf/annual/0/6.json
2025-09-11 13:04:06,834 - INFO - Successfully migrated: /Users/simongoldman/Documents/TransparentSF_from_git/transparentSF/ai/output/annual/0/6.md
2025-09-11 13:04:07,067 - INFO - Successfully stored file in GCS: transparentsf/annual/0/2.json
2025-09-11 13:04:07,067 - INFO - Successfully migrated: /Users/simongoldman/Documents/TransparentSF_from_git/transparentSF/ai/output/annual/0/2.md
2025-09-11 13:04:07,303 - INFO - Successfully stored file in GCS: transparentsf/annual/2.0/19.json
2025-09-11 13:04:07,304 - INFO - Successfully migrated: /Users/simongoldman/Documents/TransparentSF_from_git/transparentSF/ai/output/annual/2.0/19.md
2025-09-11 13:04:07,524 - INFO - Successfully stored file in GCS: transparentsf/annual/2.0/30.json
2025-09-11 13:04:07,524 - INFO - Successfully migrated: /Users/simongoldman/Documents/TransparentSF_from_git/transparentSF/ai/output/annual/2.0/30.md
2025-09-11 13:04:07,748 - INFO - Successfully stored file in GCS: transparentsf/annual/11/69.json
2025-09-11 13:04:07,748 - INFO - Successfully migrated: /Users/simongoldman/Documents/TransparentSF_from_git/transparentSF/ai/output/annual/11/69.md
2025-09-11 13:04:07,979 - INFO - Successfully stored file in GCS: transparentsf/annual/11/38.json
2025-09-11 13:04:07,980 - INFO - Successfully migrated: /Users/simongoldman/Documents/TransparentSF_from_git/transparentSF/ai/output/annual/11/38.md
2025-09-11 13:04:08,198 - INFO - Successfully stored file in GCS: transparentsf/annual/11/18.json
2025-09-11 13:04:08,198 - INFO - Successfully migrated: /Users/simongoldman/Documents/TransparentSF_from_git/transparentSF/ai/output/annual/11/18.md
2025-09-11 13:04:08,418 - INFO - Successfully stored file in GCS: transparentsf/annual/11/1.json
2025-09-11 13:04:08,418 - INFO - Successfully migrated: /Users/simongoldman/Documents/TransparentSF_from_git/transparentSF/ai/output/annual/11/1.md
2025-09-11 13:04:08,643 - INFO - Successfully stored file in GCS: transparentsf/annual/11/19.json
2025-09-11 13:04:08,643 - INFO - Successfully migrated: /Users/simongoldman/Documents/TransparentSF_from_git/transparentSF/ai/output/annual/11/19.md
2025-09-11 13:04:08,854 - INFO - Successfully stored file in GCS: transparentsf/annual/11/29.json
2025-09-11 13:04:08,854 - INFO - Successfully migrated: /Users/simongoldman/Documents/TransparentSF_from_git/transparentSF/ai/output/annual/11/29.md
2025-09-11 13:04:09,071 - INFO - Successfully stored file in GCS: transparentsf/annual/11/4.json
2025-09-11 13:04:09,072 - INFO - Successfully migrated: /Users/simongoldman/Documents/TransparentSF_from_git/transparentSF/ai/output/annual/11/4.md
2025-09-11 13:04:09,291 - INFO - Successfully stored file in GCS: transparentsf/annual/11/16.json
2025-09-11 13:04:09,292 - INFO - Successfully migrated: /Users/simongoldman/Documents/TransparentSF_from_git/transparentSF/ai/output/annual/11/16.md
2025-09-11 13:04:09,521 - INFO - Successfully stored file in GCS: transparentsf/annual/11/22.json
2025-09-11 13:04:09,521 - INFO - Successfully migrated: /Users/simongoldman/Documents/TransparentSF_from_git/transparentSF/ai/output/annual/11/22.md
2025-09-11 13:04:09,739 - INFO - Successfully stored file in GCS: transparentsf/annual/11/63.json
2025-09-11 13:04:09,739 - INFO - Successfully migrated: /Users/simongoldman/Documents/TransparentSF_from_git/transparentSF/ai/output/annual/11/63.md
2025-09-11 13:04:09,961 - INFO - Successfully stored file in GCS: transparentsf/annual/11/12.json
2025-09-11 13:04:09,962 - INFO - Successfully migrated: /Users/simongoldman/Documents/TransparentSF_from_git/transparentSF/ai/output/annual/11/12.md
2025-09-11 13:04:10,191 - INFO - Successfully stored file in GCS: transparentsf/annual/11/17.json
2025-09-11 13:04:10,192 - INFO - Successfully migrated: /Users/simongoldman/Documents/TransparentSF_from_git/transparentSF/ai/output/annual/11/17.md
2025-09-11 13:04:10,416 - INFO - Successfully stored file in GCS: transparentsf/annual/11/23.json
2025-09-11 13:04:10,417 - INFO - Successfully migrated: /Users/simongoldman/Documents/TransparentSF_from_git/transparentSF/ai/output/annual/11/23.md
2025-09-11 13:04:10,658 - INFO - Successfully stored file in GCS: transparentsf/annual/11/24.json
2025-09-11 13:04:10,659 - INFO - Successfully migrated: /Users/simongoldman/Documents/TransparentSF_from_git/transparentSF/ai/output/annual/11/24.md
2025-09-11 13:04:10,881 - INFO - Successfully stored file in GCS: transparentsf/annual/11/9.json
2025-09-11 13:04:10,881 - INFO - Successfully migrated: /Users/simongoldman/Documents/TransparentSF_from_git/transparentSF/ai/output/annual/11/9.md
2025-09-11 13:04:11,103 - INFO - Successfully stored file in GCS: transparentsf/annual/11/65.json
2025-09-11 13:04:11,104 - INFO - Successfully migrated: /Users/simongoldman/Documents/TransparentSF_from_git/transparentSF/ai/output/annual/11/65.md
2025-09-11 13:04:11,436 - INFO - Successfully stored file in GCS: transparentsf/annual/11/14.json
2025-09-11 13:04:11,436 - INFO - Successfully migrated: /Users/simongoldman/Documents/TransparentSF_from_git/transparentSF/ai/output/annual/11/14.md
2025-09-11 13:04:11,677 - INFO - Successfully stored file in GCS: transparentsf/annual/11/30.json
2025-09-11 13:04:11,677 - INFO - Successfully migrated: /Users/simongoldman/Documents/TransparentSF_from_git/transparentSF/ai/output/annual/11/30.md
2025-09-11 13:04:11,891 - INFO - Successfully stored file in GCS: transparentsf/annual/11/15.json
2025-09-11 13:04:11,891 - INFO - Successfully migrated: /Users/simongoldman/Documents/TransparentSF_from_git/transparentSF/ai/output/annual/11/15.md
2025-09-11 13:04:12,110 - INFO - Successfully stored file in GCS: transparentsf/annual/11/40.json
2025-09-11 13:04:12,111 - INFO - Successfully migrated: /Users/simongoldman/Documents/TransparentSF_from_git/transparentSF/ai/output/annual/11/40.md
2025-09-11 13:04:12,319 - INFO - Successfully stored file in GCS: transparentsf/annual/11/8.json
2025-09-11 13:04:12,319 - INFO - Successfully migrated: /Users/simongoldman/Documents/TransparentSF_from_git/transparentSF/ai/output/annual/11/8.md
2025-09-11 13:04:12,548 - INFO - Successfully stored file in GCS: transparentsf/annual/11/35.json
2025-09-11 13:04:12,548 - INFO - Successfully migrated: /Users/simongoldman/Documents/TransparentSF_from_git/transparentSF/ai/output/annual/11/35.md
2025-09-11 13:04:12,770 - INFO - Successfully stored file in GCS: transparentsf/annual/11/3.json
2025-09-11 13:04:12,770 - INFO - Successfully migrated: /Users/simongoldman/Documents/TransparentSF_from_git/transparentSF/ai/output/annual/11/3.md
2025-09-11 13:04:12,991 - INFO - Successfully stored file in GCS: transparentsf/annual/11/2.json
2025-09-11 13:04:12,992 - INFO - Successfully migrated: /Users/simongoldman/Documents/TransparentSF_from_git/transparentSF/ai/output/annual/11/2.md
2025-09-11 13:04:13,217 - INFO - Successfully stored file in GCS: transparentsf/annual/7/69.json
2025-09-11 13:04:13,217 - INFO - Successfully migrated: /Users/simongoldman/Documents/TransparentSF_from_git/transparentSF/ai/output/annual/7/69.md
2025-09-11 13:04:13,493 - INFO - Successfully stored file in GCS: transparentsf/annual/7/38.json
2025-09-11 13:04:13,493 - INFO - Successfully migrated: /Users/simongoldman/Documents/TransparentSF_from_git/transparentSF/ai/output/annual/7/38.md
2025-09-11 13:04:13,720 - INFO - Successfully stored file in GCS: transparentsf/annual/7/18.json
2025-09-11 13:04:13,720 - INFO - Successfully migrated: /Users/simongoldman/Documents/TransparentSF_from_git/transparentSF/ai/output/annual/7/18.md
2025-09-11 13:04:13,993 - INFO - Successfully stored file in GCS: transparentsf/annual/7/1.json
2025-09-11 13:04:13,993 - INFO - Successfully migrated: /Users/simongoldman/Documents/TransparentSF_from_git/transparentSF/ai/output/annual/7/1.md
2025-09-11 13:04:14,217 - INFO - Successfully stored file in GCS: transparentsf/annual/7/19.json
2025-09-11 13:04:14,217 - INFO - Successfully migrated: /Users/simongoldman/Documents/TransparentSF_from_git/transparentSF/ai/output/annual/7/19.md
2025-09-11 13:04:14,430 - INFO - Successfully stored file in GCS: transparentsf/annual/7/29.json
2025-09-11 13:04:14,430 - INFO - Successfully migrated: /Users/simongoldman/Documents/TransparentSF_from_git/transparentSF/ai/output/annual/7/29.md
2025-09-11 13:04:14,652 - INFO - Successfully stored file in GCS: transparentsf/annual/7/4.json
2025-09-11 13:04:14,652 - INFO - Successfully migrated: /Users/simongoldman/Documents/TransparentSF_from_git/transparentSF/ai/output/annual/7/4.md
2025-09-11 13:04:14,914 - INFO - Successfully stored file in GCS: transparentsf/annual/7/16.json
2025-09-11 13:04:14,915 - INFO - Successfully migrated: /Users/simongoldman/Documents/TransparentSF_from_git/transparentSF/ai/output/annual/7/16.md
2025-09-11 13:04:15,140 - INFO - Successfully stored file in GCS: transparentsf/annual/7/22.json
2025-09-11 13:04:15,140 - INFO - Successfully migrated: /Users/simongoldman/Documents/TransparentSF_from_git/transparentSF/ai/output/annual/7/22.md
2025-09-11 13:04:15,360 - INFO - Successfully stored file in GCS: transparentsf/annual/7/63.json
2025-09-11 13:04:15,361 - INFO - Successfully migrated: /Users/simongoldman/Documents/TransparentSF_from_git/transparentSF/ai/output/annual/7/63.md
2025-09-11 13:04:15,576 - INFO - Successfully stored file in GCS: transparentsf/annual/7/12.json
2025-09-11 13:04:15,576 - INFO - Successfully migrated: /Users/simongoldman/Documents/TransparentSF_from_git/transparentSF/ai/output/annual/7/12.md
2025-09-11 13:04:15,826 - INFO - Successfully stored file in GCS: transparentsf/annual/7/17.json
2025-09-11 13:04:15,826 - INFO - Successfully migrated: /Users/simongoldman/Documents/TransparentSF_from_git/transparentSF/ai/output/annual/7/17.md
2025-09-11 13:04:16,054 - INFO - Successfully stored file in GCS: transparentsf/annual/7/23.json
2025-09-11 13:04:16,054 - INFO - Successfully migrated: /Users/simongoldman/Documents/TransparentSF_from_git/transparentSF/ai/output/annual/7/23.md
2025-09-11 13:04:16,266 - INFO - Successfully stored file in GCS: transparentsf/annual/7/24.json
2025-09-11 13:04:16,266 - INFO - Successfully migrated: /Users/simongoldman/Documents/TransparentSF_from_git/transparentSF/ai/output/annual/7/24.md
2025-09-11 13:04:16,499 - INFO - Successfully stored file in GCS: transparentsf/annual/7/9.json
2025-09-11 13:04:16,499 - INFO - Successfully migrated: /Users/simongoldman/Documents/TransparentSF_from_git/transparentSF/ai/output/annual/7/9.md
2025-09-11 13:04:16,712 - INFO - Successfully stored file in GCS: transparentsf/annual/7/65.json
2025-09-11 13:04:16,713 - INFO - Successfully migrated: /Users/simongoldman/Documents/TransparentSF_from_git/transparentSF/ai/output/annual/7/65.md
2025-09-11 13:04:16,944 - INFO - Successfully stored file in GCS: transparentsf/annual/7/34.json
2025-09-11 13:04:16,944 - INFO - Successfully migrated: /Users/simongoldman/Documents/TransparentSF_from_git/transparentSF/ai/output/annual/7/34.md
2025-09-11 13:04:17,162 - INFO - Successfully stored file in GCS: transparentsf/annual/7/14.json
2025-09-11 13:04:17,162 - INFO - Successfully migrated: /Users/simongoldman/Documents/TransparentSF_from_git/transparentSF/ai/output/annual/7/14.md
2025-09-11 13:04:17,475 - INFO - Successfully stored file in GCS: transparentsf/annual/7/30.json
2025-09-11 13:04:17,475 - INFO - Successfully migrated: /Users/simongoldman/Documents/TransparentSF_from_git/transparentSF/ai/output/annual/7/30.md
2025-09-11 13:04:17,702 - INFO - Successfully stored file in GCS: transparentsf/annual/7/15.json
2025-09-11 13:04:17,703 - INFO - Successfully migrated: /Users/simongoldman/Documents/TransparentSF_from_git/transparentSF/ai/output/annual/7/15.md
2025-09-11 13:04:17,987 - INFO - Successfully stored file in GCS: transparentsf/annual/7/40.json
2025-09-11 13:04:17,987 - INFO - Successfully migrated: /Users/simongoldman/Documents/TransparentSF_from_git/transparentSF/ai/output/annual/7/40.md
2025-09-11 13:04:18,203 - INFO - Successfully stored file in GCS: transparentsf/annual/7/8.json
2025-09-11 13:04:18,203 - INFO - Successfully migrated: /Users/simongoldman/Documents/TransparentSF_from_git/transparentSF/ai/output/annual/7/8.md
2025-09-11 13:04:18,420 - INFO - Successfully stored file in GCS: transparentsf/annual/7/35.json
2025-09-11 13:04:18,420 - INFO - Successfully migrated: /Users/simongoldman/Documents/TransparentSF_from_git/transparentSF/ai/output/annual/7/35.md
2025-09-11 13:04:18,647 - INFO - Successfully stored file in GCS: transparentsf/annual/7/3.json
2025-09-11 13:04:18,647 - INFO - Successfully migrated: /Users/simongoldman/Documents/TransparentSF_from_git/transparentSF/ai/output/annual/7/3.md
2025-09-11 13:04:18,872 - INFO - Successfully stored file in GCS: transparentsf/annual/7/2.json
2025-09-11 13:04:18,872 - INFO - Successfully migrated: /Users/simongoldman/Documents/TransparentSF_from_git/transparentSF/ai/output/annual/7/2.md
2025-09-11 13:04:19,086 - INFO - Successfully stored file in GCS: transparentsf/annual/6/69.json
2025-09-11 13:04:19,086 - INFO - Successfully migrated: /Users/simongoldman/Documents/TransparentSF_from_git/transparentSF/ai/output/annual/6/69.md
2025-09-11 13:04:19,305 - INFO - Successfully stored file in GCS: transparentsf/annual/6/38.json
2025-09-11 13:04:19,305 - INFO - Successfully migrated: /Users/simongoldman/Documents/TransparentSF_from_git/transparentSF/ai/output/annual/6/38.md
2025-09-11 13:04:19,532 - INFO - Successfully stored file in GCS: transparentsf/annual/6/18.json
2025-09-11 13:04:19,533 - INFO - Successfully migrated: /Users/simongoldman/Documents/TransparentSF_from_git/transparentSF/ai/output/annual/6/18.md
2025-09-11 13:04:19,759 - INFO - Successfully stored file in GCS: transparentsf/annual/6/1.json
2025-09-11 13:04:19,759 - INFO - Successfully migrated: /Users/simongoldman/Documents/TransparentSF_from_git/transparentSF/ai/output/annual/6/1.md
2025-09-11 13:04:19,983 - INFO - Successfully stored file in GCS: transparentsf/annual/6/19.json
2025-09-11 13:04:19,983 - INFO - Successfully migrated: /Users/simongoldman/Documents/TransparentSF_from_git/transparentSF/ai/output/annual/6/19.md
2025-09-11 13:04:20,202 - INFO - Successfully stored file in GCS: transparentsf/annual/6/29.json
2025-09-11 13:04:20,203 - INFO - Successfully migrated: /Users/simongoldman/Documents/TransparentSF_from_git/transparentSF/ai/output/annual/6/29.md
2025-09-11 13:04:20,420 - INFO - Successfully stored file in GCS: transparentsf/annual/6/4.json
2025-09-11 13:04:20,421 - INFO - Successfully migrated: /Users/simongoldman/Documents/TransparentSF_from_git/transparentSF/ai/output/annual/6/4.md
2025-09-11 13:04:20,635 - INFO - Successfully stored file in GCS: transparentsf/annual/6/16.json
2025-09-11 13:04:20,635 - INFO - Successfully migrated: /Users/simongoldman/Documents/TransparentSF_from_git/transparentSF/ai/output/annual/6/16.md
2025-09-11 13:04:20,855 - INFO - Successfully stored file in GCS: transparentsf/annual/6/22.json
2025-09-11 13:04:20,855 - INFO - Successfully migrated: /Users/simongoldman/Documents/TransparentSF_from_git/transparentSF/ai/output/annual/6/22.md
2025-09-11 13:04:21,163 - INFO - Successfully stored file in GCS: transparentsf/annual/6/63.json
2025-09-11 13:04:21,163 - INFO - Successfully migrated: /Users/simongoldman/Documents/TransparentSF_from_git/transparentSF/ai/output/annual/6/63.md
2025-09-11 13:04:21,469 - INFO - Successfully stored file in GCS: transparentsf/annual/6/12.json
2025-09-11 13:04:21,469 - INFO - Successfully migrated: /Users/simongoldman/Documents/TransparentSF_from_git/transparentSF/ai/output/annual/6/12.md
2025-09-11 13:04:21,699 - INFO - Successfully stored file in GCS: transparentsf/annual/6/43.json
2025-09-11 13:04:21,699 - INFO - Successfully migrated: /Users/simongoldman/Documents/TransparentSF_from_git/transparentSF/ai/output/annual/6/43.md
2025-09-11 13:04:21,917 - INFO - Successfully stored file in GCS: transparentsf/annual/6/17.json
2025-09-11 13:04:21,917 - INFO - Successfully migrated: /Users/simongoldman/Documents/TransparentSF_from_git/transparentSF/ai/output/annual/6/17.md
2025-09-11 13:04:22,186 - INFO - Successfully stored file in GCS: transparentsf/annual/6/23.json
2025-09-11 13:04:22,186 - INFO - Successfully migrated: /Users/simongoldman/Documents/TransparentSF_from_git/transparentSF/ai/output/annual/6/23.md
2025-09-11 13:04:22,404 - INFO - Successfully stored file in GCS: transparentsf/annual/6/24.json
2025-09-11 13:04:22,404 - INFO - Successfully migrated: /Users/simongoldman/Documents/TransparentSF_from_git/transparentSF/ai/output/annual/6/24.md
2025-09-11 13:04:22,699 - INFO - Successfully stored file in GCS: transparentsf/annual/6/41.json
2025-09-11 13:04:22,700 - INFO - Successfully migrated: /Users/simongoldman/Documents/TransparentSF_from_git/transparentSF/ai/output/annual/6/41.md
2025-09-11 13:04:22,925 - INFO - Successfully stored file in GCS: transparentsf/annual/6/9.json
2025-09-11 13:04:22,925 - INFO - Successfully migrated: /Users/simongoldman/Documents/TransparentSF_from_git/transparentSF/ai/output/annual/6/9.md
2025-09-11 13:04:23,191 - INFO - Successfully stored file in GCS: transparentsf/annual/6/65.json
2025-09-11 13:04:23,191 - INFO - Successfully migrated: /Users/simongoldman/Documents/TransparentSF_from_git/transparentSF/ai/output/annual/6/65.md
2025-09-11 13:04:23,407 - INFO - Successfully stored file in GCS: transparentsf/annual/6/34.json
2025-09-11 13:04:23,407 - INFO - Successfully migrated: /Users/simongoldman/Documents/TransparentSF_from_git/transparentSF/ai/output/annual/6/34.md
2025-09-11 13:04:23,651 - INFO - Successfully stored file in GCS: transparentsf/annual/6/14.json
2025-09-11 13:04:23,651 - INFO - Successfully migrated: /Users/simongoldman/Documents/TransparentSF_from_git/transparentSF/ai/output/annual/6/14.md
2025-09-11 13:04:23,879 - INFO - Successfully stored file in GCS: transparentsf/annual/6/30.json
2025-09-11 13:04:23,879 - INFO - Successfully migrated: /Users/simongoldman/Documents/TransparentSF_from_git/transparentSF/ai/output/annual/6/30.md
2025-09-11 13:04:24,096 - INFO - Successfully stored file in GCS: transparentsf/annual/6/15.json
2025-09-11 13:04:24,097 - INFO - Successfully migrated: /Users/simongoldman/Documents/TransparentSF_from_git/transparentSF/ai/output/annual/6/15.md
2025-09-11 13:04:24,322 - INFO - Successfully stored file in GCS: transparentsf/annual/6/40.json
2025-09-11 13:04:24,323 - INFO - Successfully migrated: /Users/simongoldman/Documents/TransparentSF_from_git/transparentSF/ai/output/annual/6/40.md
2025-09-11 13:04:24,553 - INFO - Successfully stored file in GCS: transparentsf/annual/6/8.json
2025-09-11 13:04:24,553 - INFO - Successfully migrated: /Users/simongoldman/Documents/TransparentSF_from_git/transparentSF/ai/output/annual/6/8.md
2025-09-11 13:04:24,762 - INFO - Successfully stored file in GCS: transparentsf/annual/6/35.json
2025-09-11 13:04:24,762 - INFO - Successfully migrated: /Users/simongoldman/Documents/TransparentSF_from_git/transparentSF/ai/output/annual/6/35.md
2025-09-11 13:04:24,982 - INFO - Successfully stored file in GCS: transparentsf/annual/6/3.json
2025-09-11 13:04:24,982 - INFO - Successfully migrated: /Users/simongoldman/Documents/TransparentSF_from_git/transparentSF/ai/output/annual/6/3.md
2025-09-11 13:04:25,208 - INFO - Successfully stored file in GCS: transparentsf/annual/6/2.json
2025-09-11 13:04:25,208 - INFO - Successfully migrated: /Users/simongoldman/Documents/TransparentSF_from_git/transparentSF/ai/output/annual/6/2.md
2025-09-11 13:04:25,475 - INFO - Successfully stored file in GCS: transparentsf/annual/1/69.json
2025-09-11 13:04:25,475 - INFO - Successfully migrated: /Users/simongoldman/Documents/TransparentSF_from_git/transparentSF/ai/output/annual/1/69.md
2025-09-11 13:04:25,695 - INFO - Successfully stored file in GCS: transparentsf/annual/1/38.json
2025-09-11 13:04:25,695 - INFO - Successfully migrated: /Users/simongoldman/Documents/TransparentSF_from_git/transparentSF/ai/output/annual/1/38.md
2025-09-11 13:04:25,917 - INFO - Successfully stored file in GCS: transparentsf/annual/1/18.json
2025-09-11 13:04:25,917 - INFO - Successfully migrated: /Users/simongoldman/Documents/TransparentSF_from_git/transparentSF/ai/output/annual/1/18.md
2025-09-11 13:04:26,143 - INFO - Successfully stored file in GCS: transparentsf/annual/1/1.json
2025-09-11 13:04:26,143 - INFO - Successfully migrated: /Users/simongoldman/Documents/TransparentSF_from_git/transparentSF/ai/output/annual/1/1.md
2025-09-11 13:04:26,384 - INFO - Successfully stored file in GCS: transparentsf/annual/1/19.json
2025-09-11 13:04:26,384 - INFO - Successfully migrated: /Users/simongoldman/Documents/TransparentSF_from_git/transparentSF/ai/output/annual/1/19.md
2025-09-11 13:04:26,606 - INFO - Successfully stored file in GCS: transparentsf/annual/1/29.json
2025-09-11 13:04:26,607 - INFO - Successfully migrated: /Users/simongoldman/Documents/TransparentSF_from_git/transparentSF/ai/output/annual/1/29.md
2025-09-11 13:04:26,827 - INFO - Successfully stored file in GCS: transparentsf/annual/1/4.json
2025-09-11 13:04:26,827 - INFO - Successfully migrated: /Users/simongoldman/Documents/TransparentSF_from_git/transparentSF/ai/output/annual/1/4.md
2025-09-11 13:04:27,107 - INFO - Successfully stored file in GCS: transparentsf/annual/1/16.json
2025-09-11 13:04:27,107 - INFO - Successfully migrated: /Users/simongoldman/Documents/TransparentSF_from_git/transparentSF/ai/output/annual/1/16.md
2025-09-11 13:04:27,330 - INFO - Successfully stored file in GCS: transparentsf/annual/1/22.json
2025-09-11 13:04:27,330 - INFO - Successfully migrated: /Users/simongoldman/Documents/TransparentSF_from_git/transparentSF/ai/output/annual/1/22.md
2025-09-11 13:04:27,548 - INFO - Successfully stored file in GCS: transparentsf/annual/1/63.json
2025-09-11 13:04:27,548 - INFO - Successfully migrated: /Users/simongoldman/Documents/TransparentSF_from_git/transparentSF/ai/output/annual/1/63.md
2025-09-11 13:04:27,768 - INFO - Successfully stored file in GCS: transparentsf/annual/1/12.json
2025-09-11 13:04:27,768 - INFO - Successfully migrated: /Users/simongoldman/Documents/TransparentSF_from_git/transparentSF/ai/output/annual/1/12.md
2025-09-11 13:04:27,990 - INFO - Successfully stored file in GCS: transparentsf/annual/1/17.json
2025-09-11 13:04:27,990 - INFO - Successfully migrated: /Users/simongoldman/Documents/TransparentSF_from_git/transparentSF/ai/output/annual/1/17.md
2025-09-11 13:04:28,339 - INFO - Successfully stored file in GCS: transparentsf/annual/1/23.json
2025-09-11 13:04:28,339 - INFO - Successfully migrated: /Users/simongoldman/Documents/TransparentSF_from_git/transparentSF/ai/output/annual/1/23.md
2025-09-11 13:04:28,566 - INFO - Successfully stored file in GCS: transparentsf/annual/1/24.json
2025-09-11 13:04:28,566 - INFO - Successfully migrated: /Users/simongoldman/Documents/TransparentSF_from_git/transparentSF/ai/output/annual/1/24.md
2025-09-11 13:04:28,780 - INFO - Successfully stored file in GCS: transparentsf/annual/1/9.json
2025-09-11 13:04:28,781 - INFO - Successfully migrated: /Users/simongoldman/Documents/TransparentSF_from_git/transparentSF/ai/output/annual/1/9.md
2025-09-11 13:04:29,007 - INFO - Successfully stored file in GCS: transparentsf/annual/1/65.json
2025-09-11 13:04:29,007 - INFO - Successfully migrated: /Users/simongoldman/Documents/TransparentSF_from_git/transparentSF/ai/output/annual/1/65.md
2025-09-11 13:04:29,212 - INFO - Successfully stored file in GCS: transparentsf/annual/1/34.json
2025-09-11 13:04:29,212 - INFO - Successfully migrated: /Users/simongoldman/Documents/TransparentSF_from_git/transparentSF/ai/output/annual/1/34.md
2025-09-11 13:04:29,457 - INFO - Successfully stored file in GCS: transparentsf/annual/1/14.json
2025-09-11 13:04:29,458 - INFO - Successfully migrated: /Users/simongoldman/Documents/TransparentSF_from_git/transparentSF/ai/output/annual/1/14.md
2025-09-11 13:04:29,684 - INFO - Successfully stored file in GCS: transparentsf/annual/1/30.json
2025-09-11 13:04:29,684 - INFO - Successfully migrated: /Users/simongoldman/Documents/TransparentSF_from_git/transparentSF/ai/output/annual/1/30.md
2025-09-11 13:04:29,905 - INFO - Successfully stored file in GCS: transparentsf/annual/1/15.json
2025-09-11 13:04:29,905 - INFO - Successfully migrated: /Users/simongoldman/Documents/TransparentSF_from_git/transparentSF/ai/output/annual/1/15.md
2025-09-11 13:04:30,190 - INFO - Successfully stored file in GCS: transparentsf/annual/1/40.json
2025-09-11 13:04:30,190 - INFO - Successfully migrated: /Users/simongoldman/Documents/TransparentSF_from_git/transparentSF/ai/output/annual/1/40.md
2025-09-11 13:04:30,480 - INFO - Successfully stored file in GCS: transparentsf/annual/1/8.json
2025-09-11 13:04:30,481 - INFO - Successfully migrated: /Users/simongoldman/Documents/TransparentSF_from_git/transparentSF/ai/output/annual/1/8.md
2025-09-11 13:04:30,789 - INFO - Successfully stored file in GCS: transparentsf/annual/1/35.json
2025-09-11 13:04:30,790 - INFO - Successfully migrated: /Users/simongoldman/Documents/TransparentSF_from_git/transparentSF/ai/output/annual/1/35.md
2025-09-11 13:04:31,016 - INFO - Successfully stored file in GCS: transparentsf/annual/1/3.json
2025-09-11 13:04:31,017 - INFO - Successfully migrated: /Users/simongoldman/Documents/TransparentSF_from_git/transparentSF/ai/output/annual/1/3.md
2025-09-11 13:04:31,301 - INFO - Successfully stored file in GCS: transparentsf/annual/1/2.json
2025-09-11 13:04:31,301 - INFO - Successfully migrated: /Users/simongoldman/Documents/TransparentSF_from_git/transparentSF/ai/output/annual/1/2.md
2025-09-11 13:04:31,542 - INFO - Successfully stored file in GCS: transparentsf/annual/10.00000/19.json
2025-09-11 13:04:31,542 - INFO - Successfully migrated: /Users/simongoldman/Documents/TransparentSF_from_git/transparentSF/ai/output/annual/10.00000/19.md
2025-09-11 13:04:31,797 - INFO - Successfully stored file in GCS: transparentsf/annual/10.00000/30.json
2025-09-11 13:04:31,797 - INFO - Successfully migrated: /Users/simongoldman/Documents/TransparentSF_from_git/transparentSF/ai/output/annual/10.00000/30.md
2025-09-11 13:04:32,024 - INFO - Successfully stored file in GCS: transparentsf/annual/10/69.json
2025-09-11 13:04:32,024 - INFO - Successfully migrated: /Users/simongoldman/Documents/TransparentSF_from_git/transparentSF/ai/output/annual/10/69.md
2025-09-11 13:04:32,323 - INFO - Successfully stored file in GCS: transparentsf/annual/10/38.json
2025-09-11 13:04:32,323 - INFO - Successfully migrated: /Users/simongoldman/Documents/TransparentSF_from_git/transparentSF/ai/output/annual/10/38.md
2025-09-11 13:04:32,541 - INFO - Successfully stored file in GCS: transparentsf/annual/10/18.json
2025-09-11 13:04:32,541 - INFO - Successfully migrated: /Users/simongoldman/Documents/TransparentSF_from_git/transparentSF/ai/output/annual/10/18.md
2025-09-11 13:04:32,767 - INFO - Successfully stored file in GCS: transparentsf/annual/10/1.json
2025-09-11 13:04:32,768 - INFO - Successfully migrated: /Users/simongoldman/Documents/TransparentSF_from_git/transparentSF/ai/output/annual/10/1.md
2025-09-11 13:04:32,986 - INFO - Successfully stored file in GCS: transparentsf/annual/10/19.json
2025-09-11 13:04:32,986 - INFO - Successfully migrated: /Users/simongoldman/Documents/TransparentSF_from_git/transparentSF/ai/output/annual/10/19.md
2025-09-11 13:04:33,185 - INFO - Successfully stored file in GCS: transparentsf/annual/10/29.json
2025-09-11 13:04:33,185 - INFO - Successfully migrated: /Users/simongoldman/Documents/TransparentSF_from_git/transparentSF/ai/output/annual/10/29.md
2025-09-11 13:04:33,404 - INFO - Successfully stored file in GCS: transparentsf/annual/10/4.json
2025-09-11 13:04:33,404 - INFO - Successfully migrated: /Users/simongoldman/Documents/TransparentSF_from_git/transparentSF/ai/output/annual/10/4.md
2025-09-11 13:04:33,624 - INFO - Successfully stored file in GCS: transparentsf/annual/10/16.json
2025-09-11 13:04:33,624 - INFO - Successfully migrated: /Users/simongoldman/Documents/TransparentSF_from_git/transparentSF/ai/output/annual/10/16.md
2025-09-11 13:04:33,843 - INFO - Successfully stored file in GCS: transparentsf/annual/10/22.json
2025-09-11 13:04:33,843 - INFO - Successfully migrated: /Users/simongoldman/Documents/TransparentSF_from_git/transparentSF/ai/output/annual/10/22.md
2025-09-11 13:04:34,051 - INFO - Successfully stored file in GCS: transparentsf/annual/10/63.json
2025-09-11 13:04:34,051 - INFO - Successfully migrated: /Users/simongoldman/Documents/TransparentSF_from_git/transparentSF/ai/output/annual/10/63.md
2025-09-11 13:04:34,262 - INFO - Successfully stored file in GCS: transparentsf/annual/10/12.json
2025-09-11 13:04:34,262 - INFO - Successfully migrated: /Users/simongoldman/Documents/TransparentSF_from_git/transparentSF/ai/output/annual/10/12.md
2025-09-11 13:04:34,484 - INFO - Successfully stored file in GCS: transparentsf/annual/10/17.json
2025-09-11 13:04:34,484 - INFO - Successfully migrated: /Users/simongoldman/Documents/TransparentSF_from_git/transparentSF/ai/output/annual/10/17.md
2025-09-11 13:04:34,750 - INFO - Successfully stored file in GCS: transparentsf/annual/10/23.json
2025-09-11 13:04:34,750 - INFO - Successfully migrated: /Users/simongoldman/Documents/TransparentSF_from_git/transparentSF/ai/output/annual/10/23.md
2025-09-11 13:04:34,975 - INFO - Successfully stored file in GCS: transparentsf/annual/10/24.json
2025-09-11 13:04:34,975 - INFO - Successfully migrated: /Users/simongoldman/Documents/TransparentSF_from_git/transparentSF/ai/output/annual/10/24.md
2025-09-11 13:04:35,294 - INFO - Successfully stored file in GCS: transparentsf/annual/10/9.json
2025-09-11 13:04:35,295 - INFO - Successfully migrated: /Users/simongoldman/Documents/TransparentSF_from_git/transparentSF/ai/output/annual/10/9.md
2025-09-11 13:04:35,509 - INFO - Successfully stored file in GCS: transparentsf/annual/10/65.json
2025-09-11 13:04:35,509 - INFO - Successfully migrated: /Users/simongoldman/Documents/TransparentSF_from_git/transparentSF/ai/output/annual/10/65.md
2025-09-11 13:04:35,741 - INFO - Successfully stored file in GCS: transparentsf/annual/10/14.json
2025-09-11 13:04:35,741 - INFO - Successfully migrated: /Users/simongoldman/Documents/TransparentSF_from_git/transparentSF/ai/output/annual/10/14.md
2025-09-11 13:04:35,956 - INFO - Successfully stored file in GCS: transparentsf/annual/10/30.json
2025-09-11 13:04:35,956 - INFO - Successfully migrated: /Users/simongoldman/Documents/TransparentSF_from_git/transparentSF/ai/output/annual/10/30.md
2025-09-11 13:04:36,170 - INFO - Successfully stored file in GCS: transparentsf/annual/10/15.json
2025-09-11 13:04:36,171 - INFO - Successfully migrated: /Users/simongoldman/Documents/TransparentSF_from_git/transparentSF/ai/output/annual/10/15.md
2025-09-11 13:04:36,407 - INFO - Successfully stored file in GCS: transparentsf/annual/10/40.json
2025-09-11 13:04:36,407 - INFO - Successfully migrated: /Users/simongoldman/Documents/TransparentSF_from_git/transparentSF/ai/output/annual/10/40.md
2025-09-11 13:04:36,623 - INFO - Successfully stored file in GCS: transparentsf/annual/10/8.json
2025-09-11 13:04:36,623 - INFO - Successfully migrated: /Users/simongoldman/Documents/TransparentSF_from_git/transparentSF/ai/output/annual/10/8.md
2025-09-11 13:04:36,866 - INFO - Successfully stored file in GCS: transparentsf/annual/10/35.json
2025-09-11 13:04:36,867 - INFO - Successfully migrated: /Users/simongoldman/Documents/TransparentSF_from_git/transparentSF/ai/output/annual/10/35.md
2025-09-11 13:04:37,118 - INFO - Successfully stored file in GCS: transparentsf/annual/10/3.json
2025-09-11 13:04:37,118 - INFO - Successfully migrated: /Users/simongoldman/Documents/TransparentSF_from_git/transparentSF/ai/output/annual/10/3.md
2025-09-11 13:04:37,443 - INFO - Successfully stored file in GCS: transparentsf/annual/10/2.json
2025-09-11 13:04:37,443 - INFO - Successfully migrated: /Users/simongoldman/Documents/TransparentSF_from_git/transparentSF/ai/output/annual/10/2.md
2025-09-11 13:04:37,659 - INFO - Successfully stored file in GCS: transparentsf/annual/8/69.json
2025-09-11 13:04:37,659 - INFO - Successfully migrated: /Users/simongoldman/Documents/TransparentSF_from_git/transparentSF/ai/output/annual/8/69.md
2025-09-11 13:04:37,889 - INFO - Successfully stored file in GCS: transparentsf/annual/8/38.json
2025-09-11 13:04:37,890 - INFO - Successfully migrated: /Users/simongoldman/Documents/TransparentSF_from_git/transparentSF/ai/output/annual/8/38.md
2025-09-11 13:04:38,107 - INFO - Successfully stored file in GCS: transparentsf/annual/8/18.json
2025-09-11 13:04:38,108 - INFO - Successfully migrated: /Users/simongoldman/Documents/TransparentSF_from_git/transparentSF/ai/output/annual/8/18.md
2025-09-11 13:04:38,332 - INFO - Successfully stored file in GCS: transparentsf/annual/8/1.json
2025-09-11 13:04:38,333 - INFO - Successfully migrated: /Users/simongoldman/Documents/TransparentSF_from_git/transparentSF/ai/output/annual/8/1.md
2025-09-11 13:04:38,555 - INFO - Successfully stored file in GCS: transparentsf/annual/8/19.json
2025-09-11 13:04:38,556 - INFO - Successfully migrated: /Users/simongoldman/Documents/TransparentSF_from_git/transparentSF/ai/output/annual/8/19.md
2025-09-11 13:04:38,780 - INFO - Successfully stored file in GCS: transparentsf/annual/8/29.json
2025-09-11 13:04:38,780 - INFO - Successfully migrated: /Users/simongoldman/Documents/TransparentSF_from_git/transparentSF/ai/output/annual/8/29.md
2025-09-11 13:04:39,003 - INFO - Successfully stored file in GCS: transparentsf/annual/8/4.json
2025-09-11 13:04:39,004 - INFO - Successfully migrated: /Users/simongoldman/Documents/TransparentSF_from_git/transparentSF/ai/output/annual/8/4.md
2025-09-11 13:04:39,223 - INFO - Successfully stored file in GCS: transparentsf/annual/8/16.json
2025-09-11 13:04:39,224 - INFO - Successfully migrated: /Users/simongoldman/Documents/TransparentSF_from_git/transparentSF/ai/output/annual/8/16.md
2025-09-11 13:04:39,429 - INFO - Successfully stored file in GCS: transparentsf/annual/8/22.json
2025-09-11 13:04:39,429 - INFO - Successfully migrated: /Users/simongoldman/Documents/TransparentSF_from_git/transparentSF/ai/output/annual/8/22.md
2025-09-11 13:04:39,642 - INFO - Successfully stored file in GCS: transparentsf/annual/8/63.json
2025-09-11 13:04:39,642 - INFO - Successfully migrated: /Users/simongoldman/Documents/TransparentSF_from_git/transparentSF/ai/output/annual/8/63.md
2025-09-11 13:04:39,913 - INFO - Successfully stored file in GCS: transparentsf/annual/8/12.json
2025-09-11 13:04:39,913 - INFO - Successfully migrated: /Users/simongoldman/Documents/TransparentSF_from_git/transparentSF/ai/output/annual/8/12.md
2025-09-11 13:04:40,141 - INFO - Successfully stored file in GCS: transparentsf/annual/8/43.json
2025-09-11 13:04:40,141 - INFO - Successfully migrated: /Users/simongoldman/Documents/TransparentSF_from_git/transparentSF/ai/output/annual/8/43.md
2025-09-11 13:04:40,369 - INFO - Successfully stored file in GCS: transparentsf/annual/8/17.json
2025-09-11 13:04:40,369 - INFO - Successfully migrated: /Users/simongoldman/Documents/TransparentSF_from_git/transparentSF/ai/output/annual/8/17.md
2025-09-11 13:04:40,593 - INFO - Successfully stored file in GCS: transparentsf/annual/8/23.json
2025-09-11 13:04:40,593 - INFO - Successfully migrated: /Users/simongoldman/Documents/TransparentSF_from_git/transparentSF/ai/output/annual/8/23.md
2025-09-11 13:04:40,825 - INFO - Successfully stored file in GCS: transparentsf/annual/8/24.json
2025-09-11 13:04:40,825 - INFO - Successfully migrated: /Users/simongoldman/Documents/TransparentSF_from_git/transparentSF/ai/output/annual/8/24.md
2025-09-11 13:04:41,057 - INFO - Successfully stored file in GCS: transparentsf/annual/8/41.json
2025-09-11 13:04:41,057 - INFO - Successfully migrated: /Users/simongoldman/Documents/TransparentSF_from_git/transparentSF/ai/output/annual/8/41.md
2025-09-11 13:04:41,320 - INFO - Successfully stored file in GCS: transparentsf/annual/8/9.json
2025-09-11 13:04:41,320 - INFO - Successfully migrated: /Users/simongoldman/Documents/TransparentSF_from_git/transparentSF/ai/output/annual/8/9.md
2025-09-11 13:04:41,538 - INFO - Successfully stored file in GCS: transparentsf/annual/8/65.json
2025-09-11 13:04:41,538 - INFO - Successfully migrated: /Users/simongoldman/Documents/TransparentSF_from_git/transparentSF/ai/output/annual/8/65.md
2025-09-11 13:04:41,756 - INFO - Successfully stored file in GCS: transparentsf/annual/8/34.json
2025-09-11 13:04:41,756 - INFO - Successfully migrated: /Users/simongoldman/Documents/TransparentSF_from_git/transparentSF/ai/output/annual/8/34.md
2025-09-11 13:04:41,994 - INFO - Successfully stored file in GCS: transparentsf/annual/8/14.json
2025-09-11 13:04:41,994 - INFO - Successfully migrated: /Users/simongoldman/Documents/TransparentSF_from_git/transparentSF/ai/output/annual/8/14.md
2025-09-11 13:04:42,234 - INFO - Successfully stored file in GCS: transparentsf/annual/8/30.json
2025-09-11 13:04:42,235 - INFO - Successfully migrated: /Users/simongoldman/Documents/TransparentSF_from_git/transparentSF/ai/output/annual/8/30.md
2025-09-11 13:04:42,465 - INFO - Successfully stored file in GCS: transparentsf/annual/8/15.json
2025-09-11 13:04:42,465 - INFO - Successfully migrated: /Users/simongoldman/Documents/TransparentSF_from_git/transparentSF/ai/output/annual/8/15.md
2025-09-11 13:04:42,682 - INFO - Successfully stored file in GCS: transparentsf/annual/8/40.json
2025-09-11 13:04:42,683 - INFO - Successfully migrated: /Users/simongoldman/Documents/TransparentSF_from_git/transparentSF/ai/output/annual/8/40.md
2025-09-11 13:04:42,974 - INFO - Successfully stored file in GCS: transparentsf/annual/8/8.json
2025-09-11 13:04:42,974 - INFO - Successfully migrated: /Users/simongoldman/Documents/TransparentSF_from_git/transparentSF/ai/output/annual/8/8.md
2025-09-11 13:04:43,189 - INFO - Successfully stored file in GCS: transparentsf/annual/8/35.json
2025-09-11 13:04:43,189 - INFO - Successfully migrated: /Users/simongoldman/Documents/TransparentSF_from_git/transparentSF/ai/output/annual/8/35.md
2025-09-11 13:04:43,428 - INFO - Successfully stored file in GCS: transparentsf/annual/8/3.json
2025-09-11 13:04:43,428 - INFO - Successfully migrated: /Users/simongoldman/Documents/TransparentSF_from_git/transparentSF/ai/output/annual/8/3.md
2025-09-11 13:04:43,667 - INFO - Successfully stored file in GCS: transparentsf/annual/8/2.json
2025-09-11 13:04:43,668 - INFO - Successfully migrated: /Users/simongoldman/Documents/TransparentSF_from_git/transparentSF/ai/output/annual/8/2.md
2025-09-11 13:04:43,893 - INFO - Successfully stored file in GCS: transparentsf/annual/6.0/19.json
2025-09-11 13:04:43,894 - INFO - Successfully migrated: /Users/simongoldman/Documents/TransparentSF_from_git/transparentSF/ai/output/annual/6.0/19.md
2025-09-11 13:04:44,118 - INFO - Successfully stored file in GCS: transparentsf/annual/6.0/30.json
2025-09-11 13:04:44,118 - INFO - Successfully migrated: /Users/simongoldman/Documents/TransparentSF_from_git/transparentSF/ai/output/annual/6.0/30.md
2025-09-11 13:04:44,356 - INFO - Successfully stored file in GCS: transparentsf/annual/2.00000/19.json
2025-09-11 13:04:44,356 - INFO - Successfully migrated: /Users/simongoldman/Documents/TransparentSF_from_git/transparentSF/ai/output/annual/2.00000/19.md
2025-09-11 13:04:44,589 - INFO - Successfully stored file in GCS: transparentsf/annual/2.00000/30.json
2025-09-11 13:04:44,589 - INFO - Successfully migrated: /Users/simongoldman/Documents/TransparentSF_from_git/transparentSF/ai/output/annual/2.00000/30.md
2025-09-11 13:04:44,832 - INFO - Successfully stored file in GCS: transparentsf/annual/0.00000/19.json
2025-09-11 13:04:44,832 - INFO - Successfully migrated: /Users/simongoldman/Documents/TransparentSF_from_git/transparentSF/ai/output/annual/0.00000/19.md
2025-09-11 13:04:45,058 - INFO - Successfully stored file in GCS: transparentsf/annual/0.00000/30.json
2025-09-11 13:04:45,058 - INFO - Successfully migrated: /Users/simongoldman/Documents/TransparentSF_from_git/transparentSF/ai/output/annual/0.00000/30.md
2025-09-11 13:04:45,299 - INFO - Successfully stored file in GCS: transparentsf/annual/3.0/19.json
2025-09-11 13:04:45,300 - INFO - Successfully migrated: /Users/simongoldman/Documents/TransparentSF_from_git/transparentSF/ai/output/annual/3.0/19.md
2025-09-11 13:04:45,522 - INFO - Successfully stored file in GCS: transparentsf/annual/3.0/30.json
2025-09-11 13:04:45,522 - INFO - Successfully migrated: /Users/simongoldman/Documents/TransparentSF_from_git/transparentSF/ai/output/annual/3.0/30.md
2025-09-11 13:04:45,753 - INFO - Successfully stored file in GCS: transparentsf/annual/9.0/19.json
2025-09-11 13:04:45,754 - INFO - Successfully migrated: /Users/simongoldman/Documents/TransparentSF_from_git/transparentSF/ai/output/annual/9.0/19.md
2025-09-11 13:04:45,992 - INFO - Successfully stored file in GCS: transparentsf/annual/9.0/30.json
2025-09-11 13:04:45,992 - INFO - Successfully migrated: /Users/simongoldman/Documents/TransparentSF_from_git/transparentSF/ai/output/annual/9.0/30.md
2025-09-11 13:04:46,222 - INFO - Successfully stored file in GCS: transparentsf/annual/4.00000/19.json
2025-09-11 13:04:46,222 - INFO - Successfully migrated: /Users/simongoldman/Documents/TransparentSF_from_git/transparentSF/ai/output/annual/4.00000/19.md
2025-09-11 13:04:46,559 - INFO - Successfully stored file in GCS: transparentsf/annual/4.00000/30.json
2025-09-11 13:04:46,559 - INFO - Successfully migrated: /Users/simongoldman/Documents/TransparentSF_from_git/transparentSF/ai/output/annual/4.00000/30.md
2025-09-11 13:04:46,803 - INFO - Successfully stored file in GCS: transparentsf/annual/6.00000/19.json
2025-09-11 13:04:46,804 - INFO - Successfully migrated: /Users/simongoldman/Documents/TransparentSF_from_git/transparentSF/ai/output/annual/6.00000/19.md
2025-09-11 13:04:47,025 - INFO - Successfully stored file in GCS: transparentsf/annual/6.00000/30.json
2025-09-11 13:04:47,025 - INFO - Successfully migrated: /Users/simongoldman/Documents/TransparentSF_from_git/transparentSF/ai/output/annual/6.00000/30.md
2025-09-11 13:04:47,276 - INFO - Successfully stored file in GCS: transparentsf/annual/7.0/19.json
2025-09-11 13:04:47,276 - INFO - Successfully migrated: /Users/simongoldman/Documents/TransparentSF_from_git/transparentSF/ai/output/annual/7.0/19.md
2025-09-11 13:04:47,506 - INFO - Successfully stored file in GCS: transparentsf/annual/7.0/30.json
2025-09-11 13:04:47,506 - INFO - Successfully migrated: /Users/simongoldman/Documents/TransparentSF_from_git/transparentSF/ai/output/annual/7.0/30.md
2025-09-11 13:04:47,735 - INFO - Successfully stored file in GCS: transparentsf/annual/1.00000/19.json
2025-09-11 13:04:47,735 - INFO - Successfully migrated: /Users/simongoldman/Documents/TransparentSF_from_git/transparentSF/ai/output/annual/1.00000/19.md
2025-09-11 13:04:47,971 - INFO - Successfully stored file in GCS: transparentsf/annual/1.00000/30.json
2025-09-11 13:04:47,971 - INFO - Successfully migrated: /Users/simongoldman/Documents/TransparentSF_from_git/transparentSF/ai/output/annual/1.00000/30.md
2025-09-11 13:04:48,209 - INFO - Successfully stored file in GCS: transparentsf/annual/3.00000/19.json
2025-09-11 13:04:48,210 - INFO - Successfully migrated: /Users/simongoldman/Documents/TransparentSF_from_git/transparentSF/ai/output/annual/3.00000/19.md
2025-09-11 13:04:48,434 - INFO - Successfully stored file in GCS: transparentsf/annual/3.00000/30.json
2025-09-11 13:04:48,434 - INFO - Successfully migrated: /Users/simongoldman/Documents/TransparentSF_from_git/transparentSF/ai/output/annual/3.00000/30.md
2025-09-11 13:04:48,676 - INFO - Successfully stored file in GCS: transparentsf/annual/7.00000/19.json
2025-09-11 13:04:48,676 - INFO - Successfully migrated: /Users/simongoldman/Documents/TransparentSF_from_git/transparentSF/ai/output/annual/7.00000/19.md
2025-09-11 13:04:48,895 - INFO - Successfully stored file in GCS: transparentsf/annual/7.00000/30.json
2025-09-11 13:04:48,897 - INFO - Successfully migrated: /Users/simongoldman/Documents/TransparentSF_from_git/transparentSF/ai/output/annual/7.00000/30.md
2025-09-11 13:04:49,151 - INFO - Successfully stored file in GCS: transparentsf/annual/0.0/19.json
2025-09-11 13:04:49,151 - INFO - Successfully migrated: /Users/simongoldman/Documents/TransparentSF_from_git/transparentSF/ai/output/annual/0.0/19.md
2025-09-11 13:04:49,378 - INFO - Successfully stored file in GCS: transparentsf/annual/0.0/30.json
2025-09-11 13:04:49,378 - INFO - Successfully migrated: /Users/simongoldman/Documents/TransparentSF_from_git/transparentSF/ai/output/annual/0.0/30.md
2025-09-11 13:04:49,610 - INFO - Successfully stored file in GCS: transparentsf/annual/4/69.json
2025-09-11 13:04:49,610 - INFO - Successfully migrated: /Users/simongoldman/Documents/TransparentSF_from_git/transparentSF/ai/output/annual/4/69.md
2025-09-11 13:04:49,838 - INFO - Successfully stored file in GCS: transparentsf/annual/4/38.json
2025-09-11 13:04:49,839 - INFO - Successfully migrated: /Users/simongoldman/Documents/TransparentSF_from_git/transparentSF/ai/output/annual/4/38.md
2025-09-11 13:04:50,055 - INFO - Successfully stored file in GCS: transparentsf/annual/4/18.json
2025-09-11 13:04:50,055 - INFO - Successfully migrated: /Users/simongoldman/Documents/TransparentSF_from_git/transparentSF/ai/output/annual/4/18.md
2025-09-11 13:04:50,278 - INFO - Successfully stored file in GCS: transparentsf/annual/4/1.json
2025-09-11 13:04:50,278 - INFO - Successfully migrated: /Users/simongoldman/Documents/TransparentSF_from_git/transparentSF/ai/output/annual/4/1.md
2025-09-11 13:04:50,513 - INFO - Successfully stored file in GCS: transparentsf/annual/4/19.json
2025-09-11 13:04:50,513 - INFO - Successfully migrated: /Users/simongoldman/Documents/TransparentSF_from_git/transparentSF/ai/output/annual/4/19.md
2025-09-11 13:04:50,757 - INFO - Successfully stored file in GCS: transparentsf/annual/4/29.json
2025-09-11 13:04:50,758 - INFO - Successfully migrated: /Users/simongoldman/Documents/TransparentSF_from_git/transparentSF/ai/output/annual/4/29.md
2025-09-11 13:04:50,986 - INFO - Successfully stored file in GCS: transparentsf/annual/4/4.json
2025-09-11 13:04:50,986 - INFO - Successfully migrated: /Users/simongoldman/Documents/TransparentSF_from_git/transparentSF/ai/output/annual/4/4.md
2025-09-11 13:04:51,205 - INFO - Successfully stored file in GCS: transparentsf/annual/4/16.json
2025-09-11 13:04:51,205 - INFO - Successfully migrated: /Users/simongoldman/Documents/TransparentSF_from_git/transparentSF/ai/output/annual/4/16.md
2025-09-11 13:04:51,442 - INFO - Successfully stored file in GCS: transparentsf/annual/4/22.json
2025-09-11 13:04:51,443 - INFO - Successfully migrated: /Users/simongoldman/Documents/TransparentSF_from_git/transparentSF/ai/output/annual/4/22.md
2025-09-11 13:04:51,666 - INFO - Successfully stored file in GCS: transparentsf/annual/4/63.json
2025-09-11 13:04:51,667 - INFO - Successfully migrated: /Users/simongoldman/Documents/TransparentSF_from_git/transparentSF/ai/output/annual/4/63.md
2025-09-11 13:04:51,889 - INFO - Successfully stored file in GCS: transparentsf/annual/4/12.json
2025-09-11 13:04:51,889 - INFO - Successfully migrated: /Users/simongoldman/Documents/TransparentSF_from_git/transparentSF/ai/output/annual/4/12.md
2025-09-11 13:04:52,120 - INFO - Successfully stored file in GCS: transparentsf/annual/4/17.json
2025-09-11 13:04:52,120 - INFO - Successfully migrated: /Users/simongoldman/Documents/TransparentSF_from_git/transparentSF/ai/output/annual/4/17.md
2025-09-11 13:04:52,371 - INFO - Successfully stored file in GCS: transparentsf/annual/4/23.json
2025-09-11 13:04:52,372 - INFO - Successfully migrated: /Users/simongoldman/Documents/TransparentSF_from_git/transparentSF/ai/output/annual/4/23.md
2025-09-11 13:04:52,616 - INFO - Successfully stored file in GCS: transparentsf/annual/4/24.json
2025-09-11 13:04:52,616 - INFO - Successfully migrated: /Users/simongoldman/Documents/TransparentSF_from_git/transparentSF/ai/output/annual/4/24.md
2025-09-11 13:04:52,907 - INFO - Successfully stored file in GCS: transparentsf/annual/4/9.json
2025-09-11 13:04:52,908 - INFO - Successfully migrated: /Users/simongoldman/Documents/TransparentSF_from_git/transparentSF/ai/output/annual/4/9.md
2025-09-11 13:04:53,215 - INFO - Successfully stored file in GCS: transparentsf/annual/4/65.json
2025-09-11 13:04:53,215 - INFO - Successfully migrated: /Users/simongoldman/Documents/TransparentSF_from_git/transparentSF/ai/output/annual/4/65.md
2025-09-11 13:04:53,431 - INFO - Successfully stored file in GCS: transparentsf/annual/4/14.json
2025-09-11 13:04:53,431 - INFO - Successfully migrated: /Users/simongoldman/Documents/TransparentSF_from_git/transparentSF/ai/output/annual/4/14.md
2025-09-11 13:04:53,658 - INFO - Successfully stored file in GCS: transparentsf/annual/4/30.json
2025-09-11 13:04:53,658 - INFO - Successfully migrated: /Users/simongoldman/Documents/TransparentSF_from_git/transparentSF/ai/output/annual/4/30.md
2025-09-11 13:04:53,879 - INFO - Successfully stored file in GCS: transparentsf/annual/4/15.json
2025-09-11 13:04:53,879 - INFO - Successfully migrated: /Users/simongoldman/Documents/TransparentSF_from_git/transparentSF/ai/output/annual/4/15.md
2025-09-11 13:04:54,152 - INFO - Successfully stored file in GCS: transparentsf/annual/4/40.json
2025-09-11 13:04:54,152 - INFO - Successfully migrated: /Users/simongoldman/Documents/TransparentSF_from_git/transparentSF/ai/output/annual/4/40.md
2025-09-11 13:04:54,545 - INFO - Successfully stored file in GCS: transparentsf/annual/4/8.json
2025-09-11 13:04:54,545 - INFO - Successfully migrated: /Users/simongoldman/Documents/TransparentSF_from_git/transparentSF/ai/output/annual/4/8.md
2025-09-11 13:04:54,782 - INFO - Successfully stored file in GCS: transparentsf/annual/4/35.json
2025-09-11 13:04:54,782 - INFO - Successfully migrated: /Users/simongoldman/Documents/TransparentSF_from_git/transparentSF/ai/output/annual/4/35.md
2025-09-11 13:04:55,023 - INFO - Successfully stored file in GCS: transparentsf/annual/4/3.json
2025-09-11 13:04:55,024 - INFO - Successfully migrated: /Users/simongoldman/Documents/TransparentSF_from_git/transparentSF/ai/output/annual/4/3.md
2025-09-11 13:04:55,247 - INFO - Successfully stored file in GCS: transparentsf/annual/4/2.json
2025-09-11 13:04:55,247 - INFO - Successfully migrated: /Users/simongoldman/Documents/TransparentSF_from_git/transparentSF/ai/output/annual/4/2.md
2025-09-11 13:04:55,480 - INFO - Successfully stored file in GCS: transparentsf/annual/3/69.json
2025-09-11 13:04:55,481 - INFO - Successfully migrated: /Users/simongoldman/Documents/TransparentSF_from_git/transparentSF/ai/output/annual/3/69.md
2025-09-11 13:04:55,690 - INFO - Successfully stored file in GCS: transparentsf/annual/3/38.json
2025-09-11 13:04:55,690 - INFO - Successfully migrated: /Users/simongoldman/Documents/TransparentSF_from_git/transparentSF/ai/output/annual/3/38.md
2025-09-11 13:04:55,900 - INFO - Successfully stored file in GCS: transparentsf/annual/3/18.json
2025-09-11 13:04:55,901 - INFO - Successfully migrated: /Users/simongoldman/Documents/TransparentSF_from_git/transparentSF/ai/output/annual/3/18.md
2025-09-11 13:04:56,120 - INFO - Successfully stored file in GCS: transparentsf/annual/3/1.json
2025-09-11 13:04:56,120 - INFO - Successfully migrated: /Users/simongoldman/Documents/TransparentSF_from_git/transparentSF/ai/output/annual/3/1.md
2025-09-11 13:04:56,340 - INFO - Successfully stored file in GCS: transparentsf/annual/3/19.json
2025-09-11 13:04:56,340 - INFO - Successfully migrated: /Users/simongoldman/Documents/TransparentSF_from_git/transparentSF/ai/output/annual/3/19.md
2025-09-11 13:04:56,557 - INFO - Successfully stored file in GCS: transparentsf/annual/3/29.json
2025-09-11 13:04:56,557 - INFO - Successfully migrated: /Users/simongoldman/Documents/TransparentSF_from_git/transparentSF/ai/output/annual/3/29.md
2025-09-11 13:04:56,772 - INFO - Successfully stored file in GCS: transparentsf/annual/3/4.json
2025-09-11 13:04:56,772 - INFO - Successfully migrated: /Users/simongoldman/Documents/TransparentSF_from_git/transparentSF/ai/output/annual/3/4.md
2025-09-11 13:04:57,003 - INFO - Successfully stored file in GCS: transparentsf/annual/3/16.json
2025-09-11 13:04:57,003 - INFO - Successfully migrated: /Users/simongoldman/Documents/TransparentSF_from_git/transparentSF/ai/output/annual/3/16.md
2025-09-11 13:04:57,221 - INFO - Successfully stored file in GCS: transparentsf/annual/3/22.json
2025-09-11 13:04:57,221 - INFO - Successfully migrated: /Users/simongoldman/Documents/TransparentSF_from_git/transparentSF/ai/output/annual/3/22.md
2025-09-11 13:04:57,450 - INFO - Successfully stored file in GCS: transparentsf/annual/3/63.json
2025-09-11 13:04:57,450 - INFO - Successfully migrated: /Users/simongoldman/Documents/TransparentSF_from_git/transparentSF/ai/output/annual/3/63.md
2025-09-11 13:04:57,665 - INFO - Successfully stored file in GCS: transparentsf/annual/3/12.json
2025-09-11 13:04:57,665 - INFO - Successfully migrated: /Users/simongoldman/Documents/TransparentSF_from_git/transparentSF/ai/output/annual/3/12.md
2025-09-11 13:04:57,907 - INFO - Successfully stored file in GCS: transparentsf/annual/3/46.json
2025-09-11 13:04:57,908 - INFO - Successfully migrated: /Users/simongoldman/Documents/TransparentSF_from_git/transparentSF/ai/output/annual/3/46.md
2025-09-11 13:04:58,129 - INFO - Successfully stored file in GCS: transparentsf/annual/3/17.json
2025-09-11 13:04:58,129 - INFO - Successfully migrated: /Users/simongoldman/Documents/TransparentSF_from_git/transparentSF/ai/output/annual/3/17.md
2025-09-11 13:04:58,358 - INFO - Successfully stored file in GCS: transparentsf/annual/3/23.json
2025-09-11 13:04:58,358 - INFO - Successfully migrated: /Users/simongoldman/Documents/TransparentSF_from_git/transparentSF/ai/output/annual/3/23.md
2025-09-11 13:04:58,584 - INFO - Successfully stored file in GCS: transparentsf/annual/3/24.json
2025-09-11 13:04:58,584 - INFO - Successfully migrated: /Users/simongoldman/Documents/TransparentSF_from_git/transparentSF/ai/output/annual/3/24.md
2025-09-11 13:04:58,845 - INFO - Successfully stored file in GCS: transparentsf/annual/3/9.json
2025-09-11 13:04:58,845 - INFO - Successfully migrated: /Users/simongoldman/Documents/TransparentSF_from_git/transparentSF/ai/output/annual/3/9.md
2025-09-11 13:04:59,064 - INFO - Successfully stored file in GCS: transparentsf/annual/3/65.json
2025-09-11 13:04:59,064 - INFO - Successfully migrated: /Users/simongoldman/Documents/TransparentSF_from_git/transparentSF/ai/output/annual/3/65.md
2025-09-11 13:04:59,293 - INFO - Successfully stored file in GCS: transparentsf/annual/3/34.json
2025-09-11 13:04:59,294 - INFO - Successfully migrated: /Users/simongoldman/Documents/TransparentSF_from_git/transparentSF/ai/output/annual/3/34.md
2025-09-11 13:04:59,516 - INFO - Successfully stored file in GCS: transparentsf/annual/3/14.json
2025-09-11 13:04:59,517 - INFO - Successfully migrated: /Users/simongoldman/Documents/TransparentSF_from_git/transparentSF/ai/output/annual/3/14.md
2025-09-11 13:04:59,736 - INFO - Successfully stored file in GCS: transparentsf/annual/3/30.json
2025-09-11 13:04:59,736 - INFO - Successfully migrated: /Users/simongoldman/Documents/TransparentSF_from_git/transparentSF/ai/output/annual/3/30.md
2025-09-11 13:05:00,008 - INFO - Successfully stored file in GCS: transparentsf/annual/3/15.json
2025-09-11 13:05:00,008 - INFO - Successfully migrated: /Users/simongoldman/Documents/TransparentSF_from_git/transparentSF/ai/output/annual/3/15.md
2025-09-11 13:05:00,344 - INFO - Successfully stored file in GCS: transparentsf/annual/3/40.json
2025-09-11 13:05:00,344 - INFO - Successfully migrated: /Users/simongoldman/Documents/TransparentSF_from_git/transparentSF/ai/output/annual/3/40.md
2025-09-11 13:05:00,567 - INFO - Successfully stored file in GCS: transparentsf/annual/3/8.json
2025-09-11 13:05:00,567 - INFO - Successfully migrated: /Users/simongoldman/Documents/TransparentSF_from_git/transparentSF/ai/output/annual/3/8.md
2025-09-11 13:05:00,790 - INFO - Successfully stored file in GCS: transparentsf/annual/3/35.json
2025-09-11 13:05:00,790 - INFO - Successfully migrated: /Users/simongoldman/Documents/TransparentSF_from_git/transparentSF/ai/output/annual/3/35.md
2025-09-11 13:05:01,016 - INFO - Successfully stored file in GCS: transparentsf/annual/3/3.json
2025-09-11 13:05:01,017 - INFO - Successfully migrated: /Users/simongoldman/Documents/TransparentSF_from_git/transparentSF/ai/output/annual/3/3.md
2025-09-11 13:05:01,251 - INFO - Successfully stored file in GCS: transparentsf/annual/3/2.json
2025-09-11 13:05:01,251 - INFO - Successfully migrated: /Users/simongoldman/Documents/TransparentSF_from_git/transparentSF/ai/output/annual/3/2.md
2025-09-11 13:05:01,508 - INFO - Successfully stored file in GCS: transparentsf/annual/11.0/19.json
2025-09-11 13:05:01,509 - INFO - Successfully migrated: /Users/simongoldman/Documents/TransparentSF_from_git/transparentSF/ai/output/annual/11.0/19.md
2025-09-11 13:05:01,744 - INFO - Successfully stored file in GCS: transparentsf/annual/11.0/30.json
2025-09-11 13:05:01,744 - INFO - Successfully migrated: /Users/simongoldman/Documents/TransparentSF_from_git/transparentSF/ai/output/annual/11.0/30.md
2025-09-11 13:05:01,963 - INFO - Successfully stored file in GCS: transparentsf/annual/4.0/19.json
2025-09-11 13:05:01,963 - INFO - Successfully migrated: /Users/simongoldman/Documents/TransparentSF_from_git/transparentSF/ai/output/annual/4.0/19.md
2025-09-11 13:05:02,183 - INFO - Successfully stored file in GCS: transparentsf/annual/4.0/30.json
2025-09-11 13:05:02,183 - INFO - Successfully migrated: /Users/simongoldman/Documents/TransparentSF_from_git/transparentSF/ai/output/annual/4.0/30.md
2025-09-11 13:05:02,400 - INFO - Successfully stored file in GCS: transparentsf/annual/2/69.json
2025-09-11 13:05:02,400 - INFO - Successfully migrated: /Users/simongoldman/Documents/TransparentSF_from_git/transparentSF/ai/output/annual/2/69.md
2025-09-11 13:05:02,625 - INFO - Successfully stored file in GCS: transparentsf/annual/2/38.json
2025-09-11 13:05:02,625 - INFO - Successfully migrated: /Users/simongoldman/Documents/TransparentSF_from_git/transparentSF/ai/output/annual/2/38.md
2025-09-11 13:05:02,849 - INFO - Successfully stored file in GCS: transparentsf/annual/2/18.json
2025-09-11 13:05:02,850 - INFO - Successfully migrated: /Users/simongoldman/Documents/TransparentSF_from_git/transparentSF/ai/output/annual/2/18.md
2025-09-11 13:05:03,079 - INFO - Successfully stored file in GCS: transparentsf/annual/2/1.json
2025-09-11 13:05:03,079 - INFO - Successfully migrated: /Users/simongoldman/Documents/TransparentSF_from_git/transparentSF/ai/output/annual/2/1.md
2025-09-11 13:05:03,363 - INFO - Successfully stored file in GCS: transparentsf/annual/2/19.json
2025-09-11 13:05:03,363 - INFO - Successfully migrated: /Users/simongoldman/Documents/TransparentSF_from_git/transparentSF/ai/output/annual/2/19.md
2025-09-11 13:05:03,584 - INFO - Successfully stored file in GCS: transparentsf/annual/2/29.json
2025-09-11 13:05:03,584 - INFO - Successfully migrated: /Users/simongoldman/Documents/TransparentSF_from_git/transparentSF/ai/output/annual/2/29.md
2025-09-11 13:05:03,806 - INFO - Successfully stored file in GCS: transparentsf/annual/2/4.json
2025-09-11 13:05:03,806 - INFO - Successfully migrated: /Users/simongoldman/Documents/TransparentSF_from_git/transparentSF/ai/output/annual/2/4.md
2025-09-11 13:05:04,070 - INFO - Successfully stored file in GCS: transparentsf/annual/2/16.json
2025-09-11 13:05:04,070 - INFO - Successfully migrated: /Users/simongoldman/Documents/TransparentSF_from_git/transparentSF/ai/output/annual/2/16.md
2025-09-11 13:05:04,303 - INFO - Successfully stored file in GCS: transparentsf/annual/2/22.json
2025-09-11 13:05:04,303 - INFO - Successfully migrated: /Users/simongoldman/Documents/TransparentSF_from_git/transparentSF/ai/output/annual/2/22.md
2025-09-11 13:05:04,526 - INFO - Successfully stored file in GCS: transparentsf/annual/2/63.json
2025-09-11 13:05:04,526 - INFO - Successfully migrated: /Users/simongoldman/Documents/TransparentSF_from_git/transparentSF/ai/output/annual/2/63.md
2025-09-11 13:05:04,821 - INFO - Successfully stored file in GCS: transparentsf/annual/2/12.json
2025-09-11 13:05:04,821 - INFO - Successfully migrated: /Users/simongoldman/Documents/TransparentSF_from_git/transparentSF/ai/output/annual/2/12.md
2025-09-11 13:05:05,069 - INFO - Successfully stored file in GCS: transparentsf/annual/2/17.json
2025-09-11 13:05:05,069 - INFO - Successfully migrated: /Users/simongoldman/Documents/TransparentSF_from_git/transparentSF/ai/output/annual/2/17.md
2025-09-11 13:05:05,291 - INFO - Successfully stored file in GCS: transparentsf/annual/2/23.json
2025-09-11 13:05:05,291 - INFO - Successfully migrated: /Users/simongoldman/Documents/TransparentSF_from_git/transparentSF/ai/output/annual/2/23.md
2025-09-11 13:05:05,506 - INFO - Successfully stored file in GCS: transparentsf/annual/2/24.json
2025-09-11 13:05:05,506 - INFO - Successfully migrated: /Users/simongoldman/Documents/TransparentSF_from_git/transparentSF/ai/output/annual/2/24.md
2025-09-11 13:05:05,720 - INFO - Successfully stored file in GCS: transparentsf/annual/2/9.json
2025-09-11 13:05:05,720 - INFO - Successfully migrated: /Users/simongoldman/Documents/TransparentSF_from_git/transparentSF/ai/output/annual/2/9.md
2025-09-11 13:05:05,946 - INFO - Successfully stored file in GCS: transparentsf/annual/2/65.json
2025-09-11 13:05:05,946 - INFO - Successfully migrated: /Users/simongoldman/Documents/TransparentSF_from_git/transparentSF/ai/output/annual/2/65.md
2025-09-11 13:05:06,164 - INFO - Successfully stored file in GCS: transparentsf/annual/2/34.json
2025-09-11 13:05:06,164 - INFO - Successfully migrated: /Users/simongoldman/Documents/TransparentSF_from_git/transparentSF/ai/output/annual/2/34.md
2025-09-11 13:05:06,432 - INFO - Successfully stored file in GCS: transparentsf/annual/2/14.json
2025-09-11 13:05:06,433 - INFO - Successfully migrated: /Users/simongoldman/Documents/TransparentSF_from_git/transparentSF/ai/output/annual/2/14.md
2025-09-11 13:05:06,681 - INFO - Successfully stored file in GCS: transparentsf/annual/2/30.json
2025-09-11 13:05:06,682 - INFO - Successfully migrated: /Users/simongoldman/Documents/TransparentSF_from_git/transparentSF/ai/output/annual/2/30.md
2025-09-11 13:05:06,945 - INFO - Successfully stored file in GCS: transparentsf/annual/2/15.json
2025-09-11 13:05:06,945 - INFO - Successfully migrated: /Users/simongoldman/Documents/TransparentSF_from_git/transparentSF/ai/output/annual/2/15.md
2025-09-11 13:05:07,172 - INFO - Successfully stored file in GCS: transparentsf/annual/2/40.json
2025-09-11 13:05:07,172 - INFO - Successfully migrated: /Users/simongoldman/Documents/TransparentSF_from_git/transparentSF/ai/output/annual/2/40.md
2025-09-11 13:05:07,424 - INFO - Successfully stored file in GCS: transparentsf/annual/2/8.json
2025-09-11 13:05:07,424 - INFO - Successfully migrated: /Users/simongoldman/Documents/TransparentSF_from_git/transparentSF/ai/output/annual/2/8.md
2025-09-11 13:05:07,643 - INFO - Successfully stored file in GCS: transparentsf/annual/2/35.json
2025-09-11 13:05:07,644 - INFO - Successfully migrated: /Users/simongoldman/Documents/TransparentSF_from_git/transparentSF/ai/output/annual/2/35.md
2025-09-11 13:05:07,877 - INFO - Successfully stored file in GCS: transparentsf/annual/2/3.json
2025-09-11 13:05:07,877 - INFO - Successfully migrated: /Users/simongoldman/Documents/TransparentSF_from_git/transparentSF/ai/output/annual/2/3.md
2025-09-11 13:05:08,111 - INFO - Successfully stored file in GCS: transparentsf/annual/2/2.json
2025-09-11 13:05:08,111 - INFO - Successfully migrated: /Users/simongoldman/Documents/TransparentSF_from_git/transparentSF/ai/output/annual/2/2.md
2025-09-11 13:05:08,333 - INFO - Successfully stored file in GCS: transparentsf/annual/5/69.json
2025-09-11 13:05:08,333 - INFO - Successfully migrated: /Users/simongoldman/Documents/TransparentSF_from_git/transparentSF/ai/output/annual/5/69.md
2025-09-11 13:05:08,567 - INFO - Successfully stored file in GCS: transparentsf/annual/5/38.json
2025-09-11 13:05:08,568 - INFO - Successfully migrated: /Users/simongoldman/Documents/TransparentSF_from_git/transparentSF/ai/output/annual/5/38.md
2025-09-11 13:05:08,882 - INFO - Successfully stored file in GCS: transparentsf/annual/5/18.json
2025-09-11 13:05:08,882 - INFO - Successfully migrated: /Users/simongoldman/Documents/TransparentSF_from_git/transparentSF/ai/output/annual/5/18.md
2025-09-11 13:05:09,118 - INFO - Successfully stored file in GCS: transparentsf/annual/5/1.json
2025-09-11 13:05:09,118 - INFO - Successfully migrated: /Users/simongoldman/Documents/TransparentSF_from_git/transparentSF/ai/output/annual/5/1.md
2025-09-11 13:05:09,349 - INFO - Successfully stored file in GCS: transparentsf/annual/5/19.json
2025-09-11 13:05:09,349 - INFO - Successfully migrated: /Users/simongoldman/Documents/TransparentSF_from_git/transparentSF/ai/output/annual/5/19.md
2025-09-11 13:05:09,581 - INFO - Successfully stored file in GCS: transparentsf/annual/5/29.json
2025-09-11 13:05:09,581 - INFO - Successfully migrated: /Users/simongoldman/Documents/TransparentSF_from_git/transparentSF/ai/output/annual/5/29.md
2025-09-11 13:05:09,793 - INFO - Successfully stored file in GCS: transparentsf/annual/5/4.json
2025-09-11 13:05:09,793 - INFO - Successfully migrated: /Users/simongoldman/Documents/TransparentSF_from_git/transparentSF/ai/output/annual/5/4.md
2025-09-11 13:05:10,035 - INFO - Successfully stored file in GCS: transparentsf/annual/5/16.json
2025-09-11 13:05:10,035 - INFO - Successfully migrated: /Users/simongoldman/Documents/TransparentSF_from_git/transparentSF/ai/output/annual/5/16.md
2025-09-11 13:05:10,324 - INFO - Successfully stored file in GCS: transparentsf/annual/5/22.json
2025-09-11 13:05:10,325 - INFO - Successfully migrated: /Users/simongoldman/Documents/TransparentSF_from_git/transparentSF/ai/output/annual/5/22.md
2025-09-11 13:05:10,744 - INFO - Successfully stored file in GCS: transparentsf/annual/5/63.json
2025-09-11 13:05:10,744 - INFO - Successfully migrated: /Users/simongoldman/Documents/TransparentSF_from_git/transparentSF/ai/output/annual/5/63.md
2025-09-11 13:05:11,006 - INFO - Successfully stored file in GCS: transparentsf/annual/5/12.json
2025-09-11 13:05:11,006 - INFO - Successfully migrated: /Users/simongoldman/Documents/TransparentSF_from_git/transparentSF/ai/output/annual/5/12.md
2025-09-11 13:05:11,229 - INFO - Successfully stored file in GCS: transparentsf/annual/5/17.json
2025-09-11 13:05:11,229 - INFO - Successfully migrated: /Users/simongoldman/Documents/TransparentSF_from_git/transparentSF/ai/output/annual/5/17.md
2025-09-11 13:05:11,545 - INFO - Successfully stored file in GCS: transparentsf/annual/5/23.json
2025-09-11 13:05:11,546 - INFO - Successfully migrated: /Users/simongoldman/Documents/TransparentSF_from_git/transparentSF/ai/output/annual/5/23.md
2025-09-11 13:05:11,763 - INFO - Successfully stored file in GCS: transparentsf/annual/5/24.json
2025-09-11 13:05:11,764 - INFO - Successfully migrated: /Users/simongoldman/Documents/TransparentSF_from_git/transparentSF/ai/output/annual/5/24.md
2025-09-11 13:05:12,001 - INFO - Successfully stored file in GCS: transparentsf/annual/5/9.json
2025-09-11 13:05:12,002 - INFO - Successfully migrated: /Users/simongoldman/Documents/TransparentSF_from_git/transparentSF/ai/output/annual/5/9.md
2025-09-11 13:05:12,211 - INFO - Successfully stored file in GCS: transparentsf/annual/5/65.json
2025-09-11 13:05:12,211 - INFO - Successfully migrated: /Users/simongoldman/Documents/TransparentSF_from_git/transparentSF/ai/output/annual/5/65.md
2025-09-11 13:05:12,428 - INFO - Successfully stored file in GCS: transparentsf/annual/5/34.json
2025-09-11 13:05:12,428 - INFO - Successfully migrated: /Users/simongoldman/Documents/TransparentSF_from_git/transparentSF/ai/output/annual/5/34.md
2025-09-11 13:05:12,650 - INFO - Successfully stored file in GCS: transparentsf/annual/5/14.json
2025-09-11 13:05:12,650 - INFO - Successfully migrated: /Users/simongoldman/Documents/TransparentSF_from_git/transparentSF/ai/output/annual/5/14.md
2025-09-11 13:05:12,908 - INFO - Successfully stored file in GCS: transparentsf/annual/5/30.json
2025-09-11 13:05:12,908 - INFO - Successfully migrated: /Users/simongoldman/Documents/TransparentSF_from_git/transparentSF/ai/output/annual/5/30.md
2025-09-11 13:05:13,127 - INFO - Successfully stored file in GCS: transparentsf/annual/5/15.json
2025-09-11 13:05:13,127 - INFO - Successfully migrated: /Users/simongoldman/Documents/TransparentSF_from_git/transparentSF/ai/output/annual/5/15.md
2025-09-11 13:05:13,345 - INFO - Successfully stored file in GCS: transparentsf/annual/5/40.json
2025-09-11 13:05:13,346 - INFO - Successfully migrated: /Users/simongoldman/Documents/TransparentSF_from_git/transparentSF/ai/output/annual/5/40.md
2025-09-11 13:05:13,582 - INFO - Successfully stored file in GCS: transparentsf/annual/5/8.json
2025-09-11 13:05:13,582 - INFO - Successfully migrated: /Users/simongoldman/Documents/TransparentSF_from_git/transparentSF/ai/output/annual/5/8.md
2025-09-11 13:05:13,810 - INFO - Successfully stored file in GCS: transparentsf/annual/5/35.json
2025-09-11 13:05:13,810 - INFO - Successfully migrated: /Users/simongoldman/Documents/TransparentSF_from_git/transparentSF/ai/output/annual/5/35.md
2025-09-11 13:05:14,036 - INFO - Successfully stored file in GCS: transparentsf/annual/5/3.json
2025-09-11 13:05:14,036 - INFO - Successfully migrated: /Users/simongoldman/Documents/TransparentSF_from_git/transparentSF/ai/output/annual/5/3.md
2025-09-11 13:05:14,269 - INFO - Successfully stored file in GCS: transparentsf/annual/5/2.json
2025-09-11 13:05:14,269 - INFO - Successfully migrated: /Users/simongoldman/Documents/TransparentSF_from_git/transparentSF/ai/output/annual/5/2.md
2025-09-11 13:05:14,504 - INFO - Successfully stored file in GCS: transparentsf/annual/5.00000/19.json
2025-09-11 13:05:14,505 - INFO - Successfully migrated: /Users/simongoldman/Documents/TransparentSF_from_git/transparentSF/ai/output/annual/5.00000/19.md
2025-09-11 13:05:14,728 - INFO - Successfully stored file in GCS: transparentsf/annual/5.00000/30.json
2025-09-11 13:05:14,728 - INFO - Successfully migrated: /Users/simongoldman/Documents/TransparentSF_from_git/transparentSF/ai/output/annual/5.00000/30.md
2025-09-11 13:05:14,728 - INFO - Migrating weekly files...
2025-09-11 13:05:14,946 - INFO - Successfully stored file in GCS: transparentsf/weekly/9/16.json
2025-09-11 13:05:14,946 - INFO - Successfully migrated: /Users/simongoldman/Documents/TransparentSF_from_git/transparentSF/ai/output/weekly/9/16.json
2025-09-11 13:05:15,171 - INFO - Successfully stored file in GCS: transparentsf/weekly/9/1.json
2025-09-11 13:05:15,172 - INFO - Successfully migrated: /Users/simongoldman/Documents/TransparentSF_from_git/transparentSF/ai/output/weekly/9/1.md
2025-09-11 13:05:15,397 - INFO - Successfully stored file in GCS: transparentsf/weekly/9/19.json
2025-09-11 13:05:15,398 - INFO - Successfully migrated: /Users/simongoldman/Documents/TransparentSF_from_git/transparentSF/ai/output/weekly/9/19.md
2025-09-11 13:05:15,615 - INFO - Successfully stored file in GCS: transparentsf/weekly/9/29.json
2025-09-11 13:05:15,615 - INFO - Successfully migrated: /Users/simongoldman/Documents/TransparentSF_from_git/transparentSF/ai/output/weekly/9/29.md
2025-09-11 13:05:15,844 - INFO - Successfully stored file in GCS: transparentsf/weekly/9/4.json
2025-09-11 13:05:15,844 - INFO - Successfully migrated: /Users/simongoldman/Documents/TransparentSF_from_git/transparentSF/ai/output/weekly/9/4.md
2025-09-11 13:05:16,129 - INFO - Successfully stored file in GCS: transparentsf/weekly/9/16.json
2025-09-11 13:05:16,129 - INFO - Successfully migrated: /Users/simongoldman/Documents/TransparentSF_from_git/transparentSF/ai/output/weekly/9/16.md
2025-09-11 13:05:16,365 - INFO - Successfully stored file in GCS: transparentsf/weekly/9/22.json
2025-09-11 13:05:16,365 - INFO - Successfully migrated: /Users/simongoldman/Documents/TransparentSF_from_git/transparentSF/ai/output/weekly/9/22.md
2025-09-11 13:05:16,578 - INFO - Successfully stored file in GCS: transparentsf/weekly/9/30.json
2025-09-11 13:05:16,578 - INFO - Successfully migrated: /Users/simongoldman/Documents/TransparentSF_from_git/transparentSF/ai/output/weekly/9/30.json
2025-09-11 13:05:16,855 - INFO - Successfully stored file in GCS: transparentsf/weekly/9/1.json
2025-09-11 13:05:16,855 - INFO - Successfully migrated: /Users/simongoldman/Documents/TransparentSF_from_git/transparentSF/ai/output/weekly/9/1.json
2025-09-11 13:05:17,064 - INFO - Successfully stored file in GCS: transparentsf/weekly/9/23.json
2025-09-11 13:05:17,064 - INFO - Successfully migrated: /Users/simongoldman/Documents/TransparentSF_from_git/transparentSF/ai/output/weekly/9/23.md
2025-09-11 13:05:17,290 - INFO - Successfully stored file in GCS: transparentsf/weekly/9/2.json
2025-09-11 13:05:17,290 - INFO - Successfully migrated: /Users/simongoldman/Documents/TransparentSF_from_git/transparentSF/ai/output/weekly/9/2.json
2025-09-11 13:05:17,495 - INFO - Successfully stored file in GCS: transparentsf/weekly/9/24.json
2025-09-11 13:05:17,496 - INFO - Successfully migrated: /Users/simongoldman/Documents/TransparentSF_from_git/transparentSF/ai/output/weekly/9/24.md
2025-09-11 13:05:17,714 - INFO - Successfully stored file in GCS: transparentsf/weekly/9/9.json
2025-09-11 13:05:17,714 - INFO - Successfully migrated: /Users/simongoldman/Documents/TransparentSF_from_git/transparentSF/ai/output/weekly/9/9.md
2025-09-11 13:05:17,938 - INFO - Successfully stored file in GCS: transparentsf/weekly/9/34.json
2025-09-11 13:05:17,938 - INFO - Successfully migrated: /Users/simongoldman/Documents/TransparentSF_from_git/transparentSF/ai/output/weekly/9/34.md
2025-09-11 13:05:18,204 - INFO - Successfully stored file in GCS: transparentsf/weekly/9/24.json
2025-09-11 13:05:18,205 - INFO - Successfully migrated: /Users/simongoldman/Documents/TransparentSF_from_git/transparentSF/ai/output/weekly/9/24.json
2025-09-11 13:05:18,483 - INFO - Successfully stored file in GCS: transparentsf/weekly/9/30.json
2025-09-11 13:05:18,483 - INFO - Successfully migrated: /Users/simongoldman/Documents/TransparentSF_from_git/transparentSF/ai/output/weekly/9/30.md
2025-09-11 13:05:18,712 - INFO - Successfully stored file in GCS: transparentsf/weekly/9/15.json
2025-09-11 13:05:18,713 - INFO - Successfully migrated: /Users/simongoldman/Documents/TransparentSF_from_git/transparentSF/ai/output/weekly/9/15.md
2025-09-11 13:05:18,994 - INFO - Successfully stored file in GCS: transparentsf/weekly/9/29.json
2025-09-11 13:05:18,995 - INFO - Successfully migrated: /Users/simongoldman/Documents/TransparentSF_from_git/transparentSF/ai/output/weekly/9/29.json
2025-09-11 13:05:19,214 - INFO - Successfully stored file in GCS: transparentsf/weekly/9/8.json
2025-09-11 13:05:19,214 - INFO - Successfully migrated: /Users/simongoldman/Documents/TransparentSF_from_git/transparentSF/ai/output/weekly/9/8.md
2025-09-11 13:05:19,447 - INFO - Successfully stored file in GCS: transparentsf/weekly/9/3.json
2025-09-11 13:05:19,447 - INFO - Successfully migrated: /Users/simongoldman/Documents/TransparentSF_from_git/transparentSF/ai/output/weekly/9/3.json
2025-09-11 13:05:19,722 - INFO - Successfully stored file in GCS: transparentsf/weekly/9/34.json
2025-09-11 13:05:19,722 - INFO - Successfully migrated: /Users/simongoldman/Documents/TransparentSF_from_git/transparentSF/ai/output/weekly/9/34.json
2025-09-11 13:05:19,997 - INFO - Successfully stored file in GCS: transparentsf/weekly/9/8.json
2025-09-11 13:05:19,997 - INFO - Successfully migrated: /Users/simongoldman/Documents/TransparentSF_from_git/transparentSF/ai/output/weekly/9/8.json
2025-09-11 13:05:20,296 - INFO - Successfully stored file in GCS: transparentsf/weekly/9/22.json
2025-09-11 13:05:20,296 - INFO - Successfully migrated: /Users/simongoldman/Documents/TransparentSF_from_git/transparentSF/ai/output/weekly/9/22.json
2025-09-11 13:05:20,657 - INFO - Successfully stored file in GCS: transparentsf/weekly/9/3.json
2025-09-11 13:05:20,657 - INFO - Successfully migrated: /Users/simongoldman/Documents/TransparentSF_from_git/transparentSF/ai/output/weekly/9/3.md
2025-09-11 13:05:20,925 - INFO - Successfully stored file in GCS: transparentsf/weekly/9/4.json
2025-09-11 13:05:20,925 - INFO - Successfully migrated: /Users/simongoldman/Documents/TransparentSF_from_git/transparentSF/ai/output/weekly/9/4.json
2025-09-11 13:05:21,220 - INFO - Successfully stored file in GCS: transparentsf/weekly/9/15.json
2025-09-11 13:05:21,220 - INFO - Successfully migrated: /Users/simongoldman/Documents/TransparentSF_from_git/transparentSF/ai/output/weekly/9/15.json
2025-09-11 13:05:21,508 - INFO - Successfully stored file in GCS: transparentsf/weekly/9/19.json
2025-09-11 13:05:21,508 - INFO - Successfully migrated: /Users/simongoldman/Documents/TransparentSF_from_git/transparentSF/ai/output/weekly/9/19.json
2025-09-11 13:05:21,777 - INFO - Successfully stored file in GCS: transparentsf/weekly/9/23.json
2025-09-11 13:05:21,777 - INFO - Successfully migrated: /Users/simongoldman/Documents/TransparentSF_from_git/transparentSF/ai/output/weekly/9/23.json
2025-09-11 13:05:22,060 - INFO - Successfully stored file in GCS: transparentsf/weekly/9/9.json
2025-09-11 13:05:22,060 - INFO - Successfully migrated: /Users/simongoldman/Documents/TransparentSF_from_git/transparentSF/ai/output/weekly/9/9.json
2025-09-11 13:05:22,404 - INFO - Successfully stored file in GCS: transparentsf/weekly/9/2.json
2025-09-11 13:05:22,404 - INFO - Successfully migrated: /Users/simongoldman/Documents/TransparentSF_from_git/transparentSF/ai/output/weekly/9/2.md
2025-09-11 13:05:22,705 - INFO - Successfully stored file in GCS: transparentsf/weekly/0/5.json
2025-09-11 13:05:22,706 - INFO - Successfully migrated: /Users/simongoldman/Documents/TransparentSF_from_git/transparentSF/ai/output/weekly/0/5.md
2025-09-11 13:05:23,012 - INFO - Successfully stored file in GCS: transparentsf/weekly/0/38.json
2025-09-11 13:05:23,012 - INFO - Successfully migrated: /Users/simongoldman/Documents/TransparentSF_from_git/transparentSF/ai/output/weekly/0/38.md
2025-09-11 13:05:23,234 - INFO - Successfully stored file in GCS: transparentsf/weekly/0/1.json
2025-09-11 13:05:23,234 - INFO - Successfully migrated: /Users/simongoldman/Documents/TransparentSF_from_git/transparentSF/ai/output/weekly/0/1.md
2025-09-11 13:05:23,460 - INFO - Successfully stored file in GCS: transparentsf/weekly/0/19.json
2025-09-11 13:05:23,460 - INFO - Successfully migrated: /Users/simongoldman/Documents/TransparentSF_from_git/transparentSF/ai/output/weekly/0/19.md
2025-09-11 13:05:23,685 - INFO - Successfully stored file in GCS: transparentsf/weekly/0/29.json
2025-09-11 13:05:23,685 - INFO - Successfully migrated: /Users/simongoldman/Documents/TransparentSF_from_git/transparentSF/ai/output/weekly/0/29.md
2025-09-11 13:05:23,924 - INFO - Successfully stored file in GCS: transparentsf/weekly/0/4.json
2025-09-11 13:05:23,924 - INFO - Successfully migrated: /Users/simongoldman/Documents/TransparentSF_from_git/transparentSF/ai/output/weekly/0/4.md
2025-09-11 13:05:24,148 - INFO - Successfully stored file in GCS: transparentsf/weekly/0/16.json
2025-09-11 13:05:24,148 - INFO - Successfully migrated: /Users/simongoldman/Documents/TransparentSF_from_git/transparentSF/ai/output/weekly/0/16.md
2025-09-11 13:05:24,447 - INFO - Successfully stored file in GCS: transparentsf/weekly/0/22.json
2025-09-11 13:05:24,447 - INFO - Successfully migrated: /Users/simongoldman/Documents/TransparentSF_from_git/transparentSF/ai/output/weekly/0/22.md
2025-09-11 13:05:24,657 - INFO - Successfully stored file in GCS: transparentsf/weekly/0/63.json
2025-09-11 13:05:24,657 - INFO - Successfully migrated: /Users/simongoldman/Documents/TransparentSF_from_git/transparentSF/ai/output/weekly/0/63.md
2025-09-11 13:05:24,877 - INFO - Successfully stored file in GCS: transparentsf/weekly/0/32.json
2025-09-11 13:05:24,877 - INFO - Successfully migrated: /Users/simongoldman/Documents/TransparentSF_from_git/transparentSF/ai/output/weekly/0/32.md
2025-09-11 13:05:25,147 - INFO - Successfully stored file in GCS: transparentsf/weekly/0/43.json
2025-09-11 13:05:25,147 - INFO - Successfully migrated: /Users/simongoldman/Documents/TransparentSF_from_git/transparentSF/ai/output/weekly/0/43.md
2025-09-11 13:05:25,460 - INFO - Successfully stored file in GCS: transparentsf/weekly/0/13.json
2025-09-11 13:05:25,460 - INFO - Successfully migrated: /Users/simongoldman/Documents/TransparentSF_from_git/transparentSF/ai/output/weekly/0/13.md
2025-09-11 13:05:25,710 - INFO - Successfully stored file in GCS: transparentsf/weekly/0/23.json
2025-09-11 13:05:25,710 - INFO - Successfully migrated: /Users/simongoldman/Documents/TransparentSF_from_git/transparentSF/ai/output/weekly/0/23.md
2025-09-11 13:05:25,936 - INFO - Successfully stored file in GCS: transparentsf/weekly/0/33.json
2025-09-11 13:05:25,936 - INFO - Successfully migrated: /Users/simongoldman/Documents/TransparentSF_from_git/transparentSF/ai/output/weekly/0/33.md
2025-09-11 13:05:26,150 - INFO - Successfully stored file in GCS: transparentsf/weekly/0/24.json
2025-09-11 13:05:26,151 - INFO - Successfully migrated: /Users/simongoldman/Documents/TransparentSF_from_git/transparentSF/ai/output/weekly/0/24.md
2025-09-11 13:05:26,496 - INFO - Successfully stored file in GCS: transparentsf/weekly/0/41.json
2025-09-11 13:05:26,496 - INFO - Successfully migrated: /Users/simongoldman/Documents/TransparentSF_from_git/transparentSF/ai/output/weekly/0/41.md
2025-09-11 13:05:26,729 - INFO - Successfully stored file in GCS: transparentsf/weekly/0/10.json
2025-09-11 13:05:26,730 - INFO - Successfully migrated: /Users/simongoldman/Documents/TransparentSF_from_git/transparentSF/ai/output/weekly/0/10.md
2025-09-11 13:05:26,952 - INFO - Successfully stored file in GCS: transparentsf/weekly/0/9.json
2025-09-11 13:05:26,952 - INFO - Successfully migrated: /Users/simongoldman/Documents/TransparentSF_from_git/transparentSF/ai/output/weekly/0/9.md
2025-09-11 13:05:27,183 - INFO - Successfully stored file in GCS: transparentsf/weekly/0/34.json
2025-09-11 13:05:27,183 - INFO - Successfully migrated: /Users/simongoldman/Documents/TransparentSF_from_git/transparentSF/ai/output/weekly/0/34.md
2025-09-11 13:05:27,409 - INFO - Successfully stored file in GCS: transparentsf/weekly/0/30.json
2025-09-11 13:05:27,409 - INFO - Successfully migrated: /Users/simongoldman/Documents/TransparentSF_from_git/transparentSF/ai/output/weekly/0/30.md
2025-09-11 13:05:27,632 - INFO - Successfully stored file in GCS: transparentsf/weekly/0/15.json
2025-09-11 13:05:27,632 - INFO - Successfully migrated: /Users/simongoldman/Documents/TransparentSF_from_git/transparentSF/ai/output/weekly/0/15.md
2025-09-11 13:05:27,858 - INFO - Successfully stored file in GCS: transparentsf/weekly/0/40.json
2025-09-11 13:05:27,858 - INFO - Successfully migrated: /Users/simongoldman/Documents/TransparentSF_from_git/transparentSF/ai/output/weekly/0/40.md
2025-09-11 13:05:28,080 - INFO - Successfully stored file in GCS: transparentsf/weekly/0/8.json
2025-09-11 13:05:28,080 - INFO - Successfully migrated: /Users/simongoldman/Documents/TransparentSF_from_git/transparentSF/ai/output/weekly/0/8.md
2025-09-11 13:05:28,304 - INFO - Successfully stored file in GCS: transparentsf/weekly/0/35.json
2025-09-11 13:05:28,304 - INFO - Successfully migrated: /Users/simongoldman/Documents/TransparentSF_from_git/transparentSF/ai/output/weekly/0/35.md
2025-09-11 13:05:28,532 - INFO - Successfully stored file in GCS: transparentsf/weekly/0/3.json
2025-09-11 13:05:28,532 - INFO - Successfully migrated: /Users/simongoldman/Documents/TransparentSF_from_git/transparentSF/ai/output/weekly/0/3.md
2025-09-11 13:05:28,754 - INFO - Successfully stored file in GCS: transparentsf/weekly/0/7.json
2025-09-11 13:05:28,754 - INFO - Successfully migrated: /Users/simongoldman/Documents/TransparentSF_from_git/transparentSF/ai/output/weekly/0/7.md
2025-09-11 13:05:29,001 - INFO - Successfully stored file in GCS: transparentsf/weekly/0/6.json
2025-09-11 13:05:29,001 - INFO - Successfully migrated: /Users/simongoldman/Documents/TransparentSF_from_git/transparentSF/ai/output/weekly/0/6.md
2025-09-11 13:05:29,220 - INFO - Successfully stored file in GCS: transparentsf/weekly/0/2.json
2025-09-11 13:05:29,221 - INFO - Successfully migrated: /Users/simongoldman/Documents/TransparentSF_from_git/transparentSF/ai/output/weekly/0/2.md
2025-09-11 13:05:29,439 - INFO - Successfully stored file in GCS: transparentsf/weekly/11/16.json
2025-09-11 13:05:29,439 - INFO - Successfully migrated: /Users/simongoldman/Documents/TransparentSF_from_git/transparentSF/ai/output/weekly/11/16.json
2025-09-11 13:05:29,659 - INFO - Successfully stored file in GCS: transparentsf/weekly/11/1.json
2025-09-11 13:05:29,659 - INFO - Successfully migrated: /Users/simongoldman/Documents/TransparentSF_from_git/transparentSF/ai/output/weekly/11/1.md
2025-09-11 13:05:29,884 - INFO - Successfully stored file in GCS: transparentsf/weekly/11/19.json
2025-09-11 13:05:29,884 - INFO - Successfully migrated: /Users/simongoldman/Documents/TransparentSF_from_git/transparentSF/ai/output/weekly/11/19.md
2025-09-11 13:05:30,111 - INFO - Successfully stored file in GCS: transparentsf/weekly/11/29.json
2025-09-11 13:05:30,111 - INFO - Successfully migrated: /Users/simongoldman/Documents/TransparentSF_from_git/transparentSF/ai/output/weekly/11/29.md
2025-09-11 13:05:30,350 - INFO - Successfully stored file in GCS: transparentsf/weekly/11/4.json
2025-09-11 13:05:30,350 - INFO - Successfully migrated: /Users/simongoldman/Documents/TransparentSF_from_git/transparentSF/ai/output/weekly/11/4.md
2025-09-11 13:05:30,694 - INFO - Successfully stored file in GCS: transparentsf/weekly/11/16.json
2025-09-11 13:05:30,694 - INFO - Successfully migrated: /Users/simongoldman/Documents/TransparentSF_from_git/transparentSF/ai/output/weekly/11/16.md
2025-09-11 13:05:30,948 - INFO - Successfully stored file in GCS: transparentsf/weekly/11/22.json
2025-09-11 13:05:30,949 - INFO - Successfully migrated: /Users/simongoldman/Documents/TransparentSF_from_git/transparentSF/ai/output/weekly/11/22.md
2025-09-11 13:05:31,175 - INFO - Successfully stored file in GCS: transparentsf/weekly/11/30.json
2025-09-11 13:05:31,176 - INFO - Successfully migrated: /Users/simongoldman/Documents/TransparentSF_from_git/transparentSF/ai/output/weekly/11/30.json
2025-09-11 13:05:31,453 - INFO - Successfully stored file in GCS: transparentsf/weekly/11/1.json
2025-09-11 13:05:31,453 - INFO - Successfully migrated: /Users/simongoldman/Documents/TransparentSF_from_git/transparentSF/ai/output/weekly/11/1.json
2025-09-11 13:05:31,676 - INFO - Successfully stored file in GCS: transparentsf/weekly/11/23.json
2025-09-11 13:05:31,676 - INFO - Successfully migrated: /Users/simongoldman/Documents/TransparentSF_from_git/transparentSF/ai/output/weekly/11/23.md
2025-09-11 13:05:31,897 - INFO - Successfully stored file in GCS: transparentsf/weekly/11/2.json
2025-09-11 13:05:31,897 - INFO - Successfully migrated: /Users/simongoldman/Documents/TransparentSF_from_git/transparentSF/ai/output/weekly/11/2.json
2025-09-11 13:05:32,117 - INFO - Successfully stored file in GCS: transparentsf/weekly/11/24.json
2025-09-11 13:05:32,118 - INFO - Successfully migrated: /Users/simongoldman/Documents/TransparentSF_from_git/transparentSF/ai/output/weekly/11/24.md
2025-09-11 13:05:32,344 - INFO - Successfully stored file in GCS: transparentsf/weekly/11/9.json
2025-09-11 13:05:32,344 - INFO - Successfully migrated: /Users/simongoldman/Documents/TransparentSF_from_git/transparentSF/ai/output/weekly/11/9.md
2025-09-11 13:05:32,614 - INFO - Successfully stored file in GCS: transparentsf/weekly/11/24.json
2025-09-11 13:05:32,615 - INFO - Successfully migrated: /Users/simongoldman/Documents/TransparentSF_from_git/transparentSF/ai/output/weekly/11/24.json
2025-09-11 13:05:32,947 - INFO - Successfully stored file in GCS: transparentsf/weekly/11/30.json
2025-09-11 13:05:32,947 - INFO - Successfully migrated: /Users/simongoldman/Documents/TransparentSF_from_git/transparentSF/ai/output/weekly/11/30.md
2025-09-11 13:05:33,216 - INFO - Successfully stored file in GCS: transparentsf/weekly/11/15.json
2025-09-11 13:05:33,216 - INFO - Successfully migrated: /Users/simongoldman/Documents/TransparentSF_from_git/transparentSF/ai/output/weekly/11/15.md
2025-09-11 13:05:33,505 - INFO - Successfully stored file in GCS: transparentsf/weekly/11/29.json
2025-09-11 13:05:33,505 - INFO - Successfully migrated: /Users/simongoldman/Documents/TransparentSF_from_git/transparentSF/ai/output/weekly/11/29.json
2025-09-11 13:05:33,732 - INFO - Successfully stored file in GCS: transparentsf/weekly/11/8.json
2025-09-11 13:05:33,732 - INFO - Successfully migrated: /Users/simongoldman/Documents/TransparentSF_from_git/transparentSF/ai/output/weekly/11/8.md
2025-09-11 13:05:33,976 - INFO - Successfully stored file in GCS: transparentsf/weekly/11/3.json
2025-09-11 13:05:33,976 - INFO - Successfully migrated: /Users/simongoldman/Documents/TransparentSF_from_git/transparentSF/ai/output/weekly/11/3.json
2025-09-11 13:05:34,242 - INFO - Successfully stored file in GCS: transparentsf/weekly/11/8.json
2025-09-11 13:05:34,243 - INFO - Successfully migrated: /Users/simongoldman/Documents/TransparentSF_from_git/transparentSF/ai/output/weekly/11/8.json
2025-09-11 13:05:34,584 - INFO - Successfully stored file in GCS: transparentsf/weekly/11/22.json
2025-09-11 13:05:34,584 - INFO - Successfully migrated: /Users/simongoldman/Documents/TransparentSF_from_git/transparentSF/ai/output/weekly/11/22.json
2025-09-11 13:05:34,869 - INFO - Successfully stored file in GCS: transparentsf/weekly/11/3.json
2025-09-11 13:05:34,869 - INFO - Successfully migrated: /Users/simongoldman/Documents/TransparentSF_from_git/transparentSF/ai/output/weekly/11/3.md
2025-09-11 13:05:35,155 - INFO - Successfully stored file in GCS: transparentsf/weekly/11/4.json
2025-09-11 13:05:35,155 - INFO - Successfully migrated: /Users/simongoldman/Documents/TransparentSF_from_git/transparentSF/ai/output/weekly/11/4.json
2025-09-11 13:05:35,446 - INFO - Successfully stored file in GCS: transparentsf/weekly/11/15.json
2025-09-11 13:05:35,446 - INFO - Successfully migrated: /Users/simongoldman/Documents/TransparentSF_from_git/transparentSF/ai/output/weekly/11/15.json
2025-09-11 13:05:35,730 - INFO - Successfully stored file in GCS: transparentsf/weekly/11/19.json
2025-09-11 13:05:35,730 - INFO - Successfully migrated: /Users/simongoldman/Documents/TransparentSF_from_git/transparentSF/ai/output/weekly/11/19.json
2025-09-11 13:05:36,017 - INFO - Successfully stored file in GCS: transparentsf/weekly/11/23.json
2025-09-11 13:05:36,017 - INFO - Successfully migrated: /Users/simongoldman/Documents/TransparentSF_from_git/transparentSF/ai/output/weekly/11/23.json
2025-09-11 13:05:36,301 - INFO - Successfully stored file in GCS: transparentsf/weekly/11/9.json
2025-09-11 13:05:36,302 - INFO - Successfully migrated: /Users/simongoldman/Documents/TransparentSF_from_git/transparentSF/ai/output/weekly/11/9.json
2025-09-11 13:05:36,615 - INFO - Successfully stored file in GCS: transparentsf/weekly/11/2.json
2025-09-11 13:05:36,616 - INFO - Successfully migrated: /Users/simongoldman/Documents/TransparentSF_from_git/transparentSF/ai/output/weekly/11/2.md
2025-09-11 13:05:36,843 - INFO - Successfully stored file in GCS: transparentsf/weekly/7/16.json
2025-09-11 13:05:36,843 - INFO - Successfully migrated: /Users/simongoldman/Documents/TransparentSF_from_git/transparentSF/ai/output/weekly/7/16.json
2025-09-11 13:05:37,061 - INFO - Successfully stored file in GCS: transparentsf/weekly/7/1.json
2025-09-11 13:05:37,062 - INFO - Successfully migrated: /Users/simongoldman/Documents/TransparentSF_from_git/transparentSF/ai/output/weekly/7/1.md
2025-09-11 13:05:37,293 - INFO - Successfully stored file in GCS: transparentsf/weekly/7/19.json
2025-09-11 13:05:37,293 - INFO - Successfully migrated: /Users/simongoldman/Documents/TransparentSF_from_git/transparentSF/ai/output/weekly/7/19.md
2025-09-11 13:05:37,513 - INFO - Successfully stored file in GCS: transparentsf/weekly/7/4.json
2025-09-11 13:05:37,513 - INFO - Successfully migrated: /Users/simongoldman/Documents/TransparentSF_from_git/transparentSF/ai/output/weekly/7/4.md
2025-09-11 13:05:37,811 - INFO - Successfully stored file in GCS: transparentsf/weekly/7/16.json
2025-09-11 13:05:37,811 - INFO - Successfully migrated: /Users/simongoldman/Documents/TransparentSF_from_git/transparentSF/ai/output/weekly/7/16.md
2025-09-11 13:05:38,031 - INFO - Successfully stored file in GCS: transparentsf/weekly/7/22.json
2025-09-11 13:05:38,031 - INFO - Successfully migrated: /Users/simongoldman/Documents/TransparentSF_from_git/transparentSF/ai/output/weekly/7/22.md
2025-09-11 13:05:38,258 - INFO - Successfully stored file in GCS: transparentsf/weekly/7/30.json
2025-09-11 13:05:38,258 - INFO - Successfully migrated: /Users/simongoldman/Documents/TransparentSF_from_git/transparentSF/ai/output/weekly/7/30.json
2025-09-11 13:05:38,536 - INFO - Successfully stored file in GCS: transparentsf/weekly/7/1.json
2025-09-11 13:05:38,536 - INFO - Successfully migrated: /Users/simongoldman/Documents/TransparentSF_from_git/transparentSF/ai/output/weekly/7/1.json
2025-09-11 13:05:38,740 - INFO - Successfully stored file in GCS: transparentsf/weekly/7/23.json
2025-09-11 13:05:38,740 - INFO - Successfully migrated: /Users/simongoldman/Documents/TransparentSF_from_git/transparentSF/ai/output/weekly/7/23.md
2025-09-11 13:05:38,970 - INFO - Successfully stored file in GCS: transparentsf/weekly/7/2.json
2025-09-11 13:05:38,970 - INFO - Successfully migrated: /Users/simongoldman/Documents/TransparentSF_from_git/transparentSF/ai/output/weekly/7/2.json
2025-09-11 13:05:39,205 - INFO - Successfully stored file in GCS: transparentsf/weekly/7/24.json
2025-09-11 13:05:39,205 - INFO - Successfully migrated: /Users/simongoldman/Documents/TransparentSF_from_git/transparentSF/ai/output/weekly/7/24.md
2025-09-11 13:05:39,428 - INFO - Successfully stored file in GCS: transparentsf/weekly/7/9.json
2025-09-11 13:05:39,429 - INFO - Successfully migrated: /Users/simongoldman/Documents/TransparentSF_from_git/transparentSF/ai/output/weekly/7/9.md
2025-09-11 13:05:39,655 - INFO - Successfully stored file in GCS: transparentsf/weekly/7/34.json
2025-09-11 13:05:39,655 - INFO - Successfully migrated: /Users/simongoldman/Documents/TransparentSF_from_git/transparentSF/ai/output/weekly/7/34.md
2025-09-11 13:05:40,011 - INFO - Successfully stored file in GCS: transparentsf/weekly/7/24.json
2025-09-11 13:05:40,011 - INFO - Successfully migrated: /Users/simongoldman/Documents/TransparentSF_from_git/transparentSF/ai/output/weekly/7/24.json
2025-09-11 13:05:40,323 - INFO - Successfully stored file in GCS: transparentsf/weekly/7/30.json
2025-09-11 13:05:40,323 - INFO - Successfully migrated: /Users/simongoldman/Documents/TransparentSF_from_git/transparentSF/ai/output/weekly/7/30.md
2025-09-11 13:05:40,728 - INFO - Successfully stored file in GCS: transparentsf/weekly/7/15.json
2025-09-11 13:05:40,728 - INFO - Successfully migrated: /Users/simongoldman/Documents/TransparentSF_from_git/transparentSF/ai/output/weekly/7/15.md
2025-09-11 13:05:40,943 - INFO - Successfully stored file in GCS: transparentsf/weekly/7/8.json
2025-09-11 13:05:40,943 - INFO - Successfully migrated: /Users/simongoldman/Documents/TransparentSF_from_git/transparentSF/ai/output/weekly/7/8.md
2025-09-11 13:05:41,169 - INFO - Successfully stored file in GCS: transparentsf/weekly/7/3.json
2025-09-11 13:05:41,169 - INFO - Successfully migrated: /Users/simongoldman/Documents/TransparentSF_from_git/transparentSF/ai/output/weekly/7/3.json
2025-09-11 13:05:41,550 - INFO - Successfully stored file in GCS: transparentsf/weekly/7/34.json
2025-09-11 13:05:41,550 - INFO - Successfully migrated: /Users/simongoldman/Documents/TransparentSF_from_git/transparentSF/ai/output/weekly/7/34.json
2025-09-11 13:05:41,834 - INFO - Successfully stored file in GCS: transparentsf/weekly/7/8.json
2025-09-11 13:05:41,834 - INFO - Successfully migrated: /Users/simongoldman/Documents/TransparentSF_from_git/transparentSF/ai/output/weekly/7/8.json
2025-09-11 13:05:42,161 - INFO - Successfully stored file in GCS: transparentsf/weekly/7/22.json
2025-09-11 13:05:42,161 - INFO - Successfully migrated: /Users/simongoldman/Documents/TransparentSF_from_git/transparentSF/ai/output/weekly/7/22.json
2025-09-11 13:05:42,439 - INFO - Successfully stored file in GCS: transparentsf/weekly/7/3.json
2025-09-11 13:05:42,439 - INFO - Successfully migrated: /Users/simongoldman/Documents/TransparentSF_from_git/transparentSF/ai/output/weekly/7/3.md
2025-09-11 13:05:42,716 - INFO - Successfully stored file in GCS: transparentsf/weekly/7/4.json
2025-09-11 13:05:42,716 - INFO - Successfully migrated: /Users/simongoldman/Documents/TransparentSF_from_git/transparentSF/ai/output/weekly/7/4.json
2025-09-11 13:05:43,097 - INFO - Successfully stored file in GCS: transparentsf/weekly/7/15.json
2025-09-11 13:05:43,098 - INFO - Successfully migrated: /Users/simongoldman/Documents/TransparentSF_from_git/transparentSF/ai/output/weekly/7/15.json
2025-09-11 13:05:43,407 - INFO - Successfully stored file in GCS: transparentsf/weekly/7/19.json
2025-09-11 13:05:43,407 - INFO - Successfully migrated: /Users/simongoldman/Documents/TransparentSF_from_git/transparentSF/ai/output/weekly/7/19.json
2025-09-11 13:05:43,696 - INFO - Successfully stored file in GCS: transparentsf/weekly/7/23.json
2025-09-11 13:05:43,697 - INFO - Successfully migrated: /Users/simongoldman/Documents/TransparentSF_from_git/transparentSF/ai/output/weekly/7/23.json
2025-09-11 13:05:44,005 - INFO - Successfully stored file in GCS: transparentsf/weekly/7/9.json
2025-09-11 13:05:44,005 - INFO - Successfully migrated: /Users/simongoldman/Documents/TransparentSF_from_git/transparentSF/ai/output/weekly/7/9.json
2025-09-11 13:05:44,278 - INFO - Successfully stored file in GCS: transparentsf/weekly/7/2.json
2025-09-11 13:05:44,278 - INFO - Successfully migrated: /Users/simongoldman/Documents/TransparentSF_from_git/transparentSF/ai/output/weekly/7/2.md
2025-09-11 13:05:44,493 - INFO - Successfully stored file in GCS: transparentsf/weekly/6/41.json
2025-09-11 13:05:44,494 - INFO - Successfully migrated: /Users/simongoldman/Documents/TransparentSF_from_git/transparentSF/ai/output/weekly/6/41.json
2025-09-11 13:05:44,713 - INFO - Successfully stored file in GCS: transparentsf/weekly/6/16.json
2025-09-11 13:05:44,713 - INFO - Successfully migrated: /Users/simongoldman/Documents/TransparentSF_from_git/transparentSF/ai/output/weekly/6/16.json
2025-09-11 13:05:44,924 - INFO - Successfully stored file in GCS: transparentsf/weekly/6/1.json
2025-09-11 13:05:44,924 - INFO - Successfully migrated: /Users/simongoldman/Documents/TransparentSF_from_git/transparentSF/ai/output/weekly/6/1.md
2025-09-11 13:05:45,142 - INFO - Successfully stored file in GCS: transparentsf/weekly/6/19.json
2025-09-11 13:05:45,142 - INFO - Successfully migrated: /Users/simongoldman/Documents/TransparentSF_from_git/transparentSF/ai/output/weekly/6/19.md
2025-09-11 13:05:45,366 - INFO - Successfully stored file in GCS: transparentsf/weekly/6/29.json
2025-09-11 13:05:45,366 - INFO - Successfully migrated: /Users/simongoldman/Documents/TransparentSF_from_git/transparentSF/ai/output/weekly/6/29.md
2025-09-11 13:05:45,591 - INFO - Successfully stored file in GCS: transparentsf/weekly/6/4.json
2025-09-11 13:05:45,592 - INFO - Successfully migrated: /Users/simongoldman/Documents/TransparentSF_from_git/transparentSF/ai/output/weekly/6/4.md
2025-09-11 13:05:45,869 - INFO - Successfully stored file in GCS: transparentsf/weekly/6/16.json
2025-09-11 13:05:45,869 - INFO - Successfully migrated: /Users/simongoldman/Documents/TransparentSF_from_git/transparentSF/ai/output/weekly/6/16.md
2025-09-11 13:05:46,097 - INFO - Successfully stored file in GCS: transparentsf/weekly/6/22.json
2025-09-11 13:05:46,098 - INFO - Successfully migrated: /Users/simongoldman/Documents/TransparentSF_from_git/transparentSF/ai/output/weekly/6/22.md
2025-09-11 13:05:46,321 - INFO - Successfully stored file in GCS: transparentsf/weekly/6/43.json
2025-09-11 13:05:46,322 - INFO - Successfully migrated: /Users/simongoldman/Documents/TransparentSF_from_git/transparentSF/ai/output/weekly/6/43.md
2025-09-11 13:05:46,547 - INFO - Successfully stored file in GCS: transparentsf/weekly/6/30.json
2025-09-11 13:05:46,548 - INFO - Successfully migrated: /Users/simongoldman/Documents/TransparentSF_from_git/transparentSF/ai/output/weekly/6/30.json
2025-09-11 13:05:46,836 - INFO - Successfully stored file in GCS: transparentsf/weekly/6/1.json
2025-09-11 13:05:46,836 - INFO - Successfully migrated: /Users/simongoldman/Documents/TransparentSF_from_git/transparentSF/ai/output/weekly/6/1.json
2025-09-11 13:05:47,061 - INFO - Successfully stored file in GCS: transparentsf/weekly/6/23.json
2025-09-11 13:05:47,061 - INFO - Successfully migrated: /Users/simongoldman/Documents/TransparentSF_from_git/transparentSF/ai/output/weekly/6/23.md
2025-09-11 13:05:47,298 - INFO - Successfully stored file in GCS: transparentsf/weekly/6/2.json
2025-09-11 13:05:47,298 - INFO - Successfully migrated: /Users/simongoldman/Documents/TransparentSF_from_git/transparentSF/ai/output/weekly/6/2.json
2025-09-11 13:05:47,551 - INFO - Successfully stored file in GCS: transparentsf/weekly/6/24.json
2025-09-11 13:05:47,551 - INFO - Successfully migrated: /Users/simongoldman/Documents/TransparentSF_from_git/transparentSF/ai/output/weekly/6/24.md
2025-09-11 13:05:47,833 - INFO - Successfully stored file in GCS: transparentsf/weekly/6/41.json
2025-09-11 13:05:47,833 - INFO - Successfully migrated: /Users/simongoldman/Documents/TransparentSF_from_git/transparentSF/ai/output/weekly/6/41.md
2025-09-11 13:05:48,056 - INFO - Successfully stored file in GCS: transparentsf/weekly/6/9.json
2025-09-11 13:05:48,057 - INFO - Successfully migrated: /Users/simongoldman/Documents/TransparentSF_from_git/transparentSF/ai/output/weekly/6/9.md
2025-09-11 13:05:48,273 - INFO - Successfully stored file in GCS: transparentsf/weekly/6/34.json
2025-09-11 13:05:48,273 - INFO - Successfully migrated: /Users/simongoldman/Documents/TransparentSF_from_git/transparentSF/ai/output/weekly/6/34.md
2025-09-11 13:05:48,557 - INFO - Successfully stored file in GCS: transparentsf/weekly/6/24.json
2025-09-11 13:05:48,557 - INFO - Successfully migrated: /Users/simongoldman/Documents/TransparentSF_from_git/transparentSF/ai/output/weekly/6/24.json
2025-09-11 13:05:48,824 - INFO - Successfully stored file in GCS: transparentsf/weekly/6/30.json
2025-09-11 13:05:48,824 - INFO - Successfully migrated: /Users/simongoldman/Documents/TransparentSF_from_git/transparentSF/ai/output/weekly/6/30.md
2025-09-11 13:05:49,043 - INFO - Successfully stored file in GCS: transparentsf/weekly/6/15.json
2025-09-11 13:05:49,043 - INFO - Successfully migrated: /Users/simongoldman/Documents/TransparentSF_from_git/transparentSF/ai/output/weekly/6/15.md
2025-09-11 13:05:49,322 - INFO - Successfully stored file in GCS: transparentsf/weekly/6/29.json
2025-09-11 13:05:49,323 - INFO - Successfully migrated: /Users/simongoldman/Documents/TransparentSF_from_git/transparentSF/ai/output/weekly/6/29.json
2025-09-11 13:05:49,542 - INFO - Successfully stored file in GCS: transparentsf/weekly/6/8.json
2025-09-11 13:05:49,542 - INFO - Successfully migrated: /Users/simongoldman/Documents/TransparentSF_from_git/transparentSF/ai/output/weekly/6/8.md
2025-09-11 13:05:49,767 - INFO - Successfully stored file in GCS: transparentsf/weekly/6/3.json
2025-09-11 13:05:49,768 - INFO - Successfully migrated: /Users/simongoldman/Documents/TransparentSF_from_git/transparentSF/ai/output/weekly/6/3.json
2025-09-11 13:05:50,149 - INFO - Successfully stored file in GCS: transparentsf/weekly/6/34.json
2025-09-11 13:05:50,149 - INFO - Successfully migrated: /Users/simongoldman/Documents/TransparentSF_from_git/transparentSF/ai/output/weekly/6/34.json
2025-09-11 13:05:50,435 - INFO - Successfully stored file in GCS: transparentsf/weekly/6/8.json
2025-09-11 13:05:50,435 - INFO - Successfully migrated: /Users/simongoldman/Documents/TransparentSF_from_git/transparentSF/ai/output/weekly/6/8.json
2025-09-11 13:05:50,765 - INFO - Successfully stored file in GCS: transparentsf/weekly/6/22.json
2025-09-11 13:05:50,766 - INFO - Successfully migrated: /Users/simongoldman/Documents/TransparentSF_from_git/transparentSF/ai/output/weekly/6/22.json
2025-09-11 13:05:51,276 - INFO - Successfully stored file in GCS: transparentsf/weekly/6/3.json
2025-09-11 13:05:51,276 - INFO - Successfully migrated: /Users/simongoldman/Documents/TransparentSF_from_git/transparentSF/ai/output/weekly/6/3.md
2025-09-11 13:05:51,582 - INFO - Successfully stored file in GCS: transparentsf/weekly/6/4.json
2025-09-11 13:05:51,582 - INFO - Successfully migrated: /Users/simongoldman/Documents/TransparentSF_from_git/transparentSF/ai/output/weekly/6/4.json
2025-09-11 13:05:51,872 - INFO - Successfully stored file in GCS: transparentsf/weekly/6/43.json
2025-09-11 13:05:51,872 - INFO - Successfully migrated: /Users/simongoldman/Documents/TransparentSF_from_git/transparentSF/ai/output/weekly/6/43.json
2025-09-11 13:05:52,202 - INFO - Successfully stored file in GCS: transparentsf/weekly/6/15.json
2025-09-11 13:05:52,202 - INFO - Successfully migrated: /Users/simongoldman/Documents/TransparentSF_from_git/transparentSF/ai/output/weekly/6/15.json
2025-09-11 13:05:52,518 - INFO - Successfully stored file in GCS: transparentsf/weekly/6/19.json
2025-09-11 13:05:52,519 - INFO - Successfully migrated: /Users/simongoldman/Documents/TransparentSF_from_git/transparentSF/ai/output/weekly/6/19.json
2025-09-11 13:05:52,915 - INFO - Successfully stored file in GCS: transparentsf/weekly/6/23.json
2025-09-11 13:05:52,915 - INFO - Successfully migrated: /Users/simongoldman/Documents/TransparentSF_from_git/transparentSF/ai/output/weekly/6/23.json
2025-09-11 13:05:53,223 - INFO - Successfully stored file in GCS: transparentsf/weekly/6/9.json
2025-09-11 13:05:53,223 - INFO - Successfully migrated: /Users/simongoldman/Documents/TransparentSF_from_git/transparentSF/ai/output/weekly/6/9.json
2025-09-11 13:05:53,494 - INFO - Successfully stored file in GCS: transparentsf/weekly/6/2.json
2025-09-11 13:05:53,494 - INFO - Successfully migrated: /Users/simongoldman/Documents/TransparentSF_from_git/transparentSF/ai/output/weekly/6/2.md
2025-09-11 13:05:53,717 - INFO - Successfully stored file in GCS: transparentsf/weekly/1/16.json
2025-09-11 13:05:53,718 - INFO - Successfully migrated: /Users/simongoldman/Documents/TransparentSF_from_git/transparentSF/ai/output/weekly/1/16.json
2025-09-11 13:05:53,940 - INFO - Successfully stored file in GCS: transparentsf/weekly/1/1.json
2025-09-11 13:05:53,940 - INFO - Successfully migrated: /Users/simongoldman/Documents/TransparentSF_from_git/transparentSF/ai/output/weekly/1/1.md
2025-09-11 13:05:54,166 - INFO - Successfully stored file in GCS: transparentsf/weekly/1/19.json
2025-09-11 13:05:54,166 - INFO - Successfully migrated: /Users/simongoldman/Documents/TransparentSF_from_git/transparentSF/ai/output/weekly/1/19.md
2025-09-11 13:05:54,392 - INFO - Successfully stored file in GCS: transparentsf/weekly/1/29.json
2025-09-11 13:05:54,393 - INFO - Successfully migrated: /Users/simongoldman/Documents/TransparentSF_from_git/transparentSF/ai/output/weekly/1/29.md
2025-09-11 13:05:54,620 - INFO - Successfully stored file in GCS: transparentsf/weekly/1/4.json
2025-09-11 13:05:54,620 - INFO - Successfully migrated: /Users/simongoldman/Documents/TransparentSF_from_git/transparentSF/ai/output/weekly/1/4.md
2025-09-11 13:05:54,897 - INFO - Successfully stored file in GCS: transparentsf/weekly/1/16.json
2025-09-11 13:05:54,897 - INFO - Successfully migrated: /Users/simongoldman/Documents/TransparentSF_from_git/transparentSF/ai/output/weekly/1/16.md
2025-09-11 13:05:55,123 - INFO - Successfully stored file in GCS: transparentsf/weekly/1/22.json
2025-09-11 13:05:55,123 - INFO - Successfully migrated: /Users/simongoldman/Documents/TransparentSF_from_git/transparentSF/ai/output/weekly/1/22.md
2025-09-11 13:05:55,366 - INFO - Successfully stored file in GCS: transparentsf/weekly/1/30.json
2025-09-11 13:05:55,366 - INFO - Successfully migrated: /Users/simongoldman/Documents/TransparentSF_from_git/transparentSF/ai/output/weekly/1/30.json
2025-09-11 13:05:55,646 - INFO - Successfully stored file in GCS: transparentsf/weekly/1/1.json
2025-09-11 13:05:55,646 - INFO - Successfully migrated: /Users/simongoldman/Documents/TransparentSF_from_git/transparentSF/ai/output/weekly/1/1.json
2025-09-11 13:05:55,875 - INFO - Successfully stored file in GCS: transparentsf/weekly/1/23.json
2025-09-11 13:05:55,875 - INFO - Successfully migrated: /Users/simongoldman/Documents/TransparentSF_from_git/transparentSF/ai/output/weekly/1/23.md
2025-09-11 13:05:56,100 - INFO - Successfully stored file in GCS: transparentsf/weekly/1/2.json
2025-09-11 13:05:56,100 - INFO - Successfully migrated: /Users/simongoldman/Documents/TransparentSF_from_git/transparentSF/ai/output/weekly/1/2.json
2025-09-11 13:05:56,395 - INFO - Successfully stored file in GCS: transparentsf/weekly/1/24.json
2025-09-11 13:05:56,396 - INFO - Successfully migrated: /Users/simongoldman/Documents/TransparentSF_from_git/transparentSF/ai/output/weekly/1/24.md
2025-09-11 13:05:56,618 - INFO - Successfully stored file in GCS: transparentsf/weekly/1/9.json
2025-09-11 13:05:56,618 - INFO - Successfully migrated: /Users/simongoldman/Documents/TransparentSF_from_git/transparentSF/ai/output/weekly/1/9.md
2025-09-11 13:05:56,844 - INFO - Successfully stored file in GCS: transparentsf/weekly/1/34.json
2025-09-11 13:05:56,845 - INFO - Successfully migrated: /Users/simongoldman/Documents/TransparentSF_from_git/transparentSF/ai/output/weekly/1/34.md
2025-09-11 13:05:57,135 - INFO - Successfully stored file in GCS: transparentsf/weekly/1/24.json
2025-09-11 13:05:57,135 - INFO - Successfully migrated: /Users/simongoldman/Documents/TransparentSF_from_git/transparentSF/ai/output/weekly/1/24.json
2025-09-11 13:05:57,419 - INFO - Successfully stored file in GCS: transparentsf/weekly/1/30.json
2025-09-11 13:05:57,419 - INFO - Successfully migrated: /Users/simongoldman/Documents/TransparentSF_from_git/transparentSF/ai/output/weekly/1/30.md
2025-09-11 13:05:57,660 - INFO - Successfully stored file in GCS: transparentsf/weekly/1/15.json
2025-09-11 13:05:57,660 - INFO - Successfully migrated: /Users/simongoldman/Documents/TransparentSF_from_git/transparentSF/ai/output/weekly/1/15.md
2025-09-11 13:05:58,141 - INFO - Successfully stored file in GCS: transparentsf/weekly/1/29.json
2025-09-11 13:05:58,141 - INFO - Successfully migrated: /Users/simongoldman/Documents/TransparentSF_from_git/transparentSF/ai/output/weekly/1/29.json
2025-09-11 13:05:58,367 - INFO - Successfully stored file in GCS: transparentsf/weekly/1/8.json
2025-09-11 13:05:58,367 - INFO - Successfully migrated: /Users/simongoldman/Documents/TransparentSF_from_git/transparentSF/ai/output/weekly/1/8.md
2025-09-11 13:05:58,589 - INFO - Successfully stored file in GCS: transparentsf/weekly/1/3.json
2025-09-11 13:05:58,589 - INFO - Successfully migrated: /Users/simongoldman/Documents/TransparentSF_from_git/transparentSF/ai/output/weekly/1/3.json
2025-09-11 13:05:58,866 - INFO - Successfully stored file in GCS: transparentsf/weekly/1/34.json
2025-09-11 13:05:58,866 - INFO - Successfully migrated: /Users/simongoldman/Documents/TransparentSF_from_git/transparentSF/ai/output/weekly/1/34.json
2025-09-11 13:05:59,139 - INFO - Successfully stored file in GCS: transparentsf/weekly/1/8.json
2025-09-11 13:05:59,139 - INFO - Successfully migrated: /Users/simongoldman/Documents/TransparentSF_from_git/transparentSF/ai/output/weekly/1/8.json
2025-09-11 13:05:59,421 - INFO - Successfully stored file in GCS: transparentsf/weekly/1/22.json
2025-09-11 13:05:59,422 - INFO - Successfully migrated: /Users/simongoldman/Documents/TransparentSF_from_git/transparentSF/ai/output/weekly/1/22.json
2025-09-11 13:05:59,723 - INFO - Successfully stored file in GCS: transparentsf/weekly/1/3.json
2025-09-11 13:05:59,724 - INFO - Successfully migrated: /Users/simongoldman/Documents/TransparentSF_from_git/transparentSF/ai/output/weekly/1/3.md
2025-09-11 13:06:00,012 - INFO - Successfully stored file in GCS: transparentsf/weekly/1/4.json
2025-09-11 13:06:00,012 - INFO - Successfully migrated: /Users/simongoldman/Documents/TransparentSF_from_git/transparentSF/ai/output/weekly/1/4.json
2025-09-11 13:06:00,323 - INFO - Successfully stored file in GCS: transparentsf/weekly/1/15.json
2025-09-11 13:06:00,324 - INFO - Successfully migrated: /Users/simongoldman/Documents/TransparentSF_from_git/transparentSF/ai/output/weekly/1/15.json
2025-09-11 13:06:00,601 - INFO - Successfully stored file in GCS: transparentsf/weekly/1/19.json
2025-09-11 13:06:00,601 - INFO - Successfully migrated: /Users/simongoldman/Documents/TransparentSF_from_git/transparentSF/ai/output/weekly/1/19.json
2025-09-11 13:06:00,872 - INFO - Successfully stored file in GCS: transparentsf/weekly/1/23.json
2025-09-11 13:06:00,873 - INFO - Successfully migrated: /Users/simongoldman/Documents/TransparentSF_from_git/transparentSF/ai/output/weekly/1/23.json
2025-09-11 13:06:01,142 - INFO - Successfully stored file in GCS: transparentsf/weekly/1/9.json
2025-09-11 13:06:01,142 - INFO - Successfully migrated: /Users/simongoldman/Documents/TransparentSF_from_git/transparentSF/ai/output/weekly/1/9.json
2025-09-11 13:06:01,418 - INFO - Successfully stored file in GCS: transparentsf/weekly/1/2.json
2025-09-11 13:06:01,418 - INFO - Successfully migrated: /Users/simongoldman/Documents/TransparentSF_from_git/transparentSF/ai/output/weekly/1/2.md
2025-09-11 13:06:01,650 - INFO - Successfully stored file in GCS: transparentsf/weekly/10/16.json
2025-09-11 13:06:01,650 - INFO - Successfully migrated: /Users/simongoldman/Documents/TransparentSF_from_git/transparentSF/ai/output/weekly/10/16.json
2025-09-11 13:06:01,878 - INFO - Successfully stored file in GCS: transparentsf/weekly/10/1.json
2025-09-11 13:06:01,878 - INFO - Successfully migrated: /Users/simongoldman/Documents/TransparentSF_from_git/transparentSF/ai/output/weekly/10/1.md
2025-09-11 13:06:02,118 - INFO - Successfully stored file in GCS: transparentsf/weekly/10/19.json
2025-09-11 13:06:02,118 - INFO - Successfully migrated: /Users/simongoldman/Documents/TransparentSF_from_git/transparentSF/ai/output/weekly/10/19.md
2025-09-11 13:06:02,336 - INFO - Successfully stored file in GCS: transparentsf/weekly/10/29.json
2025-09-11 13:06:02,336 - INFO - Successfully migrated: /Users/simongoldman/Documents/TransparentSF_from_git/transparentSF/ai/output/weekly/10/29.md
2025-09-11 13:06:02,591 - INFO - Successfully stored file in GCS: transparentsf/weekly/10/4.json
2025-09-11 13:06:02,591 - INFO - Successfully migrated: /Users/simongoldman/Documents/TransparentSF_from_git/transparentSF/ai/output/weekly/10/4.md
2025-09-11 13:06:02,862 - INFO - Successfully stored file in GCS: transparentsf/weekly/10/16.json
2025-09-11 13:06:02,862 - INFO - Successfully migrated: /Users/simongoldman/Documents/TransparentSF_from_git/transparentSF/ai/output/weekly/10/16.md
2025-09-11 13:06:03,093 - INFO - Successfully stored file in GCS: transparentsf/weekly/10/22.json
2025-09-11 13:06:03,094 - INFO - Successfully migrated: /Users/simongoldman/Documents/TransparentSF_from_git/transparentSF/ai/output/weekly/10/22.md
2025-09-11 13:06:03,345 - INFO - Successfully stored file in GCS: transparentsf/weekly/10/30.json
2025-09-11 13:06:03,345 - INFO - Successfully migrated: /Users/simongoldman/Documents/TransparentSF_from_git/transparentSF/ai/output/weekly/10/30.json
2025-09-11 13:06:03,653 - INFO - Successfully stored file in GCS: transparentsf/weekly/10/1.json
2025-09-11 13:06:03,653 - INFO - Successfully migrated: /Users/simongoldman/Documents/TransparentSF_from_git/transparentSF/ai/output/weekly/10/1.json
2025-09-11 13:06:03,873 - INFO - Successfully stored file in GCS: transparentsf/weekly/10/23.json
2025-09-11 13:06:03,873 - INFO - Successfully migrated: /Users/simongoldman/Documents/TransparentSF_from_git/transparentSF/ai/output/weekly/10/23.md
2025-09-11 13:06:04,107 - INFO - Successfully stored file in GCS: transparentsf/weekly/10/2.json
2025-09-11 13:06:04,107 - INFO - Successfully migrated: /Users/simongoldman/Documents/TransparentSF_from_git/transparentSF/ai/output/weekly/10/2.json
2025-09-11 13:06:04,334 - INFO - Successfully stored file in GCS: transparentsf/weekly/10/24.json
2025-09-11 13:06:04,335 - INFO - Successfully migrated: /Users/simongoldman/Documents/TransparentSF_from_git/transparentSF/ai/output/weekly/10/24.md
2025-09-11 13:06:04,547 - INFO - Successfully stored file in GCS: transparentsf/weekly/10/9.json
2025-09-11 13:06:04,548 - INFO - Successfully migrated: /Users/simongoldman/Documents/TransparentSF_from_git/transparentSF/ai/output/weekly/10/9.md
2025-09-11 13:06:04,896 - INFO - Successfully stored file in GCS: transparentsf/weekly/10/24.json
2025-09-11 13:06:04,897 - INFO - Successfully migrated: /Users/simongoldman/Documents/TransparentSF_from_git/transparentSF/ai/output/weekly/10/24.json
2025-09-11 13:06:05,202 - INFO - Successfully stored file in GCS: transparentsf/weekly/10/30.json
2025-09-11 13:06:05,202 - INFO - Successfully migrated: /Users/simongoldman/Documents/TransparentSF_from_git/transparentSF/ai/output/weekly/10/30.md
2025-09-11 13:06:05,425 - INFO - Successfully stored file in GCS: transparentsf/weekly/10/15.json
2025-09-11 13:06:05,425 - INFO - Successfully migrated: /Users/simongoldman/Documents/TransparentSF_from_git/transparentSF/ai/output/weekly/10/15.md
2025-09-11 13:06:05,725 - INFO - Successfully stored file in GCS: transparentsf/weekly/10/29.json
2025-09-11 13:06:05,725 - INFO - Successfully migrated: /Users/simongoldman/Documents/TransparentSF_from_git/transparentSF/ai/output/weekly/10/29.json
2025-09-11 13:06:06,017 - INFO - Successfully stored file in GCS: transparentsf/weekly/10/8.json
2025-09-11 13:06:06,018 - INFO - Successfully migrated: /Users/simongoldman/Documents/TransparentSF_from_git/transparentSF/ai/output/weekly/10/8.md
2025-09-11 13:06:06,242 - INFO - Successfully stored file in GCS: transparentsf/weekly/10/3.json
2025-09-11 13:06:06,242 - INFO - Successfully migrated: /Users/simongoldman/Documents/TransparentSF_from_git/transparentSF/ai/output/weekly/10/3.json
2025-09-11 13:06:06,500 - INFO - Successfully stored file in GCS: transparentsf/weekly/10/8.json
2025-09-11 13:06:06,501 - INFO - Successfully migrated: /Users/simongoldman/Documents/TransparentSF_from_git/transparentSF/ai/output/weekly/10/8.json
2025-09-11 13:06:06,780 - INFO - Successfully stored file in GCS: transparentsf/weekly/10/22.json
2025-09-11 13:06:06,780 - INFO - Successfully migrated: /Users/simongoldman/Documents/TransparentSF_from_git/transparentSF/ai/output/weekly/10/22.json
2025-09-11 13:06:07,045 - INFO - Successfully stored file in GCS: transparentsf/weekly/10/3.json
2025-09-11 13:06:07,045 - INFO - Successfully migrated: /Users/simongoldman/Documents/TransparentSF_from_git/transparentSF/ai/output/weekly/10/3.md
2025-09-11 13:06:07,353 - INFO - Successfully stored file in GCS: transparentsf/weekly/10/4.json
2025-09-11 13:06:07,354 - INFO - Successfully migrated: /Users/simongoldman/Documents/TransparentSF_from_git/transparentSF/ai/output/weekly/10/4.json
2025-09-11 13:06:07,635 - INFO - Successfully stored file in GCS: transparentsf/weekly/10/15.json
2025-09-11 13:06:07,635 - INFO - Successfully migrated: /Users/simongoldman/Documents/TransparentSF_from_git/transparentSF/ai/output/weekly/10/15.json
2025-09-11 13:06:07,915 - INFO - Successfully stored file in GCS: transparentsf/weekly/10/19.json
2025-09-11 13:06:07,916 - INFO - Successfully migrated: /Users/simongoldman/Documents/TransparentSF_from_git/transparentSF/ai/output/weekly/10/19.json
2025-09-11 13:06:08,185 - INFO - Successfully stored file in GCS: transparentsf/weekly/10/23.json
2025-09-11 13:06:08,186 - INFO - Successfully migrated: /Users/simongoldman/Documents/TransparentSF_from_git/transparentSF/ai/output/weekly/10/23.json
2025-09-11 13:06:08,488 - INFO - Successfully stored file in GCS: transparentsf/weekly/10/9.json
2025-09-11 13:06:08,488 - INFO - Successfully migrated: /Users/simongoldman/Documents/TransparentSF_from_git/transparentSF/ai/output/weekly/10/9.json
2025-09-11 13:06:08,763 - INFO - Successfully stored file in GCS: transparentsf/weekly/10/2.json
2025-09-11 13:06:08,763 - INFO - Successfully migrated: /Users/simongoldman/Documents/TransparentSF_from_git/transparentSF/ai/output/weekly/10/2.md
2025-09-11 13:06:08,986 - INFO - Successfully stored file in GCS: transparentsf/weekly/8/41.json
2025-09-11 13:06:08,986 - INFO - Successfully migrated: /Users/simongoldman/Documents/TransparentSF_from_git/transparentSF/ai/output/weekly/8/41.json
2025-09-11 13:06:09,210 - INFO - Successfully stored file in GCS: transparentsf/weekly/8/16.json
2025-09-11 13:06:09,210 - INFO - Successfully migrated: /Users/simongoldman/Documents/TransparentSF_from_git/transparentSF/ai/output/weekly/8/16.json
2025-09-11 13:06:09,435 - INFO - Successfully stored file in GCS: transparentsf/weekly/8/1.json
2025-09-11 13:06:09,435 - INFO - Successfully migrated: /Users/simongoldman/Documents/TransparentSF_from_git/transparentSF/ai/output/weekly/8/1.md
2025-09-11 13:06:09,656 - INFO - Successfully stored file in GCS: transparentsf/weekly/8/19.json
2025-09-11 13:06:09,656 - INFO - Successfully migrated: /Users/simongoldman/Documents/TransparentSF_from_git/transparentSF/ai/output/weekly/8/19.md
2025-09-11 13:06:10,015 - INFO - Successfully stored file in GCS: transparentsf/weekly/8/4.json
2025-09-11 13:06:10,016 - INFO - Successfully migrated: /Users/simongoldman/Documents/TransparentSF_from_git/transparentSF/ai/output/weekly/8/4.md
2025-09-11 13:06:10,328 - INFO - Successfully stored file in GCS: transparentsf/weekly/8/16.json
2025-09-11 13:06:10,328 - INFO - Successfully migrated: /Users/simongoldman/Documents/TransparentSF_from_git/transparentSF/ai/output/weekly/8/16.md
2025-09-11 13:06:10,539 - INFO - Successfully stored file in GCS: transparentsf/weekly/8/22.json
2025-09-11 13:06:10,539 - INFO - Successfully migrated: /Users/simongoldman/Documents/TransparentSF_from_git/transparentSF/ai/output/weekly/8/22.md
2025-09-11 13:06:10,751 - INFO - Successfully stored file in GCS: transparentsf/weekly/8/43.json
2025-09-11 13:06:10,752 - INFO - Successfully migrated: /Users/simongoldman/Documents/TransparentSF_from_git/transparentSF/ai/output/weekly/8/43.md
2025-09-11 13:06:10,999 - INFO - Successfully stored file in GCS: transparentsf/weekly/8/30.json
2025-09-11 13:06:11,000 - INFO - Successfully migrated: /Users/simongoldman/Documents/TransparentSF_from_git/transparentSF/ai/output/weekly/8/30.json
2025-09-11 13:06:11,316 - INFO - Successfully stored file in GCS: transparentsf/weekly/8/1.json
2025-09-11 13:06:11,316 - INFO - Successfully migrated: /Users/simongoldman/Documents/TransparentSF_from_git/transparentSF/ai/output/weekly/8/1.json
2025-09-11 13:06:11,538 - INFO - Successfully stored file in GCS: transparentsf/weekly/8/23.json
2025-09-11 13:06:11,538 - INFO - Successfully migrated: /Users/simongoldman/Documents/TransparentSF_from_git/transparentSF/ai/output/weekly/8/23.md
2025-09-11 13:06:11,766 - INFO - Successfully stored file in GCS: transparentsf/weekly/8/2.json
2025-09-11 13:06:11,766 - INFO - Successfully migrated: /Users/simongoldman/Documents/TransparentSF_from_git/transparentSF/ai/output/weekly/8/2.json
2025-09-11 13:06:11,984 - INFO - Successfully stored file in GCS: transparentsf/weekly/8/24.json
2025-09-11 13:06:11,985 - INFO - Successfully migrated: /Users/simongoldman/Documents/TransparentSF_from_git/transparentSF/ai/output/weekly/8/24.md
2025-09-11 13:06:12,372 - INFO - Successfully stored file in GCS: transparentsf/weekly/8/41.json
2025-09-11 13:06:12,372 - INFO - Successfully migrated: /Users/simongoldman/Documents/TransparentSF_from_git/transparentSF/ai/output/weekly/8/41.md
2025-09-11 13:06:12,613 - INFO - Successfully stored file in GCS: transparentsf/weekly/8/9.json
2025-09-11 13:06:12,613 - INFO - Successfully migrated: /Users/simongoldman/Documents/TransparentSF_from_git/transparentSF/ai/output/weekly/8/9.md
2025-09-11 13:06:12,841 - INFO - Successfully stored file in GCS: transparentsf/weekly/8/34.json
2025-09-11 13:06:12,841 - INFO - Successfully migrated: /Users/simongoldman/Documents/TransparentSF_from_git/transparentSF/ai/output/weekly/8/34.md
2025-09-11 13:06:13,112 - INFO - Successfully stored file in GCS: transparentsf/weekly/8/24.json
2025-09-11 13:06:13,112 - INFO - Successfully migrated: /Users/simongoldman/Documents/TransparentSF_from_git/transparentSF/ai/output/weekly/8/24.json
2025-09-11 13:06:13,392 - INFO - Successfully stored file in GCS: transparentsf/weekly/8/30.json
2025-09-11 13:06:13,392 - INFO - Successfully migrated: /Users/simongoldman/Documents/TransparentSF_from_git/transparentSF/ai/output/weekly/8/30.md
2025-09-11 13:06:13,627 - INFO - Successfully stored file in GCS: transparentsf/weekly/8/15.json
2025-09-11 13:06:13,627 - INFO - Successfully migrated: /Users/simongoldman/Documents/TransparentSF_from_git/transparentSF/ai/output/weekly/8/15.md
2025-09-11 13:06:13,850 - INFO - Successfully stored file in GCS: transparentsf/weekly/8/8.json
2025-09-11 13:06:13,851 - INFO - Successfully migrated: /Users/simongoldman/Documents/TransparentSF_from_git/transparentSF/ai/output/weekly/8/8.md
2025-09-11 13:06:14,065 - INFO - Successfully stored file in GCS: transparentsf/weekly/8/3.json
2025-09-11 13:06:14,065 - INFO - Successfully migrated: /Users/simongoldman/Documents/TransparentSF_from_git/transparentSF/ai/output/weekly/8/3.json
2025-09-11 13:06:14,340 - INFO - Successfully stored file in GCS: transparentsf/weekly/8/34.json
2025-09-11 13:06:14,340 - INFO - Successfully migrated: /Users/simongoldman/Documents/TransparentSF_from_git/transparentSF/ai/output/weekly/8/34.json
2025-09-11 13:06:14,614 - INFO - Successfully stored file in GCS: transparentsf/weekly/8/8.json
2025-09-11 13:06:14,614 - INFO - Successfully migrated: /Users/simongoldman/Documents/TransparentSF_from_git/transparentSF/ai/output/weekly/8/8.json
2025-09-11 13:06:14,891 - INFO - Successfully stored file in GCS: transparentsf/weekly/8/22.json
2025-09-11 13:06:14,891 - INFO - Successfully migrated: /Users/simongoldman/Documents/TransparentSF_from_git/transparentSF/ai/output/weekly/8/22.json
2025-09-11 13:06:15,173 - INFO - Successfully stored file in GCS: transparentsf/weekly/8/3.json
2025-09-11 13:06:15,174 - INFO - Successfully migrated: /Users/simongoldman/Documents/TransparentSF_from_git/transparentSF/ai/output/weekly/8/3.md
2025-09-11 13:06:15,439 - INFO - Successfully stored file in GCS: transparentsf/weekly/8/4.json
2025-09-11 13:06:15,439 - INFO - Successfully migrated: /Users/simongoldman/Documents/TransparentSF_from_git/transparentSF/ai/output/weekly/8/4.json
2025-09-11 13:06:15,714 - INFO - Successfully stored file in GCS: transparentsf/weekly/8/43.json
2025-09-11 13:06:15,715 - INFO - Successfully migrated: /Users/simongoldman/Documents/TransparentSF_from_git/transparentSF/ai/output/weekly/8/43.json
2025-09-11 13:06:16,056 - INFO - Successfully stored file in GCS: transparentsf/weekly/8/15.json
2025-09-11 13:06:16,056 - INFO - Successfully migrated: /Users/simongoldman/Documents/TransparentSF_from_git/transparentSF/ai/output/weekly/8/15.json
2025-09-11 13:06:16,374 - INFO - Successfully stored file in GCS: transparentsf/weekly/8/19.json
2025-09-11 13:06:16,374 - INFO - Successfully migrated: /Users/simongoldman/Documents/TransparentSF_from_git/transparentSF/ai/output/weekly/8/19.json
2025-09-11 13:06:16,646 - INFO - Successfully stored file in GCS: transparentsf/weekly/8/23.json
2025-09-11 13:06:16,646 - INFO - Successfully migrated: /Users/simongoldman/Documents/TransparentSF_from_git/transparentSF/ai/output/weekly/8/23.json
2025-09-11 13:06:16,939 - INFO - Successfully stored file in GCS: transparentsf/weekly/8/9.json
2025-09-11 13:06:16,940 - INFO - Successfully migrated: /Users/simongoldman/Documents/TransparentSF_from_git/transparentSF/ai/output/weekly/8/9.json
2025-09-11 13:06:17,209 - INFO - Successfully stored file in GCS: transparentsf/weekly/8/2.json
2025-09-11 13:06:17,209 - INFO - Successfully migrated: /Users/simongoldman/Documents/TransparentSF_from_git/transparentSF/ai/output/weekly/8/2.md
2025-09-11 13:06:17,424 - INFO - Successfully stored file in GCS: transparentsf/weekly/4/16.json
2025-09-11 13:06:17,425 - INFO - Successfully migrated: /Users/simongoldman/Documents/TransparentSF_from_git/transparentSF/ai/output/weekly/4/16.json
2025-09-11 13:06:17,644 - INFO - Successfully stored file in GCS: transparentsf/weekly/4/1.json
2025-09-11 13:06:17,644 - INFO - Successfully migrated: /Users/simongoldman/Documents/TransparentSF_from_git/transparentSF/ai/output/weekly/4/1.md
2025-09-11 13:06:17,865 - INFO - Successfully stored file in GCS: transparentsf/weekly/4/19.json
2025-09-11 13:06:17,865 - INFO - Successfully migrated: /Users/simongoldman/Documents/TransparentSF_from_git/transparentSF/ai/output/weekly/4/19.md
2025-09-11 13:06:18,158 - INFO - Successfully stored file in GCS: transparentsf/weekly/4/4.json
2025-09-11 13:06:18,159 - INFO - Successfully migrated: /Users/simongoldman/Documents/TransparentSF_from_git/transparentSF/ai/output/weekly/4/4.md
2025-09-11 13:06:18,431 - INFO - Successfully stored file in GCS: transparentsf/weekly/4/16.json
2025-09-11 13:06:18,432 - INFO - Successfully migrated: /Users/simongoldman/Documents/TransparentSF_from_git/transparentSF/ai/output/weekly/4/16.md
2025-09-11 13:06:18,655 - INFO - Successfully stored file in GCS: transparentsf/weekly/4/22.json
2025-09-11 13:06:18,655 - INFO - Successfully migrated: /Users/simongoldman/Documents/TransparentSF_from_git/transparentSF/ai/output/weekly/4/22.md
2025-09-11 13:06:18,889 - INFO - Successfully stored file in GCS: transparentsf/weekly/4/30.json
2025-09-11 13:06:18,889 - INFO - Successfully migrated: /Users/simongoldman/Documents/TransparentSF_from_git/transparentSF/ai/output/weekly/4/30.json
2025-09-11 13:06:19,164 - INFO - Successfully stored file in GCS: transparentsf/weekly/4/1.json
2025-09-11 13:06:19,164 - INFO - Successfully migrated: /Users/simongoldman/Documents/TransparentSF_from_git/transparentSF/ai/output/weekly/4/1.json
2025-09-11 13:06:19,404 - INFO - Successfully stored file in GCS: transparentsf/weekly/4/23.json
2025-09-11 13:06:19,404 - INFO - Successfully migrated: /Users/simongoldman/Documents/TransparentSF_from_git/transparentSF/ai/output/weekly/4/23.md
2025-09-11 13:06:19,630 - INFO - Successfully stored file in GCS: transparentsf/weekly/4/2.json
2025-09-11 13:06:19,630 - INFO - Successfully migrated: /Users/simongoldman/Documents/TransparentSF_from_git/transparentSF/ai/output/weekly/4/2.json
2025-09-11 13:06:19,855 - INFO - Successfully stored file in GCS: transparentsf/weekly/4/24.json
2025-09-11 13:06:19,855 - INFO - Successfully migrated: /Users/simongoldman/Documents/TransparentSF_from_git/transparentSF/ai/output/weekly/4/24.md
2025-09-11 13:06:20,069 - INFO - Successfully stored file in GCS: transparentsf/weekly/4/9.json
2025-09-11 13:06:20,070 - INFO - Successfully migrated: /Users/simongoldman/Documents/TransparentSF_from_git/transparentSF/ai/output/weekly/4/9.md
2025-09-11 13:06:20,358 - INFO - Successfully stored file in GCS: transparentsf/weekly/4/24.json
2025-09-11 13:06:20,358 - INFO - Successfully migrated: /Users/simongoldman/Documents/TransparentSF_from_git/transparentSF/ai/output/weekly/4/24.json
2025-09-11 13:06:20,642 - INFO - Successfully stored file in GCS: transparentsf/weekly/4/30.json
2025-09-11 13:06:20,642 - INFO - Successfully migrated: /Users/simongoldman/Documents/TransparentSF_from_git/transparentSF/ai/output/weekly/4/30.md
2025-09-11 13:06:20,870 - INFO - Successfully stored file in GCS: transparentsf/weekly/4/15.json
2025-09-11 13:06:20,870 - INFO - Successfully migrated: /Users/simongoldman/Documents/TransparentSF_from_git/transparentSF/ai/output/weekly/4/15.md
2025-09-11 13:06:21,090 - INFO - Successfully stored file in GCS: transparentsf/weekly/4/8.json
2025-09-11 13:06:21,091 - INFO - Successfully migrated: /Users/simongoldman/Documents/TransparentSF_from_git/transparentSF/ai/output/weekly/4/8.md
2025-09-11 13:06:21,329 - INFO - Successfully stored file in GCS: transparentsf/weekly/4/3.json
2025-09-11 13:06:21,330 - INFO - Successfully migrated: /Users/simongoldman/Documents/TransparentSF_from_git/transparentSF/ai/output/weekly/4/3.json
2025-09-11 13:06:21,621 - INFO - Successfully stored file in GCS: transparentsf/weekly/4/8.json
2025-09-11 13:06:21,621 - INFO - Successfully migrated: /Users/simongoldman/Documents/TransparentSF_from_git/transparentSF/ai/output/weekly/4/8.json
2025-09-11 13:06:21,894 - INFO - Successfully stored file in GCS: transparentsf/weekly/4/22.json
2025-09-11 13:06:21,895 - INFO - Successfully migrated: /Users/simongoldman/Documents/TransparentSF_from_git/transparentSF/ai/output/weekly/4/22.json
2025-09-11 13:06:22,192 - INFO - Successfully stored file in GCS: transparentsf/weekly/4/3.json
2025-09-11 13:06:22,192 - INFO - Successfully migrated: /Users/simongoldman/Documents/TransparentSF_from_git/transparentSF/ai/output/weekly/4/3.md
2025-09-11 13:06:22,515 - INFO - Successfully stored file in GCS: transparentsf/weekly/4/4.json
2025-09-11 13:06:22,516 - INFO - Successfully migrated: /Users/simongoldman/Documents/TransparentSF_from_git/transparentSF/ai/output/weekly/4/4.json
2025-09-11 13:06:22,815 - INFO - Successfully stored file in GCS: transparentsf/weekly/4/15.json
2025-09-11 13:06:22,816 - INFO - Successfully migrated: /Users/simongoldman/Documents/TransparentSF_from_git/transparentSF/ai/output/weekly/4/15.json
2025-09-11 13:06:23,121 - INFO - Successfully stored file in GCS: transparentsf/weekly/4/19.json
2025-09-11 13:06:23,121 - INFO - Successfully migrated: /Users/simongoldman/Documents/TransparentSF_from_git/transparentSF/ai/output/weekly/4/19.json
2025-09-11 13:06:23,395 - INFO - Successfully stored file in GCS: transparentsf/weekly/4/23.json
2025-09-11 13:06:23,396 - INFO - Successfully migrated: /Users/simongoldman/Documents/TransparentSF_from_git/transparentSF/ai/output/weekly/4/23.json
2025-09-11 13:06:23,688 - INFO - Successfully stored file in GCS: transparentsf/weekly/4/9.json
2025-09-11 13:06:23,688 - INFO - Successfully migrated: /Users/simongoldman/Documents/TransparentSF_from_git/transparentSF/ai/output/weekly/4/9.json
2025-09-11 13:06:24,044 - INFO - Successfully stored file in GCS: transparentsf/weekly/4/2.json
2025-09-11 13:06:24,044 - INFO - Successfully migrated: /Users/simongoldman/Documents/TransparentSF_from_git/transparentSF/ai/output/weekly/4/2.md
2025-09-11 13:06:24,265 - INFO - Successfully stored file in GCS: transparentsf/weekly/3/16.json
2025-09-11 13:06:24,265 - INFO - Successfully migrated: /Users/simongoldman/Documents/TransparentSF_from_git/transparentSF/ai/output/weekly/3/16.json
2025-09-11 13:06:24,490 - INFO - Successfully stored file in GCS: transparentsf/weekly/3/1.json
2025-09-11 13:06:24,490 - INFO - Successfully migrated: /Users/simongoldman/Documents/TransparentSF_from_git/transparentSF/ai/output/weekly/3/1.md
2025-09-11 13:06:24,755 - INFO - Successfully stored file in GCS: transparentsf/weekly/3/19.json
2025-09-11 13:06:24,755 - INFO - Successfully migrated: /Users/simongoldman/Documents/TransparentSF_from_git/transparentSF/ai/output/weekly/3/19.md
2025-09-11 13:06:24,966 - INFO - Successfully stored file in GCS: transparentsf/weekly/3/29.json
2025-09-11 13:06:24,966 - INFO - Successfully migrated: /Users/simongoldman/Documents/TransparentSF_from_git/transparentSF/ai/output/weekly/3/29.md
2025-09-11 13:06:25,188 - INFO - Successfully stored file in GCS: transparentsf/weekly/3/4.json
2025-09-11 13:06:25,188 - INFO - Successfully migrated: /Users/simongoldman/Documents/TransparentSF_from_git/transparentSF/ai/output/weekly/3/4.md
2025-09-11 13:06:25,489 - INFO - Successfully stored file in GCS: transparentsf/weekly/3/16.json
2025-09-11 13:06:25,489 - INFO - Successfully migrated: /Users/simongoldman/Documents/TransparentSF_from_git/transparentSF/ai/output/weekly/3/16.md
2025-09-11 13:06:25,709 - INFO - Successfully stored file in GCS: transparentsf/weekly/3/22.json
2025-09-11 13:06:25,709 - INFO - Successfully migrated: /Users/simongoldman/Documents/TransparentSF_from_git/transparentSF/ai/output/weekly/3/22.md
2025-09-11 13:06:25,933 - INFO - Successfully stored file in GCS: transparentsf/weekly/3/30.json
2025-09-11 13:06:25,933 - INFO - Successfully migrated: /Users/simongoldman/Documents/TransparentSF_from_git/transparentSF/ai/output/weekly/3/30.json
2025-09-11 13:06:26,322 - INFO - Successfully stored file in GCS: transparentsf/weekly/3/1.json
2025-09-11 13:06:26,323 - INFO - Successfully migrated: /Users/simongoldman/Documents/TransparentSF_from_git/transparentSF/ai/output/weekly/3/1.json
2025-09-11 13:06:26,547 - INFO - Successfully stored file in GCS: transparentsf/weekly/3/23.json
2025-09-11 13:06:26,547 - INFO - Successfully migrated: /Users/simongoldman/Documents/TransparentSF_from_git/transparentSF/ai/output/weekly/3/23.md
2025-09-11 13:06:26,768 - INFO - Successfully stored file in GCS: transparentsf/weekly/3/2.json
2025-09-11 13:06:26,769 - INFO - Successfully migrated: /Users/simongoldman/Documents/TransparentSF_from_git/transparentSF/ai/output/weekly/3/2.json
2025-09-11 13:06:26,993 - INFO - Successfully stored file in GCS: transparentsf/weekly/3/24.json
2025-09-11 13:06:26,993 - INFO - Successfully migrated: /Users/simongoldman/Documents/TransparentSF_from_git/transparentSF/ai/output/weekly/3/24.md
2025-09-11 13:06:27,216 - INFO - Successfully stored file in GCS: transparentsf/weekly/3/9.json
2025-09-11 13:06:27,217 - INFO - Successfully migrated: /Users/simongoldman/Documents/TransparentSF_from_git/transparentSF/ai/output/weekly/3/9.md
2025-09-11 13:06:27,433 - INFO - Successfully stored file in GCS: transparentsf/weekly/3/34.json
2025-09-11 13:06:27,433 - INFO - Successfully migrated: /Users/simongoldman/Documents/TransparentSF_from_git/transparentSF/ai/output/weekly/3/34.md
2025-09-11 13:06:27,724 - INFO - Successfully stored file in GCS: transparentsf/weekly/3/24.json
2025-09-11 13:06:27,724 - INFO - Successfully migrated: /Users/simongoldman/Documents/TransparentSF_from_git/transparentSF/ai/output/weekly/3/24.json
2025-09-11 13:06:28,015 - INFO - Successfully stored file in GCS: transparentsf/weekly/3/30.json
2025-09-11 13:06:28,016 - INFO - Successfully migrated: /Users/simongoldman/Documents/TransparentSF_from_git/transparentSF/ai/output/weekly/3/30.md
2025-09-11 13:06:28,236 - INFO - Successfully stored file in GCS: transparentsf/weekly/3/15.json
2025-09-11 13:06:28,236 - INFO - Successfully migrated: /Users/simongoldman/Documents/TransparentSF_from_git/transparentSF/ai/output/weekly/3/15.md
2025-09-11 13:06:28,523 - INFO - Successfully stored file in GCS: transparentsf/weekly/3/29.json
2025-09-11 13:06:28,523 - INFO - Successfully migrated: /Users/simongoldman/Documents/TransparentSF_from_git/transparentSF/ai/output/weekly/3/29.json
2025-09-11 13:06:28,765 - INFO - Successfully stored file in GCS: transparentsf/weekly/3/8.json
2025-09-11 13:06:28,765 - INFO - Successfully migrated: /Users/simongoldman/Documents/TransparentSF_from_git/transparentSF/ai/output/weekly/3/8.md
2025-09-11 13:06:28,992 - INFO - Successfully stored file in GCS: transparentsf/weekly/3/3.json
2025-09-11 13:06:28,992 - INFO - Successfully migrated: /Users/simongoldman/Documents/TransparentSF_from_git/transparentSF/ai/output/weekly/3/3.json
2025-09-11 13:06:29,246 - INFO - Successfully stored file in GCS: transparentsf/weekly/3/34.json
2025-09-11 13:06:29,246 - INFO - Successfully migrated: /Users/simongoldman/Documents/TransparentSF_from_git/transparentSF/ai/output/weekly/3/34.json
2025-09-11 13:06:29,519 - INFO - Successfully stored file in GCS: transparentsf/weekly/3/8.json
2025-09-11 13:06:29,519 - INFO - Successfully migrated: /Users/simongoldman/Documents/TransparentSF_from_git/transparentSF/ai/output/weekly/3/8.json
2025-09-11 13:06:29,789 - INFO - Successfully stored file in GCS: transparentsf/weekly/3/22.json
2025-09-11 13:06:29,789 - INFO - Successfully migrated: /Users/simongoldman/Documents/TransparentSF_from_git/transparentSF/ai/output/weekly/3/22.json
2025-09-11 13:06:30,072 - INFO - Successfully stored file in GCS: transparentsf/weekly/3/3.json
2025-09-11 13:06:30,072 - INFO - Successfully migrated: /Users/simongoldman/Documents/TransparentSF_from_git/transparentSF/ai/output/weekly/3/3.md
2025-09-11 13:06:30,340 - INFO - Successfully stored file in GCS: transparentsf/weekly/3/4.json
2025-09-11 13:06:30,340 - INFO - Successfully migrated: /Users/simongoldman/Documents/TransparentSF_from_git/transparentSF/ai/output/weekly/3/4.json
2025-09-11 13:06:30,608 - INFO - Successfully stored file in GCS: transparentsf/weekly/3/15.json
2025-09-11 13:06:30,608 - INFO - Successfully migrated: /Users/simongoldman/Documents/TransparentSF_from_git/transparentSF/ai/output/weekly/3/15.json
2025-09-11 13:06:30,906 - INFO - Successfully stored file in GCS: transparentsf/weekly/3/19.json
2025-09-11 13:06:30,906 - INFO - Successfully migrated: /Users/simongoldman/Documents/TransparentSF_from_git/transparentSF/ai/output/weekly/3/19.json
2025-09-11 13:06:31,211 - INFO - Successfully stored file in GCS: transparentsf/weekly/3/23.json
2025-09-11 13:06:31,211 - INFO - Successfully migrated: /Users/simongoldman/Documents/TransparentSF_from_git/transparentSF/ai/output/weekly/3/23.json
2025-09-11 13:06:31,527 - INFO - Successfully stored file in GCS: transparentsf/weekly/3/9.json
2025-09-11 13:06:31,527 - INFO - Successfully migrated: /Users/simongoldman/Documents/TransparentSF_from_git/transparentSF/ai/output/weekly/3/9.json
2025-09-11 13:06:31,803 - INFO - Successfully stored file in GCS: transparentsf/weekly/3/2.json
2025-09-11 13:06:31,803 - INFO - Successfully migrated: /Users/simongoldman/Documents/TransparentSF_from_git/transparentSF/ai/output/weekly/3/2.md
2025-09-11 13:06:32,060 - INFO - Successfully stored file in GCS: transparentsf/weekly/2/16.json
2025-09-11 13:06:32,061 - INFO - Successfully migrated: /Users/simongoldman/Documents/TransparentSF_from_git/transparentSF/ai/output/weekly/2/16.json
2025-09-11 13:06:32,296 - INFO - Successfully stored file in GCS: transparentsf/weekly/2/1.json
2025-09-11 13:06:32,297 - INFO - Successfully migrated: /Users/simongoldman/Documents/TransparentSF_from_git/transparentSF/ai/output/weekly/2/1.md
2025-09-11 13:06:32,513 - INFO - Successfully stored file in GCS: transparentsf/weekly/2/19.json
2025-09-11 13:06:32,514 - INFO - Successfully migrated: /Users/simongoldman/Documents/TransparentSF_from_git/transparentSF/ai/output/weekly/2/19.md
2025-09-11 13:06:32,811 - INFO - Successfully stored file in GCS: transparentsf/weekly/2/4.json
2025-09-11 13:06:32,811 - INFO - Successfully migrated: /Users/simongoldman/Documents/TransparentSF_from_git/transparentSF/ai/output/weekly/2/4.md
2025-09-11 13:06:33,162 - INFO - Successfully stored file in GCS: transparentsf/weekly/2/16.json
2025-09-11 13:06:33,162 - INFO - Successfully migrated: /Users/simongoldman/Documents/TransparentSF_from_git/transparentSF/ai/output/weekly/2/16.md
2025-09-11 13:06:33,401 - INFO - Successfully stored file in GCS: transparentsf/weekly/2/22.json
2025-09-11 13:06:33,401 - INFO - Successfully migrated: /Users/simongoldman/Documents/TransparentSF_from_git/transparentSF/ai/output/weekly/2/22.md
2025-09-11 13:06:33,624 - INFO - Successfully stored file in GCS: transparentsf/weekly/2/30.json
2025-09-11 13:06:33,624 - INFO - Successfully migrated: /Users/simongoldman/Documents/TransparentSF_from_git/transparentSF/ai/output/weekly/2/30.json
2025-09-11 13:06:33,979 - INFO - Successfully stored file in GCS: transparentsf/weekly/2/1.json
2025-09-11 13:06:33,979 - INFO - Successfully migrated: /Users/simongoldman/Documents/TransparentSF_from_git/transparentSF/ai/output/weekly/2/1.json
2025-09-11 13:06:34,215 - INFO - Successfully stored file in GCS: transparentsf/weekly/2/23.json
2025-09-11 13:06:34,215 - INFO - Successfully migrated: /Users/simongoldman/Documents/TransparentSF_from_git/transparentSF/ai/output/weekly/2/23.md
2025-09-11 13:06:34,440 - INFO - Successfully stored file in GCS: transparentsf/weekly/2/2.json
2025-09-11 13:06:34,440 - INFO - Successfully migrated: /Users/simongoldman/Documents/TransparentSF_from_git/transparentSF/ai/output/weekly/2/2.json
2025-09-11 13:06:34,664 - INFO - Successfully stored file in GCS: transparentsf/weekly/2/24.json
2025-09-11 13:06:34,664 - INFO - Successfully migrated: /Users/simongoldman/Documents/TransparentSF_from_git/transparentSF/ai/output/weekly/2/24.md
2025-09-11 13:06:34,885 - INFO - Successfully stored file in GCS: transparentsf/weekly/2/9.json
2025-09-11 13:06:34,885 - INFO - Successfully migrated: /Users/simongoldman/Documents/TransparentSF_from_git/transparentSF/ai/output/weekly/2/9.md
2025-09-11 13:06:35,094 - INFO - Successfully stored file in GCS: transparentsf/weekly/2/34.json
2025-09-11 13:06:35,094 - INFO - Successfully migrated: /Users/simongoldman/Documents/TransparentSF_from_git/transparentSF/ai/output/weekly/2/34.md
2025-09-11 13:06:35,352 - INFO - Successfully stored file in GCS: transparentsf/weekly/2/24.json
2025-09-11 13:06:35,352 - INFO - Successfully migrated: /Users/simongoldman/Documents/TransparentSF_from_git/transparentSF/ai/output/weekly/2/24.json
2025-09-11 13:06:35,625 - INFO - Successfully stored file in GCS: transparentsf/weekly/2/30.json
2025-09-11 13:06:35,625 - INFO - Successfully migrated: /Users/simongoldman/Documents/TransparentSF_from_git/transparentSF/ai/output/weekly/2/30.md
2025-09-11 13:06:35,832 - INFO - Successfully stored file in GCS: transparentsf/weekly/2/15.json
2025-09-11 13:06:35,832 - INFO - Successfully migrated: /Users/simongoldman/Documents/TransparentSF_from_git/transparentSF/ai/output/weekly/2/15.md
2025-09-11 13:06:36,056 - INFO - Successfully stored file in GCS: transparentsf/weekly/2/8.json
2025-09-11 13:06:36,056 - INFO - Successfully migrated: /Users/simongoldman/Documents/TransparentSF_from_git/transparentSF/ai/output/weekly/2/8.md
2025-09-11 13:06:36,296 - INFO - Successfully stored file in GCS: transparentsf/weekly/2/3.json
2025-09-11 13:06:36,297 - INFO - Successfully migrated: /Users/simongoldman/Documents/TransparentSF_from_git/transparentSF/ai/output/weekly/2/3.json
2025-09-11 13:06:36,643 - INFO - Successfully stored file in GCS: transparentsf/weekly/2/34.json
2025-09-11 13:06:36,643 - INFO - Successfully migrated: /Users/simongoldman/Documents/TransparentSF_from_git/transparentSF/ai/output/weekly/2/34.json
2025-09-11 13:06:36,922 - INFO - Successfully stored file in GCS: transparentsf/weekly/2/8.json
2025-09-11 13:06:36,922 - INFO - Successfully migrated: /Users/simongoldman/Documents/TransparentSF_from_git/transparentSF/ai/output/weekly/2/8.json
2025-09-11 13:06:37,257 - INFO - Successfully stored file in GCS: transparentsf/weekly/2/22.json
2025-09-11 13:06:37,257 - INFO - Successfully migrated: /Users/simongoldman/Documents/TransparentSF_from_git/transparentSF/ai/output/weekly/2/22.json
2025-09-11 13:06:37,561 - INFO - Successfully stored file in GCS: transparentsf/weekly/2/3.json
2025-09-11 13:06:37,561 - INFO - Successfully migrated: /Users/simongoldman/Documents/TransparentSF_from_git/transparentSF/ai/output/weekly/2/3.md
2025-09-11 13:06:37,841 - INFO - Successfully stored file in GCS: transparentsf/weekly/2/4.json
2025-09-11 13:06:37,841 - INFO - Successfully migrated: /Users/simongoldman/Documents/TransparentSF_from_git/transparentSF/ai/output/weekly/2/4.json
2025-09-11 13:06:38,175 - INFO - Successfully stored file in GCS: transparentsf/weekly/2/15.json
2025-09-11 13:06:38,175 - INFO - Successfully migrated: /Users/simongoldman/Documents/TransparentSF_from_git/transparentSF/ai/output/weekly/2/15.json
2025-09-11 13:06:38,506 - INFO - Successfully stored file in GCS: transparentsf/weekly/2/19.json
2025-09-11 13:06:38,506 - INFO - Successfully migrated: /Users/simongoldman/Documents/TransparentSF_from_git/transparentSF/ai/output/weekly/2/19.json
2025-09-11 13:06:38,790 - INFO - Successfully stored file in GCS: transparentsf/weekly/2/23.json
2025-09-11 13:06:38,790 - INFO - Successfully migrated: /Users/simongoldman/Documents/TransparentSF_from_git/transparentSF/ai/output/weekly/2/23.json
2025-09-11 13:06:39,100 - INFO - Successfully stored file in GCS: transparentsf/weekly/2/9.json
2025-09-11 13:06:39,100 - INFO - Successfully migrated: /Users/simongoldman/Documents/TransparentSF_from_git/transparentSF/ai/output/weekly/2/9.json
2025-09-11 13:06:39,411 - INFO - Successfully stored file in GCS: transparentsf/weekly/2/2.json
2025-09-11 13:06:39,411 - INFO - Successfully migrated: /Users/simongoldman/Documents/TransparentSF_from_git/transparentSF/ai/output/weekly/2/2.md
2025-09-11 13:06:39,647 - INFO - Successfully stored file in GCS: transparentsf/weekly/5/16.json
2025-09-11 13:06:39,647 - INFO - Successfully migrated: /Users/simongoldman/Documents/TransparentSF_from_git/transparentSF/ai/output/weekly/5/16.json
2025-09-11 13:06:39,882 - INFO - Successfully stored file in GCS: transparentsf/weekly/5/1.json
2025-09-11 13:06:39,882 - INFO - Successfully migrated: /Users/simongoldman/Documents/TransparentSF_from_git/transparentSF/ai/output/weekly/5/1.md
2025-09-11 13:06:40,101 - INFO - Successfully stored file in GCS: transparentsf/weekly/5/19.json
2025-09-11 13:06:40,101 - INFO - Successfully migrated: /Users/simongoldman/Documents/TransparentSF_from_git/transparentSF/ai/output/weekly/5/19.md
2025-09-11 13:06:40,330 - INFO - Successfully stored file in GCS: transparentsf/weekly/5/4.json
2025-09-11 13:06:40,330 - INFO - Successfully migrated: /Users/simongoldman/Documents/TransparentSF_from_git/transparentSF/ai/output/weekly/5/4.md
2025-09-11 13:06:40,609 - INFO - Successfully stored file in GCS: transparentsf/weekly/5/16.json
2025-09-11 13:06:40,609 - INFO - Successfully migrated: /Users/simongoldman/Documents/TransparentSF_from_git/transparentSF/ai/output/weekly/5/16.md
2025-09-11 13:06:40,852 - INFO - Successfully stored file in GCS: transparentsf/weekly/5/22.json
2025-09-11 13:06:40,852 - INFO - Successfully migrated: /Users/simongoldman/Documents/TransparentSF_from_git/transparentSF/ai/output/weekly/5/22.md
2025-09-11 13:06:41,145 - INFO - Successfully stored file in GCS: transparentsf/weekly/5/30.json
2025-09-11 13:06:41,145 - INFO - Successfully migrated: /Users/simongoldman/Documents/TransparentSF_from_git/transparentSF/ai/output/weekly/5/30.json
2025-09-11 13:06:41,422 - INFO - Successfully stored file in GCS: transparentsf/weekly/5/1.json
2025-09-11 13:06:41,422 - INFO - Successfully migrated: /Users/simongoldman/Documents/TransparentSF_from_git/transparentSF/ai/output/weekly/5/1.json
2025-09-11 13:06:41,643 - INFO - Successfully stored file in GCS: transparentsf/weekly/5/23.json
2025-09-11 13:06:41,643 - INFO - Successfully migrated: /Users/simongoldman/Documents/TransparentSF_from_git/transparentSF/ai/output/weekly/5/23.md
2025-09-11 13:06:41,869 - INFO - Successfully stored file in GCS: transparentsf/weekly/5/2.json
2025-09-11 13:06:41,869 - INFO - Successfully migrated: /Users/simongoldman/Documents/TransparentSF_from_git/transparentSF/ai/output/weekly/5/2.json
2025-09-11 13:06:42,086 - INFO - Successfully stored file in GCS: transparentsf/weekly/5/24.json
2025-09-11 13:06:42,086 - INFO - Successfully migrated: /Users/simongoldman/Documents/TransparentSF_from_git/transparentSF/ai/output/weekly/5/24.md
2025-09-11 13:06:42,335 - INFO - Successfully stored file in GCS: transparentsf/weekly/5/9.json
2025-09-11 13:06:42,336 - INFO - Successfully migrated: /Users/simongoldman/Documents/TransparentSF_from_git/transparentSF/ai/output/weekly/5/9.md
2025-09-11 13:06:42,555 - INFO - Successfully stored file in GCS: transparentsf/weekly/5/34.json
2025-09-11 13:06:42,556 - INFO - Successfully migrated: /Users/simongoldman/Documents/TransparentSF_from_git/transparentSF/ai/output/weekly/5/34.md
2025-09-11 13:06:42,825 - INFO - Successfully stored file in GCS: transparentsf/weekly/5/24.json
2025-09-11 13:06:42,825 - INFO - Successfully migrated: /Users/simongoldman/Documents/TransparentSF_from_git/transparentSF/ai/output/weekly/5/24.json
2025-09-11 13:06:43,107 - INFO - Successfully stored file in GCS: transparentsf/weekly/5/30.json
2025-09-11 13:06:43,107 - INFO - Successfully migrated: /Users/simongoldman/Documents/TransparentSF_from_git/transparentSF/ai/output/weekly/5/30.md
2025-09-11 13:06:43,316 - INFO - Successfully stored file in GCS: transparentsf/weekly/5/15.json
2025-09-11 13:06:43,316 - INFO - Successfully migrated: /Users/simongoldman/Documents/TransparentSF_from_git/transparentSF/ai/output/weekly/5/15.md
2025-09-11 13:06:43,529 - INFO - Successfully stored file in GCS: transparentsf/weekly/5/8.json
2025-09-11 13:06:43,530 - INFO - Successfully migrated: /Users/simongoldman/Documents/TransparentSF_from_git/transparentSF/ai/output/weekly/5/8.md
2025-09-11 13:06:43,777 - INFO - Successfully stored file in GCS: transparentsf/weekly/5/3.json
2025-09-11 13:06:43,777 - INFO - Successfully migrated: /Users/simongoldman/Documents/TransparentSF_from_git/transparentSF/ai/output/weekly/5/3.json
2025-09-11 13:06:44,116 - INFO - Successfully stored file in GCS: transparentsf/weekly/5/34.json
2025-09-11 13:06:44,117 - INFO - Successfully migrated: /Users/simongoldman/Documents/TransparentSF_from_git/transparentSF/ai/output/weekly/5/34.json
2025-09-11 13:06:44,388 - INFO - Successfully stored file in GCS: transparentsf/weekly/5/8.json
2025-09-11 13:06:44,389 - INFO - Successfully migrated: /Users/simongoldman/Documents/TransparentSF_from_git/transparentSF/ai/output/weekly/5/8.json
2025-09-11 13:06:44,659 - INFO - Successfully stored file in GCS: transparentsf/weekly/5/22.json
2025-09-11 13:06:44,659 - INFO - Successfully migrated: /Users/simongoldman/Documents/TransparentSF_from_git/transparentSF/ai/output/weekly/5/22.json
2025-09-11 13:06:45,040 - INFO - Successfully stored file in GCS: transparentsf/weekly/5/3.json
2025-09-11 13:06:45,040 - INFO - Successfully migrated: /Users/simongoldman/Documents/TransparentSF_from_git/transparentSF/ai/output/weekly/5/3.md
2025-09-11 13:06:45,344 - INFO - Successfully stored file in GCS: transparentsf/weekly/5/4.json
2025-09-11 13:06:45,344 - INFO - Successfully migrated: /Users/simongoldman/Documents/TransparentSF_from_git/transparentSF/ai/output/weekly/5/4.json
2025-09-11 13:06:45,622 - INFO - Successfully stored file in GCS: transparentsf/weekly/5/15.json
2025-09-11 13:06:45,623 - INFO - Successfully migrated: /Users/simongoldman/Documents/TransparentSF_from_git/transparentSF/ai/output/weekly/5/15.json
2025-09-11 13:06:45,909 - INFO - Successfully stored file in GCS: transparentsf/weekly/5/19.json
2025-09-11 13:06:45,910 - INFO - Successfully migrated: /Users/simongoldman/Documents/TransparentSF_from_git/transparentSF/ai/output/weekly/5/19.json
2025-09-11 13:06:46,186 - INFO - Successfully stored file in GCS: transparentsf/weekly/5/23.json
2025-09-11 13:06:46,186 - INFO - Successfully migrated: /Users/simongoldman/Documents/TransparentSF_from_git/transparentSF/ai/output/weekly/5/23.json
2025-09-11 13:06:46,573 - INFO - Successfully stored file in GCS: transparentsf/weekly/5/9.json
2025-09-11 13:06:46,574 - INFO - Successfully migrated: /Users/simongoldman/Documents/TransparentSF_from_git/transparentSF/ai/output/weekly/5/9.json
2025-09-11 13:06:46,857 - INFO - Successfully stored file in GCS: transparentsf/weekly/5/2.json
2025-09-11 13:06:46,857 - INFO - Successfully migrated: /Users/simongoldman/Documents/TransparentSF_from_git/transparentSF/ai/output/weekly/5/2.md
2025-09-11 13:06:46,857 - INFO - Migrating reports files...
2025-09-11 13:06:47,172 - INFO - Successfully stored file in GCS: transparentsf/reports/New_Expansion_Test_20250908_000000_raw_response.txt
2025-09-11 13:06:47,173 - INFO - Successfully migrated: /Users/simongoldman/Documents/TransparentSF_from_git/transparentSF/ai/output/reports/New_Expansion_Test_20250908_000000_raw_response.txt
2025-09-11 13:06:47,499 - INFO - Successfully stored file in GCS: transparentsf/reports/monthly_report_3_2025_09_final.html
2025-09-11 13:06:47,500 - INFO - Successfully migrated: /Users/simongoldman/Documents/TransparentSF_from_git/transparentSF/ai/output/reports/monthly_report_3_2025_09_final.html
2025-09-11 13:06:47,718 - INFO - Successfully stored file in GCS: transparentsf/reports/New_Clean_Gpt_40_20250909_000000.html
2025-09-11 13:06:47,718 - INFO - Successfully migrated: /Users/simongoldman/Documents/TransparentSF_from_git/transparentSF/ai/output/reports/New_Clean_Gpt_40_20250909_000000.html
2025-09-11 13:06:47,973 - INFO - Successfully stored file in GCS: transparentsf/reports/monthly_report_11_2025_09_for_proofreading.html
2025-09-11 13:06:47,973 - INFO - Successfully migrated: /Users/simongoldman/Documents/TransparentSF_from_git/transparentSF/ai/output/reports/monthly_report_11_2025_09_for_proofreading.html
2025-09-11 13:06:48,199 - INFO - Successfully stored file in GCS: transparentsf/reports/monthly_report_4_2025_09_revised.html
2025-09-11 13:06:48,199 - INFO - Successfully migrated: /Users/simongoldman/Documents/TransparentSF_from_git/transparentSF/ai/output/reports/monthly_report_4_2025_09_revised.html
2025-09-11 13:06:48,419 - INFO - Successfully stored file in GCS: transparentsf/reports/monthly_report_3_2025_09_email.html
2025-09-11 13:06:48,419 - INFO - Successfully migrated: /Users/simongoldman/Documents/TransparentSF_from_git/transparentSF/ai/output/reports/monthly_report_3_2025_09_email.html
2025-09-11 13:06:48,651 - INFO - Successfully stored file in GCS: transparentsf/reports/monthly_report_11_2025_09_test_final.html
2025-09-11 13:06:48,652 - INFO - Successfully migrated: /Users/simongoldman/Documents/TransparentSF_from_git/transparentSF/ai/output/reports/monthly_report_11_2025_09_test_final.html
2025-09-11 13:06:48,884 - INFO - Successfully stored file in GCS: transparentsf/reports/New_Expansion_Test_20250908_000000_revised.html
2025-09-11 13:06:48,884 - INFO - Successfully migrated: /Users/simongoldman/Documents/TransparentSF_from_git/transparentSF/ai/output/reports/New_Expansion_Test_20250908_000000_revised.html
2025-09-11 13:06:49,109 - INFO - Successfully stored file in GCS: transparentsf/reports/monthly_report_1_2025_09_for_proofreading_revised_email.html
2025-09-11 13:06:49,109 - INFO - Successfully migrated: /Users/simongoldman/Documents/TransparentSF_from_git/transparentSF/ai/output/reports/monthly_report_1_2025_09_for_proofreading_revised_email.html
2025-09-11 13:06:49,349 - INFO - Successfully stored file in GCS: transparentsf/reports/New_Clean_Gpt_40_20250909_000000_email.html
2025-09-11 13:06:49,349 - INFO - Successfully migrated: /Users/simongoldman/Documents/TransparentSF_from_git/transparentSF/ai/output/reports/New_Clean_Gpt_40_20250909_000000_email.html
2025-09-11 13:06:49,575 - INFO - Successfully stored file in GCS: transparentsf/reports/monthly_report_3_2025_09_with_placeholders.html
2025-09-11 13:06:49,575 - INFO - Successfully migrated: /Users/simongoldman/Documents/TransparentSF_from_git/transparentSF/ai/output/reports/monthly_report_3_2025_09_with_placeholders.html
2025-09-11 13:06:49,802 - INFO - Successfully stored file in GCS: transparentsf/reports/New_Expansion_Test_20250908_000000.html
2025-09-11 13:06:49,802 - INFO - Successfully migrated: /Users/simongoldman/Documents/TransparentSF_from_git/transparentSF/ai/output/reports/New_Expansion_Test_20250908_000000.html
2025-09-11 13:06:50,157 - INFO - Successfully stored file in GCS: transparentsf/reports/monthly_report_1_2025_09.html
2025-09-11 13:06:50,157 - INFO - Successfully migrated: /Users/simongoldman/Documents/TransparentSF_from_git/transparentSF/ai/output/reports/monthly_report_1_2025_09.html
2025-09-11 13:06:50,389 - INFO - Successfully stored file in GCS: transparentsf/reports/New_Clean_Gpt_40_20250909_000000_final.html
2025-09-11 13:06:50,390 - INFO - Successfully migrated: /Users/simongoldman/Documents/TransparentSF_from_git/transparentSF/ai/output/reports/New_Clean_Gpt_40_20250909_000000_final.html
2025-09-11 13:06:50,608 - INFO - Successfully stored file in GCS: transparentsf/reports/monthly_report_1_2025_09_for_proofreading_revised_final.html
2025-09-11 13:06:50,608 - INFO - Successfully migrated: /Users/simongoldman/Documents/TransparentSF_from_git/transparentSF/ai/output/reports/monthly_report_1_2025_09_for_proofreading_revised_final.html
2025-09-11 13:06:50,837 - INFO - Successfully stored file in GCS: transparentsf/reports/New_Clean_Gpt_40_20250909_000000_revised.html
2025-09-11 13:06:50,837 - INFO - Successfully migrated: /Users/simongoldman/Documents/TransparentSF_from_git/transparentSF/ai/output/reports/New_Clean_Gpt_40_20250909_000000_revised.html
2025-09-11 13:06:51,055 - INFO - Successfully stored file in GCS: transparentsf/reports/monthly_report_1_2025_09_for_proofreading.html
2025-09-11 13:06:51,055 - INFO - Successfully migrated: /Users/simongoldman/Documents/TransparentSF_from_git/transparentSF/ai/output/reports/monthly_report_1_2025_09_for_proofreading.html
2025-09-11 13:06:51,273 - INFO - Successfully stored file in GCS: transparentsf/reports/Traffic_Clean_-_Grok_4_August_20250908_000000_final.html
2025-09-11 13:06:51,273 - INFO - Successfully migrated: /Users/simongoldman/Documents/TransparentSF_from_git/transparentSF/ai/output/reports/Traffic_Clean_-_Grok_4_August_20250908_000000_final.html
2025-09-11 13:06:51,497 - INFO - Successfully stored file in GCS: transparentsf/reports/monthly_report_2_2025_09_for_proofreading_revised_email.html
2025-09-11 13:06:51,497 - INFO - Successfully migrated: /Users/simongoldman/Documents/TransparentSF_from_git/transparentSF/ai/output/reports/monthly_report_2_2025_09_for_proofreading_revised_email.html
2025-09-11 13:06:51,731 - INFO - Successfully stored file in GCS: transparentsf/reports/Traffic_Clean_-_Grok_4_August_20250908_000000_email.html
2025-09-11 13:06:51,731 - INFO - Successfully migrated: /Users/simongoldman/Documents/TransparentSF_from_git/transparentSF/ai/output/reports/Traffic_Clean_-_Grok_4_August_20250908_000000_email.html
2025-09-11 13:06:51,955 - INFO - Successfully stored file in GCS: transparentsf/reports/Traffic_Clean_-_Grok_4_August_20250908_000000_revised.html
2025-09-11 13:06:51,955 - INFO - Successfully migrated: /Users/simongoldman/Documents/TransparentSF_from_git/transparentSF/ai/output/reports/Traffic_Clean_-_Grok_4_August_20250908_000000_revised.html
2025-09-11 13:06:52,181 - INFO - Successfully stored file in GCS: transparentsf/reports/monthly_report_10_2025_09_for_proofreading.html
2025-09-11 13:06:52,182 - INFO - Successfully migrated: /Users/simongoldman/Documents/TransparentSF_from_git/transparentSF/ai/output/reports/monthly_report_10_2025_09_for_proofreading.html
2025-09-11 13:06:52,399 - INFO - Successfully stored file in GCS: transparentsf/reports/Traffic_Clean_-_Grok_4_August_20250908_000000.html
2025-09-11 13:06:52,399 - INFO - Successfully migrated: /Users/simongoldman/Documents/TransparentSF_from_git/transparentSF/ai/output/reports/Traffic_Clean_-_Grok_4_August_20250908_000000.html
2025-09-11 13:06:52,626 - INFO - Successfully stored file in GCS: transparentsf/reports/monthly_report_2_2025_09_for_proofreading_revised_final.html
2025-09-11 13:06:52,626 - INFO - Successfully migrated: /Users/simongoldman/Documents/TransparentSF_from_git/transparentSF/ai/output/reports/monthly_report_2_2025_09_for_proofreading_revised_final.html
2025-09-11 13:06:52,852 - INFO - Successfully stored file in GCS: transparentsf/reports/monthly_report_2_2025_09_with_placeholders.html
2025-09-11 13:06:52,852 - INFO - Successfully migrated: /Users/simongoldman/Documents/TransparentSF_from_git/transparentSF/ai/output/reports/monthly_report_2_2025_09_with_placeholders.html
2025-09-11 13:06:53,150 - INFO - Successfully stored file in GCS: transparentsf/reports/monthly_report_11_2025_09_for_proofreading_revised_email.html
2025-09-11 13:06:53,151 - INFO - Successfully migrated: /Users/simongoldman/Documents/TransparentSF_from_git/transparentSF/ai/output/reports/monthly_report_11_2025_09_for_proofreading_revised_email.html
2025-09-11 13:06:53,397 - INFO - Successfully stored file in GCS: transparentsf/reports/itation_20250906_000000_revised.html
2025-09-11 13:06:53,397 - INFO - Successfully migrated: /Users/simongoldman/Documents/TransparentSF_from_git/transparentSF/ai/output/reports/itation_20250906_000000_revised.html
2025-09-11 13:06:53,615 - INFO - Successfully stored file in GCS: transparentsf/reports/monthly_report_11_2025_09_final.html
2025-09-11 13:06:53,615 - INFO - Successfully migrated: /Users/simongoldman/Documents/TransparentSF_from_git/transparentSF/ai/output/reports/monthly_report_11_2025_09_final.html
2025-09-11 13:06:53,836 - INFO - Successfully stored file in GCS: transparentsf/reports/monthly_report_1_2025_09_for_proofreading_raw_response.txt
2025-09-11 13:06:53,837 - INFO - Successfully migrated: /Users/simongoldman/Documents/TransparentSF_from_git/transparentSF/ai/output/reports/monthly_report_1_2025_09_for_proofreading_raw_response.txt
2025-09-11 13:06:54,075 - INFO - Successfully stored file in GCS: transparentsf/reports/monthly_report_4_2025_09_with_placeholders.html
2025-09-11 13:06:54,075 - INFO - Successfully migrated: /Users/simongoldman/Documents/TransparentSF_from_git/transparentSF/ai/output/reports/monthly_report_4_2025_09_with_placeholders.html
2025-09-11 13:06:54,307 - INFO - Successfully stored file in GCS: transparentsf/reports/monthly_report_1_2025_09_for_proofreading_revised.html
2025-09-11 13:06:54,307 - INFO - Successfully migrated: /Users/simongoldman/Documents/TransparentSF_from_git/transparentSF/ai/output/reports/monthly_report_1_2025_09_for_proofreading_revised.html
2025-09-11 13:06:54,547 - INFO - Successfully stored file in GCS: transparentsf/reports/monthly_report_3_2025_09_for_proofreading_revised.html
2025-09-11 13:06:54,547 - INFO - Successfully migrated: /Users/simongoldman/Documents/TransparentSF_from_git/transparentSF/ai/output/reports/monthly_report_3_2025_09_for_proofreading_revised.html
2025-09-11 13:06:54,776 - INFO - Successfully stored file in GCS: transparentsf/reports/monthly_report_4_2025_09_raw_response.txt
2025-09-11 13:06:54,777 - INFO - Successfully migrated: /Users/simongoldman/Documents/TransparentSF_from_git/transparentSF/ai/output/reports/monthly_report_4_2025_09_raw_response.txt
2025-09-11 13:06:54,993 - INFO - Successfully stored file in GCS: transparentsf/reports/monthly_report_11_2025_09_email.html
2025-09-11 13:06:54,993 - INFO - Successfully migrated: /Users/simongoldman/Documents/TransparentSF_from_git/transparentSF/ai/output/reports/monthly_report_11_2025_09_email.html
2025-09-11 13:06:55,212 - INFO - Successfully stored file in GCS: transparentsf/reports/monthly_report_11_2025_09_for_proofreading_revised_final.html
2025-09-11 13:06:55,212 - INFO - Successfully migrated: /Users/simongoldman/Documents/TransparentSF_from_git/transparentSF/ai/output/reports/monthly_report_11_2025_09_for_proofreading_revised_final.html
2025-09-11 13:06:55,433 - INFO - Successfully stored file in GCS: transparentsf/reports/monthly_report_2_2025_09_for_proofreading_revised.html
2025-09-11 13:06:55,434 - INFO - Successfully migrated: /Users/simongoldman/Documents/TransparentSF_from_git/transparentSF/ai/output/reports/monthly_report_2_2025_09_for_proofreading_revised.html
2025-09-11 13:06:55,660 - INFO - Successfully stored file in GCS: transparentsf/reports/monthly_report_10_2025_09_final.html
2025-09-11 13:06:55,660 - INFO - Successfully migrated: /Users/simongoldman/Documents/TransparentSF_from_git/transparentSF/ai/output/reports/monthly_report_10_2025_09_final.html
2025-09-11 13:06:55,889 - INFO - Successfully stored file in GCS: transparentsf/reports/monthly_report_10_2025_09_for_proofreading_raw_response.txt
2025-09-11 13:06:55,889 - INFO - Successfully migrated: /Users/simongoldman/Documents/TransparentSF_from_git/transparentSF/ai/output/reports/monthly_report_10_2025_09_for_proofreading_raw_response.txt
2025-09-11 13:06:56,115 - INFO - Successfully stored file in GCS: transparentsf/reports/itation_20250906_000000_raw_response.txt
2025-09-11 13:06:56,116 - INFO - Successfully migrated: /Users/simongoldman/Documents/TransparentSF_from_git/transparentSF/ai/output/reports/itation_20250906_000000_raw_response.txt
2025-09-11 13:06:56,405 - INFO - Successfully stored file in GCS: transparentsf/reports/itation_20250906_000000.html
2025-09-11 13:06:56,405 - INFO - Successfully migrated: /Users/simongoldman/Documents/TransparentSF_from_git/transparentSF/ai/output/reports/itation_20250906_000000.html
2025-09-11 13:06:56,655 - INFO - Successfully stored file in GCS: transparentsf/reports/monthly_report_11_2025_09_for_proofreading_raw_response.txt
2025-09-11 13:06:56,655 - INFO - Successfully migrated: /Users/simongoldman/Documents/TransparentSF_from_git/transparentSF/ai/output/reports/monthly_report_11_2025_09_for_proofreading_raw_response.txt
2025-09-11 13:06:56,866 - INFO - Successfully stored file in GCS: transparentsf/reports/monthly_report_4_2025_09_final.html
2025-09-11 13:06:56,867 - INFO - Successfully migrated: /Users/simongoldman/Documents/TransparentSF_from_git/transparentSF/ai/output/reports/monthly_report_4_2025_09_final.html
2025-09-11 13:06:57,086 - INFO - Successfully stored file in GCS: transparentsf/reports/monthly_report_10_2025_09_email.html
2025-09-11 13:06:57,086 - INFO - Successfully migrated: /Users/simongoldman/Documents/TransparentSF_from_git/transparentSF/ai/output/reports/monthly_report_10_2025_09_email.html
2025-09-11 13:06:57,302 - INFO - Successfully stored file in GCS: transparentsf/reports/monthly_report_2_2025_09_for_proofreading.html
2025-09-11 13:06:57,302 - INFO - Successfully migrated: /Users/simongoldman/Documents/TransparentSF_from_git/transparentSF/ai/output/reports/monthly_report_2_2025_09_for_proofreading.html
2025-09-11 13:06:57,612 - INFO - Successfully stored file in GCS: transparentsf/reports/itation_20250906_000000_email.html
2025-09-11 13:06:57,612 - INFO - Successfully migrated: /Users/simongoldman/Documents/TransparentSF_from_git/transparentSF/ai/output/reports/itation_20250906_000000_email.html
2025-09-11 13:06:57,838 - INFO - Successfully stored file in GCS: transparentsf/reports/monthly_report_10_2025_09_with_placeholders.html
2025-09-11 13:06:57,838 - INFO - Successfully migrated: /Users/simongoldman/Documents/TransparentSF_from_git/transparentSF/ai/output/reports/monthly_report_10_2025_09_with_placeholders.html
2025-09-11 13:06:58,076 - INFO - Successfully stored file in GCS: transparentsf/reports/monthly_report_11_2025_09_test_final2.html
2025-09-11 13:06:58,076 - INFO - Successfully migrated: /Users/simongoldman/Documents/TransparentSF_from_git/transparentSF/ai/output/reports/monthly_report_11_2025_09_test_final2.html
2025-09-11 13:06:58,308 - INFO - Successfully stored file in GCS: transparentsf/reports/monthly_report_1_2025_09_with_placeholders.html
2025-09-11 13:06:58,308 - INFO - Successfully migrated: /Users/simongoldman/Documents/TransparentSF_from_git/transparentSF/ai/output/reports/monthly_report_1_2025_09_with_placeholders.html
2025-09-11 13:06:58,519 - INFO - Successfully stored file in GCS: transparentsf/reports/monthly_report_10_2025_09_for_proofreading_revised.html
2025-09-11 13:06:58,519 - INFO - Successfully migrated: /Users/simongoldman/Documents/TransparentSF_from_git/transparentSF/ai/output/reports/monthly_report_10_2025_09_for_proofreading_revised.html
2025-09-11 13:06:58,750 - INFO - Successfully stored file in GCS: transparentsf/reports/itation_20250906_000000_final.html
2025-09-11 13:06:58,750 - INFO - Successfully migrated: /Users/simongoldman/Documents/TransparentSF_from_git/transparentSF/ai/output/reports/itation_20250906_000000_final.html
2025-09-11 13:06:59,019 - INFO - Successfully stored file in GCS: transparentsf/reports/monthly_report_11_2025_09_for_proofreading_revised.html
2025-09-11 13:06:59,019 - INFO - Successfully migrated: /Users/simongoldman/Documents/TransparentSF_from_git/transparentSF/ai/output/reports/monthly_report_11_2025_09_for_proofreading_revised.html
2025-09-11 13:06:59,240 - INFO - Successfully stored file in GCS: transparentsf/reports/New_Clean_Gpt_40_20250909_000000_revised_email.html
2025-09-11 13:06:59,240 - INFO - Successfully migrated: /Users/simongoldman/Documents/TransparentSF_from_git/transparentSF/ai/output/reports/New_Clean_Gpt_40_20250909_000000_revised_email.html
2025-09-11 13:06:59,469 - INFO - Successfully stored file in GCS: transparentsf/reports/New_Expansion_Test_20250908_000000_final.html
2025-09-11 13:06:59,469 - INFO - Successfully migrated: /Users/simongoldman/Documents/TransparentSF_from_git/transparentSF/ai/output/reports/New_Expansion_Test_20250908_000000_final.html
2025-09-11 13:06:59,688 - INFO - Successfully stored file in GCS: transparentsf/reports/monthly_report_10_2025_09.html
2025-09-11 13:06:59,689 - INFO - Successfully migrated: /Users/simongoldman/Documents/TransparentSF_from_git/transparentSF/ai/output/reports/monthly_report_10_2025_09.html
2025-09-11 13:06:59,947 - INFO - Successfully stored file in GCS: transparentsf/reports/monthly_report_10_2025_09_for_proofreading_revised_final.html
2025-09-11 13:06:59,948 - INFO - Successfully migrated: /Users/simongoldman/Documents/TransparentSF_from_git/transparentSF/ai/output/reports/monthly_report_10_2025_09_for_proofreading_revised_final.html
2025-09-11 13:07:00,179 - INFO - Successfully stored file in GCS: transparentsf/reports/monthly_report_1_2025_09_email.html
2025-09-11 13:07:00,179 - INFO - Successfully migrated: /Users/simongoldman/Documents/TransparentSF_from_git/transparentSF/ai/output/reports/monthly_report_1_2025_09_email.html
2025-09-11 13:07:00,420 - INFO - Successfully stored file in GCS: transparentsf/reports/New_Expansion_Test_20250908_000000_email.html
2025-09-11 13:07:00,420 - INFO - Successfully migrated: /Users/simongoldman/Documents/TransparentSF_from_git/transparentSF/ai/output/reports/New_Expansion_Test_20250908_000000_email.html
2025-09-11 13:07:00,634 - INFO - Successfully stored file in GCS: transparentsf/reports/monthly_report_4_2025_09_for_proofreading.html
2025-09-11 13:07:00,634 - INFO - Successfully migrated: /Users/simongoldman/Documents/TransparentSF_from_git/transparentSF/ai/output/reports/monthly_report_4_2025_09_for_proofreading.html
2025-09-11 13:07:00,864 - INFO - Successfully stored file in GCS: transparentsf/reports/monthly_report_4_2025_09.html
2025-09-11 13:07:00,865 - INFO - Successfully migrated: /Users/simongoldman/Documents/TransparentSF_from_git/transparentSF/ai/output/reports/monthly_report_4_2025_09.html
2025-09-11 13:07:01,095 - INFO - Successfully stored file in GCS: transparentsf/reports/monthly_report_10_2025_09_for_proofreading_revised_email.html
2025-09-11 13:07:01,095 - INFO - Successfully migrated: /Users/simongoldman/Documents/TransparentSF_from_git/transparentSF/ai/output/reports/monthly_report_10_2025_09_for_proofreading_revised_email.html
2025-09-11 13:07:01,316 - INFO - Successfully stored file in GCS: transparentsf/reports/monthly_report_1_2025_09_final.html
2025-09-11 13:07:01,316 - INFO - Successfully migrated: /Users/simongoldman/Documents/TransparentSF_from_git/transparentSF/ai/output/reports/monthly_report_1_2025_09_final.html
2025-09-11 13:07:01,547 - INFO - Successfully stored file in GCS: transparentsf/reports/monthly_report_3_2025_09.html
2025-09-11 13:07:01,548 - INFO - Successfully migrated: /Users/simongoldman/Documents/TransparentSF_from_git/transparentSF/ai/output/reports/monthly_report_3_2025_09.html
2025-09-11 13:07:01,776 - INFO - Successfully stored file in GCS: transparentsf/reports/monthly_report_11_2025_09.html
2025-09-11 13:07:01,777 - INFO - Successfully migrated: /Users/simongoldman/Documents/TransparentSF_from_git/transparentSF/ai/output/reports/monthly_report_11_2025_09.html
2025-09-11 13:07:02,002 - INFO - Successfully stored file in GCS: transparentsf/reports/monthly_report_2_2025_09_final.html
2025-09-11 13:07:02,002 - INFO - Successfully migrated: /Users/simongoldman/Documents/TransparentSF_from_git/transparentSF/ai/output/reports/monthly_report_2_2025_09_final.html
2025-09-11 13:07:02,227 - INFO - Successfully stored file in GCS: transparentsf/reports/monthly_report_3_2025_09_for_proofreading_revised_final.html
2025-09-11 13:07:02,227 - INFO - Successfully migrated: /Users/simongoldman/Documents/TransparentSF_from_git/transparentSF/ai/output/reports/monthly_report_3_2025_09_for_proofreading_revised_final.html
2025-09-11 13:07:02,448 - INFO - Successfully stored file in GCS: transparentsf/reports/monthly_report_3_2025_09_for_proofreading_raw_response.txt
2025-09-11 13:07:02,449 - INFO - Successfully migrated: /Users/simongoldman/Documents/TransparentSF_from_git/transparentSF/ai/output/reports/monthly_report_3_2025_09_for_proofreading_raw_response.txt
2025-09-11 13:07:02,675 - INFO - Successfully stored file in GCS: transparentsf/reports/New_Clean_Gpt_40_20250909_000000_raw_response.txt
2025-09-11 13:07:02,676 - INFO - Successfully migrated: /Users/simongoldman/Documents/TransparentSF_from_git/transparentSF/ai/output/reports/New_Clean_Gpt_40_20250909_000000_raw_response.txt
2025-09-11 13:07:02,912 - INFO - Successfully stored file in GCS: transparentsf/reports/monthly_report_2_2025_09.html
2025-09-11 13:07:02,912 - INFO - Successfully migrated: /Users/simongoldman/Documents/TransparentSF_from_git/transparentSF/ai/output/reports/monthly_report_2_2025_09.html
2025-09-11 13:07:03,172 - INFO - Successfully stored file in GCS: transparentsf/reports/monthly_report_2_2025_09_for_proofreading_raw_response.txt
2025-09-11 13:07:03,172 - INFO - Successfully migrated: /Users/simongoldman/Documents/TransparentSF_from_git/transparentSF/ai/output/reports/monthly_report_2_2025_09_for_proofreading_raw_response.txt
2025-09-11 13:07:03,413 - INFO - Successfully stored file in GCS: transparentsf/reports/monthly_report_2_2025_09_email.html
2025-09-11 13:07:03,413 - INFO - Successfully migrated: /Users/simongoldman/Documents/TransparentSF_from_git/transparentSF/ai/output/reports/monthly_report_2_2025_09_email.html
2025-09-11 13:07:03,654 - INFO - Successfully stored file in GCS: transparentsf/reports/monthly_report_11_2025_09_with_placeholders.html
2025-09-11 13:07:03,654 - INFO - Successfully migrated: /Users/simongoldman/Documents/TransparentSF_from_git/transparentSF/ai/output/reports/monthly_report_11_2025_09_with_placeholders.html
2025-09-11 13:07:03,885 - INFO - Successfully stored file in GCS: transparentsf/reports/monthly_report_3_2025_09_for_proofreading.html
2025-09-11 13:07:03,885 - INFO - Successfully migrated: /Users/simongoldman/Documents/TransparentSF_from_git/transparentSF/ai/output/reports/monthly_report_3_2025_09_for_proofreading.html
2025-09-11 13:07:04,109 - INFO - Successfully stored file in GCS: transparentsf/reports/Traffic_Clean_-_Grok_4_August_20250908_000000_raw_response.txt
2025-09-11 13:07:04,109 - INFO - Successfully migrated: /Users/simongoldman/Documents/TransparentSF_from_git/transparentSF/ai/output/reports/Traffic_Clean_-_Grok_4_August_20250908_000000_raw_response.txt
2025-09-11 13:07:04,345 - INFO - Successfully stored file in GCS: transparentsf/reports/monthly_report_3_2025_09_for_proofreading_revised_email.html
2025-09-11 13:07:04,346 - INFO - Successfully migrated: /Users/simongoldman/Documents/TransparentSF_from_git/transparentSF/ai/output/reports/monthly_report_3_2025_09_for_proofreading_revised_email.html
2025-09-11 13:07:04,346 - INFO - Migrating notes files...
2025-09-11 13:07:04,562 - INFO - Successfully stored file in GCS: transparentsf/notes/combined_notes.txt
2025-09-11 13:07:04,562 - INFO - Successfully migrated: /Users/simongoldman/Documents/TransparentSF_from_git/transparentSF/ai/output/notes/combined_notes.txt
2025-09-11 13:07:04,562 - INFO - ==================================================
2025-09-11 13:07:04,562 - INFO - MIGRATION STATISTICS
2025-09-11 13:07:04,562 - INFO - ==================================================
2025-09-11 13:07:04,562 - INFO - Total files processed: 1684
2025-09-11 13:07:04,562 - INFO - Successful uploads: 1684
2025-09-11 13:07:04,562 - INFO - Failed uploads: 0
2025-09-11 13:07:04,562 - INFO - Skipped files: 0
2025-09-11 13:07:04,562 - INFO - 
2025-09-11 13:07:04,563 - INFO - By file type:
2025-09-11 13:07:04,563 - INFO -   dashboard: 512/512 successful
2025-09-11 13:07:04,563 - INFO -   monthly: 372/372 successful
2025-09-11 13:07:04,563 - INFO -   annual: 375/375 successful
2025-09-11 13:07:04,563 - INFO -   weekly: 350/350 successful
2025-09-11 13:07:04,563 - INFO -   reports: 74/74 successful
2025-09-11 13:07:04,563 - INFO -   notes: 1/1 successful
2025-09-11 13:07:04,563 - INFO - ==================================================
2025-09-11 13:07:04,563 - INFO - Migration completed successfully!
